ticket_id,pc1,pc2,anomaly_label,anomaly_score
TK000001,-2.352456263630953,-0.35025739175199866,0,0.40424695141471306
TK000002,1.260930924405339,-3.1919512096489444,0,0.4350728451368477
TK000003,0.2727639614504535,-0.8292620943650494,0,0.30827738150637374
TK000004,-0.661690570228751,0.8600342106199266,1,0.5694758355234708
TK000005,-2.2009263348664376,-0.22491354913298536,0,0.16567386111767582
TK000006,3.0268100976416807,-0.26882351523831055,1,0.5981006614825312
TK000007,0.8494423879617051,-1.9942883822368724,1,0.4728531582297447
TK000008,1.6418824111798365,-0.8771780979602954,0,0.30565918139572357
TK000009,-0.264920095702434,-1.1998153146881494,0,0.2957625288105106
TK000010,-1.4588513388096147,-1.4108555932557585,0,0.27143276682480905
TK000011,-0.4405804817818491,0.06115531683616213,0,0.25824410946188525
TK000012,-0.11723087303571841,0.6823138686179129,1,0.4373747566201255
TK000013,1.2067161698054854,-0.6579423417775789,0,0.17064682367571204
TK000014,-1.7518513734611465,0.6054722071960695,1,0.49989608683887865
TK000015,-0.9431577228157746,0.28409393550818884,1,0.5551817227186296
TK000016,-0.4734779514405011,2.0786798700503266,0,0.3015823442678991
TK000017,-1.0988467547291554,1.5550812169068238,0,0.1909443204021902
TK000018,-2.0041535690059575,-0.5499993993305334,0,0.11319878092207711
TK000019,-0.34872983156048537,-0.11890957248230181,0,0.2991225660143668
TK000020,-1.3865360367802164,1.2738462256628227,0,0.26086421739625293
TK000021,-0.05586599513335686,-1.0666957591855013,0,0.22028399902309284
TK000022,-0.11161314896776836,0.13136685394270892,0,0.21484550830106
TK000023,0.04965412909172203,-2.084933162608059,0,0.2263154615872417
TK000024,-1.5040595491492674,1.144052113756782,0,0.1884309321713607
TK000025,0.3245227462029247,0.3956105880660295,0,0.2807354059010694
TK000026,0.8944044814422376,0.18729609381305493,0,0.11717735746027227
TK000027,0.055354267705256296,0.2725075869271967,0,0.1328952226972424
TK000028,0.023142830964418985,-1.2499634524045224,0,0.3098589961318526
TK000029,0.16795386040768315,0.0002841571758000587,0,0.25697336733568515
TK000030,-0.48732270547382733,0.13555153532553918,0,0.12383753856703517
TK000031,0.5695890184582757,-1.4689688993755823,0,0.12192047661847431
TK000032,-0.35947771900701686,1.4864774487245593,0,0.3651797986976329
TK000033,-2.7717970120677564,0.9639418759157343,0,0.36244547732987165
TK000034,-1.3853285389531922,-0.5012302208167859,0,0.1139394170927097
TK000035,0.7411264804795221,-0.1766681956119586,0,0.2742766426372276
TK000036,0.6187670831236424,-0.7336304457057858,0,0.26000227409045784
TK000037,1.7559721689150445,0.01720408151731783,0,0.31719007856721304
TK000038,-2.254393771162921,0.6509642644560218,0,0.18647167338212128
TK000039,-1.6178942573368869,-0.24602145276854728,0,0.13969642188177403
TK000040,0.8153486346819285,-0.8873346289192606,0,0.24943812562041445
TK000041,-0.9412030018513455,-0.5067994295643868,0,0.27125784619244686
TK000042,-1.3795261021158716,-0.5464598401763668,0,0.15488344450279926
TK000043,0.0048700802973081075,-1.5887734284645811,1,0.35373603824119393
TK000044,-0.16070983969999256,-0.6731060818091484,0,0.38525809358800245
TK000045,1.3705433072166624,-0.15068748627509443,0,0.21672494977766277
TK000046,0.35523598362425773,-0.8407593973162865,0,0.22015241639487343
TK000047,-1.2165745150453835,-0.38847899565026406,0,0.2501221286109025
TK000048,-0.7594498531157734,0.5690277272966863,0,0.10361945758430532
TK000049,1.0535319202002558,0.7899938300298988,0,0.22722087652787104
TK000050,-0.4541579385757443,1.4581923349054857,0,0.18850187347172026
TK000051,1.6737927835958086,-0.13309222611787525,0,0.1488642745057247
TK000052,-0.4469417632674529,-1.1029736939465233,0,0.2512893802942168
TK000053,-0.2334346473399281,-1.0238007186511322,0,0.19170591294096517
TK000054,-0.324008451129358,0.8942123991624884,0,0.21486459896218918
TK000055,0.3373118618023749,-0.23815518553739579,0,0.1808149369190638
TK000056,-0.4718432428596159,-1.4818315769222232,0,0.19178189472773643
TK000057,-0.2910971792463943,1.651076197261961,0,0.1705036182045494
TK000058,0.06561446419887428,0.6291756679312965,1,0.5152254689030431
TK000059,0.5683061445260802,-1.543358044837089,0,0.2322061296628114
TK000060,2.4195626638751913,-0.06641730578858597,0,0.2909961764646632
TK000061,2.0142401702157344,-0.7419092224714028,0,0.24024207843684897
TK000062,-1.2742655841910218,0.15599661613256954,0,0.2453550812035508
TK000063,1.4746355977445074,-0.28116227637518915,0,0.14802223673830012
TK000064,1.6596090352359807,-1.7693302955464991,0,0.1734000635649482
TK000065,-0.8508945438817602,0.8998446175366958,0,0.2211197341172808
TK000066,-0.06375337848373895,2.1444213996581074,0,0.3366253899033578
TK000067,7.326556352199424,7.334716641955064,0,0.35746417024631477
TK000068,2.7360733667014605,-0.6377700655086682,0,0.4362691925327695
TK000069,-0.21173858590181194,-1.483728134425638,0,0.23290002647983313
TK000070,2.111504961430632,-2.2671974239807464,0,0.34388902651477365
TK000071,-0.9895862195664269,0.5307231271234314,0,0.20100671316004648
TK000072,0.05272288257861335,-2.076203486606077,0,0.36327752652276624
TK000073,-0.7326835718973215,-1.0090200584642477,0,0.2851527803964237
TK000074,2.898910284526721,-0.35299068970678965,0,0.47288646672460133
TK000075,0.5818302259432132,0.720448337221765,0,0.19118262925052282
TK000076,1.0491403375934252,-1.1837334209232113,0,0.2806584110958397
TK000077,0.5999443602276698,-2.3295188291659055,0,0.33618733143149093
TK000078,-0.6776525636751803,2.5670973097646708,1,0.5629632874811232
TK000079,-0.825203668065139,0.057985649538483376,0,0.10043731680932748
TK000080,2.183497388416333,-0.31557430338691733,0,0.1997750907725032
TK000081,1.8019390994248703,-1.8895782885112475,0,0.45053507062780607
TK000082,-1.9295340367673683,0.278144385606449,0,0.45275618038637444
TK000083,-1.4095568546025887,1.3576010668584468,0,0.2689859029352527
TK000084,0.2894479908917303,1.0581580035759557,0,0.14637663563575265
TK000085,-1.2052738817988764,1.3714671199881163,0,0.31762835383478405
TK000086,-0.8458515356032827,0.9441953228632598,0,0.11652227471166607
TK000087,0.6616092911312613,0.8659320297562073,0,0.20782265916160353
TK000088,0.3646556518746417,0.025517848738484367,0,0.04116856281433499
TK000089,0.7967692546058157,-0.6077352602345031,0,0.13036162554570793
TK000090,1.7102651048122266,-1.907493705683924,0,0.25061827587533686
TK000091,-0.6568195550943398,-1.3994026355088127,0,0.2984674016787112
TK000092,1.105821437522788,0.3324939421075067,0,0.1642639370868375
TK000093,-0.47538703838542423,-1.87211411152905,0,0.18732290421550485
TK000094,-0.6466754262108738,-1.089052911214877,0,0.21306750433325483
TK000095,-1.1257168456957674,0.5321403638171647,0,0.2820506783584892
TK000096,0.4500658740799994,0.6290233044230513,0,0.29514687036640863
TK000097,-1.691054016393056,-0.012372168961069874,1,0.43643702909426935
TK000098,-1.596319209265773,0.4845789696728072,0,0.2985404052701977
TK000099,-1.097757303416987,0.022341430133779608,0,0.24195657775160997
TK000100,-2.3767324000691192,1.2238420147101194,0,0.44652615681502705
TK000101,1.9502921790132606,-0.016840750487507012,0,0.2336965252024849
TK000102,-1.2644398844140867,0.11122379302368561,0,0.2533786486172327
TK000103,-0.27450605840728515,0.9043349707643649,0,0.33267200683215786
TK000104,-0.2901407485923736,0.7963871076211304,0,0.26714240522193
TK000105,-1.5688087117101244,-0.1997010896396178,0,0.3029638264251696
TK000106,-0.2013907134003304,1.6428970486621706,0,0.21730693384708516
TK000107,2.8476971225189343,-0.8112064633807791,1,0.4982702284225925
TK000108,0.7839816900720483,0.023109431552434438,0,0.30279363214971566
TK000109,-1.5199255318721527,-0.03665846701151675,0,0.25694399537083956
TK000110,1.3854411785511038,-0.7802208722162604,0,0.27078944494694085
TK000111,-0.5514140895115555,0.8682298781875663,0,0.38234688920042903
TK000112,2.39253864587975,-1.1829717442312664,0,0.3869484683940375
TK000113,-2.1294349200714993,1.0407180558765854,0,0.41153692363454414
TK000114,1.155770063539662,-1.5337059831287214,0,0.22469367229334603
TK000115,-1.1169620176277084,-1.0363013718550818,0,0.22815500912813047
TK000116,-2.8829284111715605,-0.2903394958964932,0,0.2980478861044268
TK000117,1.4726302521897263,-1.2202473082651246,0,0.3514511995856004
TK000118,0.6800374245950698,0.38356898502488945,0,0.21571636967956062
TK000119,-1.6131075241589516,1.5442979644220225,0,0.26570174876488123
TK000120,1.4128492360138,-1.927742895273363,1,0.47940974226045263
TK000121,-1.6878912188497806,-1.0667060422543357,0,0.26377757058259965
TK000122,1.41527095484606,0.34236875763862057,0,0.24424697248775393
TK000123,1.68888169317992,-1.3324379025396627,0,0.19664777145931636
TK000124,-0.540458755566674,0.4515946346638732,0,0.2546139723961293
TK000125,-1.4217366348915195,1.6569999071578272,0,0.2840602761224582
TK000126,0.8059228943762847,0.5531110659467877,0,0.2183908366173803
TK000127,-1.408612083520807,2.1117205137947415,0,0.4537049321418287
TK000128,1.3821026146377084,-0.008294712959405556,0,0.36811292443216825
TK000129,0.8484979257816799,0.08523055085159494,0,0.21402914730705838
TK000130,-0.21469224457659242,-0.6806252331381529,0,0.18574899241154932
TK000131,-0.05812066364683195,0.2925015976618368,0,0.17304748234089845
TK000132,-0.6175747032916167,1.6748794811381402,0,0.15921896749716977
TK000133,1.1657555396819113,0.06748337534407431,0,0.2574577609759397
TK000134,-0.3553202113005369,-0.10876565289343662,0,0.2410829778177213
TK000135,0.21735751983140159,0.5491112554502668,0,0.28259394983905534
TK000136,-0.6760429587734554,0.6361413882361839,0,0.25476895225208424
TK000137,-0.964395233791401,0.12004991919730094,0,0.23127652154229922
TK000138,0.9138935441427379,-2.309317696740407,0,0.37651871009333315
TK000139,2.2930049334167713,0.22575091245656187,0,0.32674564225819847
TK000140,-2.1902878668215786,0.5575510820128678,0,0.42030971314038057
TK000141,-1.694257978463615,-0.21290903416157544,0,0.29034998296465153
TK000142,1.5120308316719115,0.5712016226076835,0,0.2859406134637671
TK000143,-0.6430742325075545,-0.9850223609654272,0,0.04656143876578431
TK000144,2.309014015301361,-0.17275243396898987,0,0.30757789720111717
TK000145,1.1043431928358216,-1.669772115105343,0,0.17124472561799012
TK000146,0.8333368850975338,0.2114288464783616,0,0.19233606010395354
TK000147,-1.0495966599466,-0.568933415014387,0,0.24756117696401297
TK000148,-1.18092804606378,1.3136285797783547,0,0.2432794748785831
TK000149,-0.14335589401857773,-0.5174136490226768,0,0.2676211288528945
TK000150,-1.6981245331827723,1.8888942875826018,0,0.3748386401651205
TK000151,1.0768751607567477,0.3763501828149208,0,0.335247570214675
TK000152,2.949606103658369,-0.8292511044289326,0,0.3249257108606607
TK000153,3.85287985920273,4.962463067883924,1,0.6035171990339062
TK000154,-0.18712336271633112,0.694719171504137,0,0.24408928309271982
TK000155,0.2655740496495716,1.467172321130952,0,0.2541520428999718
TK000156,-0.753999268207734,-0.6282943847129016,0,0.08393192618787039
TK000157,1.715357740148815,-1.7646278730885263,0,0.2710975484617256
TK000158,-0.5028860468581923,2.1968299006173204,0,0.3146141019651467
TK000159,-0.7214921260617018,-0.6889534123650896,0,0.2651071161667008
TK000160,0.02806660561782655,0.6541591456251811,0,0.21996513862608297
TK000161,1.1820564717572426,-1.3866747782137623,0,0.1574238281279222
TK000162,0.3145114505120638,1.683561878390194,0,0.14935135060183805
TK000163,-2.4275723929983406,0.9250644113180403,0,0.21997716576260354
TK000164,-0.3552692068550765,1.6903668452375054,0,0.18474689250972237
TK000165,-2.8660622691275868,-0.041712425416430034,0,0.264741955777824
TK000166,2.3039390694443243,-1.5520108151032674,0,0.2460081809648947
TK000167,-2.642870619713934,0.7798702711574682,0,0.3876741523330647
TK000168,-0.326714430657887,0.3119732531291084,0,0.24140568281169253
TK000169,0.232916424537866,0.8981156610695896,1,0.5075546318244415
TK000170,-2.4871663934367634,-0.10971266336755445,0,0.4662925435758799
TK000171,0.3583654326537784,-0.10821120388014085,0,0.2162821626119851
TK000172,-1.1747239688801978,-0.4398813928615919,0,0.46635657814922254
TK000173,0.08352349365138481,1.0647980589298658,0,0.43801283496471266
TK000174,0.5174478337493839,-0.9236891737505464,0,0.1167695490482299
TK000175,1.131806583651327,-0.4509664735624799,0,0.27701447566368237
TK000176,0.682523578063758,0.8257397052554403,0,0.2859208102023402
TK000177,2.7529822316450714,-0.5296734544203078,1,0.5026816769455328
TK000178,-1.208164551132923,1.7181710529601255,0,0.24510465021525282
TK000179,-1.1612206130890854,0.3690190329782758,0,0.3477692029016317
TK000180,2.5290124366606817,-1.0760260121366603,0,0.26950640245487234
TK000181,1.8838529359342968,-0.5422157328192386,0,0.31031196285593515
TK000182,0.5373591466238811,0.18772349281305795,0,0.25833247337523163
TK000183,1.4380143920622552,-0.1948308895540219,0,0.2038942324678044
TK000184,1.1052529576375132,-0.0695118769943659,0,0.3693611535922439
TK000185,-1.0235536428433836,-0.5057909788580278,0,0.1810175872000339
TK000186,-0.8326021535073549,-0.2864543652836408,0,0.34129319285235227
TK000187,-2.1313250934339822,0.4666136475853125,0,0.20071446595246178
TK000188,0.5060271959403259,-1.4118051240955023,0,0.19272255395831886
TK000189,-0.7667523992313592,0.0332161929104895,0,0.3360587529571016
TK000190,-1.545542503618674,-0.8835595849024594,0,0.254300409500887
TK000191,1.0919591434219562,0.9037436203698107,0,0.41091334162771087
TK000192,1.8039370579462162,-0.2082476772979824,0,0.3896681199208297
TK000193,0.9983016191994263,0.180439224116575,0,0.0760956878853809
TK000194,-1.9255840401997402,-0.15640483923104387,1,0.5083836613734565
TK000195,0.246167896326855,-0.07156026641057724,0,0.14716853926594348
TK000196,0.0837226364736863,-1.4112481406810145,0,0.23364377665837072
TK000197,0.6112013319107537,-1.8484488240789738,0,0.3189650061154906
TK000198,-0.5819473191950761,2.185332786800053,0,0.3781994576273707
TK000199,0.45750357804980996,-0.12642776508470357,1,0.563793971128987
TK000200,0.2402692260818966,-2.136381768134324,0,0.3843776983501854
TK000201,0.8186279958316316,-2.1168362736880555,0,0.24231307633039725
TK000202,-1.2414521950365769,-0.26682105060830935,1,0.5046056422809759
TK000203,-1.8860074012014558,-0.3966905887765035,0,0.22565501923432635
TK000204,-1.92621441833182,0.884023345665085,0,0.18875785981023832
TK000205,-3.327539534001551,-0.09840863682963709,0,0.4239782833083899
TK000206,0.24204333157505203,-1.536093757858324,0,0.13274544612987094
TK000207,-0.5642647874413056,0.629003936071602,0,0.07590841635512713
TK000208,8.829393728093164,12.665965445850864,1,0.570237465843661
TK000209,1.7743201346213386,-0.03933281167352649,0,0.2593471618513872
TK000210,-1.6074119131348188,0.7739352815208715,0,0.1874846728727175
TK000211,-2.2913237832223485,0.8863637973885736,0,0.17449918537016001
TK000212,-1.152179630634395,3.2264519859422167,0,0.357295960767556
TK000213,0.8103634214499088,0.5229807887972623,0,0.25272712892623694
TK000214,-2.5235522829743084,0.023089622612082035,0,0.32234390032021293
TK000215,-1.6403451750516174,0.49780653395044244,0,0.16400442519901054
TK000216,-1.1261948455900819,-0.598137912445923,0,0.39055292824299936
TK000217,-0.7525547884610687,0.7187489006879685,0,0.20455896010513233
TK000218,1.910737472472978,-1.542115130407719,0,0.4751147638009445
TK000219,1.2586556332356877,-1.0460286561543246,0,0.23184013304868398
TK000220,1.2489872838628253,-0.2988258218744101,0,0.310125193915889
TK000221,-0.5730670431822245,1.75827444550736,0,0.06432456121941603
TK000222,0.239689322972642,-0.18623317521221755,0,0.2316522981819344
TK000223,1.8460081787436582,-0.16762971485135855,0,0.22941933056766076
TK000224,0.5850229697623002,-0.14093000033738717,0,0.10690375008646141
TK000225,2.055260582341632,-1.8737954060057018,0,0.2699688475716473
TK000226,2.3025600420644734,-0.8883847197381805,0,0.39598894056786915
TK000227,-1.3902092929624816,1.3052039834116433,0,0.23553929757837946
TK000228,-2.2599288330743774,-0.09956312322031302,0,0.19300222094378075
TK000229,-0.4344366165473896,-2.176531589155388,0,0.292757604333836
TK000230,0.16485510474591716,-1.3349410855848973,0,0.35247829345671783
TK000231,0.8346197319056823,-0.12386004192361065,0,0.2289809896604701
TK000232,2.485188726458674,0.24418010337015555,0,0.262085685302794
TK000233,1.0838302155604504,-1.1510665845480101,1,0.5321499462175467
TK000234,-0.5648884505827974,0.2458097015539139,0,0.31415264981881336
TK000235,1.1901838442829675,0.2118629705543578,0,0.24893280206090757
TK000236,-0.7752112246520483,0.31985950125895796,0,0.34249181773527093
TK000237,-2.4943738638107225,0.7569693746178839,0,0.15791861718897496
TK000238,-1.6212706596745705,0.559739162853045,0,0.2645307269530135
TK000239,-0.3126771724953753,1.9142202428026809,0,0.31407646600172795
TK000240,-1.8153079608125322,1.656203543496853,0,0.17569475935186313
TK000241,2.8954496742126477,-0.9687054963673182,0,0.31839335292412974
TK000242,-1.233034339858606,-0.31461573971979234,0,0.33583397359081646
TK000243,0.7212103523912436,0.22263616606327424,0,0.15159152862159492
TK000244,-0.44188963624891436,1.477961075129008,0,0.1876717024900988
TK000245,-0.11858291004484624,-1.1595116607616005,0,0.32803854223682605
TK000246,-0.9095380072910638,0.8685068422667606,0,0.39014768167109537
TK000247,1.4061865649596987,-0.2837871082711892,0,0.4531347573498443
TK000248,-2.7363442502611885,0.3577910259309889,0,0.4145501334776594
TK000249,-1.9482233547064511,-0.35441269640185974,0,0.27659118568934254
TK000250,2.0450023042729764,-1.7762052079433726,1,0.5120073822048081
TK000251,0.23761070637910095,1.168098522035438,0,0.24960288083729798
TK000252,1.5482315793021748,-1.2187919302841188,0,0.27438463985399353
TK000253,-0.44971237919812473,1.615410798465932,0,0.2533717890949163
TK000254,-0.28903445427554814,-0.7383303464475132,0,0.18680804670368176
TK000255,1.864644492643727,0.5813116604188847,0,0.41593110367579617
TK000256,1.0662696321127718,-0.7176706482181525,0,0.3565496548303353
TK000257,0.18373782139573708,-1.1448367420376195,0,0.31682785225758764
TK000258,0.7708919391698268,0.38517344291752753,0,0.23254447924229654
TK000259,-1.2332955552550353,-0.7163381690363152,0,0.34434164578984916
TK000260,-2.5821406720541424,0.22619062310446744,0,0.38906417888619416
TK000261,-0.16496375465720087,0.1716055974664153,0,0.15210064288504643
TK000262,-1.322749090875621,1.3260922477156825,0,0.2741715923076032
TK000263,11.733532538027124,11.976989549008328,0,0.4523856645046975
TK000264,-0.7416489365299733,-0.7666684385558554,0,0.1955407232054591
TK000265,0.5381021771624832,1.5618627550834108,0,0.2131329305570876
TK000266,-2.0283491034036127,-0.7031306180960557,0,0.3070088368979845
TK000267,0.3396225918726658,0.546694973462257,0,0.3301923351210652
TK000268,-0.03995232337899436,0.4299201644800822,0,0.18923584905391325
TK000269,-0.7730912514196947,-1.8610954570327736,0,0.2964044785223986
TK000270,0.3326237364915524,-0.7181346333427433,1,0.5035722090486763
TK000271,0.967572365296141,-1.0784654458560838,0,0.2151896514137131
TK000272,1.1009384684227426,-2.5058275092114437,1,0.4757112197526357
TK000273,0.5864183017209482,-1.0653042124842191,0,0.24604424051951623
TK000274,2.3648465656648696,0.8797201994607972,1,0.47007397446355154
TK000275,-1.3789219754437647,1.0253647980662293,0,0.2335522312846575
TK000276,1.3863360664183308,0.8378013002094489,1,0.6283411910975114
TK000277,-1.1664085969141769,-1.349278447485132,0,0.30049611017263195
TK000278,-0.38433718364050656,-1.3377666904455554,0,0.37934324503633177
TK000279,-0.8356314116893763,1.7772807632591425,0,0.456214442959802
TK000280,-1.957273358692085,1.8659716096804968,0,0.376009304253092
TK000281,-0.0676884356240284,1.4115086367471266,0,0.15894040844900492
TK000282,-1.8105785908182288,-0.41893906946550413,0,0.36162801265074995
TK000283,0.6467784642813856,0.1916243144513511,0,0.26725491270357765
TK000284,-1.6966371011303194,-0.19442015966048887,0,0.2591742939767957
TK000285,2.6602570413893423,-0.06858067372095679,1,0.49164088529079253
TK000286,-0.3870050472614417,1.2215474959891948,0,0.22245696932928105
TK000287,2.1035072737257767,-0.7429765612101404,0,0.2811496979185419
TK000288,0.2993309774707592,1.075549710623423,0,0.21193478575699087
TK000289,0.5671690348467201,-0.0976353181849795,0,0.25284573255904713
TK000290,1.1731082662849903,-0.6080022362126348,0,0.21728573404865123
TK000291,-1.024459378040858,-0.8436352176285343,0,0.24846015680052275
TK000292,2.0622060639949202,-0.3357941339089474,0,0.2998736129981071
TK000293,-2.3283850402530124,0.476556908581471,0,0.297446932535556
TK000294,0.465671697616392,1.7110378934452715,0,0.19603209433695892
TK000295,-1.4893242070527255,-0.2588843950854346,0,0.3032045214994206
TK000296,0.6969665224739234,0.2561552163795246,0,0.11702577468636108
TK000297,-2.2412409907700748,0.16678726594533763,0,0.24642368790508107
TK000298,-0.5720471097605192,1.7039290251761312,0,0.28804312668219845
TK000299,-1.2006599512432958,0.6686244491345541,0,0.2590296417110969
TK000300,0.9279425585588584,0.01633425785807677,0,0.34322734076112826
TK000301,-1.59198215441757,1.199446670178286,0,0.2494400832038603
TK000302,1.7112997961533678,-1.0015792517363513,0,0.2805873378242092
TK000303,0.227841552771904,-0.1473398112703755,0,0.18491137672447844
TK000304,0.29394314546838507,1.0194468371911103,0,0.23896171020340418
TK000305,1.1174368236828531,-0.8686724199836117,0,0.26778242135075553
TK000306,1.0286568191904952,1.288705434448992,0,0.41900909465302905
TK000307,0.5329504527179714,-1.4223331987155146,0,0.21560400915715613
TK000308,-0.6102689199810518,1.1712640542671462,0,0.15169545332445472
TK000309,0.65862216455901,0.025146250870497953,0,0.4058696127666404
TK000310,-1.7381155869797478,-0.7063501946716411,0,0.255520194607309
TK000311,-0.12703496605231532,-0.34178183515774346,0,0.2949708881364799
TK000312,-2.102273872442383,0.10039929703115612,0,0.22858412926829666
TK000313,-1.4544509766881966,-0.6592111565662445,0,0.33575128820441413
TK000314,-1.5933470882739975,0.14939968839380457,0,0.3726302010830995
TK000315,0.03690442261855292,-2.0173077427847352,0,0.18195396199374034
TK000316,-0.2936920029084849,1.2690186331818205,0,0.30441821551871706
TK000317,-0.7978680713588302,2.5667959156798643,0,0.3282079736719082
TK000318,-0.4657616876575737,0.4429423670470798,0,0.2939772123862936
TK000319,-1.6108787726756812,-0.11109527394737906,0,0.15509914678547881
TK000320,-0.6710219059020841,1.4514238956460954,0,0.38360578715813587
TK000321,0.4643929326077217,-0.5515922691299501,0,0.20052611236078122
TK000322,-0.21475899056300612,-1.431762135614098,0,0.16130264405280642
TK000323,0.1758684039996011,1.6854912504874104,0,0.24135985059475346
TK000324,-1.5182962347075781,0.12106281585040916,0,0.38735055903246374
TK000325,1.1413058757468089,-0.9041786379205342,0,0.2544378261156566
TK000326,-1.063150284322765,1.207903846221503,0,0.273613149546844
TK000327,-1.5922770827198776,-0.3541076139121628,0,0.08570216769651717
TK000328,2.2367249665538944,0.24534522454014504,0,0.3797650859799022
TK000329,-0.8496009493007117,-1.2961867369126814,0,0.1912390092232422
TK000330,-0.045024483625067314,-2.2847487714578074,0,0.2656160999339497
TK000331,-1.1251703123809027,-0.26243612587997184,0,0.24328023431174634
TK000332,-1.246532198703976,1.4168929501551781,0,0.2264356842537522
TK000333,1.1988754722098545,-1.091953118620323,0,0.308989784278935
TK000334,0.8467232664944476,0.9037153320853538,0,0.370421880008007
TK000335,-2.4333220011057777,0.3637302048440092,0,0.29933595168797406
TK000336,2.9115144377057516,-0.7523028902981576,0,0.46154648202216286
TK000337,1.789969910721865,0.20362188445367244,0,0.2447784139289194
TK000338,1.4007592622216942,-0.7582892332496569,0,0.11469235187990597
TK000339,-1.715550372028909,-0.38309316336174115,0,0.3216372856609182
TK000340,1.6708469116878613,-1.7000904384929514,0,0.2633291229683479
TK000341,-0.7438814235972004,-0.25190376693486105,0,0.2677560146930529
TK000342,0.5348812590005658,-0.23564405186751355,0,0.2156539853992871
TK000343,-0.5334571301892147,0.34173305676723614,0,0.13212042867342288
TK000344,0.23278962654745267,0.012319682151752557,0,0.23843201453803184
TK000345,1.0139168510269674,-0.7711977803304741,0,0.12702397550288805
TK000346,-1.4937786311501196,-0.5918585668111925,0,0.2550500704963782
TK000347,-0.5418093967527414,-0.12005531228091483,0,0.052768069835155175
TK000348,-2.117384911716165,0.4524267181976145,0,0.24571894687166154
TK000349,0.006854252110234615,0.4346574159846161,0,0.3254648319546374
TK000350,1.5394458537234987,0.051838449991056294,0,0.37660091199728146
TK000351,-1.3023775152904247,1.0214830029633681,0,0.2580213165756099
TK000352,0.5955898858685228,-1.0665998827298129,0,0.14281791583477596
TK000353,-0.0830126028145643,0.8780173076616876,0,0.2685864365502745
TK000354,0.03205487103394063,0.5169903531227791,0,0.3257294507842281
TK000355,1.3711448953318566,-0.3844605398322539,0,0.2787398367919903
TK000356,-0.8356363762175395,0.212940523316061,0,0.23998024220746206
TK000357,-1.158505712389812,0.4040573028266295,0,0.2895563918921905
TK000358,-0.3560962736019236,0.05990400117061282,0,0.2619160679862322
TK000359,-2.722733586201721,0.30178156470205786,1,0.5515554764351663
TK000360,1.7979652295844195,-0.6519249512856623,0,0.24134097961510567
TK000361,0.8725825961104137,0.8299027295940984,0,0.37477524831154285
TK000362,0.7634568625666491,-1.8265740230356553,0,0.1797044746061061
TK000363,0.7141033427791215,-0.26569538996418074,0,0.2369144667446348
TK000364,-1.5181239412432732,2.1544763636184388,0,0.4105168179667434
TK000365,2.3792571478521265,-0.8310605886054939,0,0.34521907239041894
TK000366,2.285550524078251,4.668817930940101,1,0.5718664005218824
TK000367,2.2506654409231897,-0.3880614913739333,0,0.1727470979609254
TK000368,-1.5762497768845896,1.3388837700173002,0,0.3359936407403622
TK000369,0.1085985241905934,0.8256335129046005,0,0.21295806263120792
TK000370,-0.5813427380966693,-1.8368004240711582,1,0.41717669419420933
TK000371,0.6270302528107347,-0.042132684226516566,0,0.1903885594091454
TK000372,0.9166116748016746,0.16398536456748022,0,0.15977472663609302
TK000373,0.26129626392377475,0.19971250061928034,0,0.22697000426316008
TK000374,-0.9433392335050705,2.275922724103257,0,0.3613616193077636
TK000375,0.15193503073933265,-0.2682556472298677,0,0.2027989233812259
TK000376,0.7921617628082889,1.1207850494542824,0,0.25321785946559083
TK000377,-0.9190685739049499,-0.2966747915420445,0,0.28124206165117704
TK000378,1.716534990257236,-0.45259632617886786,0,0.4051277306444979
TK000379,-0.9585813845103598,1.8311299468295268,0,0.4335530946257692
TK000380,-2.377777546725024,-0.0029180007102057835,0,0.185232660548832
TK000381,-2.9899447796581744,1.4216894656047252,1,0.5773810515291156
TK000382,-0.5626479355794358,0.7756292622832546,1,0.4717683558388499
TK000383,1.1954620533993996,-1.0385010361210945,0,0.05533187830987352
TK000384,-1.8098364149758033,1.5702705378634638,0,0.4205215242798433
TK000385,-2.3024047017907177,0.2148758896621815,0,0.32293330815690974
TK000386,2.6089482854676156,-0.665350119610713,0,0.33140568291197275
TK000387,1.1176656896661847,-0.7871752886675064,0,0.16901742115530502
TK000388,1.4792929100238659,-0.46540356732453364,0,0.3626661452358739
TK000389,-1.381807418074742,-0.5266319647244654,0,0.22589482985568993
TK000390,1.838088788583722,-0.1425329880966156,0,0.1385288098854321
TK000391,0.6325668673193381,-0.5249350457430536,0,0.16696739411480482
TK000392,-0.8945113397457911,-0.050598387106308304,0,0.17950215414687398
TK000393,1.3108844883329371,0.29681091065674753,0,0.19330425476362803
TK000394,-0.48625836912300285,0.5896810976512399,0,0.26484676444307925
TK000395,0.7617486356742005,-0.3435864237313934,0,0.13185845177599126
TK000396,0.04771808333535452,1.3786042068170687,0,0.13524700169011297
TK000397,-2.224557621856543,0.6428370820504181,0,0.2757167242532024
TK000398,1.027178311480414,-2.45311236679524,1,0.6047826961422351
TK000399,-1.1415676598491522,2.3580852314965486,0,0.3679855988910038
TK000400,-1.1051281716245576,0.7071172815243094,0,0.27473942496751425
TK000401,1.6463068101391376,-0.6564575047499739,0,0.2508880994422646
TK000402,1.322018605541174,-0.5268372190097301,0,0.3776564829154586
TK000403,-1.475425727564717,0.3989213233816815,0,0.19859059692146336
TK000404,0.4575999455889255,1.16826451206489,0,0.23780194722309966
TK000405,-1.8783560879634302,0.3199201590977848,0,0.20654544529616745
TK000406,3.1043189306864094,3.322979613158753,1,0.5245238083189614
TK000407,0.9539044596847007,0.6226552973637084,0,0.20958091888199326
TK000408,1.0551412401535107,0.36993404917432476,0,0.20349100960382466
TK000409,-0.2996952310614745,0.6943989287864516,0,0.19279736861722613
TK000410,-2.3717187658028758,-0.18212847962797432,0,0.4104896830858852
TK000411,2.2451659640247903,-1.9622674291629942,0,0.43373745879760894
TK000412,0.4849794912809225,0.48001604373376544,1,0.45839485802686825
TK000413,2.021202240068253,0.9374460812042767,0,0.41214784772464313
TK000414,-0.15154708693023103,-1.244365715873699,0,0.12456081440734572
TK000415,-1.4864061600736267,1.3448567897213355,0,0.21385012348036156
TK000416,-1.275022890125992,1.391526349853029,0,0.307461040698288
TK000417,-1.1804038099181242,0.15772320771707674,0,0.2501001559231703
TK000418,-1.4465044495106936,0.3778197927779145,0,0.3094606995722843
TK000419,-0.529192873372753,1.031298505918518,0,0.13553684735907537
TK000420,-0.15791855353866033,1.5838904311732236,0,0.16095077592860224
TK000421,-1.7164215281190258,-0.08622923522873877,0,0.15732948396949667
TK000422,1.2934526327938678,0.1284729015961611,0,0.336395820853523
TK000423,-1.950258260352709,0.8451497032438327,0,0.17610621518836203
TK000424,1.643208226353926,-1.2556231155242783,0,0.34747870489973126
TK000425,5.923544686661825,7.502146304833893,1,0.4597677912791538
TK000426,0.9178838686653628,0.8493446243794693,0,0.3089000924173542
TK000427,-1.3678831315845197,1.259533270282858,0,0.1369636794912344
TK000428,0.4120676887708469,1.8783822955510903,0,0.22316095343385434
TK000429,0.7735246285900148,-1.5256003646975724,0,0.2096173833035776
TK000430,-1.221756250463988,-0.35793667990965844,0,0.31454256166904393
TK000431,0.6312414525450983,1.225216846725906,0,0.34599682619534206
TK000432,0.8473795806656238,0.1416526409106703,0,0.3539619726721401
TK000433,-2.4664832011855258,1.4275216018445906,0,0.2645595615389367
TK000434,-0.18242715094666614,0.6597963821002782,0,0.07368580472044636
TK000435,-3.349932889706416,0.9217739164600767,0,0.31566418252434275
TK000436,0.7976401800321458,-0.6823832797624401,1,0.5520558405556861
TK000437,-1.4339142025290355,-0.19025010120644256,0,0.37023055106528885
TK000438,-0.5564924905732582,1.2228323806667565,0,0.25037032867483316
TK000439,1.1239224416027669,0.11912877502017001,0,0.046224428933532825
TK000440,1.578749252642727,-2.7637335959433234,0,0.38369909441469097
TK000441,1.2824866068178782,0.8580563355966986,0,0.42804709988164874
TK000442,2.1471532561989823,0.544138302858197,0,0.2910722723313678
TK000443,0.8623681918478469,-1.5129767705268289,0,0.2976678507630826
TK000444,-2.5053832952362542,0.07470208010885292,0,0.29489443667689297
TK000445,-1.1692056866137022,-0.5835368803795501,0,0.248331377422994
TK000446,1.6388682889897905,-0.7043352501306778,0,0.3430121089774862
TK000447,-0.47833010199337306,-0.1870773850967199,0,0.3919913874585328
TK000448,-0.9232036230988733,0.6236248743528152,0,0.28295855389206825
TK000449,0.9752715217168926,-1.1330523209578263,0,0.24824465984279076
TK000450,-1.5594080115021867,0.4655280872091027,0,0.3919312455824502
TK000451,-1.3468892344128804,2.252574756938379,0,0.22793122622091908
TK000452,0.7102622213866927,1.483013147809935,1,0.47817918194444453
TK000453,0.4291650574148608,-2.0157695088436607,0,0.19895629733826029
TK000454,-0.8636436314865801,1.969154140243122,1,0.5578401606913306
TK000455,-2.1143838707078997,2.5917896276718198,1,0.5778669408622288
TK000456,2.2506872659288146,-0.9167257058787781,0,0.33551844878942483
TK000457,0.5447963307181803,0.9467230587187697,0,0.33886962080149047
TK000458,-1.1049251069607144,-1.1401529264385304,0,0.29263987364919025
TK000459,2.8557565933811264,-1.4904596761244042,0,0.2546062624832016
TK000460,-0.5976553186314231,-0.10430348041623505,0,0.2731629468039669
TK000461,2.1877300752987296,-0.030497497303724422,0,0.39966375500505824
TK000462,2.8055612318488126,-0.12045452209131365,0,0.3182427964291075
TK000463,-1.8368164707961068,1.1070288739965304,0,0.3993482709403946
TK000464,-0.6574727136309355,1.6165680385205685,1,0.514020155691589
TK000465,-2.419666822502918,0.09668893330840528,1,0.4720626597077317
TK000466,1.8963146908481983,0.9967292088597941,1,0.8115974096699902
TK000467,-2.5782795517418258,1.7792788351399733,0,0.3745045995293318
TK000468,-1.0981218967264776,0.3266745568826839,0,0.24078829537314153
TK000469,0.1925629462204,1.4223285319309829,0,0.365612201341105
TK000470,-0.8075306324309367,1.8018794213963332,0,0.4221441973123011
TK000471,0.014833582163807413,-0.7664627337539385,0,0.4259403258960586
TK000472,-1.7953537331390519,0.6402497325496689,0,0.4327022876513536
TK000473,-0.3751954211748958,-1.4720298024086071,0,0.34294799911518575
TK000474,1.8445658529220872,-0.004540330716317032,1,0.500633251473623
TK000475,1.861482409979586,-0.20322759171988178,0,0.24268198726333468
TK000476,-0.5509381825519515,-0.6303570356354926,0,0.11746401875469262
TK000477,2.4196957725990607,0.5727769226145009,0,0.1761942553667048
TK000478,-1.1790144251926502,-0.9373683287650153,0,0.2577785731862645
TK000479,0.5313543247599413,-0.3766455966579013,0,0.3205274954003725
TK000480,-1.3645903259309151,0.9735117923840504,0,0.2649041965053419
TK000481,-0.6766231154423099,0.7200585493670248,0,0.24322716720022228
TK000482,-1.2991895655757804,-0.7856612393895435,0,0.2001807335568846
TK000483,-1.1552905703598475,0.8690230550729857,0,0.2315946940527006
TK000484,-0.34834859764787834,-0.295515188124131,0,0.328276835282869
TK000485,-1.3105583333394502,-1.1418760979114309,0,0.29232135590250274
TK000486,0.7154651275158201,-0.20290296746650696,0,0.20333290142788243
TK000487,-0.7483178147482739,-0.6951567158789986,0,0.16934254560503348
TK000488,-3.1403875666589234,0.13163807935408064,0,0.34703512848371265
TK000489,1.6077685971004205,0.7404897955273091,0,0.17971025172587507
TK000490,-2.852032363275166,0.027463918941069303,0,0.2717045084768039
TK000491,-1.9206592975259913,-0.09931625233705223,0,0.21107189569498402
TK000492,-0.5902888749047988,1.6721696650082913,0,0.41296629118382716
TK000493,-1.5391175648107482,-0.6774134568712751,0,0.379805256649972
TK000494,-2.92235566700101,1.028128374818413,0,0.3296637939704342
TK000495,2.6571024403590333,-0.44591501305169623,0,0.20077146508594595
TK000496,-1.063105478021821,-0.24321655048291088,0,0.32867408874461723
TK000497,0.17160090382242738,-1.4712463403495089,0,0.29582406010354917
TK000498,0.0233207811945362,-1.8911547978213683,0,0.3857887816874834
TK000499,0.22257954422675194,1.0919252725815178,0,0.3170447797874068
TK000500,-1.7847110331525111,-0.4473400826688654,0,0.354316396875485
TK000501,-0.414753205126518,0.5391600234123709,0,0.24480040953077153
TK000502,-0.8881012824993072,-1.419241449406653,0,0.3452704031360533
TK000503,-2.312391672783078,-0.30901151790938564,0,0.4097069846938812
TK000504,2.387741125964267,-0.19695802655777683,0,0.29050080600498385
TK000505,-0.7507443474787869,0.04168898513133092,0,0.18892349877298117
TK000506,0.17785031391748754,0.8675099570073393,0,0.10310724110657063
TK000507,0.3891620465236785,0.5030567007998084,0,0.2330137074219215
TK000508,-2.3317124956235205,0.853516955517981,1,0.5097068406690255
TK000509,1.3547528109024478,-1.3211676307314228,0,0.3099730088488291
TK000510,-2.2474404455706014,0.7514773396448321,0,0.2654426365858444
TK000511,0.09623479662742838,-0.27637528305014014,0,0.12152346172450038
TK000512,0.2823813162195233,0.3589858721731193,0,0.19022725992037628
TK000513,2.7968001356162433,-0.8457316714468236,0,0.20454106571913586
TK000514,-1.713044209663784,-0.947565719782191,0,0.11033398286721144
TK000515,0.5494058695756429,-0.006168766629012043,0,0.14656259846947414
TK000516,-0.8468457704052914,1.0891526101551117,0,0.3381474027660116
TK000517,0.6013202703431396,1.211417700504598,0,0.22305145697412243
TK000518,1.2268913909205725,0.8834617220837707,0,0.22550527828878394
TK000519,-2.128120035601792,1.2257549058719182,0,0.21543647767517077
TK000520,-0.06697584676476823,1.786281501331651,0,0.19672385820301438
TK000521,0.8417045433523354,0.60321646583866,0,0.2915675682592138
TK000522,-2.3461235198936063,0.9904937354920995,0,0.25800370581176246
TK000523,-0.3536361203374454,0.4252273328767497,0,0.26860916025132225
TK000524,-0.9399489770252588,1.5677844835029995,1,0.4892523259326714
TK000525,0.9601534569180001,-2.2736231174864034,0,0.29171167328929426
TK000526,-0.21841731128494998,1.975569590208982,0,0.46211500883476564
TK000527,-0.23682259722376656,-1.5152800979430914,0,0.32162060210294935
TK000528,0.9252941233931304,-0.19930485839184084,0,0.18532128013653418
TK000529,-0.49629341837122104,-1.554995848439165,0,0.24277394136969555
TK000530,-1.2833335769661105,1.9011633136481223,0,0.23411994256754615
TK000531,-0.7249580260320626,-0.5922528344271007,0,0.22317505204081495
TK000532,-1.6764101126920052,2.4534871204407396,0,0.45902758289769674
TK000533,-0.03120285952674596,1.143502703090176,0,0.3232531057790362
TK000534,-0.6535183963620712,-1.6080428571923346,0,0.2991039739316339
TK000535,-0.04207248903101339,1.9596987973726754,0,0.27040344107473196
TK000536,-0.2376424639796883,-1.2830300130512997,0,0.35753322121936204
TK000537,0.0821347711803613,-1.7080453993642908,0,0.1781207667309901
TK000538,1.0269334226134563,-1.6247130131206062,0,0.1608678100664895
TK000539,-0.15249139078116675,-0.07043548440484788,0,0.11815492153449626
TK000540,-2.2109874719541787,-0.4395879423739486,0,0.29339998271287515
TK000541,1.0000281357778231,-2.3317241843518284,0,0.3096992417709965
TK000542,0.7436087146727005,0.8584865292404973,0,0.2410451727821904
TK000543,-0.6560464509782699,2.3409378690032345,0,0.32375163132664875
TK000544,1.4380808216188223,-0.29699483728328985,0,0.232539592183366
TK000545,-1.1114164175712902,0.8780755460212736,0,0.23145325730398109
TK000546,0.664103056726817,-1.662390964539872,0,0.1638790499307416
TK000547,-0.37733267276601457,0.4569667677037348,0,0.13408327313089835
TK000548,-0.4678602313342378,0.9844393679382826,0,0.2294659891057478
TK000549,-1.9520140963527188,-0.8218399086875164,0,0.4102797133485655
TK000550,-0.45572828828986023,-1.4204236750675205,0,0.2749936886693073
TK000551,-0.6583107707810808,-0.8450848822851892,0,0.11656620104083251
TK000552,-1.8471973618510462,0.2902552403891421,0,0.2174294280889191
TK000553,1.8774928706487108,-0.4269028611966255,0,0.26688845988110144
TK000554,-2.562115593423549,0.3194209624856805,0,0.353599649941157
TK000555,0.49964276501865035,-1.5539441274568304,0,0.37161568570866005
TK000556,-0.5538439868123173,2.0037822348825527,0,0.38934266364855735
TK000557,2.966070395806486,-0.7807982383565453,0,0.36073098343206017
TK000558,-0.3051375943620388,-0.6662312044773578,0,0.30062522010754666
TK000559,-0.9617478851723407,0.6026796610566709,0,0.17545676661390458
TK000560,-0.011922608149998107,-1.2582835074490062,0,0.24818253056792225
TK000561,-1.0884119416089844,-0.923317987621339,0,0.21430633494926737
TK000562,-0.22327878321135214,-1.2588645146475022,0,0.277283509572648
TK000563,0.8917978844227077,0.8900493843497185,0,0.26627517171363563
TK000564,0.7054849108261695,-0.5999308911303726,0,0.30330989497091504
TK000565,-0.9070939780505493,1.9264283130471545,0,0.25375385724192506
TK000566,-0.7163100062007316,-1.1989114474356872,0,0.18018705857279102
TK000567,-0.8067397581701792,1.558786554194552,0,0.27084145212313576
TK000568,0.7360225922603881,-1.90701750293681,0,0.20500059684367158
TK000569,0.28559923799339965,0.642842164706961,0,0.15791471050366485
TK000570,-2.3192148477432695,-0.6292904238601017,0,0.19608014387808803
TK000571,0.8121608529908312,0.7772018731302943,0,0.15468769605264107
TK000572,1.3519636952896745,-0.9796924697818485,0,0.2639661515769656
TK000573,0.6530523093853956,-0.4114913225132527,0,0.19881529963484051
TK000574,1.246946430404037,-1.1249230466841724,0,0.3405576438789855
TK000575,2.5507425350159694,-0.4421022303520487,0,0.4558109880730279
TK000576,-1.1809765890273338,1.0492800146367554,0,0.3481046634656093
TK000577,1.0339408273434845,-0.37872909057860704,1,0.5347998619853913
TK000578,-0.883560836468288,-1.199121181571637,0,0.3040130246535684
TK000579,-1.5732769101416546,0.09349394496443868,0,0.2549492485025883
TK000580,-1.7079875313157777,-0.8938161494653496,0,0.39821600898413484
TK000581,-2.1388752492927603,0.3173137714733935,0,0.35218605657883023
TK000582,-1.9965963764684902,1.5766119458334136,1,0.54116547692062
TK000583,-0.19031494132938448,-1.5981866035829062,0,0.12053349999153332
TK000584,0.1483212395357318,-0.44639767203431924,0,0.2211408197085652
TK000585,-1.748331866740486,0.42272208781986853,0,0.202442716663891
TK000586,1.0772779549615839,-0.5461917336998339,0,0.2730651711900154
TK000587,0.4725813972737703,0.5566773919987601,0,0.4614523744524723
TK000588,1.4476096145571582,-3.158908106881041,0,0.2676062141209465
TK000589,-0.20048641970752232,1.4129530621735973,0,0.3032106440919876
TK000590,1.2534736416290309,-0.514879246840245,0,0.2686878169209664
TK000591,1.1841200374432759,-2.1438135467277912,0,0.3219673047733165
TK000592,-0.4917169300202812,0.220906558268637,0,0.38513653708674145
TK000593,-0.0942324385246312,0.9183787469098715,0,0.23067882735720063
TK000594,-0.9749359543538565,-0.16654799922406893,1,0.47276937884009557
TK000595,-2.3561247285060136,-0.14901248650345444,0,0.2148867271903706
TK000596,-2.4529355236738684,-0.01624555361753425,0,0.2547135378165052
TK000597,0.7188719998572501,-1.9107098671056135,0,0.3523499925405082
TK000598,1.6074548417887613,-0.8116756645856729,0,0.21515422169918008
TK000599,-0.7238819618706239,-0.3066439574273395,0,0.22307052928197657
TK000600,-1.1511574298483471,-0.9080465787857799,1,0.5579333784336566
TK000601,2.5380832064560592,-1.3406811915176111,0,0.36387820119561054
TK000602,2.806831203636937,-1.3045965028322144,0,0.35055317380434087
TK000603,-0.4496176613532909,-1.1760782941036902,0,0.17838623033991846
TK000604,0.9698260956901014,0.2735550474954561,0,0.15812050414727455
TK000605,-1.9599809364993466,-0.07606900372399047,0,0.17556084353419846
TK000606,-0.6915815845111621,1.4302523345976303,0,0.26034494069765496
TK000607,-0.789127471420883,0.5588543589727548,0,0.1610311897707286
TK000608,0.9292045160925891,-1.3340278170865498,0,0.18716009048670618
TK000609,2.784525120312834,-1.9492952870130764,0,0.4018718578586381
TK000610,0.4497647664097123,-0.7394361598797321,0,0.1569870557855745
TK000611,0.8258616458158854,0.03654742153024738,0,0.25957363173631215
TK000612,-1.18617585618429,0.44600831182342726,0,0.2031568785202616
TK000613,-0.18747949800953373,-0.06698605721099286,0,0.028086259800020795
TK000614,0.6817815774371855,1.3775268925787558,0,0.27092960870052035
TK000615,-0.9552812177640253,1.558186584889086,0,0.2014972527173159
TK000616,0.7750418750179399,0.4705414811770502,0,0.25866578242840177
TK000617,1.8892391994580657,1.2595705181612724,1,0.5471334987890282
TK000618,-0.1131151288543539,0.7523233820580569,0,0.1352893036098258
TK000619,1.2071744377360087,-0.34460355055137826,1,0.5007267172723091
TK000620,-0.3526553993142722,-0.10683387032993795,0,0.34892611454062417
TK000621,2.1089729606546235,-1.1424610593040503,0,0.18311875456854992
TK000622,-0.6551641083703439,-0.3613458879855275,0,0.36704240564264606
TK000623,-1.9398880279671231,1.6521503214558009,0,0.43356928302597225
TK000624,2.204111522617254,-0.22490506827413076,1,0.5086244023504405
TK000625,0.4400929353372691,0.41711419396066535,0,0.242863796608418
TK000626,-0.7598158783781528,-0.32856802013699343,0,0.1867183242919946
TK000627,0.03945553625914642,0.8177002648559838,0,0.20608517363865098
TK000628,-1.3586232162016056,0.842932047052882,0,0.14855363950092085
TK000629,-1.4066962368976648,2.1610734796015394,0,0.2788835727377121
TK000630,-0.643247945845313,0.0394902797099468,0,0.21499770047483774
TK000631,0.7096400904862343,-0.5934176619764497,0,0.2255600100255406
TK000632,-0.1753792234958976,1.211695531650892,0,0.23579618330564384
TK000633,0.058011476274350285,-0.9515874460844206,0,0.3303539371010367
TK000634,-0.46100549755272735,-0.7335863086553376,0,0.4347895727159323
TK000635,0.3147304729397394,1.52133297617975,0,0.35692066190508054
TK000636,0.5319503334860161,-0.3607742875296652,0,0.18236211903583302
TK000637,1.3931325584816483,-0.7087839443049804,0,0.12097484849306342
TK000638,2.8057762547149734,-1.8023285931479236,0,0.467168474550107
TK000639,-0.528676932999461,-1.5776155928446378,0,0.29612341220253
TK000640,-1.970023048107372,0.18567968653885736,0,0.19938795434513387
TK000641,1.0096515423284986,0.019848563228127135,0,0.13565612928824078
TK000642,-1.1949337673035454,-0.4212403528509341,0,0.11093768265186693
TK000643,2.282932942124298,-1.0399807137696375,0,0.25696535040753643
TK000644,-3.1949726009060786,0.4631051372163574,0,0.4639962911643746
TK000645,-1.54028300271616,-0.0031215201912284975,1,0.5029309940651445
TK000646,1.160769846698164,0.6475259573841103,0,0.42365717561313293
TK000647,0.0007608140133378851,1.3131124007654753,0,0.1738190564775235
TK000648,1.2746245766795212,-2.2884511949115516,0,0.24727178598168892
TK000649,1.6828724910110804,-0.24306702380780074,0,0.3777772196410587
TK000650,-0.9806771741383205,-1.6182498779992012,1,0.4791527104252685
TK000651,0.4453962084627561,-0.6130497098389516,0,0.41022037800419675
TK000652,-0.3119341907030331,0.1145892555230734,0,0.24316466669669246
TK000653,-0.7907057224358718,2.0192566950903235,0,0.44407773929915245
TK000654,0.8250777693253893,-2.094128349711485,0,0.260007434480633
TK000655,-0.4269395650893248,-1.645257160873626,0,0.2117195399426894
TK000656,-1.2316942784285179,-0.4604260818715269,0,0.33182277475403477
TK000657,0.4040158580822784,1.0795112782800078,0,0.3677005786863814
TK000658,-1.8924606980251553,-0.4818500253273837,0,0.27539372275774915
TK000659,0.7835202164014665,1.0011713109940465,0,0.30408545567591183
TK000660,-0.7690108211267938,-0.5489217886834958,0,0.30724260168329914
TK000661,-2.2082111236861284,-0.10336910166161284,0,0.22470241003220273
TK000662,0.8210753697518255,-0.928700131021994,0,0.14664923548450573
TK000663,0.08790048555374846,0.8482286602314097,0,0.2011826334907993
TK000664,2.5318457735876008,-0.6739121658109105,0,0.20981801493818003
TK000665,2.027884696087835,-0.3274698918784993,0,0.18194814634761625
TK000666,-1.7586215700630532,0.926721248548272,0,0.2672373990634389
TK000667,-0.059237991227242284,1.6517039285122186,0,0.17298335043879426
TK000668,0.5269015742853124,-0.5567519462008855,0,0.23813722244304703
TK000669,0.5288359219542244,-0.38567636802750715,1,0.5393200618030528
TK000670,2.6214123680751684,0.1376655320965268,1,0.5943237689022299
TK000671,0.27801723210207613,-0.837044512759485,0,0.30733663389148586
TK000672,1.558265960484741,-0.4572413969671716,0,0.16145484617207778
TK000673,0.6067524857674494,-1.2071427108998727,0,0.395523067276535
TK000674,-0.38460838851023704,1.6377118317339896,0,0.20634174332644806
TK000675,-1.3484470844910623,-0.33444477544258,0,0.2422369769748122
TK000676,-1.2196849725341297,0.2400321079527722,0,0.3626853615826797
TK000677,1.308868867452891,0.5853030780016296,0,0.3907397020736686
TK000678,-0.3614508291240876,1.280854468842687,0,0.1427695367095249
TK000679,1.9334597493047632,-0.21938825238443813,0,0.4512706967979714
TK000680,-0.12830203674922672,-0.01777612676462912,0,0.16535647850433513
TK000681,1.343069234689395,-0.19493945085051176,0,0.11328906520498856
TK000682,-1.092245274234949,2.773836643142047,0,0.3208588161415342
TK000683,1.9787538357033174,-2.3304386088941866,0,0.29445527580679487
TK000684,0.19851216439619812,1.5333509952804167,0,0.15579471557069086
TK000685,-1.4251884070938519,-1.210049816936973,0,0.3520625190611883
TK000686,-1.814071654120225,0.7226637337795592,0,0.2614123193395282
TK000687,-0.2684381736286001,-0.220318461514643,0,0.0978632619489366
TK000688,1.2962722629894128,-2.2878664041073313,0,0.15950445107438277
TK000689,0.10879586059352431,1.200922404093026,0,0.16967029530088704
TK000690,-0.5181288011726682,0.8631392033507073,0,0.29390072883256313
TK000691,-2.355232307320115,1.542976175008942,0,0.2969563357928149
TK000692,-0.09832309105370514,-1.2488651451624049,0,0.2567487429748812
TK000693,-1.260477127758133,1.8693199454501528,0,0.14520582412009647
TK000694,0.7402558122582131,-1.115196117731951,0,0.3730581120122184
TK000695,-0.26828839820946554,-0.5261186386716503,0,0.18394414943464865
TK000696,0.16723535490157906,1.6388629545512516,0,0.3714657009653859
TK000697,1.235606387259134,-0.6199910809096939,0,0.06953806270191913
TK000698,-0.33524001888416977,-1.1084144024134948,0,0.19107524622027683
TK000699,0.7199197625204974,0.5017533539156636,0,0.211244140160126
TK000700,0.9225138548994559,0.3196588984241221,0,0.14306762923171246
TK000701,-0.12765361310253887,-0.7162827708258804,0,0.36063750705245895
TK000702,-0.839342616582078,-0.23421326194848432,0,0.12662157632895188
TK000703,0.3267302712573249,0.04337567223574768,0,0.23849824000865913
TK000704,-0.12513423008402116,-0.21638384255307716,0,0.15177101582732627
TK000705,-0.9084626515321451,0.4092024889835322,0,0.31578215899658524
TK000706,-1.563316329938257,1.5287686904418836,0,0.3104375452120012
TK000707,0.9850779466338359,-0.6899600797611186,0,0.28890841329374345
TK000708,0.41955690344235874,-1.266974617655329,0,0.1556602314474756
TK000709,-0.4764341778520124,-1.364634484976957,0,0.2656757027251299
TK000710,1.521168978252659,-1.6948366155727796,0,0.3784422457667617
TK000711,-2.515752599153954,-0.44255640115549993,0,0.36588578112614745
TK000712,-0.3267439020447012,-0.7275602259952834,0,0.29224999989235245
TK000713,-0.8082156362190427,-0.5855330113274941,0,0.21618726424626336
TK000714,0.9334760004020332,-1.2139674182053222,0,0.37105902069761054
TK000715,-1.1292428967182075,1.9895927692941027,0,0.23515185580676679
TK000716,2.3168524501437373,-1.867275864334984,0,0.3438773540558231
TK000717,0.8848509646637797,-1.4535753164565772,0,0.21630667120401303
TK000718,-0.5870894857911491,-1.7071200010571261,0,0.1284046798572331
TK000719,-1.7718469664023737,-0.49577824497947137,0,0.19056093736222804
TK000720,13.206671108429738,10.716424338070576,1,0.5645286032395355
TK000721,1.3861018471347797,-0.47760082169830587,1,0.4926319855000081
TK000722,-0.8265512386292816,-0.8741294303688782,0,0.17741658435438662
TK000723,0.8394759025508539,0.8696929284975493,0,0.32152116594061975
TK000724,-1.961284163966926,1.418027411545628,0,0.19241270619210615
TK000725,0.002166771449707394,1.4611180079407584,0,0.2199184274464721
TK000726,2.304535489974464,0.11832462146932603,0,0.32417457831110924
TK000727,-1.7578928214014415,1.50743237843559,0,0.17076535090878767
TK000728,0.46446785802333174,0.5761593036856818,0,0.32525291257976624
TK000729,-1.4499264073030786,1.5145340824483966,0,0.28157854787695696
TK000730,-0.2711450841950521,-0.4434188676058402,0,0.1801535930077767
TK000731,0.902645843783367,-0.5061895077605787,0,0.3180080404841359
TK000732,-0.4172597867889106,1.597113834350279,0,0.3374018752858876
TK000733,-2.416736100524858,1.4893466547292307,1,0.5232863843069518
TK000734,0.5756206781507609,-2.3703291292053983,0,0.2176672382046149
TK000735,-0.8198133037685319,0.1356092800370351,0,0.2578739617801312
TK000736,-1.7339495178445306,0.07028023579375123,0,0.15566169217543985
TK000737,-1.121752314804907,0.9122896817493897,0,0.27014326097354296
TK000738,-2.6099292121418802,0.3853842804373993,0,0.4378290036244104
TK000739,-1.096069678588492,0.17245578262289227,0,0.2293940655084778
TK000740,-1.5121480749555212,-0.16916082038347519,0,0.2842304055032088
TK000741,-1.771422811866836,0.9008608923971294,0,0.24744798469247017
TK000742,0.14960643198194265,-1.2037824557923082,0,0.3686523291725003
TK000743,-1.5880587411786968,0.5158005481848698,1,0.4782732877231031
TK000744,0.4885374674458557,-0.29466408606683064,0,0.3086993543314099
TK000745,-0.18485845978201296,1.6351419805981686,0,0.28506954904302106
TK000746,-2.158492063136551,1.7019764344500237,0,0.4756334740409761
TK000747,-1.0735954917016952,-0.20334379242526582,0,0.24019003310490028
TK000748,0.10636022566968747,-0.07336476297454929,0,0.14864210155969293
TK000749,1.428262321167988,-1.2160592949222249,0,0.23186987771109804
TK000750,0.17568139517490242,-1.9319119229662687,0,0.33075876238211266
TK000751,-1.0288102356746962,2.441411148208302,0,0.42395807936802943
TK000752,-0.03703629796100135,-1.7663730788691958,0,0.33954000255205774
TK000753,0.44209387755155694,1.1567042447533906,0,0.3395450200343092
TK000754,1.9201162230365205,-1.854914632780672,0,0.36360274533744563
TK000755,-0.6116014995475801,0.10058982632564574,0,0.2042490455418463
TK000756,0.6521973049481984,-1.8033362587190096,0,0.27426009612811975
TK000757,-2.4912465230841856,-0.5451441216705556,0,0.26597600320778425
TK000758,0.8874946663406744,0.8918896226482973,0,0.1679813252354698
TK000759,-1.928130737403298,0.5052406677985084,0,0.1841635286197283
TK000760,-0.7054725119206556,-0.651050576484145,0,0.2503745904046795
TK000761,-0.45729415194403683,0.6878734904648657,0,0.3385170046696843
TK000762,-0.009238341684430548,-1.5817246490656967,0,0.2825305514264564
TK000763,-0.2829921432656059,-0.9677476547116587,0,0.4337801229901399
TK000764,-1.2720793778100505,0.5357955418282581,0,0.218369804092001
TK000765,-1.489983647395647,0.8972169073284701,0,0.1939395001608994
TK000766,0.2899121164783,-1.4258873792477598,0,0.24229614286810597
TK000767,1.3934565096514544,0.0806114103913446,0,0.19557392067016294
TK000768,-0.4886111256658228,1.6220590424202783,0,0.21900496233788164
TK000769,-1.1674523834445492,-0.409684090523141,0,0.2015592007006421
TK000770,0.8122479656840855,-0.64603711750765,0,0.16479691059077495
TK000771,1.5661647990407919,-2.2867672518877744,0,0.2446480246286928
TK000772,-0.2526615915050313,-0.8852192085484343,1,0.5863194972990363
TK000773,0.5792402596983989,-0.3046991256694029,0,0.38104157584171894
TK000774,1.7176686081683556,-1.4819435609491172,0,0.40959081179541934
TK000775,0.7426586097994194,-1.4797487872723825,1,0.5682017117401806
TK000776,-1.3275110588820525,1.392768061031497,0,0.4049729301110352
TK000777,2.064323805792601,0.8656102746827391,0,0.44060797164618887
TK000778,0.9387469368039455,-0.16343343339784352,0,0.10642539014054858
TK000779,0.8801409557807349,0.9130911002226743,0,0.24608031779441963
TK000780,-0.2799269007331578,0.9740171617885793,0,0.17882843025285303
TK000781,-1.4951437528087728,-0.5773401771426446,0,0.29564838939883203
TK000782,-1.1225526878563388,-0.7081846027511948,0,0.09754178880292264
TK000783,-1.900181627081562,-0.34702875042632575,0,0.3236202020955042
TK000784,-0.2519253388875175,-2.0181734844289387,0,0.27626908195768984
TK000785,-1.6472924688236081,1.959951059990256,0,0.3988308765716047
TK000786,0.15179958186190326,-1.766996071207679,0,0.32669005654229427
TK000787,-0.4412565667064119,0.5728667650910009,0,0.2531691161207738
TK000788,1.3405766124245106,0.5199835982921384,0,0.19878470602561443
TK000789,-1.1190034456963731,0.09851384884501106,0,0.4150543751335885
TK000790,-0.39319759487819,-1.4743457118798393,0,0.24365180243340312
TK000791,-1.0395271714486192,2.4367529804731807,1,0.5402731188995626
TK000792,0.9551305798303638,-1.6564083569546884,0,0.3377079810790522
TK000793,-1.0028434436872191,-0.8944517826926175,0,0.2540671718360906
TK000794,-0.15768299907636057,0.830754766975536,0,0.40770071205031944
TK000795,1.245019543240496,-2.231356390685522,0,0.19682252321583943
TK000796,1.5614461130001347,0.8936128077021814,0,0.2984700642836606
TK000797,0.15566292026104211,1.6138157114844118,0,0.3328555578852851
TK000798,1.5338518659786757,-2.4687393682910215,1,0.7003875210360748
TK000799,1.7243540164460505,0.7815445585631963,1,0.6056522406619742
TK000800,1.3292649684814688,0.2670694149078675,0,0.27438673359305354
TK000801,0.4024972805861726,-2.351887751354924,0,0.25235994623513436
TK000802,1.9685707198251372,-1.42671952082067,0,0.21109116677084683
TK000803,2.0995537814597274,0.330808117015754,0,0.2402174245953481
TK000804,1.5718149325009012,-0.032311575171748916,0,0.23488830418302678
TK000805,-1.7085761234797616,0.032114217596283114,0,0.2856726633293887
TK000806,0.6144084926249737,-1.5377087654849728,0,0.33005755704838224
TK000807,-0.6131396704366893,1.8017747863590012,0,0.20118583948185031
TK000808,-0.6333122161116691,-0.042890796806928255,0,0.29323849937117447
TK000809,1.0102329910848302,0.11879752305298077,0,0.24558756616140062
TK000810,-0.08206908363282195,-1.1522182366878555,0,0.2762563674027423
TK000811,-0.18206386213835493,1.3869309810479797,0,0.42060109120116496
TK000812,-0.5930829082582048,-0.5086875816963303,0,0.2117871999500607
TK000813,0.4568255280696013,-1.3577688668697618,0,0.1674135082792552
TK000814,-1.9423330010298818,1.4552045779282845,0,0.4003304238030046
TK000815,-0.8767120706978069,0.010634075878381742,0,0.20312153296306007
TK000816,0.8718684084619892,0.3017316326834669,1,0.6053364677630942
TK000817,-1.6379615477576546,-0.5037785821945574,0,0.25142063145979776
TK000818,-3.2016265346074864,0.8333653357146296,1,0.6639115376277919
TK000819,1.256436293485784,-0.020381690849551954,0,0.2934339597650934
TK000820,2.886184015526956,-0.49126641752485,0,0.3404027365447547
TK000821,0.9977544266059863,-1.5341740568411308,0,0.15891705526698616
TK000822,0.9888766413612394,0.08178691222407411,0,0.17741591607292495
TK000823,-0.781382977694329,0.49376885492954775,0,0.14920277449172853
TK000824,2.1319413614353353,-0.13011221679129514,0,0.3130670956873658
TK000825,0.3590643712853454,1.246231876836781,0,0.027212031856198554
TK000826,-0.28537488979556624,-2.005608703289965,0,0.25681969669160226
TK000827,0.7062078841836316,-0.6784406623329348,0,0.34081639337101827
TK000828,1.1313583292931992,-1.0799955427601298,0,0.20122119550913709
TK000829,0.49837680511606275,0.5945441139061632,0,0.0923560380333306
TK000830,0.7236377881958224,-2.0548099931489867,1,0.4863446118731121
TK000831,-0.035224813381354754,0.596874496713125,0,0.1927862848451668
TK000832,-0.21930507993232512,-2.019434879182586,0,0.2514206090742266
TK000833,-0.007236532440869499,1.556328055271461,0,0.24361301695059182
TK000834,-0.709421517941809,1.392489208124205,0,0.2694291290290935
TK000835,0.9464708748719333,-0.06820064812923485,0,0.21755821863351216
TK000836,-1.2663733549607163,0.8279918962324105,0,0.18629111481539917
TK000837,0.16744678046700442,-0.747636476458673,0,0.18991778466869916
TK000838,1.7099706808408213,0.4261378437274975,0,0.19134558467626187
TK000839,-1.8193238819592483,-0.6662313004359005,0,0.3031548248914314
TK000840,-1.30689971540246,-0.8445173309727761,0,0.2653392183356649
TK000841,-0.02726503839468929,0.25357181599586914,0,0.2686906972713484
TK000842,0.7656972871278709,-1.1440573994190155,0,0.23631714001613713
TK000843,1.1685591367867625,-2.0340932038366795,0,0.4023359910631213
TK000844,-0.16904114511090318,0.6204168793983744,0,0.09267176983666922
TK000845,-2.425548288969175,1.800976482777007,0,0.1858801102244741
TK000846,0.8676947221924844,-0.974783593308262,0,0.3665122086582878
TK000847,1.5240795795657958,-1.89513842425638,0,0.15216394853987292
TK000848,0.9023617748856229,0.6351946255444598,0,0.1250705796623313
TK000849,4.535969369292243,5.255874079368097,1,0.48448667319795646
TK000850,-0.5898740505556258,0.37021943571489196,0,0.20887415332938125
TK000851,-0.47951893230156867,-0.5285416820858243,0,0.1682109220536158
TK000852,-2.159527438402673,0.9526136333533619,1,0.520786492772583
TK000853,2.0535500117038272,0.29241092580551015,0,0.25340780298225174
TK000854,-1.122936887698922,-0.06433497796284195,0,0.27710833111308436
TK000855,0.5531774280921669,0.70320825101832,0,0.31387374894223263
TK000856,-0.07686198960894702,-0.8177522542983705,0,0.2864577296651388
TK000857,3.4412450864379065,4.288925870281936,1,0.6989306985527194
TK000858,1.9175859162914732,0.2013957193319137,0,0.2790447048940453
TK000859,-0.6438009862762062,1.4618776513064604,0,0.407502465169609
TK000860,-1.3469730123306336,0.9282470463947832,0,0.3249503966981981
TK000861,0.3305913086940346,0.9421810311462648,0,0.40787739589378147
TK000862,-0.12066614768667804,-0.2119932722649144,1,0.6276393058998613
TK000863,1.6331349804032491,-1.4067722951533455,0,0.28418369632758295
TK000864,1.4382269846678222,-1.2910508584759228,0,0.28513461629724046
TK000865,-0.0797011427418713,-1.774890805916661,0,0.2700145679245144
TK000866,0.6594552507597137,-0.9856211751363676,0,0.19744069229972297
TK000867,-1.0368930353166743,-0.553924622381971,0,0.18191396624779366
TK000868,2.616356896521145,2.514291621655183,1,0.4507877071239591
TK000869,0.7980430700884225,-1.7747932186403528,0,0.28358802100638014
TK000870,0.12350279965681671,-0.450378019739354,0,0.31927152984604856
TK000871,-0.8319606446949978,0.5460103708733993,0,0.3452546515025275
TK000872,1.7055160607501314,-0.3557860505105387,0,0.11879254235382834
TK000873,-1.5320344641391173,1.068227823152454,0,0.29807140401206406
TK000874,-1.5942243760973125,-0.31147518341436947,0,0.2928328907563016
TK000875,1.3147964842131856,-1.4811263532219558,0,0.23801461086970804
TK000876,1.4336544999429208,1.0177797282407557,0,0.27843395479389527
TK000877,0.5383320243766843,-1.3423914269659758,0,0.2769452687705234
TK000878,-0.08765437715737187,0.5921335160458998,0,0.2999253763015107
TK000879,-1.2191858416889518,1.1109248452241163,0,0.3778425016853327
TK000880,1.8745482014760446,0.5927728266198538,0,0.3256343228748241
TK000881,-0.015679613633433773,0.4449256495051151,1,0.5011519453505577
TK000882,2.343628426171663,-0.26231849470023094,0,0.18355951905970475
TK000883,-0.522919643915259,0.01941553778176703,0,0.1206236193669144
TK000884,-0.5207776617461103,-1.0451074559482658,0,0.2352977653213892
TK000885,1.2557214334840916,-0.7152116352026098,0,0.24220695157505645
TK000886,-1.6922328793439867,0.7748122321239328,0,0.16715541532765954
TK000887,1.795841948777873,-0.2278618085754018,0,0.29048386362703116
TK000888,-0.4294633819753296,-1.9101709725194072,0,0.3490521232420616
TK000889,0.2873227279083645,-0.9210881289944837,0,0.35676331618191426
TK000890,1.4026772535865275,-0.24440416905047205,0,0.2665701126161327
TK000891,0.9919272077040294,-1.0331857749942033,0,0.2742771941220319
TK000892,-0.6360804645396294,0.8494317939792692,0,0.29648894726571906
TK000893,0.2765544946075186,-1.2620041826144408,0,0.1484751085315476
TK000894,-1.1679073955611592,0.6683088147869723,0,0.2165305795270723
TK000895,-0.6636795163561743,-0.9544054118818517,0,0.14700912940784405
TK000896,-2.781921759447564,0.9838913151777243,0,0.22683375143056114
TK000897,-2.1505064492074237,-0.036400573749078284,0,0.4306367182635047
TK000898,0.7299413629728025,-1.589541569301496,0,0.3237408874912858
TK000899,0.34934391736744114,-1.4971337782670457,0,0.2739576185105588
TK000900,-0.23974454649022092,-0.3134706851189503,0,0.33805700080772627
TK000901,0.3962111610852858,-1.7977402142479673,0,0.29308414563442464
TK000902,0.1498627054776476,-0.4342392723285241,0,0.4209415273182585
TK000903,-0.5405543175168227,1.532726624902685,0,0.34219243068805383
TK000904,-0.6604120954133788,-1.689177468011554,0,0.14687203817301117
TK000905,-0.1395594231248973,1.6713753313665891,0,0.2776024315327619
TK000906,-1.0591523723912866,-0.09217091732641582,0,0.24825758453882094
TK000907,-2.7746416106198115,-0.24505647131693062,0,0.2908254415691241
TK000908,1.1447191135029104,0.08292281824215195,0,0.32321816764413597
TK000909,1.962500786366585,0.63177239137576,0,0.2720355202016962
TK000910,1.4167284890971656,-0.08124258958347239,0,0.38484554350627886
TK000911,-1.7718524957578734,0.716514318856833,0,0.2603479442991953
TK000912,-0.8861720388203328,-0.41215215908093605,0,0.1395375458751285
TK000913,2.3082641081201016,-0.03428665260581484,0,0.31108678354312985
TK000914,-0.623552993147711,-0.8017743567035035,0,0.3075717034238073
TK000915,-1.309571779576891,1.4713387630568002,0,0.19947929525586658
TK000916,-1.6426896395626482,-0.23778022015558906,0,0.22092202787117116
TK000917,0.8767153630576349,0.20041001626921884,0,0.2560953174682422
TK000918,0.28068717359355994,1.2715289826312224,0,0.34117044177194183
TK000919,0.5919248322836081,-2.655158529650131,0,0.2414338639083977
TK000920,-1.128000331917519,-1.0856789560142708,0,0.2262971041433648
TK000921,1.5449897310681282,-0.27436222057268767,0,0.2057309252788209
TK000922,6.264338649289804,3.5825299591139124,1,0.6996330918193396
TK000923,-0.7168576846846377,-0.9355330674593856,0,0.2803136058460455
TK000924,-1.5618022668925289,0.04441776677405739,0,0.34643960793753703
TK000925,-0.617361110860723,0.03228978045619919,0,0.18619321631165955
TK000926,1.0457651068950429,-1.1158993955364165,0,0.351830202335439
TK000927,-0.30744476430752965,2.028661175600143,0,0.3045270738527258
TK000928,-1.3738614756556835,-0.30031810140363535,0,0.21537087066665203
TK000929,0.15830252824313926,1.0030789235066673,0,0.278442145528789
TK000930,-1.7963199920128214,0.03122592262117792,1,0.528503693016979
TK000931,0.05682951162985643,-1.0909129989791786,0,0.3108620986767758
TK000932,-0.9024218834305489,-0.7699858230130325,0,0.11330201782433606
TK000933,-0.6024698064647308,-0.8364633494027074,0,0.2587830216221499
TK000934,1.4133530896111908,-1.032866115237565,1,0.47997518710607096
TK000935,2.4133977145112824,-0.4391880758589598,0,0.45069119056394163
TK000936,-0.6850225564768766,0.6415231690359324,0,0.15146033173028062
TK000937,-1.5203924200109078,2.7947646241457496,0,0.36417187830819525
TK000938,-1.203385203075999,2.625924028861682,0,0.3268059904331996
TK000939,1.5841295909898192,-0.3526668649618446,0,0.28047722667786984
TK000940,-1.99522124604905,1.0534001500924355,0,0.269472803655672
TK000941,0.7742919993669174,-2.184852941053302,0,0.3954345922067854
TK000942,0.9006854265279178,0.638217526099129,0,0.12919081002288374
TK000943,-0.7695045185286826,1.2289646122830713,0,0.20214124970711272
TK000944,0.3758524561780514,0.8983128916623593,0,0.23924463584602051
TK000945,0.04581478707316735,1.5044633907430252,0,0.27071611631530246
TK000946,-0.3773842907615156,0.602214519067406,0,0.12692070333150565
TK000947,0.082892059619917,1.5837203397428712,0,0.23488439163778702
TK000948,0.9643109654072806,-0.15993146067533592,0,0.34088873684175347
TK000949,-0.9540089936492849,2.2663062680417445,0,0.2862924954167452
TK000950,-1.5051132725436307,1.225360135794192,0,0.3482658924825921
TK000951,-0.11925216984967706,-1.4578896179934744,0,0.2975329337477356
TK000952,-0.34291361715158125,1.3319902572452014,0,0.19635639196212298
TK000953,0.14764321567490066,-0.4853078664302934,0,0.11774290101554026
TK000954,-1.3810302324785277,-0.9336988587519223,0,0.16754130949599008
TK000955,-3.1224088051410948,0.4291928602852707,1,0.48081654916394717
TK000956,-0.030073778381954457,-0.4819206887891658,1,0.3983764083544064
TK000957,-1.399426178904385,1.0893949111320496,0,0.40240660282839413
TK000958,-1.622177509901609,0.10123897704871847,0,0.25960502863839097
TK000959,2.9012011669419184,-0.6682858535453836,0,0.3832138046125236
TK000960,-2.1461890218449557,0.2829536375821459,0,0.22550248820970625
TK000961,-0.2973910500115829,-0.5968191435961456,0,0.09791290692080683
TK000962,-1.0257357445191817,0.3460691113543322,0,0.1907851828549518
TK000963,-2.1360787663552405,1.24029777472635,0,0.26686881740072
TK000964,0.7568792523723838,-0.041425605801323394,0,0.17649749258717057
TK000965,-0.9717147312286875,1.8854991121743956,0,0.4274914832264413
TK000966,1.0418912919335717,-0.12737601290418354,0,0.2618663588553556
TK000967,0.8980144340284129,0.7004739949608961,0,0.23484153866662766
TK000968,-0.3747727471962284,2.3703831631641887,1,0.5243382219980945
TK000969,0.29345982155730255,-1.2012207215625146,0,0.1846073838408688
TK000970,1.3868929305474076,-0.04777307614044268,0,0.37640221362172654
TK000971,1.0347712703312233,-2.150059364984338,0,0.24993899773089592
TK000972,2.15225311528813,-1.9289729066535033,0,0.33500656309152144
TK000973,-2.671921713629469,0.7876358507351946,0,0.2673180666961988
TK000974,-0.5324971928290407,0.9327551280231973,0,0.24223615467027867
TK000975,1.872539412708569,-0.15375474145889154,0,0.2750138611681294
TK000976,-0.7874597176584794,-0.0354801435081073,0,0.38469811412639604
TK000977,-0.33289258575000885,-1.6055772283022358,0,0.22278464032284936
TK000978,0.08190047657575085,0.09468630253958131,0,0.12758484848207716
TK000979,-1.317770983754412,-0.24205513802139234,0,0.10248430541421746
TK000980,-0.3789134053727842,0.9621496257677209,0,0.2456554482815287
TK000981,1.3608533835031262,0.28046399687436496,0,0.25954011836699714
TK000982,-0.6488798450454082,-1.1856191666687712,0,0.2568547357239749
TK000983,0.28309804803251276,0.8969249622651094,0,0.2915460051410921
TK000984,-1.563146207266195,0.45175548293998463,0,0.19550359299801945
TK000985,3.0819136371484004,-0.5041531938873524,0,0.31562714948796233
TK000986,1.5204553544817005,-0.6939440268950183,0,0.4293798010239097
TK000987,1.88944412311033,0.8956775468185062,0,0.35227507762918076
TK000988,-0.039376486247818726,1.3285070761558773,0,0.2804737288189229
TK000989,1.722065179994143,-1.648485134628199,0,0.24316998922148508
TK000990,-1.799663715361948,0.9337806464192034,0,0.20266558490620706
TK000991,2.9998717975509623,-1.1741531600134345,0,0.3345598756966893
TK000992,2.4064612138313977,-0.5040543633335035,0,0.32837945523175843
TK000993,0.034713443176482596,-1.3763621150171268,0,0.19564691994026373
TK000994,2.9850144645025707,-0.184304343016014,0,0.4131888678853494
TK000995,0.8395009771630163,-2.5906569139647804,0,0.29333482822256474
TK000996,0.15085829907088516,0.902064745091951,1,0.6172621986757474
TK000997,1.5908190305075198,-1.7290774399162379,0,0.2430184342956382
TK000998,-1.2804914379236614,-1.6762139265054927,0,0.400362044072516
TK000999,-1.079659326320955,-0.10985386985052102,0,0.28594250013679234
TK001000,0.8699568505029559,-0.35205980376459856,0,0.28688672559105854
TK001001,-2.1948839571720233,0.7368331683295073,0,0.33636371368250967
TK001002,-0.6311136389842614,0.13242418389274102,0,0.4264596905551994
TK001003,0.7662388332379705,-0.9521396138644926,0,0.10634307150180923
TK001004,-0.6652221621338954,-0.6122173817695169,0,0.18961779748517568
TK001005,1.3497025923664874,-1.3723702558884956,0,0.20476337809789824
TK001006,-2.30540434850562,0.6146709745447715,0,0.3341733417836511
TK001007,-0.4329484782998085,-0.13013151479106466,0,0.08942071558686283
TK001008,-0.6589159752505871,1.3132851895914115,0,0.4341167687810146
TK001009,-0.16998942948638848,-1.7810273809480868,0,0.32651021509254957
TK001010,-0.19902379679840865,-0.8220509128907731,0,0.4203999704624741
TK001011,0.761450923046356,-0.20210378311486674,0,0.19564890338631064
TK001012,-2.0009211947969687,1.0889471575389538,0,0.2651275357196202
TK001013,-0.48909724960092793,0.5792537199143093,0,0.15241180202995327
TK001014,-3.1444955763767335,1.0806119703857124,0,0.4474514743026487
TK001015,2.103525772075384,-1.0391131228054302,0,0.350142805437181
TK001016,1.9499805469990452,-0.24318983618653045,0,0.379520061189505
TK001017,0.9208121473318712,-1.9445553081729603,0,0.4070447003124936
TK001018,-0.8275194264941209,-0.924474941522995,0,0.17760943018435216
TK001019,-0.04862618630756005,-0.37551021778954247,0,0.3209255820251665
TK001020,-0.679048153774729,0.8475661734857677,0,0.4012014424391549
TK001021,0.24923432240551963,1.406033248698116,0,0.1843921987268423
TK001022,-0.2551157513517804,-1.1456866961462435,0,0.20779291701139496
TK001023,-1.8619694937587852,0.21756704442802272,0,0.2980654130933857
TK001024,-0.4905346431061971,1.5900535835652594,0,0.2652322734050763
TK001025,-1.5815972356492105,0.8826903602470545,0,0.2368098124711462
TK001026,0.43316242496008645,0.9028841710624306,0,0.22378527335886317
TK001027,-1.9258242704722346,1.0188271327206617,0,0.27647131709557554
TK001028,-2.6158017095354027,-0.15165635560047394,0,0.45729018937819854
TK001029,1.3327879260205653,0.5734796172467519,0,0.40258351676741966
TK001030,-1.5100915062041813,-0.0059246924692863134,0,0.32799035472014304
TK001031,-0.9652769553044428,1.8936602809724368,1,0.46808232333264554
TK001032,2.1042566205852067,-0.2949130322313749,0,0.23291978121626952
TK001033,0.7380600664988813,0.794878762573904,0,0.43849510582795753
TK001034,-0.5322226135619678,-0.3859257420582557,0,0.22302592039626834
TK001035,0.7046762548837588,-1.682402186609769,0,0.23717035628289862
TK001036,1.0062377004864906,-0.41035211984365905,0,0.1619641559014124
TK001037,0.34155943470092326,-0.9731112307173622,1,0.56010167256867
TK001038,-1.6156027280380292,-0.17674438313416457,0,0.29782225699571385
TK001039,1.4704653076713825,0.8044246726119821,0,0.24150162795567087
TK001040,-0.17851786473088352,0.5020358629672098,0,0.2192610072389935
TK001041,-1.8087023431116744,2.0005965789884828,0,0.3483948088261886
TK001042,-0.295823847986986,1.2203514139894895,0,0.4571859499468415
TK001043,1.861895673855888,0.0846587661534878,0,0.26155439466201613
TK001044,-2.368499981049692,-0.20882046693018702,0,0.24114757532946723
TK001045,-0.09660120349967821,1.5079903841797855,0,0.3572861579130457
TK001046,1.554075919660603,0.048706631975528984,0,0.2938517830582152
TK001047,-1.4543883657184131,0.5856993070520441,0,0.1518692543088564
TK001048,-0.4463693950823338,-0.210425466992083,0,0.24178514061884632
TK001049,-0.7410105929942277,-0.23194687441147796,0,0.2268622993332467
TK001050,1.373058910706061,-0.6742763817288178,0,0.23903112847344093
TK001051,0.1842698337020758,1.2817979958110197,0,0.3359986493284871
TK001052,-2.325752180195646,1.3679905070805287,0,0.42011465697378997
TK001053,0.7161034221848824,-0.3203146825711511,0,0.22898610928171848
TK001054,0.9015041191191906,-2.217985546070002,0,0.2104622718896416
TK001055,2.405651058190063,-0.44811638925204533,0,0.3974221473632432
TK001056,-1.5532792790611276,2.0790245928312925,0,0.34112592106205875
TK001057,0.5120768642987115,1.057109009086607,0,0.14977253959849943
TK001058,-0.29772129269740266,0.5310872311800616,0,0.18056891829601063
TK001059,-0.9836458347984922,0.3084543044123702,0,0.20383636151477622
TK001060,2.3179289524879665,-2.31174560586081,1,0.5336611887426688
TK001061,-1.5584347936908318,-0.87385454592104,0,0.33143913522203716
TK001062,-2.6771625517604076,0.9150603056838257,0,0.2799279099852065
TK001063,1.2379887653937791,0.5929980651275918,0,0.2430567584428571
TK001064,0.37142971385431617,-0.511108267726644,1,0.5387831394829906
TK001065,-1.1539074321941647,-0.22727568959709357,0,0.2715109831082931
TK001066,-0.7240857590987224,1.363558824426882,0,0.21660999107096113
TK001067,-0.7423231642794469,0.000664827355215696,0,0.12426913113056876
TK001068,-0.2076268707573554,1.0466664040972256,0,0.22035222121735387
TK001069,2.5415493302005037,-1.617624121855803,0,0.2362093319965013
TK001070,-0.11448692191764356,-0.7314418199072932,0,0.11469069993981942
TK001071,-1.4415237759706272,1.034576063407026,1,0.4819516051210811
TK001072,0.77841424485675,-1.3180819131955013,0,0.10244149843059844
TK001073,-0.16933615946069105,1.1406597655135826,0,0.39547562971682854
TK001074,-3.743917299036128,0.9861991019986935,0,0.3308376287418646
TK001075,0.9444840279931841,-0.5178336356355286,0,0.4539580527815518
TK001076,-0.27642730626518475,-0.2003877857463092,0,0.18080005899350515
TK001077,-2.958441139555284,0.9885325770094013,1,0.5131164283945395
TK001078,-1.3441121617095535,0.32236557873986693,0,0.1837434166934543
TK001079,-2.199259989885842,-0.25711038624734295,0,0.15435608308925813
TK001080,0.8662564129963966,-1.9649908621700813,0,0.17647688211425708
TK001081,1.773299223523698,0.2539336009715816,1,0.7637943859224797
TK001082,-1.0820492141249112,0.9449825358615773,0,0.3269672215285872
TK001083,-2.352154169647213,0.3582761472657193,0,0.17828760723411982
TK001084,0.9342565255580683,0.002450655164614894,0,0.09428217721173365
TK001085,0.6034145867914895,-0.5674517541598268,0,0.17052412979414125
TK001086,-1.4494767983540975,1.9122170771654101,0,0.408918594589698
TK001087,0.2084790916951841,1.0152528087696817,0,0.24060498412082273
TK001088,0.9710556456550539,-0.08918370752940179,0,0.24570350937827753
TK001089,-0.9300623376798738,0.32221177000201623,0,0.17962520537121848
TK001090,-2.338312693414063,1.5867014692482702,0,0.4163760492987215
TK001091,-0.39125230056542054,1.3737609815352343,0,0.27245194506205694
TK001092,1.7029693772120271,0.002879062908963049,0,0.4207833036049562
TK001093,-2.43711865949941,-0.6130627937481051,0,0.3209968173982167
TK001094,2.675505796383985,-1.956910245285687,0,0.34055274196533497
TK001095,2.9314886448850856,-0.21391157005382688,1,0.5815768773185657
TK001096,-0.5977606391024576,-1.25094495303456,0,0.3230514300396266
TK001097,-0.9197387391185441,1.554463415319971,0,0.2708434145139219
TK001098,-0.3229224956762132,0.4979094317306669,0,0.25155593511106356
TK001099,1.7129344880945032,-1.8454837847580245,0,0.33744729526051587
TK001100,-1.966340871845806,1.438001538618631,0,0.19187714328321498
TK001101,0.21758985726251256,-1.359711385731516,0,0.10372058233427008
TK001102,-2.308250791649492,1.1090505338370478,0,0.35904442407276416
TK001103,1.862493197434215,-1.0819190180542455,0,0.3781185618967734
TK001104,2.28653280092714,-2.071824533882501,1,0.5335430855869839
TK001105,1.8692109512217083,-1.0262260762649231,0,0.3179060556826238
TK001106,-0.7893854907387988,0.9601004543036155,0,0.17224320210936206
TK001107,-0.2269133629488075,-0.5540086506925327,0,0.21644071226679612
TK001108,-0.26146749768421257,1.927861625750887,0,0.3533786261232408
TK001109,-2.939251169082417,-0.5220724598130426,0,0.4304234326096807
TK001110,0.40121594497738,0.05285935196067277,0,0.3351087290509569
TK001111,2.104429953730082,-0.8048005238480848,0,0.27576612090187735
TK001112,-1.1956016763480177,0.7181832482303563,0,0.15618681384914276
TK001113,-0.9188523331359428,2.809788862120371,1,0.5037556583339338
TK001114,-0.9607168875633921,-0.06998958765076742,0,0.21540081262752228
TK001115,-2.1531278405571195,-0.24766636920593765,0,0.44593323459496886
TK001116,-1.80564130529374,0.27795300435602405,1,0.5828738291353075
TK001117,-0.826593564691273,-0.6396462284350806,0,0.23777116834973896
TK001118,1.0655935300125783,0.7399582729658579,0,0.19636088463600287
TK001119,-0.4531841319566512,0.15253251184769206,0,0.40131336204649704
TK001120,0.1647645180067789,0.5087204343910362,0,0.17907959619850106
TK001121,-0.01815252530218721,-0.2882530978184546,0,0.24290762174940184
TK001122,1.0526709972074264,-1.1508143788045633,0,0.3853561232963673
TK001123,-0.4270979715732364,1.0916147275297032,0,0.15689893995332754
TK001124,-1.3215724161374496,0.2193375037184934,0,0.28285022050660713
TK001125,-2.3426250508200392,0.5815813383325975,0,0.3361583779782949
TK001126,-1.660751070902207,-0.4737130757610225,0,0.17504354493413843
TK001127,0.2177446926575241,-2.412762762078266,0,0.2501690256071313
TK001128,1.2109272649078877,-1.056684180813195,0,0.10086130508779988
TK001129,8.82005733949533,11.797565629104984,1,0.5259270310586265
TK001130,-1.1738889766308205,0.0031383760280891335,0,0.24569990893195176
TK001131,-1.2213570898113222,-1.1847570520721837,0,0.2583959031354277
TK001132,0.09394886228806389,-2.08266720839091,0,0.3431206637145122
TK001133,-2.5715651187411126,0.18549401502529103,0,0.3446440891330492
TK001134,0.4754481762885597,-2.4909705596901626,0,0.18259947284498557
TK001135,0.6198046722110986,0.25102644454532635,0,0.24268992806534642
TK001136,-0.5166977300103687,-0.75338637832516,0,0.17960396508173296
TK001137,-0.05613895173995543,1.42042159143893,0,0.2086441383508728
TK001138,-0.5331782465119429,-0.6670877386699229,0,0.13661318929002542
TK001139,0.11783302484414243,-0.02564464878976393,0,0.16359971203808676
TK001140,-2.894580764783253,0.10096284432274101,0,0.29345956403973766
TK001141,-0.5513687689014083,1.4553595580392127,0,0.20927657502922672
TK001142,-1.0345293878640582,-1.0231213951940805,0,0.1453913993964534
TK001143,-0.47553737149069136,-2.2510999364106405,0,0.2436644142947243
TK001144,0.7084073639188412,0.9046872603463886,0,0.2237444257544745
TK001145,-1.7017051555904896,1.2135295277330154,0,0.2571365573183221
TK001146,0.6387398248214179,-0.7900372386785136,0,0.2738632330133949
TK001147,-1.26577956235526,-1.4845177643528351,1,0.4485737007529145
TK001148,-0.28368661315662347,0.6740973377966304,0,0.13776457340782325
TK001149,1.3480997735064484,-1.186400856005726,0,0.21878712637157197
TK001150,-2.4597909366173787,-0.5362073727461336,0,0.4474750958255424
TK001151,0.36100993984456814,-0.007831969809881534,0,0.23288661961049378
TK001152,-1.5714077485242164,0.4790237957866951,0,0.4027756022517962
TK001153,-1.2346522891724334,0.7166633047469696,1,0.5825145264838562
TK001154,-1.0228018868740418,-0.15346091114107763,0,0.4196880168735289
TK001155,-1.3444993259820872,-1.1847993114583195,0,0.32523742821134805
TK001156,-2.8036117099170945,0.934722915012971,0,0.33083565316847574
TK001157,-0.07278920043761629,0.735007024663907,0,0.14395756682855426
TK001158,-2.0833572730606766,-0.5575494275588738,0,0.34701930688451843
TK001159,-1.7502813564487085,-0.8157145266049525,0,0.2850840287353083
TK001160,-0.25971545907735816,0.38471411449001447,0,0.35581616449430215
TK001161,-0.26276868423614114,0.1910439257200307,0,0.17803652901143222
TK001162,0.09012543186219868,-0.3258709229114985,0,0.20797043150754652
TK001163,2.1687665626994375,-0.9060741497711349,0,0.3186483955051034
TK001164,-0.7483928357234245,-0.21357715782586392,0,0.39423737441755885
TK001165,-0.5343036164451936,-0.8792852902093701,0,0.15456837388283412
TK001166,-2.880085819526805,-0.11450162931376756,0,0.2749382709071787
TK001167,-1.5907007175080703,0.5639245719714193,0,0.174464000011719
TK001168,-1.5195495468065947,0.8543066511970688,0,0.24370073821863375
TK001169,1.0975377687874452,0.19669070425722315,0,0.1373836158741556
TK001170,1.9234689467421957,-1.8145549810093586,0,0.2950412971645501
TK001171,-1.083845206980188,-0.3063165682760829,0,0.21634850172523384
TK001172,-0.5574799438245918,0.8550852556881886,0,0.21214256824448985
TK001173,-1.1665387121363942,2.497191947601955,0,0.33634128732380625
TK001174,1.781734719123463,-1.5683505922334107,0,0.21034774526403602
TK001175,0.2517132780285462,-0.10320358802943114,0,0.2283552787092702
TK001176,-1.2086798491182282,-1.0796920868321036,0,0.2932366534341291
TK001177,0.9748126678859154,-1.0048212961370115,0,0.22179293421782567
TK001178,-1.3035449360961253,1.560929691486331,0,0.23440186440729696
TK001179,-2.2061325534061202,0.4513365086360406,0,0.18562080086501084
TK001180,-1.0459933507221955,-0.4456916606588943,0,0.2100382725199318
TK001181,1.081516467001045,-1.497246538389027,0,0.19932954009136317
TK001182,-0.9405062020938455,-0.5768675192450592,0,0.2922527663912307
TK001183,-2.303775387309302,0.07261215430612,0,0.2808789496937164
TK001184,0.6052951674939799,1.3946282632929858,0,0.41676654113822786
TK001185,0.9853275678383713,-0.775477910558412,0,0.3580557246780438
TK001186,-0.27502725610685896,-0.8122261482196562,0,0.22479837520004833
TK001187,2.8147442719992246,-1.0729981132358148,0,0.44677858440368245
TK001188,1.0246126999436003,0.5605243075235513,0,0.28654100463229776
TK001189,-0.5017376656942909,-0.01450938922736059,0,0.24965123824844693
TK001190,-1.1819225847968442,-0.9353813098625153,0,0.31455475763119023
TK001191,-1.6733789295527568,1.1387791090664432,0,0.4148977082019251
TK001192,2.5115241863758606,0.6614802718996934,0,0.37973505441919064
TK001193,-2.675142049559721,0.6343219172561995,0,0.3877800396719456
TK001194,1.63841198717959,0.2725877231941707,0,0.3551277061979211
TK001195,-0.8243509031221807,-1.686976762431514,0,0.2706546910646318
TK001196,-0.8124029952559422,1.0852788595717273,0,0.21803222335533057
TK001197,1.0249436571652506,-1.1609449530544065,0,0.2295095042022588
TK001198,-0.1748575330092091,1.203441951974774,0,0.3693085864547413
TK001199,0.6170066876768852,-1.8714207630061854,0,0.19636036628054543
TK001200,-0.9860429134145663,0.923333065777464,0,0.2576944143716818
TK001201,0.6713801364155131,-0.688165850782744,0,0.15438943830767873
TK001202,-0.22870009540045663,0.7111961546543477,0,0.2694161131974581
TK001203,3.1202627288966625,-0.27174263386600844,1,0.6423165525603735
TK001204,-0.5565748218785126,-1.1904282402389748,0,0.2224021543645535
TK001205,1.4574614848481546,-0.8359321466287644,0,0.1666962226599669
TK001206,-0.29794791132276627,-1.1109893557751553,0,0.43685072669339176
TK001207,-1.236918372831993,0.41236282337408037,0,0.22009635203084565
TK001208,-1.0468293956418422,3.4102658275194697,1,0.5798055374551501
TK001209,0.6184513373383855,0.6259220492486643,0,0.2743368279024776
TK001210,0.4923305270609231,0.43423712233611356,0,0.19915447592098084
TK001211,1.8505764351711858,-0.07889601076159601,0,0.1652957978439407
TK001212,-0.9622653439316735,0.3201669682454905,0,0.2746370034853624
TK001213,0.0420947774543719,-0.5495430932788617,0,0.17825309205404055
TK001214,-0.918665695820583,2.204157698533011,0,0.46417759795485725
TK001215,-2.648568694768069,2.7923751111299993,1,0.5694743823213445
TK001216,1.0443570708660095,-1.2449952306149146,0,0.25443779146182255
TK001217,-0.02574112533593033,1.095783361300316,0,0.26647515849722714
TK001218,1.1121647818792253,-0.10872106145316068,0,0.3605289569700852
TK001219,-2.352204898711755,1.3407259143933716,0,0.15124086778869852
TK001220,-0.3711185943782289,-1.5838116860110427,1,0.49766792079199673
TK001221,-2.072467395704544,-0.42511726638993885,1,0.5139756289928071
TK001222,0.6375130237375933,-0.29668947209062096,0,0.3096802915079612
TK001223,1.1386360230409491,-1.0826961117148495,0,0.27464270386182166
TK001224,0.7920114812966425,0.485922885292956,0,0.27695382916767963
TK001225,0.714586519086619,-0.529705542022713,0,0.1686635392929315
TK001226,-0.14572548335824276,-0.32967031246262446,0,0.11839956817742979
TK001227,-0.11262005032723937,-0.8716398162797135,0,0.2736034226889363
TK001228,0.004513895411258296,1.0415164966400836,0,0.23469019819710918
TK001229,0.30189191509258134,-0.8113759562845578,0,0.28902064027880875
TK001230,0.6277464729611143,-0.5097274156987345,1,0.41440096338341
TK001231,-0.40673576810940554,1.34143469322398,1,0.5156017889442308
TK001232,-0.6596922796672635,0.026819072657720548,0,0.2703096502450238
TK001233,-0.0035856171382967882,0.4106451648054829,0,0.24463109738954578
TK001234,-0.5635362248133065,-1.5645817645061566,0,0.10475649505670848
TK001235,0.3515592870670317,2.973409400002064,1,0.5193039210009031
TK001236,0.30914481685226985,1.1923878563973502,0,0.31276187473354683
TK001237,-2.0545897089518217,1.6422406176741522,0,0.3141783930549541
TK001238,0.7931330504375197,-1.919411615471649,0,0.3138511083781786
TK001239,-1.312619227944598,1.175901353325441,0,0.2791723875474531
TK001240,-1.824108392207085,0.6661001157123487,0,0.41805251842095925
TK001241,-1.9523932147251257,0.5293936471763768,0,0.22006193963761966
TK001242,0.1550332329323609,-0.5673920183507933,0,0.11983324005828365
TK001243,-0.20692437538847155,-0.5400840630259404,0,0.27251626212590585
TK001244,1.5002702237942476,-0.35461672052190507,0,0.08904114355868402
TK001245,0.9811841164106061,-0.8800193892802174,0,0.12216532940027541
TK001246,0.46293362188752873,-1.278640815934294,0,0.20952624788725616
TK001247,-0.3808809442132089,-2.1084564314115677,0,0.4201494234195366
TK001248,-1.4908209978252078,-0.7715063877162601,0,0.32237436730043056
TK001249,-0.9884850833794616,-0.22491418041995706,0,0.22276172421098178
TK001250,2.0724858291612054,-2.347661740951357,0,0.3758565212841024
TK001251,1.049582346924552,0.2495659297358757,0,0.1834465769642216
TK001252,2.4927976815133537,-0.5086585672451418,0,0.20604061278242625
TK001253,0.7973827946268462,0.5327097970882925,0,0.2257825466967548
TK001254,-0.42625520622890506,1.3697571894006122,0,0.14630585273485697
TK001255,0.15981101330325975,-0.10768174436512587,0,0.09591933862222228
TK001256,0.7138169539663062,0.33071898252648335,0,0.08341912666901474
TK001257,-0.6849082683148316,-0.9539211288529895,0,0.22010343070131796
TK001258,0.08430460792241648,-0.3135451406682231,0,0.20233997994165365
TK001259,-1.7266771434377288,-0.0975744246735761,0,0.35873760564308915
TK001260,0.18836639494387508,0.8001941029182825,0,0.3495872329620315
TK001261,-2.5593126297843005,0.21881002838512947,0,0.2638873133186929
TK001262,0.5281406646059867,0.03892910487617259,0,0.25953439878205314
TK001263,-1.320046453258089,1.7448676991155958,0,0.33805174942760047
TK001264,1.3012406353056503,0.4512612114238263,0,0.16965505150854657
TK001265,1.4683749017073926,-0.533437955215867,0,0.20932943436819498
TK001266,-0.1053779147520498,0.4709551845556492,0,0.25987731124824015
TK001267,0.0883755435575897,1.2717940574425721,0,0.2823725864086446
TK001268,1.5023258713694891,-1.218761921943651,1,0.5024744455454511
TK001269,0.6315141898412995,-0.055467910515916534,0,0.2165487413282675
TK001270,2.093762895526265,0.5116110557142097,1,0.47954797549889117
TK001271,0.6103220322166749,1.1256657453815258,0,0.30101851893449283
TK001272,-2.3250590836226794,1.0702392160260723,0,0.37783382956300776
TK001273,-0.6540100898847708,-0.07214502762983104,0,0.37016995079393555
TK001274,-0.16702018054013604,0.9956880686445703,0,0.07104436924562073
TK001275,-0.6083039364187179,1.6226604966558058,0,0.2765016039764878
TK001276,0.2573666957698986,-0.8967209177955222,0,0.38804152515910706
TK001277,-1.471184598099313,-1.0823205869698374,0,0.3052418987296191
TK001278,-1.0868952952931588,1.5382516698689768,0,0.320643854161181
TK001279,1.0619010234411104,-1.1770763628247147,0,0.2665478445612759
TK001280,1.06821798571839,-1.385137917361396,1,0.6242570202719792
TK001281,2.253017633043252,-2.1437494080935897,1,0.5749688244925277
TK001282,0.6575495619511911,-0.6177278718626678,0,0.31131448268722356
TK001283,2.397671156726095,-0.5888634175232658,0,0.3069827271809779
TK001284,0.6562092615775327,2.1531258321382607,0,0.36320051839695294
TK001285,0.5153685041371897,0.6131409605621702,0,0.3687494267301401
TK001286,0.07592665892393348,-1.8943392683052052,0,0.36607383175923597
TK001287,2.011209787799445,0.4651123404106482,0,0.23749634296480127
TK001288,-1.2639403178933462,2.210627366999183,0,0.37415760744223076
TK001289,-0.4700725338684938,-0.9364806365432737,0,0.13754845169093133
TK001290,-0.8855869312270267,1.346922896611607,0,0.15440574882275926
TK001291,1.1580330123191707,-3.197354203462993,0,0.26720731216202975
TK001292,2.2122225133391535,0.2995617612116325,0,0.39134766503154905
TK001293,1.6331066978295148,-1.0435512277593977,0,0.15805174693328425
TK001294,-0.19851805040910836,-1.6182495566146153,0,0.19894843018834554
TK001295,-0.28865745092395373,-1.7400608691840929,0,0.2650716849514897
TK001296,-0.17921184775108426,1.1947478085874297,0,0.3276264402456345
TK001297,-1.5170890112994566,0.14290209282630362,0,0.1639432633263757
TK001298,1.463337408144202,0.17431032500455784,0,0.25014110777966425
TK001299,-1.8633558121830447,-0.44414342847678817,0,0.1858902258761947
TK001300,0.3545495055113461,-0.7983139577692471,0,0.22976984767867176
TK001301,0.6954496533773141,-1.7428165003277627,0,0.21494735409846616
TK001302,0.4677109583961112,-0.8295973727653237,0,0.36371364126284933
TK001303,2.8605450155515575,-0.6501185814507776,0,0.3591673814675077
TK001304,0.5100668695284043,-0.8362784052206781,0,0.27116248221727585
TK001305,-0.1450776907439075,1.4937935718190323,0,0.4260782581547753
TK001306,-1.5233709620486917,0.40224545520300864,0,0.14306980082753984
TK001307,-2.752135750816356,0.9795678083024746,0,0.29666694678079925
TK001308,2.8907205630058597,-0.9029905845859364,0,0.4830221741338255
TK001309,2.5979910432160302,-1.7048999425802898,0,0.46808388835698134
TK001310,-1.183569777336466,0.8086984585816334,0,0.26596931353940984
TK001311,2.701921234016824,-1.1206396022372545,1,0.45641520387930135
TK001312,-1.9451091342367226,0.09283661182752066,0,0.288765545605716
TK001313,1.2616310514686708,0.7266772242984886,0,0.20416168509628538
TK001314,-0.5110439072960287,-0.5426683525516041,0,0.21777403285373897
TK001315,0.5549631175888083,1.7376036285834182,1,0.5356345796410691
TK001316,-3.3028906542707444,0.5446120394699234,0,0.40026277059814586
TK001317,0.17947108521572144,1.1930366851762728,0,0.2193069889361391
TK001318,2.0873361228760805,-1.486477272181411,0,0.3308136581247827
TK001319,-2.0605394720299155,-0.422703807473138,1,0.5496908482754054
TK001320,-1.064938159062688,-1.0468753270904354,0,0.1287371439996969
TK001321,0.3158010002960571,1.1198121998895199,0,0.2163966765732125
TK001322,2.0518068534829013,3.589958141709746,1,0.5101418747978983
TK001323,1.4276768396620974,1.2952811404532512,0,0.19231228400580686
TK001324,-1.4338419219807153,0.6235167203780884,0,0.209780143989614
TK001325,-0.621624068628652,-0.42604891655072435,0,0.27563331113614414
TK001326,0.007779948383817639,2.3143931464381646,0,0.20493797606871572
TK001327,-2.931314243998808,0.6346681748229449,0,0.3529822482190742
TK001328,-0.06724268510342071,-0.6869864865581574,0,0.2337514342144692
TK001329,-0.4478857526499302,0.39362881018815676,0,0.3432767451375233
TK001330,0.31779460049497743,0.9991444098889356,0,0.24984653613691515
TK001331,1.1681642951205822,0.7719441712513813,0,0.33090436489224767
TK001332,-1.8643317023663808,1.3755778697691392,0,0.1675572633174336
TK001333,-0.1683761854541655,-0.5243060596695283,0,0.32503049771576614
TK001334,0.609068951312605,-1.5624202568520889,0,0.34080282624869573
TK001335,-2.361711795626744,0.206679259241082,0,0.342268667090285
TK001336,-0.7069273752747554,0.28180841733481765,0,0.2942317766577318
TK001337,-0.9884792032592445,1.8784614087539944,0,0.26657663079879224
TK001338,0.9698277807472924,-1.3277125627832052,0,0.30329608917040257
TK001339,-2.092621680260863,-0.4417992167659297,0,0.3735868666111469
TK001340,-0.9650256893899929,-0.3856709328539801,1,0.45719366869872036
TK001341,2.5073655641195316,-1.0401545226076678,0,0.2923760242612347
TK001342,1.2688204981266293,-0.6215360157736528,0,0.17895250733173382
TK001343,-1.9521354982139663,0.8142925170321538,0,0.2429005067325102
TK001344,1.619411925702909,-0.61925645642931,0,0.3759324327580002
TK001345,-1.127870595960055,1.5348430535588156,0,0.40265196053620317
TK001346,-1.205241413463684,-0.8080827275308422,0,0.13088931850593905
TK001347,2.058651795177226,-0.39751564950937013,0,0.2775141136330552
TK001348,-0.5883601191920897,0.8670334857444421,0,0.38131727600960197
TK001349,-2.070454420045685,-0.2124252009156064,0,0.33780257181054874
TK001350,-0.6057029283213786,-1.5372030910842902,0,0.2578954797357218
TK001351,0.2050445777825076,0.887916430830587,0,0.35990827990796326
TK001352,1.100545871212151,0.6512409681369864,0,0.24337545415518705
TK001353,1.523826927511015,-0.8424313954749835,0,0.33474611828955286
TK001354,-0.188049098513081,1.285032299148014,0,0.16549918434543068
TK001355,-2.7037777712388027,0.24872220850697183,0,0.38072107700735597
TK001356,-0.48770515097413303,0.5159890378587213,1,0.44269577849650726
TK001357,1.7710527244093244,0.6868267128383334,0,0.3351497587564969
TK001358,0.19437979900933797,1.4762710004987385,0,0.3577955205834336
TK001359,1.1987080596656305,-1.5200756058664386,0,0.30485091833942807
TK001360,1.911023501305269,-0.03892960431595529,1,0.7297922927491833
TK001361,0.21440871887458027,-1.9282111887212248,0,0.3360899037778756
TK001362,0.660488285057932,1.0658908253345338,0,0.2434502987502033
TK001363,-0.5518982263043506,2.011914205257126,0,0.29952663476483754
TK001364,-0.8143961981155418,0.19694912725262773,0,0.3510355032533174
TK001365,-0.1435910694359417,-0.0318783016401431,0,0.14434483269260892
TK001366,0.04121139393002856,0.9216068462285376,0,0.29219576781415546
TK001367,-1.251546540076494,0.8789129360395507,0,0.23481399397303626
TK001368,-2.8040949585466253,0.14540239616643516,0,0.2395009095347149
TK001369,0.972545750871751,-2.3200475829476592,0,0.2957155044501816
TK001370,1.039380008136929,-1.1276410268801464,0,0.18078031983907863
TK001371,0.3215259551957846,1.0328816330478217,1,0.49621622329451454
TK001372,-0.03846649031879357,-2.531915108795621,0,0.19095477572700842
TK001373,1.743758734534691,0.19128572450707096,0,0.11706111068651703
TK001374,-0.4700283001323328,2.0510250672917096,0,0.18128996243171241
TK001375,-0.9846513141045639,-0.04663733012487371,0,0.15617115453015934
TK001376,-0.7327413479292744,0.6109596710411627,0,0.14105075977837267
TK001377,0.7016037497366205,-2.4241181960250553,1,0.6218478996326918
TK001378,1.2067708072595447,0.048982461490411376,0,0.2822147120728724
TK001379,-1.5507347991526064,-0.7616078864268121,0,0.22007826742577286
TK001380,-1.103653231906201,0.6937074205047022,0,0.32502211457823554
TK001381,-1.1283888725473168,0.7042836442964558,0,0.33380271268858563
TK001382,-0.630385023370488,1.847004376846564,0,0.44590537422614107
TK001383,-0.795516821725646,1.163404139511596,0,0.2620617704635801
TK001384,-1.3222623860398053,-0.006464129583752162,0,0.3241268160385663
TK001385,0.33682935610949805,-3.0886663639913117,0,0.4261494955296223
TK001386,2.6973267704332455,-0.6536844217964265,0,0.33311580000811947
TK001387,1.5497910600512943,-2.0615147669526848,1,0.7794065632332985
TK001388,-0.9380916937963754,-1.8986198388920499,1,0.495020462834872
TK001389,0.46722156918339997,-1.9125503292467412,0,0.2125293815166457
TK001390,-0.0017275478391802852,0.4163033319133817,0,0.18227225321616133
TK001391,-1.790103842368037,0.7984718807061261,0,0.3545145611729834
TK001392,-1.2408518272710736,0.9343003795292416,0,0.36722215827985943
TK001393,1.6426634620361722,0.5739389520819888,0,0.32723895419778876
TK001394,0.3721249342870515,0.5336099494056975,0,0.19004207210064386
TK001395,-1.2671607563193978,-0.6332043736050827,0,0.22402217103952976
TK001396,1.6943285959051684,0.9881023592930105,0,0.45018731292893416
TK001397,-0.23852024138545314,1.7560200804642867,0,0.24798052689733446
TK001398,0.8527599316094899,-2.5471435025331077,0,0.26136788251545084
TK001399,-0.6654449799544326,-1.3273333361666833,0,0.20613124137547584
TK001400,0.7919770129657607,0.7374266547872668,0,0.16603741200725425
TK001401,0.8379051293908782,-1.7628069244779754,0,0.18864546033920743
TK001402,-0.73509143099768,2.8775690422582283,1,0.5859298223806481
TK001403,1.9831869154554596,-1.9636044877055006,0,0.3935919491307784
TK001404,0.24183233337278856,-0.8518263795283356,0,0.36776222326112074
TK001405,0.9728567348909846,-0.18135661604854994,0,0.09885848071474912
TK001406,-0.05854195188615644,-1.7217182857150635,0,0.27564547356398944
TK001407,-2.531971832358501,0.21053570619550202,0,0.18013392249301924
TK001408,-0.44221907134545674,1.4968897875486584,0,0.2993709465213973
TK001409,-1.5981282030345145,1.4334620012538706,0,0.27303498432911805
TK001410,2.175187903933841,-1.625655538452908,0,0.2727182977370797
TK001411,-0.08368791873013112,1.2643399527264683,0,0.19210738827936402
TK001412,2.6816207192542736,-0.8608061711861614,0,0.42071963998812556
TK001413,1.427062238843404,-1.2626502927484085,0,0.2444890936663848
TK001414,-2.040274266804971,-0.6153404931756423,0,0.38099118025495415
TK001415,-1.3391057362291545,0.28668155861265743,0,0.21235812969416246
TK001416,-1.5693851672896904,0.6794808921917485,0,0.2666275017755928
TK001417,-1.231583849367074,0.8725298807144009,0,0.27123827266152056
TK001418,-2.383849424125335,2.2261665614124406,0,0.4468337136950863
TK001419,0.8473155209887847,0.004175691800540279,0,0.39147204811233083
TK001420,0.5023345723723054,0.5127172840193922,0,0.1990673476614682
TK001421,-1.9788144838019792,1.0225049551520022,0,0.2850853057908298
TK001422,1.8855952993900038,-0.9241587839699671,0,0.18446510854352163
TK001423,-0.3328223140698607,2.289858814578774,0,0.1439069291862411
TK001424,-1.2792311259458846,-1.2499115652599275,0,0.396143617119906
TK001425,0.14238491412276158,-2.183435304055841,0,0.31950784104525115
TK001426,2.5141797475468186,-0.706069059529334,0,0.4357347795209706
TK001427,-1.9273883910952176,0.14055712003683937,0,0.4101188480056485
TK001428,-0.20274065072871567,-1.7469870213964842,0,0.3310838923186658
TK001429,0.1226583617500068,-1.5619747468880045,0,0.39131839345461744
TK001430,-1.5697037340311573,-0.6982153748766096,0,0.14681585166893873
TK001431,-1.247161166558845,2.023103318835671,0,0.30942258498232733
TK001432,-0.3640581549950346,1.0347483389959407,0,0.12135772566116143
TK001433,-0.18479579625181708,-0.3785283375342605,0,0.2085456911514694
TK001434,-1.1504661838349546,1.5869468945723326,0,0.32925555992288735
TK001435,1.6923590040680123,-0.15396849516915329,0,0.1721260030252169
TK001436,0.13844398218246487,-0.39517489488923335,0,0.3116532119676206
TK001437,0.05526240545543039,0.5030619725732179,0,0.3495359726987965
TK001438,-0.19080470040180778,-1.3822349604545705,0,0.4225850168820845
TK001439,1.4240784872891787,0.2819718677494397,0,0.15989762274926264
TK001440,1.2932188965836922,0.3046518746124811,0,0.25324465367486765
TK001441,2.223509143234161,-0.35739151537841135,0,0.3463806454332867
TK001442,-0.7199757899401005,-0.7475469666475347,0,0.1812266217379556
TK001443,2.3037230155959914,-0.8384883731487969,0,0.3387971766351454
TK001444,0.9923623518491945,1.9500215115909034,1,0.4792123963060594
TK001445,0.5269142458011853,-1.0768509568367406,0,0.09705704949975591
TK001446,1.537247904701095,0.3435559454967491,0,0.264545922330097
TK001447,0.5753063151392303,0.5807736610364664,0,0.36097461578412826
TK001448,0.9687235820560486,0.695225653740274,0,0.15137434605493716
TK001449,-0.30993356256435783,2.192080477044295,0,0.23607225660703715
TK001450,-0.5250193757811824,-0.40649325055653257,0,0.18379327251355987
TK001451,0.06592362480268654,-0.008193904250562316,0,0.23514210107135583
TK001452,-1.482219149872996,0.7151221360958194,0,0.1636132061931823
TK001453,-1.3179385051254302,0.03094431610727267,0,0.18679548941970642
TK001454,0.6990597824641432,-1.0428923257727614,0,0.22430985669395184
TK001455,0.10453877313649307,0.1790253771663385,0,0.177167164673356
TK001456,0.895595844645604,-0.35607160993049525,0,0.19905034472242858
TK001457,-1.3440065223044046,1.9664038366880132,0,0.24941639042219815
TK001458,-1.0609480327271912,1.3510787390786847,0,0.275128212360305
TK001459,1.1944776910188293,0.3611300090902096,1,0.4542269011371163
TK001460,-3.247825772739839,-0.009327751226083389,1,0.6178219250503412
TK001461,1.0902115149345701,-3.402533657590952,0,0.33477388491361304
TK001462,1.282069671118437,-1.1399983158256575,0,0.3674791323052941
TK001463,-2.667669710614232,1.2601327648352978,0,0.2866193872462752
TK001464,-1.1369367686876524,-0.5277018253932131,0,0.29429129918174085
TK001465,0.2790832827282671,-1.6663044435694876,0,0.2599498196849282
TK001466,-1.8297246925408326,0.9230136365852631,0,0.1325806256913879
TK001467,1.1523663460761133,-1.4387978168805216,0,0.4163460921350606
TK001468,-0.11985192242244017,-1.5326862983875593,0,0.1575300161853469
TK001469,-0.7343501144583436,0.9892287577437928,0,0.2524021064695039
TK001470,-0.9471578545922817,0.800094647627223,0,0.30863128656451394
TK001471,-0.48138961436198546,-0.9832520812591429,0,0.0695045351276989
TK001472,1.568286300447623,-0.7262045023138786,0,0.3082952593941245
TK001473,-0.29763974356998574,-0.6726741713277613,0,0.39933106621539216
TK001474,0.6279496697526545,1.1460885738728257,0,0.24778612767543332
TK001475,-0.37833349763687146,-1.236590112580424,0,0.141861570800239
TK001476,-0.22866085347065285,1.7350184068976304,0,0.158583566629955
TK001477,1.5713277603438864,0.26048144908705767,0,0.23359167151471782
TK001478,0.8786347181980818,-0.8215381172538184,0,0.2417070180629835
TK001479,-0.4013632034127373,-0.5766784793709486,0,0.376217465125504
TK001480,-2.2497467671265925,0.176962802346873,0,0.29331882481301913
TK001481,-0.8719557406731793,0.24758981679166736,0,0.13891562598662452
TK001482,-0.11250389333320353,0.2552946205897294,0,0.2849951587754744
TK001483,-1.6412509151145023,0.7118498965974978,1,0.5865109884273307
TK001484,0.38670585733315693,-0.5340781483542782,0,0.29393306603899727
TK001485,1.1609749329405266,-2.102934230669258,1,0.44648838395040225
TK001486,1.2682720247542456,0.5580179964663101,0,0.4286128249639648
TK001487,2.3704885672101423,-1.3074828301347399,0,0.31182283445479475
TK001488,7.418674702866598,10.15514659484657,1,0.6635431955462909
TK001489,-1.125974167596754,2.674302600122114,1,0.5216665688859224
TK001490,1.2996033610387743,-0.08117565782356694,1,0.48731763053562505
TK001491,-1.7723371275091777,0.5099754803311031,0,0.120137680804205
TK001492,0.6893803826928527,-2.170289956471202,0,0.36431437494252605
TK001493,0.6378893416270304,0.46372511214719514,0,0.18908931536167706
TK001494,-2.14996648665897,-0.8347591579179251,1,0.6960830066730141
TK001495,-1.8735605451666608,-0.40556228638000197,0,0.295061366256552
TK001496,0.8929115000814974,-0.007959317098880722,0,0.269463917138858
TK001497,0.5963688806167828,-0.2738565867716817,0,0.2443742432902311
TK001498,-1.9924377895881709,0.18109439705565658,0,0.19747944145062477
TK001499,3.017021445638962,-0.6859964872510507,0,0.2843140934309535
TK001500,-0.9136369924891186,0.10966132535454154,0,0.31106351390099113
TK001501,2.4025952688106798,-0.8795403360213924,0,0.2480424194212774
TK001502,1.498594911152369,0.25783230458339346,0,0.2798912727538337
TK001503,-0.22714383898644178,0.3047327664630183,0,0.1173822966743824
TK001504,0.394198044233055,1.4373385443341238,0,0.3899699833846452
TK001505,0.8449218291783556,-1.7103979566934184,0,0.2983462936011261
TK001506,-1.256389267497229,-0.779495306567784,0,0.28286386405083297
TK001507,1.2637068165853123,0.3628329038750546,0,0.466681760276318
TK001508,-0.6376791532056875,1.544075036381381,0,0.3718097515240133
TK001509,-1.4177461576081365,-0.3052123819066933,0,0.14995902381566678
TK001510,-0.8330441983645496,-1.8943158356188838,0,0.30801534965392674
TK001511,-1.7147710663102305,0.7075036366375579,1,0.4491868069532163
TK001512,0.4669042552886257,-1.6690238263744546,0,0.2629698206899055
TK001513,3.157079427963773,-0.6956913068988803,0,0.2400902885183731
TK001514,-1.5387144582058538,-0.2438818636898247,0,0.3493833789434123
TK001515,-2.115726787526271,0.40531455926193394,0,0.31027501755942877
TK001516,1.9417573556407284,0.05758875900241701,1,0.5134848694439158
TK001517,-0.1320593318848394,-0.4016427916066532,0,0.20827458306116176
TK001518,1.3162001267396803,-0.4176659692850042,0,0.21147996249938747
TK001519,-1.2664886383196,1.682799419996704,0,0.23452725923998652
TK001520,-1.8939614407772358,0.6546412810859521,0,0.29271836012097396
TK001521,0.346597793220677,0.4880750695508581,0,0.3146311595849208
TK001522,-2.6541493533141174,0.9627303150860729,0,0.4025243874541728
TK001523,1.2003679703608112,0.45218956950506123,0,0.29642113261748254
TK001524,0.5342294284586355,1.5003252968768899,0,0.18855487575966015
TK001525,-0.5497234310202298,0.4756905122008319,0,0.1909079286642011
TK001526,-0.7931327878748159,0.520632514846271,0,0.13806274678840583
TK001527,-2.5256275836332382,0.687786434418842,0,0.16441159940202538
TK001528,0.1163303898377845,0.9212002673323845,0,0.20749631002932778
TK001529,0.6634129563938862,-0.7791580387568063,0,0.2818825954931058
TK001530,-1.0685745193124172,0.7210990053757603,0,0.26230352906098464
TK001531,2.1635947124673924,-0.7145963658604678,0,0.2889304532754506
TK001532,1.5473731519594323,0.07645098173111281,0,0.42542803177518945
TK001533,1.1368453816511201,-0.30912722919824936,0,0.18424193188812696
TK001534,0.6070944276538276,0.9514130410721477,0,0.23808919125735278
TK001535,-0.8909891291891362,3.043715447859432,1,0.5915752302707447
TK001536,1.1449192702759718,-0.7265348605859697,0,0.38646308980869126
TK001537,1.2438950357941398,-1.016893970869293,0,0.15953909770617303
TK001538,0.1015729407889154,1.7509184545175653,0,0.30057129160382035
TK001539,2.291290265715608,-1.6653633499885254,0,0.22852072351625266
TK001540,1.0092981151908729,0.45596907044147317,0,0.30793105446068825
TK001541,9.436828458962932,10.8243810989939,0,0.4092040295810131
TK001542,-0.5408265458566952,-0.9647332966837227,0,0.2923996121204694
TK001543,-1.4012678811659027,0.8048098984593682,0,0.3539489493554121
TK001544,-0.3340386534177406,-1.1906965900803919,0,0.30696925793465774
TK001545,-0.27179367417895606,0.8263913313700897,0,0.4735904245431851
TK001546,1.6625896975868002,-0.04887938940357904,0,0.33363504736439853
TK001547,0.41058128807813693,0.7458658362209574,0,0.37955777182889755
TK001548,1.8581311961923233,-0.5322538575952536,0,0.4000697861299551
TK001549,0.978127656501838,0.48824000318407457,0,0.244144511239879
TK001550,0.1711056490236714,0.7591605605458868,0,0.17396607261157912
TK001551,-1.2638379062204068,0.3437231932359014,0,0.36397320466720506
TK001552,-0.4717899766597759,-0.6797856530849312,0,0.2948013894344469
TK001553,-0.9049484205755385,0.44927301307504564,0,0.26978602749886527
TK001554,0.606324642014216,-0.20696626295240073,0,0.12075563737479365
TK001555,-2.3718316380216065,-0.5054440225670037,0,0.3787554490111347
TK001556,1.275991482779791,0.6744076196355461,0,0.3279482969505773
TK001557,0.12112803185470651,-0.9222472847260934,0,0.13825183323804463
TK001558,0.12952005777583286,-1.7595441576317032,0,0.35537972598545875
TK001559,-0.6887420787310563,-0.6109953969160751,0,0.3833223261031373
TK001560,0.6346525865697913,-0.9246780914339792,0,0.14735521037656002
TK001561,-3.368107907736912,-0.017464267385692005,0,0.2961512398964884
TK001562,-0.4318260677128525,0.9812052360989674,0,0.23543034769480609
TK001563,-0.5443772274979223,-1.6099867561520766,0,0.26431420997592475
TK001564,-3.1081119052179496,1.0988954737465222,0,0.3571284835082645
TK001565,1.3301266875484616,-1.191642427806454,0,0.30057456659788406
TK001566,-2.154879097114911,0.14259827676738146,1,0.5205869700549987
TK001567,-1.353582983820465,-0.779153995306029,0,0.4037151998363406
TK001568,-0.3764479632890034,1.2089267057509683,0,0.29594771726154245
TK001569,-1.6580153840821679,-0.5745737935769853,0,0.14189878949401685
TK001570,0.8147846033813222,0.868356254135474,0,0.26370331851348405
TK001571,-0.2673167335573004,-0.9109237385766541,0,0.357033177592453
TK001572,-1.346487956728025,-0.7949524242118365,0,0.1442704169263112
TK001573,0.36921211487636457,1.0615684802215577,0,0.37559332380962374
TK001574,1.3200321157253263,0.5622980631853999,0,0.10714563113869945
TK001575,-0.5418095809209206,0.3914149395460117,0,0.12647507034477032
TK001576,0.3737280786402774,-0.02533522333802878,0,0.25618621386820467
TK001577,1.2587546011845383,-0.40053247817299875,0,0.3629220739488347
TK001578,10.445190885781486,12.596206870623757,1,0.5182485467401503
TK001579,2.472211644447931,-1.0852645301397983,0,0.41977193677685826
TK001580,-2.9540026730184104,1.2599707423800701,1,0.44868899156718534
TK001581,-1.4124622903991306,0.20575533446071342,0,0.2165128252005088
TK001582,1.5703731398515481,-0.3654845482358562,1,0.4167510324317408
TK001583,0.7596730913007136,0.9583636215585772,0,0.1977696484622303
TK001584,-1.723024592963196,1.2349236516858644,0,0.18165356610291022
TK001585,-1.5611768038572162,-0.6253355253391604,0,0.16618660906796426
TK001586,-0.7802129356247441,1.6902754778401463,0,0.42000360468509873
TK001587,-0.9250236720000056,2.275208072382677,0,0.3277498925519082
TK001588,-0.7023811656124382,1.1015972954078037,1,0.48212094235242653
TK001589,0.537912053964429,-0.8887281132431715,0,0.289539406913215
TK001590,-0.6915164167671444,0.34105224732936207,0,3.2049456422100774e-10
TK001591,0.10818865213476905,0.486752884851281,0,0.14763882363039157
TK001592,-0.4052387045880582,0.2794175821534395,0,0.3462397647447109
TK001593,0.05576477979153073,-0.40136450894077375,0,0.3769999952759941
TK001594,-0.5426180904783289,-0.5608708245228018,0,0.3580151746312869
TK001595,2.1682869162031695,-0.43702604452612565,0,0.2211506115563734
TK001596,-0.43343155827937835,-0.4737996035292342,0,0.2586691243147601
TK001597,0.9067082512205992,-1.8251821380392925,0,0.26394925106020584
TK001598,1.1098221668431985,-1.117026424617102,0,0.3925121727295987
TK001599,0.863763198956925,-1.216431203618921,0,0.20569310865914317
TK001600,-0.4332565020073256,0.2731434819533704,0,0.3218930341199559
TK001601,-1.4467891753129285,-0.42244784821808595,0,0.17542852240993778
TK001602,0.4076594880343722,-0.9035527510450673,0,0.10385072895607295
TK001603,0.7921571255797133,-1.3881720144972916,0,0.3163847281246866
TK001604,-0.9746074532142988,0.13865518061022508,0,0.15624318282460367
TK001605,-0.04247344269122143,2.0541263114000237,0,0.37426404188776524
TK001606,-0.9153398381705695,1.1410435329408632,0,0.2680036267554261
TK001607,-1.0373055724641753,0.9513261578785754,0,0.31697867944467967
TK001608,0.7353452254885783,0.05264211492920485,0,0.2350137709940564
TK001609,-1.557044397197761,0.9200711094217149,0,0.3051932832967196
TK001610,-1.5842111502674636,0.5998383671744595,0,0.23876512814769704
TK001611,0.23531368107605408,1.2730130541381943,0,0.2604164491256594
TK001612,-1.6338916715692426,3.166673365307073,0,0.2914036326348389
TK001613,1.7887068869246567,-1.6607181756672516,0,0.40949437940592126
TK001614,2.2050220250087347,-0.521923992342038,0,0.41473351172996054
TK001615,-1.5073983479592057,-0.3410108675278153,0,0.16190053092057025
TK001616,-2.8703898925415197,0.9508842394595548,0,0.34760754254293613
TK001617,1.2801508970378654,0.6246896644172097,1,0.4669250275128738
TK001618,-0.2669367493658371,0.29297697404073286,0,0.15929361888269872
TK001619,0.8031351455251762,1.3614644823383797,0,0.2573671706577976
TK001620,-0.9379332668127447,1.9942753093840506,0,0.3640106385494062
TK001621,1.8010482900879379,-0.24770100100386316,0,0.31301666632551195
TK001622,1.5327646770571142,-0.503458565990668,0,0.432015929342834
TK001623,-0.985993644359048,-0.20396120874117188,0,0.21141661807888193
TK001624,-0.7849579257904785,0.7321193620897867,0,0.16672010546063806
TK001625,1.2582655383920371,-0.6936457117748652,0,0.13565502126886228
TK001626,0.20964023966760223,1.0620914679767242,0,0.2725280252165095
TK001627,1.2859688905851974,0.8845172977464199,1,0.4219462761930519
TK001628,-0.04613755598331285,1.4266098861870642,0,0.2955387113415448
TK001629,-2.170980009600684,-0.39756977311878045,0,0.3882002669913074
TK001630,0.9919244238321853,-3.0259976535080875,0,0.2944210590506786
TK001631,-0.1431420889160586,-0.7134642658226715,0,0.2599747153480588
TK001632,1.759685251549565,0.11402745799827375,0,0.28075299504940926
TK001633,-1.040704492405086,0.08332140181018656,0,0.05817600393060493
TK001634,1.1479809614666014,1.109358296496143,0,0.28334205446951233
TK001635,-1.8327411064143,0.44998964303709904,0,0.24226606990393237
TK001636,-0.295736988446109,0.9534861580559068,0,0.24076073962849368
TK001637,1.7902311104102522,0.387845318832334,0,0.2907465386711261
TK001638,2.7493519818837253,-0.040981852929343185,0,0.47475923451432983
TK001639,0.6586544474084934,-0.6298793272342165,0,0.4178867606803956
TK001640,-2.5050812529472206,1.879221578826692,0,0.31116785943929165
TK001641,0.4330923350561096,0.4265366181103506,0,0.23394952911847883
TK001642,-0.4682912952204815,1.646232611756497,0,0.3089022872394142
TK001643,-0.5769938304245595,-0.5541467743322581,0,0.14815750812938888
TK001644,-0.49562995477578425,0.9344704752008175,0,0.33910193033533675
TK001645,0.144134301859218,-1.539830861774686,0,0.37999061185200445
TK001646,1.3173889038035642,-0.27890535717322207,0,0.2595324098262702
TK001647,-0.7629617653293245,2.0680344186654773,0,0.2930851093101351
TK001648,-1.083555221376538,-1.2706856506865936,1,0.5001841689100389
TK001649,-0.5738811751667964,0.04097437305149829,0,0.2492702409971776
TK001650,-1.883196941869025,-0.22927238471542596,0,0.23615334422787224
TK001651,-2.5125130574275407,0.038554051908018395,0,0.3277663720016555
TK001652,3.195757066863211,-1.24438916046875,0,0.40653652624625125
TK001653,0.5663548566606388,0.7357281279104779,0,0.2374603451703801
TK001654,-0.531260473298161,1.7887797860885015,0,0.25568645759733966
TK001655,0.11435243183650215,-0.7668279718406769,0,0.2889761830920331
TK001656,1.9531643935639864,-0.7162615481832024,0,0.15897817568446498
TK001657,-0.014453734455673084,0.3101101043418757,0,0.21090314188432108
TK001658,1.1217632191970939,-0.007491873278120113,0,0.10493893796485035
TK001659,0.054130950916486294,-1.2523182206048038,0,0.18459754222907354
TK001660,-1.0049359026358247,-1.0105559561989566,0,0.2755936824013606
TK001661,0.7111518743425552,0.7041154991754112,0,0.23847220671295277
TK001662,0.2631807445556508,0.2292026704930285,0,0.25969080063321226
TK001663,1.10608067394124,-2.064608322812605,0,0.3428051054392148
TK001664,-0.979505447122864,-1.0322359313571066,0,0.1784858492143913
TK001665,1.844092317857542,0.4448412289493425,0,0.16740881150800452
TK001666,1.1254506780114562,-1.8637982961359403,0,0.24468072243458916
TK001667,-1.5082694774988776,-0.2537546956291202,1,0.5178541180522823
TK001668,1.455893594198021,-0.22349382412077973,0,0.2120079580891726
TK001669,0.4960993244855857,-0.20484127517470463,0,0.15954575773676696
TK001670,1.1833412253396958,-0.6843725665183827,0,0.22227144665300413
TK001671,0.9532598594557938,0.04583864036164058,0,0.33917697250335044
TK001672,1.7908249584709874,2.6878703723100945,1,0.5460890356877667
TK001673,-1.896933051220437,2.324362374941756,0,0.26890169100672084
TK001674,2.088058309671964,-1.0071184959315347,0,0.2899456395687241
TK001675,0.6430405468351581,1.8459235421658045,0,0.4605110801282852
TK001676,-1.0795643508384003,2.2698210713389284,0,0.28609989800686486
TK001677,-1.068242312361176,-0.9995545619004591,0,0.2906833108395696
TK001678,-1.324859371240579,2.3057386666053223,0,0.26813234493052557
TK001679,0.8521585042067381,0.33785521388916745,0,0.26299338209716394
TK001680,-1.521651650879338,-0.4722699029409119,0,0.1630174900571355
TK001681,-1.5691949337724476,2.446817513867113,0,0.30351309582660924
TK001682,1.0923731355032713,-0.5148324753866124,0,0.21426054217268756
TK001683,-0.7851907715224463,-1.4082626675807055,0,0.21134207292432333
TK001684,0.7700287445893116,0.9174410717316096,0,0.33278398383530416
TK001685,0.04909634029229994,1.3025119991477538,0,0.2505257034731899
TK001686,-0.1469414613859471,0.5867915805818948,0,0.20177850517948706
TK001687,-0.6434963273950455,-1.3045773823110771,0,0.233203022618278
TK001688,-1.5802372840321681,1.2260076538112172,0,0.2918036928217531
TK001689,-1.4072777827191354,-0.6799109589017578,1,0.4877518404718658
TK001690,-1.5939376741822087,0.015777703650208467,0,0.3006915664894988
TK001691,1.1126832421019819,0.035294143499725115,0,0.2816040967975581
TK001692,-1.163035313966086,0.48651819542042885,0,0.29648806303960146
TK001693,1.189708622814425,0.9940406260732277,0,0.32750046126770516
TK001694,-2.3853252340835915,-0.4383707981954952,0,0.19412746168202005
TK001695,0.1731179381198442,-1.8254745423676066,0,0.2992552311502728
TK001696,1.3844178697318046,-0.9818729864667645,0,0.23789881800948195
TK001697,1.367317276379525,-2.7496921925326303,0,0.3832758180864189
TK001698,2.092690237345068,-1.3720367835225222,0,0.28942282250748663
TK001699,0.13182150325599298,0.5314736694634045,0,0.44525716171589524
TK001700,-0.14495567998083755,1.6266186539974115,0,0.2291829679092844
TK001701,-0.03713728752891184,0.5890177190441347,0,0.33402343209028795
TK001702,-1.0349637416572808,-0.5684398438076048,0,0.2610162601211266
TK001703,-0.7530393139435562,-1.232273162495699,0,0.268282847695877
TK001704,-0.6440122124230411,1.215152839243079,0,0.2866739624954056
TK001705,-1.3055195749110664,1.70641425520714,1,0.5744586772689053
TK001706,-0.9309371608738571,-0.9378189161320846,0,0.31489934033720995
TK001707,1.5913428229076256,-0.5939209389773122,0,0.2700393781022241
TK001708,-2.356692241632371,1.2652166583952698,0,0.2623236709502283
TK001709,0.19893371913703747,-2.515691313206698,0,0.2157317106991896
TK001710,-0.163168436771231,1.659591631419728,0,0.14022490897355955
TK001711,1.5748030608656647,2.0391902618536544,1,0.4833349819955294
TK001712,2.0318203314542598,-2.6459395703060387,0,0.3696012491123042
TK001713,-2.0033447006228595,1.3762245616440745,0,0.3524145218650865
TK001714,-1.7700649329767488,1.1492734836345355,0,0.1885447425159184
TK001715,-2.0897684037619446,0.4481592034549043,0,0.23682406248593815
TK001716,-0.20237019176045998,0.5692319877347756,0,0.2874889665263656
TK001717,0.7448867174223053,-0.4479306360641589,0,0.307445909804364
TK001718,0.6380305780758722,-0.14991018360873593,0,0.3173618039653264
TK001719,-1.0966313923931823,1.086259396783579,0,0.3439717865734459
TK001720,-0.14190386557428417,1.0640022335123145,0,0.17139085834002823
TK001721,1.3560440213560805,-1.1324943553536444,0,0.37358253385594165
TK001722,2.0844089480726775,-0.037947175348983495,0,0.3022340363796763
TK001723,-2.1561477758294645,-0.39088144795554536,0,0.31078136912224363
TK001724,-1.3742960995186004,-0.36880034283169355,0,0.3223544546363896
TK001725,0.6401963723102491,-1.4209943174824657,0,0.2274335647978203
TK001726,0.003471640810430207,0.795276454379692,0,0.17115297748227318
TK001727,-0.03340628886096187,0.7050054620605003,0,0.1690777989409864
TK001728,-0.6664345625426045,0.061625894977117186,0,0.2954105732360899
TK001729,-0.39670803024685697,0.703941493320529,0,0.1980554266208598
TK001730,-2.0182326740553824,-0.6621794271169054,0,0.26887939260973537
TK001731,0.09519806082493554,0.19826639346893576,0,0.23598227079650994
TK001732,0.6232417005131978,1.1044319407397247,0,0.25542222770389866
TK001733,1.8241892441541272,0.3576250382207632,0,0.3259171945796684
TK001734,-1.6215781523838548,-0.6190974894963807,0,0.2133713862703908
TK001735,-0.8374345988863633,2.1953233404409094,0,0.35026054145356633
TK001736,6.231884131753594,6.577763249226768,0,0.4244228117666311
TK001737,-0.235317942596945,0.7259332193673725,0,0.3635949426492242
TK001738,0.296885657050679,-0.7597620101909064,0,0.1383841936887177
TK001739,0.9137904778143286,-1.6281148510545562,0,0.24698856341293013
TK001740,1.9890022806909304,-0.08614460987689902,0,0.2595709797010366
TK001741,-1.9645337903863842,1.9989877102563123,0,0.2744998166765496
TK001742,-0.469404232197378,-0.8368472096798981,0,0.12315435830546692
TK001743,-1.0872122965322628,0.2631967721622922,1,0.4848264288806985
TK001744,0.004462139329003404,0.04021254114676517,0,0.3227141790773644
TK001745,0.7895815976030133,-0.7340171503777982,0,0.28090520409330527
TK001746,1.0968624231456436,-0.7646451778494657,0,0.3718707443091975
TK001747,-0.13868204547505036,-1.4523032595169503,0,0.15297130504084333
TK001748,-1.424082232846798,-0.23476136804249548,0,0.11584719194311419
TK001749,-1.2756876350397188,-0.1411610780064353,0,0.4477090618528532
TK001750,-0.5514699168124912,-0.4678818736629786,0,0.25627246548775295
TK001751,-0.9556959636480743,-1.0502995223479707,0,0.20930398976593537
TK001752,-0.4620219897460542,0.6642200156072844,0,0.13300562285315898
TK001753,-2.5739271021980468,0.4059136734332229,0,0.39820207721389
TK001754,-0.3921482139351903,0.9127944680619877,0,0.1596357292379069
TK001755,0.020829351171731715,-1.5237421517347176,0,0.38230138735087094
TK001756,1.4198561737864792,-0.3915834359732259,0,0.4197641366154914
TK001757,0.6001586996777575,0.5596283448771625,0,0.44320103080874984
TK001758,-0.5684749941983789,-1.6150740586395076,0,0.44951823684672276
TK001759,-0.8757865113147307,2.297087129185269,0,0.27903549775168995
TK001760,-0.884354503714355,1.8205591326786723,0,0.2032617545216141
TK001761,-0.7778819072979317,0.734529129327013,0,0.37053438436303665
TK001762,-2.21665365951165,-0.1602911750882555,0,0.21465371806556893
TK001763,-1.8949512924287106,-0.3936656803774563,0,0.2693970918025247
TK001764,-0.1315536536501889,1.3870682021375667,0,0.40208477292717404
TK001765,0.3846667218617877,1.561734190801566,0,0.3088286338243088
TK001766,1.40558182670935,0.9491258310432148,1,0.37942349814862797
TK001767,0.5858392023266238,0.7363144364059434,0,0.18557624716865745
TK001768,-2.6847561958246446,0.6736466021332764,0,0.31499498289187183
TK001769,1.0008397466122714,-0.2469817579347103,0,0.21130074035529928
TK001770,-1.365735968553988,-0.24781728807342626,1,0.48582545115279663
TK001771,2.2957947719504266,-1.3920821948956434,0,0.3525224949854123
TK001772,-1.147761349600733,0.5589933101983011,0,0.06476286381221281
TK001773,-0.44326364072795316,1.5656188583756068,0,0.38612824980982574
TK001774,-1.6534552841250376,-0.14228561908599124,0,0.3349805263960389
TK001775,-0.18836260537415397,1.9846170313275273,0,0.30169815400163996
TK001776,0.4661091849836829,-0.1167117671243863,0,0.3058422289381841
TK001777,-0.2642572752367691,-0.6654038471060217,0,0.3136228001473872
TK001778,0.02536013465354063,1.9425218040336265,0,0.3857183552863758
TK001779,-1.9185703239384964,-0.06603749793116204,0,0.262246697840995
TK001780,0.3720502553377888,-0.367472986561667,0,0.4457179798869223
TK001781,1.3803403787672586,1.2181116215763743,0,0.20381479037287753
TK001782,-0.09670737000876053,-2.1228338828214492,0,0.3939107749464039
TK001783,-0.8179683183431291,-1.265752540795662,0,0.27658849287965803
TK001784,0.06209871366183795,1.7088774446687505,0,0.4021851281991883
TK001785,-1.4282255247554414,-1.282279167972908,0,0.3210479623569861
TK001786,-0.5203816717263936,1.8600933877415466,0,0.19941256143795194
TK001787,-0.5236898699834033,0.5435767171266596,0,0.2689060757008305
TK001788,0.3876301609397103,-1.938925561012448,0,0.29091021754253615
TK001789,-1.690023205678119,2.6875369514252263,0,0.3031400598537626
TK001790,0.4569832485092857,-0.1255254134882227,0,0.23142179000938556
TK001791,0.8735505057094413,-1.318769303109706,0,0.18122946419470454
TK001792,-0.012319484428169023,-0.6348110267160838,0,0.17485927514108496
TK001793,0.3535111311120646,-2.1601690109849225,0,0.3689633550487613
TK001794,-0.23120782071505028,-0.8326801277166629,0,0.30569350337288814
TK001795,0.6984964078522025,0.5845992537160937,0,0.2820178279911464
TK001796,1.7641349398447692,0.22384539927940056,0,0.41135258589045165
TK001797,0.6430861446190876,-0.19244468130495454,0,0.3789727007882947
TK001798,1.3239134300977164,-0.6990119521772151,0,0.2345067766482389
TK001799,1.3638976938085734,0.25509215527513557,0,0.2402894499237187
TK001800,0.1808002693239628,-0.04983933080253665,0,0.21437247424857675
TK001801,-2.005548713175231,1.193904967975543,0,0.21423014947065502
TK001802,0.8410958575108325,-0.055329743201785436,0,0.2511218844218307
TK001803,2.266134326544513,0.932766287043542,0,0.42297932178008835
TK001804,3.5383862459759396,-1.0299295618833582,0,0.4523914294964082
TK001805,1.972888057276077,-1.053871610004576,0,0.22215470814631605
TK001806,0.427498322730187,0.6730324937080165,0,0.15508741055768918
TK001807,0.14945739846509296,-0.4832157688605799,0,0.2644102784717225
TK001808,0.42806772750954614,-2.111417258781993,0,0.22301568128182636
TK001809,-0.7856830325900359,0.7509417115770981,0,0.19343417408621266
TK001810,0.32524957973146795,-0.9847146161891182,0,0.15112050549309122
TK001811,2.8772572409722565,-0.7396385733087067,0,0.24732909336823233
TK001812,-0.67393365720076,0.46288110996720294,0,0.3010841249535207
TK001813,0.7792650503296021,-0.4879173540382297,0,0.2518785322430449
TK001814,1.7288230335139898,-0.7801718626573013,0,0.1897488595195947
TK001815,-0.19337476066133488,-2.1752115523669264,0,0.206129543831348
TK001816,-1.2301704955179353,0.9297608240422071,0,0.32797531889712406
TK001817,-0.7684847610751144,0.5976831801428357,0,0.21594511365090288
TK001818,-1.7658523183772714,-1.2560480854694138,0,0.31337480600452217
TK001819,1.4106614820500705,0.23849278402745075,1,0.5451902350543949
TK001820,0.8608707576311212,-1.1553118774885964,0,0.27307771559598887
TK001821,-0.10183736006474794,0.33606606848688425,0,0.2606361444634289
TK001822,2.066786476363633,0.07245708543487447,0,0.4041040347878635
TK001823,-1.0365506051685522,1.2164789736890358,0,0.2384551024546591
TK001824,-1.3528382381111272,-0.7208587387188884,0,0.3122308535395965
TK001825,-2.21500984356402,0.3852661284732251,0,0.38791219816505457
TK001826,-0.943523935242513,-0.1621876647134276,0,0.3046943823000789
TK001827,-0.25850328729164973,-1.893136936977218,0,0.31010181234632717
TK001828,1.0026752529286869,-0.9579064078498956,0,0.21195752723961617
TK001829,1.009752714421824,-2.5335245087820395,1,0.4660989395005189
TK001830,0.8270393630209459,-0.6904165243642609,0,0.4341091243925973
TK001831,0.7327821193472412,-0.5960893810786121,0,0.07498277989328397
TK001832,2.5811502407186575,-1.2716569594867988,0,0.3779848793906732
TK001833,-1.458615372213175,-0.5884220831819034,0,0.25527938059575306
TK001834,0.1571580053707258,1.2374375020602433,0,0.3951339295545
TK001835,-0.258073403053244,-1.0155815258006777,0,0.20476291079758546
TK001836,-1.628822709395145,1.0925541346940346,0,0.2088492913688058
TK001837,-0.5412750879902393,1.7154305623676018,0,0.3289162370588427
TK001838,-1.5190763434545458,1.2013095850814999,0,0.13721289777205667
TK001839,-1.0933984038711495,1.0246461621716676,0,0.3220687294500777
TK001840,0.2196134271083862,-0.4175862816779715,0,0.16908818251029167
TK001841,-0.4571944640482866,0.4521875021424797,0,0.23247764755984054
TK001842,0.2956363069004125,-0.6128418963149466,0,0.1114561471615007
TK001843,0.6030087501107385,0.0631710013890813,0,0.3007324907512099
TK001844,0.43561821879522233,-1.8688268321096217,0,0.36791411286536146
TK001845,-0.8695041940648173,-0.08662949110045905,0,0.31674476380831673
TK001846,-0.2193753560683791,1.5653569068399116,0,0.22219230861158798
TK001847,-0.7881730455666616,0.27881490360946726,0,0.1779212419393196
TK001848,0.13195841738560032,0.0837155641551227,0,0.20733076337660045
TK001849,1.2218344044237663,-0.3286429889991179,0,0.22318153781780575
TK001850,-1.1220995153440636,1.3200609857220598,0,0.293690149867372
TK001851,0.8920942056682333,-1.5470379825964535,0,0.34562764971292015
TK001852,2.250873990135711,-0.10897701847794154,0,0.2684978326419409
TK001853,0.5583116388628332,-1.4279451561514271,0,0.28697661107776673
TK001854,-0.5022592123473696,-1.5031888336880808,0,0.27926847381997044
TK001855,0.47866885771683315,0.7870762355968318,0,0.41905028453617205
TK001856,1.1012362877931636,-0.07644639138226765,0,0.29908650497102507
TK001857,2.6859539847584477,-0.6694851415220161,0,0.2746562515664559
TK001858,-0.9028350275498815,-1.6832915437094824,0,0.4130993709215206
TK001859,1.8442588807840368,-0.06151216244972342,1,0.4951614366950084
TK001860,0.7489151616247495,-1.6980714100116119,0,0.2963981149974266
TK001861,0.4398863314878416,-0.006803707235898123,0,0.313480125292526
TK001862,-0.5977675282722603,-1.3428741565165367,0,0.3128130238535732
TK001863,-1.7658519150399627,3.220115308437779,1,0.4741369804519764
TK001864,0.0017629105639355629,-0.7791451989313726,0,0.28849969341152204
TK001865,-1.2763010239120651,-0.11762959079874685,1,0.5039498832234309
TK001866,-0.30144288301966216,1.4907626435199763,0,0.27736231686583956
TK001867,-2.0272025163059966,-0.22101428108384216,0,0.26105303023048615
TK001868,-2.359132314204166,0.39522950187004,0,0.1454547157445492
TK001869,-0.18748171051222567,-0.9816813159344584,0,0.26545331338070904
TK001870,-0.7136913581389802,0.305536996907136,0,0.08311561640722857
TK001871,-0.4669686440916859,0.9621477347909178,0,0.2449864634437941
TK001872,-0.8137050845592905,-0.4612224375698702,0,0.08063588814365744
TK001873,-1.1924476644048394,-0.49962638130514314,0,0.18415058041754914
TK001874,1.6514821413288567,-0.5341072892511528,0,0.2552925354431049
TK001875,-1.25758384185219,1.313521850663148,0,0.20327137548725333
TK001876,-0.2532608622207048,0.6623300123747993,0,0.2974769676061067
TK001877,-1.9248696070014146,-0.8660749137865097,0,0.2729426876242892
TK001878,2.3608130259819498,0.3542590437857116,0,0.31861006665384406
TK001879,0.536248065395697,-0.3608441962593321,0,0.4500359288666166
TK001880,-1.4873696425699718,-1.5080732936609134,0,0.29963164905062784
TK001881,0.3148216754787733,-2.0458740232618933,0,0.1964941685445214
TK001882,1.3625627122948851,-1.8061976988734667,0,0.2629851427999687
TK001883,2.635237949050007,-0.3895457096631488,0,0.44436969853737757
TK001884,1.2808158010950483,-0.8057827322479837,0,0.2837410860312013
TK001885,-0.6411771917913467,1.6935460195709962,0,0.30924171532438544
TK001886,-0.1109581137145013,2.065303198688056,1,0.40652548707085
TK001887,-1.5754312668884523,1.860688037506941,0,0.36714674364297795
TK001888,-0.7754326992630287,-0.8667315400417018,0,0.32839258071955557
TK001889,-0.31769690607045226,0.5527321070553559,0,0.14372226663405033
TK001890,-1.3286421703852678,-0.796653270308638,0,0.14952129658587823
TK001891,-1.7117315781536042,0.28526711769950713,0,0.4369410326364016
TK001892,-1.7773290894755287,-0.14806027322397497,0,0.271730106142147
TK001893,-2.105433668233966,0.1781760492258485,0,0.325822529128989
TK001894,-2.221892096707429,0.4309111518691206,0,0.2787670151989441
TK001895,-2.192336175005272,1.3882412126578372,1,0.44980214340045455
TK001896,1.5676348423345854,-1.9462178687711593,1,0.5306944524058815
TK001897,-0.1933276704581622,0.16311076157341228,0,0.248777810185831
TK001898,0.06841071560736792,1.1793500025239807,0,0.1796403538536912
TK001899,2.148165981443641,-0.16473472242905832,0,0.45547838261281554
TK001900,-1.2300967856569758,0.1439685437818205,0,0.13155245976116486
TK001901,2.246278287401112,-0.21673049397382985,0,0.24503381784885345
TK001902,0.04572224772193677,-0.7420987376849649,0,0.2235548509019285
TK001903,0.026544612382839613,-1.4829154076416085,0,0.3599870369441066
TK001904,0.31520886068505644,1.214820071970438,0,0.21734288580494934
TK001905,-1.1119763790858654,1.137777221752518,0,0.23309489693657182
TK001906,-0.3713280518040978,0.8262297448484446,0,0.1305439778661172
TK001907,1.2381025803793326,-2.1665465372678776,0,0.31844355114064
TK001908,0.5251054988851418,-1.4547867203677076,0,0.30726881085223584
TK001909,0.47739241159964063,-1.5733993505604487,0,0.09935266654792006
TK001910,-1.1035796474223893,-0.8311454434506672,0,0.18852275149437284
TK001911,0.1495619914875087,-0.46141021970826757,0,0.36920095042054796
TK001912,-1.0777795385199038,0.10005970220425067,0,0.17901718103563197
TK001913,1.1889834369224763,0.050981302973359975,0,0.20247630254128368
TK001914,-0.3035707425165975,-1.29128555920821,0,0.41746743814132314
TK001915,-1.379149132748845,0.728417588603414,0,0.2826161204781155
TK001916,0.6119275572835143,0.8255867699579035,1,0.5387850846466233
TK001917,-0.8062155032060315,0.4294916404131027,0,0.2825865636044221
TK001918,0.16596993283193456,-0.09589245679006371,0,0.0644004375454976
TK001919,-1.3240907683250673,2.9272271171024062,0,0.31124506453804446
TK001920,-1.1294384674890214,-0.9172256283305524,0,0.21719308667619103
TK001921,-1.4125249019746293,1.3413050664636263,0,0.257420571496913
TK001922,-0.7709102134567408,1.4734636403999457,0,0.19993352677822532
TK001923,2.7899334850067943,-0.18641479187388485,1,0.4680083238122218
TK001924,-0.08152665855546327,1.7258800670204881,0,0.1577447495178316
TK001925,-0.47400591297829436,0.5793399803987721,0,0.14652532191105172
TK001926,0.5775485958817946,0.7275393000218099,0,0.16748000611124553
TK001927,-0.1119110943609147,0.0333636757300221,0,0.0836311297041718
TK001928,-0.8392850946634407,1.061074321998066,0,0.14815340813715805
TK001929,1.2320245128587448,0.29864890438951414,0,0.33592455931936294
TK001930,-1.0118424453291508,-1.050988862309797,0,0.1951172900948157
TK001931,-1.600876416947419,0.5132183102806276,0,0.28361142768332404
TK001932,1.201894110817514,-1.1408690005941895,0,0.15916486054706108
TK001933,0.3358595905666102,0.15668748586936798,0,0.2710508820058909
TK001934,0.34261044824163456,-0.5075733930411441,0,0.24134951766847879
TK001935,0.804903446063305,0.7982080831129876,0,0.24241911077776745
TK001936,-1.006872825008127,-0.6874332106086223,0,0.1986278270609308
TK001937,-0.6202304158748799,-0.49581885533624415,0,0.42036174204545623
TK001938,0.4766313800622599,-2.0891033338585063,1,0.5308759621404479
TK001939,0.7344329366204795,-1.9052304007809686,0,0.26916677392843247
TK001940,-1.5230146359867778,0.3525519737022112,0,0.23100177114043896
TK001941,2.305505767459845,0.45206379136432484,0,0.3238862185137232
TK001942,1.2392557248967162,-0.32458026783679905,0,0.32730934749085117
TK001943,-2.5674696578939313,2.1005148765759936,0,0.3942319340615151
TK001944,0.5609472478599915,1.129333839440814,0,0.2587111461295306
TK001945,2.0418541293316794,-0.696612431474226,0,0.27084841370925483
TK001946,0.4953691549644098,-1.6440207903347774,0,0.3082473320038259
TK001947,1.4499427114991985,-2.0779398549820254,0,0.28647394512706964
TK001948,1.138142233507814,-1.8834899886929437,0,0.24052679247124628
TK001949,2.0401657080671005,-0.04296080023527526,0,0.26248775705399596
TK001950,1.520721861262104,0.02866764492363001,0,0.2025685882275303
TK001951,0.07921240687766186,-1.0230778279687052,0,0.3354703053967926
TK001952,-0.7169712454288026,-1.450253206554479,0,0.2769536381133515
TK001953,1.2444599305999215,0.3045630398065847,0,0.33619356773189957
TK001954,2.645007686596102,-1.4624556306703371,1,0.6363540479846562
TK001955,-0.15318573902746432,-0.3701577309896279,0,0.03839116239251737
TK001956,-0.8512282501194284,-1.1228640403083172,1,0.5008609016058165
TK001957,-0.5372507758958458,0.8412860496134235,0,0.20314228753373803
TK001958,-2.550487452767219,0.40369855510060726,1,0.5500228003415331
TK001959,0.9648849159179453,-1.7353062120873062,0,0.43998961585156493
TK001960,-1.3603171904780482,0.23120705479708226,0,0.061811024612865174
TK001961,-1.081246701003056,0.6056239531759828,0,0.33334454476201936
TK001962,-1.2550665170145294,0.24409246395526474,0,0.20593656566705593
TK001963,-0.8968471426062525,1.4059970476182277,1,0.40848002389113525
TK001964,-0.046196492917339946,1.2107438874263412,0,0.18108809547025406
TK001965,1.6431588009988312,0.6094682336793723,0,0.34018955657109723
TK001966,-0.02534092181965331,1.5196815655824507,0,0.2210644371365083
TK001967,0.3818742346100797,-0.7462909249379878,0,0.35920345642044427
TK001968,-0.34164449301465255,-0.4993587502145186,1,0.5250797834356311
TK001969,-1.2992163113082194,0.7699464648808274,0,0.3028416875740584
TK001970,-0.6316083189862318,-1.1222757911192405,0,0.15202255816767166
TK001971,-0.4292803734371899,1.8116642907343987,0,0.29944966251796173
TK001972,-1.7058454437318586,0.3318716028067876,0,0.18736897281171652
TK001973,-2.920203873058083,-0.07109657709957048,1,0.4830729634875097
TK001974,-0.4071546918350926,1.7560562877293109,0,0.3403490561583692
TK001975,-0.6219480189130983,-0.782347304248133,0,0.2185455700150231
TK001976,-2.311919847906594,1.7376085222411966,1,0.456846823645831
TK001977,-0.19258005912544018,-1.45718912537287,0,0.2942342611594104
TK001978,-1.2072789861998277,-1.0422382862168087,0,0.31112604291555
TK001979,0.41487726260186836,-0.6457972193206085,1,0.5115278206189167
TK001980,0.9075725161877687,-0.621457769908343,0,0.4652245356450894
TK001981,2.6259658415900837,-0.05351458239459187,0,0.30759895540094984
TK001982,-0.05113825356328429,-1.2374023110446444,0,0.1621191066006119
TK001983,2.4102979356668692,0.37099398920267357,0,0.18170701137374962
TK001984,2.2167433401353738,-0.8505384621246846,0,0.3062926972030845
TK001985,-1.3265531206279209,-0.8547448186100559,0,0.4026859006951355
TK001986,-0.1411231770826156,-1.4736108835669208,1,0.49580015010158873
TK001987,0.30515366694405743,0.7378166733816103,0,0.15493126256353396
TK001988,-0.0027332781135716378,2.833430356905445,0,0.34689711066018125
TK001989,-1.2879392585810678,1.4504750549966927,0,0.17127789556211523
TK001990,-1.978066833219627,0.5781872982875257,0,0.19996746457156242
TK001991,-0.8389419934533753,1.4436168309542055,0,0.34970060719891966
TK001992,2.1137267058457,0.13734140663880556,0,0.2811937027246442
TK001993,-0.6419319546477292,0.3466474358355589,0,0.20460867247988032
TK001994,-2.386641971057094,0.7162323984128837,0,0.40826717234564047
TK001995,1.3457929439727445,-1.8638362675633535,0,0.16550074323692454
TK001996,1.207888797296045,-1.4960750434552479,0,0.26753969378007636
TK001997,-0.5358625848420042,-0.6564690699409973,0,0.24069673783375822
TK001998,1.0337229215133947,-2.0481433015050508,0,0.42683009636718333
TK001999,-0.7353617719965845,-0.12346990918638115,0,0.40645205537401224
TK002000,0.543686745990066,-0.7306616775831195,0,0.22012401624317612
TK002001,-0.9085147957106651,2.1434998100144913,1,0.4940496127622646
TK002002,2.154928273318423,0.001829194245409265,0,0.1600295525239508
TK002003,-0.9504669383956067,-0.8908904164731491,0,0.24007364081461302
TK002004,0.1264467388091414,-1.1038297055917174,0,0.27932246931648974
TK002005,1.4480738486758293,-0.47879269920434087,0,0.2557404958940107
TK002006,0.14248684910329246,0.8788602754395519,0,0.32883293407072617
TK002007,-0.7326522367231046,-1.2226316795964465,0,0.21311411980289766
TK002008,2.035122117663926,-1.0146802653667633,0,0.3022983972425648
TK002009,-1.2334487708961526,-0.41019439786913814,1,0.5340389010494856
TK002010,-0.007874064494930484,1.187877731516157,0,0.2218065049590766
TK002011,1.6840198439927845,-1.5386406452629076,0,0.1967248885710774
TK002012,-1.022141112031356,0.587464130855369,0,0.16901311165060806
TK002013,0.13521011664617408,-2.073895096249813,0,0.371581026246216
TK002014,-0.8169744923146528,0.5633534090897545,0,0.1779953347482054
TK002015,-1.3069161574269692,0.809573538651739,0,0.19993094136899134
TK002016,-1.9893905273812427,2.8410122638391897,1,0.46740644375998786
TK002017,-1.1099250533192628,2.643338923804481,0,0.42105136146806155
TK002018,-0.30931060341117816,-0.3394280892756148,0,0.17602139377210804
TK002019,1.3802431851667563,-1.2075540590769254,0,0.1411682921547418
TK002020,-1.4021240565393231,-0.33060395874251197,0,0.25235616389033977
TK002021,1.0358018224009289,-0.9387833626766441,0,0.23582022195532515
TK002022,0.5635065815553714,-1.081963044032125,0,0.37902990517221036
TK002023,-0.8978296932131411,1.6258523228134552,0,0.21169526657736493
TK002024,0.8035550939217949,1.5867990001911327,0,0.3643121982509381
TK002025,0.5480142896918246,-0.40687335201776004,0,0.2259816935571694
TK002026,-0.9646295582405919,-1.4723079918419975,0,0.3735758500089399
TK002027,1.6772759504337211,0.33953510114112945,0,0.11177765149752851
TK002028,0.7873420262915758,-0.8715125281582703,0,0.18394597997501594
TK002029,0.33882921299891394,0.6943187730058179,0,0.08060023404775825
TK002030,-0.3845316244720837,-0.2293787236121807,0,0.3729451979045707
TK002031,0.5426939388762189,-2.6342861815510323,0,0.2619406207896611
TK002032,-1.94696480878271,-0.5460476232289753,0,0.3086156436931283
TK002033,0.6306339166892276,0.5714627192441952,0,0.1371769157520185
TK002034,2.6331237643414345,0.018002993486536622,0,0.33893217056048563
TK002035,0.6131714586328453,-0.8684551656283419,0,0.24598763458525852
TK002036,0.49041147009431424,-0.12986256351900763,0,0.31325263104832707
TK002037,-1.520101317872175,0.16636859342887383,0,0.3031534295678901
TK002038,0.6837650953663442,0.6107528441392234,0,0.2125468868168709
TK002039,-1.1878349108269652,0.01066993616117847,0,0.29916526703575497
TK002040,-2.063877566030092,-0.4300802661891933,0,0.32436215517839107
TK002041,-2.2538653123090557,-0.12971876593966952,0,0.3696816781142654
TK002042,0.9559362674521721,0.8193248211067078,0,0.42555452855825776
TK002043,0.6422849774281904,0.20503737169071407,0,0.1445025714232005
TK002044,0.43811974618137234,-1.913469718418554,0,0.17459496559222984
TK002045,5.96355157364496,5.181838249551657,1,0.5205969749886382
TK002046,-0.9848621279748508,0.9403402037054729,0,0.28426074477229524
TK002047,-1.0155485451268462,1.4707049136137622,0,0.3093057236238743
TK002048,-0.42609586989635795,0.3624500793225624,0,0.16308753979805493
TK002049,-2.970970951073025,1.0407736279677449,0,0.32868078270894996
TK002050,-1.9299468261371604,0.04545110150640267,0,0.36838918763471473
TK002051,0.8336488934171369,-1.0337279374797042,0,0.4258639857584424
TK002052,-1.7151898650543216,0.6250878147632223,0,0.3443154089630942
TK002053,-1.4368237821936536,0.6288111572058201,0,0.399800520155976
TK002054,0.15926665527270217,-0.4395422609915298,0,0.274728546967947
TK002055,-1.4688755754045255,1.7934998122650094,0,0.20540680462444946
TK002056,1.6998490082290934,0.6438922575792896,0,0.2727882365210696
TK002057,2.1300049168352175,0.28600090831934327,0,0.23314172579201603
TK002058,0.06960482083661634,-0.4000739784959259,0,0.25569341120594435
TK002059,0.9879746175387534,-1.892213550833326,0,0.26329726990931024
TK002060,1.0184591182624192,-0.4301829877898933,0,0.1233800314679018
TK002061,0.9572868161023843,0.08967022183943191,0,0.22569097135398541
TK002062,0.7965219631287794,1.0528069455073725,0,0.2890393320972562
TK002063,-0.40213369584861164,-0.6982922915120859,0,0.2507854887576589
TK002064,1.9120702793203823,-1.443658537814846,0,0.3214758140514869
TK002065,0.29218610817723145,-0.6128305232949868,0,0.2064251622343709
TK002066,-2.3703064540321,1.2485987394926448,0,0.4606125976187341
TK002067,-0.9922929888774684,-0.6176276809267539,0,0.07325147285024942
TK002068,-0.47284845073259646,0.5175790637907315,0,0.13925071486319854
TK002069,-0.39017277895825625,-1.1314367184393264,0,0.46239760006227654
TK002070,-1.3819134476129598,-0.4050597429832252,0,0.30088510251297595
TK002071,2.745947766413672,-0.8304304150918488,0,0.29962353452595597
TK002072,0.2806693756592096,0.10931182988887674,0,0.32080798726375986
TK002073,-0.9287865627917514,1.370960862580143,0,0.2432395611616001
TK002074,0.09587441348313924,-0.2638256487485857,0,0.22401863893586052
TK002075,1.4543435567396799,0.1820756737620825,0,0.19652280252845694
TK002076,-0.3087582716865209,1.6087988649522758,0,0.4084480541510931
TK002077,0.8613824757445877,-0.46256032727127117,0,0.3087131762586871
TK002078,-1.5805398485086093,-0.40216040379253,0,0.22396971494753173
TK002079,-2.9281656975929984,0.25044249349790854,0,0.45175416806793445
TK002080,1.3963681175015563,-1.6264337069888228,0,0.287663306729501
TK002081,0.8712095048381957,-2.619422438472557,0,0.37757831823474813
TK002082,0.5821706121917816,-1.7227129963624785,0,0.37824417257654874
TK002083,-0.5181936255716048,2.045828966201073,0,0.37070976603004696
TK002084,0.6416909586298536,-2.081367156480937,0,0.2263959633577079
TK002085,-1.541831147785748,-0.9858177593386188,0,0.41724561616632616
TK002086,-2.1334015115632283,1.4897031793135331,0,0.23729786759682137
TK002087,1.3479709252287588,-0.6176825304814654,0,0.26404898523181997
TK002088,-1.6592996072919692,0.2874363713676508,0,0.4666734295617647
TK002089,0.8402747361142519,-0.372713860896504,0,0.20913990582922215
TK002090,-1.9416016314124764,0.3830559955320248,1,0.4636779394710104
TK002091,1.6252351433074794,-0.4605957979302058,0,0.2664541101427923
TK002092,-1.010042967923819,1.269629847483943,0,0.37556348923779004
TK002093,1.1811824344349358,-0.5038694880154722,1,0.7809194013077957
TK002094,-1.734461608892149,0.31832335830194974,0,0.1851369291060976
TK002095,-1.6542443047527982,0.5808218545764222,0,0.24211605886310364
TK002096,-0.7684118122629959,0.23170192540399467,0,0.27117546237879886
TK002097,0.15320608457088075,2.8343516290642348,1,0.49067020476626555
TK002098,2.8620172981400502,-0.615040773826814,0,0.26331672186097155
TK002099,-0.9359847258081515,0.6075220737339256,0,0.22479531200888425
TK002100,-2.3523989811744315,0.41423132489667963,0,0.13729217640962016
TK002101,1.100951753676207,-1.3364821495595318,0,0.3142577698665797
TK002102,-1.0381107163122822,1.1872959001858003,0,0.29745513459028655
TK002103,0.735074016474808,1.6876962219409493,0,0.357407280476301
TK002104,1.7091867000683492,-1.6784325604754886,0,0.4254768434906757
TK002105,-0.22500330171220437,-1.948009090232723,0,0.27036285738648946
TK002106,-0.15896677831554593,0.7496139609221686,0,0.11841245776735287
TK002107,2.629414290574257,0.45183565861031033,1,0.5051402590154823
TK002108,-0.3146119819502203,0.143125679596355,0,0.19822334056824367
TK002109,2.6632252699715213,-0.6599290201651498,0,0.2936449058814949
TK002110,1.022159201730329,1.1071841961640507,0,0.26428097998533395
TK002111,-0.2738349586555209,-2.2260720152435756,0,0.18256877555480674
TK002112,1.2825604516880293,-0.1310163763384222,0,0.1802324767435076
TK002113,0.7484843934843503,-0.6536270945593882,0,0.2874735216394918
TK002114,-0.8691263310512325,2.033616391002662,0,0.2223052275612315
TK002115,-1.4466906854704067,0.27505472945399734,1,0.47011809760733686
TK002116,-0.0833161669200867,1.8747646625759777,0,0.2733950323365566
TK002117,0.3748035319253456,-0.33231442914705916,0,0.15957614975022785
TK002118,1.0484537898368513,-2.0710606388458004,0,0.43784150545784195
TK002119,-2.0833429787584583,0.5825507559294855,0,0.30803313688466316
TK002120,-0.11550918007066602,-1.012080585381722,0,0.12081997854208953
TK002121,-0.6776768854233702,-1.3211955692542068,0,0.20450322660715176
TK002122,-1.506223279234229,-0.3489608357575599,0,0.2000297631692353
TK002123,-0.17310660829193775,-0.48186961328972155,0,0.13859794768628217
TK002124,-1.3263126524573545,0.18403481434309016,0,0.2816368903694952
TK002125,2.750670339547995,-1.6513088779669058,1,0.5698173725782665
TK002126,1.475675953005309,-2.000091885137749,0,0.24179630740598823
TK002127,2.296516020365878,0.2594511995535134,0,0.4070672156571391
TK002128,-0.5575235874635787,0.07847018999787451,0,0.028599879274716952
TK002129,0.5135460936844393,0.47208399930894324,0,0.3524766018357821
TK002130,2.806242386447715,0.3069252010824901,0,0.4051144115817469
TK002131,-1.2184917138275593,1.216195083565399,0,0.1647360739879544
TK002132,1.4616600759072877,0.6129663862217953,0,0.43719558755148136
TK002133,0.33977286034373466,-0.0010916474159156156,0,0.14868583139074038
TK002134,-0.5727707389671913,0.6901955173319707,0,0.1687669695332106
TK002135,0.5539667567637052,-0.031424080973814814,0,0.07607641785764878
TK002136,1.4057264621583287,-0.25243470488352426,0,0.261059303276685
TK002137,-1.3718012286957204,-0.16955516981919497,0,0.20574424452945017
TK002138,-1.7843752442872771,1.1978446320502447,0,0.3218088479880477
TK002139,-2.0857002156380373,0.37879031201319163,0,0.12592957303949245
TK002140,0.02621009153828844,-1.9427152684803604,0,0.12656530792790363
TK002141,0.32355417586578955,-2.3719501538602663,0,0.35071403919061894
TK002142,-1.1492393982068148,0.6598119804874653,1,0.4591885262292567
TK002143,-1.5752491033616616,0.6808614905384259,0,0.22869146435623314
TK002144,7.424267258952613,4.113190891673584,0,0.4182906609242513
TK002145,1.6016343839427432,-2.0239050332463915,0,0.2328072528344451
TK002146,0.6843966521730416,-1.311582564535103,0,0.18461458000120964
TK002147,-0.02117487627991517,-1.0881106755558225,1,0.4370166610569162
TK002148,0.3171794328077308,-0.5471366678573837,0,0.2821039506365912
TK002149,2.5229552172279135,-1.3915961552655163,0,0.3851533503587557
TK002150,-0.24411572519638364,0.6889895089225822,0,0.17706927741125772
TK002151,2.092427616928338,-1.2017168368475064,0,0.3261920795337798
TK002152,-1.024132145582244,0.34645431215923733,0,0.32448356239857795
TK002153,7.538836717709048,7.285006947645488,1,0.4444969187989184
TK002154,-1.3428784689180437,-0.6989482889551167,0,0.34820848532125187
TK002155,-0.7194301948139183,-0.17069503495652158,0,0.32775761763929734
TK002156,1.4721699390824112,0.31787414805940767,0,0.23116895471921672
TK002157,-0.47822846155103993,-0.7094704001314714,0,0.14202590314112873
TK002158,0.2991463513949969,0.3457247110450528,0,0.21320658160085093
TK002159,1.6367780765730167,0.5175065026212203,1,0.4672988128455925
TK002160,1.870651349050355,0.10978216056292157,0,0.28557124406150025
TK002161,-0.9895727479824449,-0.35268551711538165,0,0.04768321516346766
TK002162,1.5688128408220436,-1.2952881510051089,0,0.2809777034071248
TK002163,0.3405648586472643,-1.7120808917600174,0,0.1452807661770247
TK002164,1.5259330280320704,0.007616563637472339,0,0.2882184438175621
TK002165,1.9518419572696641,1.3086260072638425,0,0.4568714709405262
TK002166,-1.593570827176119,0.23685519814330783,0,0.24542076992465786
TK002167,2.0431303340129126,0.11188357866146346,0,0.31439678882007704
TK002168,-0.13548906746319012,-0.8458511395013818,0,0.11491673621150778
TK002169,0.47256462229592305,0.0002803528268683353,0,0.2127650228011665
TK002170,0.11708897437559034,-0.09484388947251199,0,0.2513800717816483
TK002171,-1.1126090362004664,0.9578020540055776,0,0.3015458945989934
TK002172,-0.7005107885328175,0.44923527392288837,1,0.4960335753162953
TK002173,-1.3123458822642409,2.271236093866786,0,0.23665027084007914
TK002174,0.31450599002821045,-0.36064675920893124,0,0.10925372174623665
TK002175,-0.6455651655804852,0.7362010163151791,0,0.23414561870521028
TK002176,1.2388678607618804,-0.8239138934537692,0,0.22874562100044007
TK002177,-2.214423903929668,1.2607466585072746,1,0.5499015791484995
TK002178,-0.8780107276876561,1.3165619957727113,0,0.24366295173507369
TK002179,-0.7716181349654538,-0.6180616238663033,0,0.1773447784299721
TK002180,-0.6033414217045462,1.4415784254623307,0,0.3522058927492806
TK002181,0.8773821952329101,0.5775097512540984,0,0.16850554106496582
TK002182,0.5769250163500479,-1.3539668302336252,0,0.3366665072896489
TK002183,-0.2700137866067234,0.9978280085800509,0,0.3229108084498251
TK002184,0.04870968094125625,-1.333807257694565,0,0.17892781528161056
TK002185,0.14056945554361247,-1.752143069260578,0,0.36687984884221425
TK002186,0.7709035968841778,1.1684386709244128,0,0.27517320801749834
TK002187,-1.0686238723155448,0.9942869455617415,0,0.2138578847335216
TK002188,-1.7895821364664393,-0.35468948910322795,0,0.17941245155075586
TK002189,0.29588534796267757,1.7678279073823444,0,0.3588312628712373
TK002190,-1.9997857858610515,0.42029614045174196,0,0.357405110014064
TK002191,-1.7013232372366334,0.3487502962996016,0,0.23315323016099912
TK002192,-1.2741197962129442,0.03649031118355469,0,0.20030850023014962
TK002193,-0.24582337952745814,-0.32302869400455825,0,0.247277853463171
TK002194,0.4782288428809221,-0.6754363452689082,0,0.12763103703479492
TK002195,1.1198148916408204,0.06648224360908031,0,0.24770835596267124
TK002196,-0.604663415225602,-0.26666970694842684,0,0.4062387641718813
TK002197,-0.2870106761072979,1.3211753729120244,0,0.4623727727745653
TK002198,-0.9299792014303592,-0.06917827091131917,0,0.14294559179899796
TK002199,0.6363137441131212,-1.633261590786115,0,0.20630566014221907
TK002200,-1.1205837314946738,-0.4315620267416886,0,0.1597462698982825
TK002201,-2.2659267476141127,-0.028444506632866868,0,0.4274380387084097
TK002202,-0.19823481091530545,-0.5434197056328157,0,0.22297601309952425
TK002203,0.48071934642740916,-0.5029862450392331,0,0.31731543858109157
TK002204,1.0292883023198476,-1.7540336247641717,0,0.3158796765578107
TK002205,-0.9720764121087844,-0.11749758139780372,0,0.33920650011560627
TK002206,-1.4970782754052163,1.4328553089312965,0,0.44382506700282365
TK002207,-0.2697257513748993,-0.39099518925681,0,0.24580675592236834
TK002208,0.6072230925986741,1.6439544921532356,0,0.3358407687491447
TK002209,0.5083540143703589,-0.43082060587866633,0,0.2296400731884801
TK002210,0.07070643791699793,-0.38879344543014926,0,0.32539989940042163
TK002211,1.3781738878146446,0.6531863799502244,0,0.29683511818582886
TK002212,-1.0171775308500932,-0.8184808451828144,0,0.15901525477275447
TK002213,-1.2022495715722223,0.1783092682484536,0,0.2735097833329902
TK002214,-0.4923287577722626,0.979372265930887,0,0.20332448702802552
TK002215,-1.736624181693098,-0.8377895858349836,0,0.2404461711449621
TK002216,3.370641306116519,-1.0367809477865308,0,0.4512154243110149
TK002217,1.245497622335748,-0.5201951368279629,0,0.44984100961390444
TK002218,0.4552061439627569,0.3471209800640661,0,0.30988384796476315
TK002219,-1.3153033624947617,-0.6542810505106068,0,0.21623584865799006
TK002220,1.1692613168446875,0.9862418720453674,0,0.15713938997998056
TK002221,0.1128034226474551,1.0095294574738933,0,0.22677529307226518
TK002222,-0.4390409451137901,0.47716486619007603,0,0.22985668572750498
TK002223,-2.8605942559730604,-0.10731988390542137,1,0.5014399900029881
TK002224,-2.514079291402874,0.5684684438376846,0,0.31484396040948354
TK002225,-0.55872563535635,0.46869958440481024,0,0.1509880240110274
TK002226,-0.7081477621043591,1.6026114462095558,0,0.35497930499364666
TK002227,-3.07915716851145,0.5856070188121797,0,0.34086717818130097
TK002228,-0.16616649905981498,-1.6396368643353567,0,0.19421002070951718
TK002229,0.7565511614898824,-1.7254374138351287,0,0.3371564043267089
TK002230,0.9253789023069059,-1.5635743391627637,0,0.17358183943206743
TK002231,1.5454966972261912,-0.5858444597277538,0,0.12624841801785905
TK002232,0.63460047330154,0.40997389376991505,0,0.3860549905304447
TK002233,1.9045822793044902,-2.2389249707131924,0,0.3350817536642055
TK002234,-1.6117476603988046,0.2251450886228273,0,0.26184367248691337
TK002235,0.53239620074446,-0.8618436536147577,0,0.21177824921907953
TK002236,0.22518943280362025,-0.5072219303725811,0,0.20931669497870417
TK002237,1.861851673552712,-0.15778702371473055,0,0.24847208784119762
TK002238,0.9438637909414446,-1.5288048228042166,0,0.22634771862456035
TK002239,-1.5194804999996399,0.8417971344960429,0,0.3620155595451075
TK002240,-0.07350148652616137,-0.07392256171313778,0,0.16824562839181856
TK002241,1.389887250132126,-3.3494664568305796,0,0.2906927249143759
TK002242,-1.4747706994350556,1.6142601804665546,0,0.2215361018050095
TK002243,1.275052888436236,-0.07767382681036608,0,0.25049663076345735
TK002244,-0.39203165940661827,-0.09166971891453282,0,0.34175112041916256
TK002245,1.9573846963084907,-0.4508880303724088,0,0.3167849748768688
TK002246,-1.3546331306540482,-0.38843720823532174,1,0.44282233473641297
TK002247,-2.1150827716855627,0.27261517736590085,0,0.44042600836130413
TK002248,1.1908240761829874,-1.7284534751736236,0,0.3267287985681071
TK002249,1.1309743403579913,-0.6106370479501596,0,0.3263536727714004
TK002250,-0.042561837940758636,1.2714012746539087,0,0.3120423711335622
TK002251,-0.5943326874976544,-0.18823263707305288,0,0.11006589180160868
TK002252,1.7468728785643213,-0.14130715787811976,0,0.384458859639414
TK002253,1.882497304592515,-0.015709045474200985,0,0.4014809206491206
TK002254,0.7562245513689307,1.524596290703386,0,0.30252974302231644
TK002255,-2.440186521015559,0.8302993907418968,0,0.40314627382525275
TK002256,-0.13942431629526147,-1.5762675955946182,0,0.22196170066915066
TK002257,-0.6869623382765405,-0.8186406904316721,0,0.22387587874077777
TK002258,0.385895116422265,-0.2797023455061309,0,0.21246097628489846
TK002259,-0.43190704077006054,-1.4600584683253046,0,0.3665723493091761
TK002260,-2.8298275026643602,0.7130972033588975,1,0.5298174553206043
TK002261,-2.449083306807767,-0.3218868493737951,0,0.3442567096473599
TK002262,2.3150948837244725,-0.2676801633936494,0,0.15200383185512278
TK002263,-0.6423430684607196,0.037619686893047614,0,0.23121668002164888
TK002264,-0.6364440798056875,-1.182164524152242,0,0.2339154578615048
TK002265,-0.12349491575058293,-1.5659355367981358,0,0.1880379205285087
TK002266,-0.03458274758253448,-0.18408782522171543,1,0.4690542898088029
TK002267,-0.4752382136161983,1.4638383927049872,0,0.16400581808868747
TK002268,2.1389355996484354,-0.9192202257970009,0,0.31365168157875223
TK002269,-1.8503596003550369,-0.21294741167142026,0,0.17760269738655846
TK002270,0.45113130514118577,0.9898260530686765,0,0.20499221862082345
TK002271,-0.2642299496785843,-1.9880566846688001,0,0.33050679024797347
TK002272,1.1283382360164997,-2.9282063609068443,0,0.4537895745662273
TK002273,-0.15625598118054676,1.1574127919105133,0,0.32191839556916424
TK002274,-1.5473222506207052,-0.3816350934108844,0,0.4007949942669487
TK002275,-0.8236336951546346,1.3442849783295712,0,0.2340006665888242
TK002276,0.1302576834818493,0.9832414853646745,0,0.24113675392310951
TK002277,-0.09194498349091296,-1.8206936221087442,0,0.22526434854075114
TK002278,0.3553319892815726,-1.098746768908605,0,0.22837326241933034
TK002279,-0.6599877372309682,-1.4810535732366497,0,0.30900235767233664
TK002280,1.0249146086311938,0.2296701572622396,0,0.28574757886754926
TK002281,0.817300862242315,-0.23540732347197452,0,0.09686129159868895
TK002282,-0.437205939550899,-1.0549801874115023,0,0.2818633735292682
TK002283,0.4143017436968013,-0.8665878911482052,0,0.282968944591873
TK002284,0.5665315225278684,-1.268625671709433,0,0.200216797432981
TK002285,-0.01573060834021834,0.7753886509790696,0,0.18687715105888394
TK002286,0.8305330130692663,0.5391350722703688,0,0.2456653306033892
TK002287,0.8643596710186864,-0.3099345548852761,0,0.34960798647846386
TK002288,-0.32418192310378957,0.3270280484744241,0,0.09193571613458137
TK002289,1.235329033254169,-1.1795000806980627,0,0.39459779916366844
TK002290,2.1128509979413854,-0.24372416835274952,0,0.25543199581563025
TK002291,1.006842914244055,-0.6838291329306575,0,0.24873441384736553
TK002292,-1.516303528451981,0.2316903034806697,0,0.10056843348058186
TK002293,-2.2635937449747265,-0.47223267154992876,0,0.21952902339087368
TK002294,-1.5114791120138453,-0.10986296785339329,0,0.1788783707604607
TK002295,-0.6248804385907303,0.5527964615084887,0,0.47407764202376856
TK002296,-2.0588672861379305,1.0474273106480656,1,0.46070152997111014
TK002297,2.532597940402983,-0.4187219181049854,0,0.36478253324698445
TK002298,0.5509439021390102,-1.5944413611042683,0,0.3224321223122104
TK002299,2.250661040944227,-1.9629553521495184,0,0.353711601546288
TK002300,-2.3199770627344214,0.6706732330324966,0,0.2542493667497268
TK002301,-0.5008662683778671,2.2772821985306457,0,0.26339116475181973
TK002302,-0.10779534841695368,1.2116220701361635,0,0.19986628721317662
TK002303,-1.5122876387529915,0.762962608092358,0,0.23342420410460218
TK002304,0.8701177168171835,0.6335692668959713,1,0.4489322706479712
TK002305,0.66798629373107,1.3179846349471238,0,0.3132938261391824
TK002306,0.39110834906867803,0.26753309903761396,0,0.233997945657594
TK002307,1.983644562514817,0.5513372249163696,0,0.36261492762452474
TK002308,0.784456092044711,0.40571963995944405,0,0.17122078885272668
TK002309,0.5841652238806411,0.28975740175070636,0,0.3544037691080352
TK002310,0.2656148091918319,1.7379671866052842,0,0.3459258635111689
TK002311,-1.9897976578575634,-0.36750619088456093,0,0.3403239137993239
TK002312,-1.8605831154369548,0.26226368916733467,0,0.3893767963704898
TK002313,-0.03729639045805446,-0.8816486673167871,0,0.29056478399652486
TK002314,0.6449309167976897,1.2937106335841042,0,0.3815114412444488
TK002315,-0.42247267775183983,-0.3300308894338124,0,0.3174492739688747
TK002316,2.4088805710208536,-1.2717117590949523,0,0.29363433933847144
TK002317,-1.3109386418573656,0.8675313539545795,0,0.35044523312343423
TK002318,1.0199640561604197,-2.3104785910608596,0,0.2703671609864898
TK002319,-2.4815608996518255,-0.28977408423411644,0,0.3637723013183575
TK002320,0.5522604484553651,0.24025204254475746,0,0.17960061063222682
TK002321,-0.5697098910685878,1.034314344807313,0,0.25018250162836225
TK002322,1.8594856154765196,-0.6352922417298177,0,0.3783918410704947
TK002323,-0.05487266274536009,-0.9148980469295506,0,0.3285441175056922
TK002324,0.3480202936778255,-1.2853371975640377,0,0.29079283174998316
TK002325,-1.8923236000826538,-0.02873249824917678,0,0.15522664661364066
TK002326,1.9125688720359453,-0.8010719694160405,0,0.2912764074116442
TK002327,-0.6851235425049409,0.5674415624995122,0,0.23300760903538076
TK002328,0.17580978607228354,1.2702078365749245,0,0.1641481703295282
TK002329,0.8310985528810345,-0.24385489128463667,1,0.45130730427805466
TK002330,0.9104676285554374,0.7210731895743709,0,0.23769980922880152
TK002331,0.0849964320845388,-1.531862804900424,0,0.39316234050013255
TK002332,-1.76120322000711,0.8978024378802915,0,0.226958226100032
TK002333,0.6525395525933402,1.7519598063395636,1,0.4978798337463922
TK002334,0.2731352056987792,0.9308158308448758,0,0.23108803827328106
TK002335,1.2926648919091337,0.8091698816374092,0,0.24947698157152992
TK002336,-2.2600183105217186,-0.2069192291824504,0,0.33492627703078076
TK002337,0.23642974385158308,0.5995780005134083,0,0.21912461263285557
TK002338,2.0448869320243532,0.22953662158321622,0,0.3751008860860176
TK002339,0.2810211261883156,1.0891308778557958,0,0.15442135557747638
TK002340,-0.7285371337619576,0.5857033901621737,0,0.15120860369214728
TK002341,-0.1674158725769262,-1.535505923080502,0,0.32339383238429487
TK002342,0.5325723335470106,0.6628480286193021,0,0.34823550446410884
TK002343,0.6619461919977203,1.3608539570247313,1,0.5190036933172313
TK002344,0.37880120505368875,1.2338581473841623,0,0.09318455140000356
TK002345,-2.037467909704845,0.00665216210661233,0,0.34017095402151215
TK002346,0.06691116066723371,1.651220188181592,0,0.3369831088859154
TK002347,-1.027687961069901,0.7780113983654244,0,0.19552329126434087
TK002348,1.704512697007187,-1.6329901859592817,0,0.2868653384840006
TK002349,0.153796391432441,-0.7805272947420151,0,0.45566835829484803
TK002350,-1.3862820386263315,1.3989261261772854,0,0.33420031395445005
TK002351,-1.4721260065405783,-0.5920446562599244,0,0.14305500228749476
TK002352,-1.6884168902352332,0.8303891753806191,0,0.3493496288121772
TK002353,1.335397503481325,0.11803493274155882,0,0.4080712598864591
TK002354,-2.065712914762292,-0.222793886588763,0,0.1507072138803712
TK002355,-1.5551100875512973,1.4937260411370146,0,0.21514952811307547
TK002356,1.518133922799651,0.6069740894557552,0,0.18044807199397045
TK002357,-1.9388022846495951,2.2104849769573756,0,0.18284624799818774
TK002358,0.8042479969689722,-1.0456966451118965,0,0.1881895057618046
TK002359,0.16335128422460676,1.2533200567690428,0,0.13348287886731533
TK002360,2.343347619789788,0.4191115906346094,0,0.31431877087973625
TK002361,0.8368129557406133,0.6130013367548595,0,0.22205984665563047
TK002362,0.05564611454496479,1.4895019079250646,0,0.34704546237195066
TK002363,-0.05099509124417639,-1.132335594112797,0,0.20193845201353913
TK002364,2.635642443196471,0.12250952718748041,1,0.5471695721670604
TK002365,-0.23407973954603314,0.48103828796263703,0,0.1195726677969855
TK002366,-0.2558363680359908,-1.646717315422781,0,0.2190071191583161
TK002367,1.9689240255699971,0.674861885703066,0,0.3484270234850944
TK002368,1.4198609452750441,0.10151305461518893,0,0.18346834753131291
TK002369,-1.0646237264735459,-1.8400502790147488,0,0.23284946967680692
TK002370,2.088809393987087,-1.581287939426421,1,0.5741635302497627
TK002371,0.9801269423264054,-2.1951413649721756,0,0.35831626063726446
TK002372,-1.0691239163555237,-0.316356814492028,0,0.31237103030911667
TK002373,-0.7938562691402604,1.053933103330109,0,0.21924056959762997
TK002374,-0.5447443161334558,0.05466665409127238,0,0.23359330136229317
TK002375,-0.37043185710154347,-1.2375560238380536,0,0.30468949131841133
TK002376,-0.31142636468915946,-0.25721739349692097,0,0.09130825423115335
TK002377,0.981040198124904,0.7873093046376503,0,0.36749894728538013
TK002378,1.6046192206406618,-1.185615341326081,0,0.19944265789186533
TK002379,-0.3289199436513412,0.7740337709789668,0,0.3292076510341482
TK002380,2.190444693527774,-1.8889466578401648,0,0.28378600772374074
TK002381,-0.980479573968636,-0.8646651492645255,0,0.28932171345170515
TK002382,0.5763741376035326,-0.5945294120036713,0,0.21474401349166083
TK002383,-0.3262544942026106,-0.01434623159841546,1,0.4368350191781154
TK002384,1.437082207541175,-1.872898478961647,0,0.4085404507272937
TK002385,0.5644723280987735,-1.8874793483177175,0,0.1253903134928406
TK002386,1.71657091066191,-0.643010729164103,1,0.48953764962527296
TK002387,-2.3171023697976825,0.11237910989809315,0,0.22206043531151953
TK002388,-0.7763412899022083,-0.7996623600207338,0,0.2880381080913085
TK002389,0.9488945847442981,0.016078234504711148,0,0.26274777256383985
TK002390,-0.3048244711932579,0.47670361852776044,0,0.09475735963136271
TK002391,-0.27226552268620485,0.9703956642409827,0,0.33756330511835586
TK002392,0.7172754447512553,-0.7239457930712765,0,0.12523622822510405
TK002393,-2.193816377505641,1.1494361286752846,1,0.5342535142822378
TK002394,0.29806177777488413,-0.5481848133152557,0,0.19470517844976712
TK002395,1.1178528630792,-1.254941929911727,0,0.39124354752808704
TK002396,-1.6205144455316753,-0.4766731224883848,0,0.22912058066811536
TK002397,-0.9140028403747792,0.5237143019789928,0,0.2429471847051878
TK002398,0.22456043448924112,-0.04198270256976172,0,0.13364432274123966
TK002399,-0.26770306879207223,-0.9696816648151086,0,0.1942327647828469
TK002400,-0.2288402570101043,-0.9484482757601244,0,0.1925189609604647
TK002401,1.3239610336575596,0.3095746329516361,0,0.2590512087911123
TK002402,-1.1885458996503342,-0.6857440720246449,0,0.2578305647100194
TK002403,1.748491936787063,0.5784157387910716,0,0.28449061922703456
TK002404,1.0129396597216922,1.232312078110134,0,0.3993322440537728
TK002405,-0.6277453970511135,0.0724704539799768,0,0.2627152366603278
TK002406,-0.5709751329614181,-1.463133300234025,0,0.1292599684764299
TK002407,1.6059774393314628,-0.5676505353085154,0,0.3087826457462998
TK002408,0.4052936979142199,1.9552967106929042,1,0.7159403682820618
TK002409,-1.594171142607629,0.1539904769045283,0,0.1356145383968455
TK002410,-2.407791928172874,1.4318098174559781,0,0.37120560441878914
TK002411,-2.0386279816751967,-0.28459083143216124,0,0.2695561578618618
TK002412,-1.4545566405528518,0.12211367899170521,0,0.09340080533301108
TK002413,-0.4334618509748822,0.5721232472316822,0,0.13350926461895923
TK002414,-0.5462812749542143,0.16489367807892988,0,0.20438672085229515
TK002415,-0.3809252846049518,1.329989462318954,0,0.09214775445282831
TK002416,-0.9943298679910942,1.7986052250418925,0,0.20723203351279443
TK002417,0.5902484300808484,1.1555939707067286,0,0.2663486631500709
TK002418,-2.7688724145377304,0.4619911178059662,0,0.3231304165568965
TK002419,0.3451208968065526,-0.5293570428253536,0,0.35483937376561336
TK002420,0.49840125764524773,1.3862381720636927,0,0.4056967142800864
TK002421,-2.4672436632111254,1.3483215705260063,0,0.2621421156753922
TK002422,0.32212229843216483,-0.4156362582468177,0,0.20656539381156633
TK002423,0.08735792995578218,-0.08450444636943656,0,0.2925602874096618
TK002424,1.7053756157723394,-0.09804282569895374,0,0.30298074936758534
TK002425,-1.6692636017059046,0.9018081640351292,0,0.2445337587182945
TK002426,0.6599632471614273,-2.581890235902162,1,0.5451209772234601
TK002427,0.8994017430599506,-0.20579451469563156,0,0.38364989428748103
TK002428,1.8141549416847802,0.1267850705744739,0,0.3354730573755076
TK002429,0.5441344092074156,0.9647977076983058,0,0.11887625100506762
TK002430,0.17351046873699597,-1.4208936336976938,0,0.21121488023585347
TK002431,-0.04634119558409924,0.12193597562238077,0,0.30994857864137926
TK002432,0.5695589813690787,1.3785536173403863,0,0.25092177048659836
TK002433,0.3903428835647705,-2.0694734702893305,0,0.3734582219755177
TK002434,1.7083862603557158,0.6729839940110028,0,0.23281587916018298
TK002435,-2.953823769043187,0.8665796643763,0,0.3731186808784363
TK002436,-2.016105933348301,1.6553432192476427,0,0.41725318538120937
TK002437,1.5823367307979401,-0.10250576167637912,0,0.12299691467271445
TK002438,0.21184667853037353,-0.999544223084587,0,0.16963912437574782
TK002439,1.0370660048434965,-1.9152317663757534,0,0.33871314595922997
TK002440,0.5857979276095747,-0.3422850748518019,0,0.09157025749290287
TK002441,-1.2780531395846984,-0.1188782340023465,0,0.3170744658071576
TK002442,2.282028886345445,0.11671930012856889,0,0.4027146167465511
TK002443,1.3358277188218481,0.9338948394445806,0,0.2539809950037587
TK002444,0.9363937040444448,-1.4845996349713182,0,0.08519472675762511
TK002445,0.2858757948814109,-2.232027752279005,0,0.15037902454497415
TK002446,-0.7324153904530999,0.4382544896847095,1,0.46076533830176064
TK002447,0.6196988168563488,-0.6829878516651734,0,0.2529062996876383
TK002448,-1.8142532888029412,1.548297168262566,1,0.4470197896088186
TK002449,-2.598151954260727,0.4547990247543325,0,0.40327685748622855
TK002450,-0.39056201286564546,0.8156571739773536,0,0.14449259475578455
TK002451,-0.3802127152750185,0.5266471233766159,0,0.13198319657185828
TK002452,-0.1072673524903194,-1.6241477238334108,0,0.25347721887259267
TK002453,-2.2173130076656546,2.635152705043429,1,0.4668819814264602
TK002454,-1.1132566162216946,-0.643374919516561,0,0.19468368262351746
TK002455,2.6219969263998255,1.0959049584338196,0,0.4524400413098908
TK002456,1.1084946928050232,-2.4331154953900445,0,0.3509921400440094
TK002457,-0.9087160756635221,-0.4007734745647559,0,0.16386597774407985
TK002458,1.3307031900082242,-0.8832769115778895,0,0.2877490011659478
TK002459,0.49274067331579213,-0.699219308895643,0,0.3795445256225344
TK002460,3.0425945551690368,-0.37152221675050867,1,0.5423125201474976
TK002461,-1.3477010028966168,-1.422432612371034,0,0.35544505071906035
TK002462,0.4920486017671506,-0.004942234504048425,0,0.27430551429629363
TK002463,0.5781574949368206,0.16188496833121932,0,0.3543406160032463
TK002464,-1.146150744969835,-1.4706532673035662,0,0.327757408601259
TK002465,-1.71865232729031,-0.20570043057687823,0,0.23075818783406193
TK002466,-1.8246031769200028,-0.7358219769901528,0,0.2926916974842205
TK002467,-1.1740666583466375,-0.0286633163165382,0,0.3712150379219359
TK002468,-1.9965033115912834,0.04042303216300725,0,0.2833054376063245
TK002469,2.5967825875050083,-0.47926506376645694,0,0.25870442039756997
TK002470,-0.6618763170612976,0.10868703229337513,0,0.3035014474169081
TK002471,-0.665601753000364,1.7266174530040443,0,0.13659490236567878
TK002472,-2.363517400338857,0.696631594954232,0,0.2048318003735838
TK002473,0.8479229350314396,-0.026719316783527364,0,0.10064290642857243
TK002474,1.9655044848418695,-0.9313019921355342,1,0.5049758300354191
TK002475,0.8717379488867115,-1.9294451579434129,0,0.2743632160781487
TK002476,0.8139703013871954,0.5679616616510955,0,0.1654775880047896
TK002477,1.013424268601535,-1.9984411213667987,0,0.1843308628656321
TK002478,-2.287918722614075,0.0019476594994845518,0,0.27714504529518924
TK002479,-1.3929357662471298,-0.14723195257201704,0,0.16626902556450396
TK002480,-0.37000690578969797,-1.0698947115747852,0,0.2348300421292246
TK002481,-0.08071347603341202,-1.8595970963845803,0,0.3220032424645986
TK002482,1.3191555371843389,-0.33643155155782406,0,0.2138897168981284
TK002483,-2.082595059195433,-0.39830848640066396,0,0.33862395251960586
TK002484,-1.2746261661971243,2.3271144243388746,0,0.36397161371575126
TK002485,-0.8752585205422143,-0.5455081590154295,0,0.26891050642657255
TK002486,-1.489116039410332,0.8859846131102684,1,0.4971402442276258
TK002487,-1.2021271033725724,-0.43466435526192476,0,0.2896496483781581
TK002488,-1.076409132924197,1.3095167320179573,0,0.18515969610693234
TK002489,2.7527816495164097,-1.630403217404919,0,0.3771730408131791
TK002490,1.1301061088269093,0.8464838136950482,0,0.38525688019051385
TK002491,0.2971353248033059,-1.7792304249143618,0,0.22129464056219028
TK002492,0.09929618393621734,0.25344083745747753,0,0.1621325449841218
TK002493,-2.0493004346482655,2.1096255637499675,0,0.2493143192786273
TK002494,1.3972004889897205,-0.645742205127421,0,0.26064597311921
TK002495,2.2332353797749676,-0.5923551902235105,0,0.4639640540218791
TK002496,-1.3762166480556524,-0.21336890276037943,0,0.29487540583576916
TK002497,-1.2605115022330324,1.2573682910989845,0,0.13583282707722197
TK002498,2.310044949218871,-0.5848417635861782,0,0.2680288751950859
TK002499,-0.5408078934733175,-0.20659623422882725,0,0.23771856280681783
TK002500,-1.2206218492625274,2.3527721203327623,0,0.23043134137979096
TK002501,-0.5505614048681621,1.1066177323534108,0,0.1562442200309792
TK002502,-1.7689386134677927,0.5528010993804182,0,0.3470547704390632
TK002503,-0.6565044301716979,0.7816186508299549,0,0.2148998780499922
TK002504,-0.19754041892143812,0.944876036952227,1,0.6062848097098705
TK002505,1.255781342538191,-1.0166677806971545,0,0.22852907880319998
TK002506,-1.5211091141197461,1.757659061409307,0,0.2672642437291484
TK002507,0.9358780319111493,-0.2349024412410195,0,0.24245666212558392
TK002508,-1.297474420807064,0.44347761420438886,0,0.21975237839931414
TK002509,-0.38793926834784914,0.6233878020774483,0,0.26058904167798597
TK002510,-0.6305174303092967,0.3236501314930824,0,0.2655070814408578
TK002511,-1.3800403770698226,0.24052995582590997,0,0.4131301843037255
TK002512,0.6162139019933632,-1.6827228392820988,0,0.4360510699548523
TK002513,-1.1075893773508523,1.8275614885387568,0,0.22818936707579213
TK002514,-0.6230259461695229,-0.7268721251393693,0,0.2025432708601492
TK002515,-1.2343889812954798,-0.15472140199690715,0,0.2444670513276733
TK002516,-2.3945623648894294,-0.5109220277589194,0,0.46749827373996883
TK002517,0.5317188112848412,-0.012126620888057733,0,0.11093893297967757
TK002518,-1.9068467819483303,0.3001094720848246,0,0.21433359929010848
TK002519,1.0068146768117592,0.8172672620629484,0,0.23058455314357346
TK002520,1.0375929597849998,0.1243999406316862,0,0.12601786208948748
TK002521,8.286426948661193,7.91083125304144,1,0.4769057095678273
TK002522,0.774621915003179,0.9618454513649678,0,0.11274955422139607
TK002523,-0.3104448712602656,2.064792362780108,0,0.3938851891188194
TK002524,-1.967845920880926,-0.2597569469067752,0,0.30970954443617693
TK002525,0.8939354588060413,0.7423758847608617,1,0.45661547581863876
TK002526,0.46138913251905106,-0.5796104339170374,0,0.2214168593677187
TK002527,0.26642788385985056,-1.00613589021847,0,0.3955543559169275
TK002528,1.2842912510181101,0.04355105832975903,0,0.3874990247782233
TK002529,0.38000796078464955,-1.319598458513087,0,0.31087476158632227
TK002530,5.357471866788315,1.6739675524293554,1,0.7380978539298044
TK002531,0.9447236048722958,0.3487404739201411,0,0.47481732439504687
TK002532,-3.027833034881393,0.12235852657721545,0,0.3129225323128845
TK002533,-0.5529914796545684,0.9617227550904878,0,0.4352846897615162
TK002534,-0.13139005945115112,1.0682092128854297,0,0.3757793657261262
TK002535,-0.375304885084723,-0.9174796297218308,0,0.32579902169598857
TK002536,-1.0031243344871905,1.4993050923690463,0,0.14958086528752856
TK002537,-0.8098782117690283,0.2938907275949979,0,0.21768494771765587
TK002538,-0.8095791892692331,0.06347493356836394,1,0.5946030534064237
TK002539,-2.653796154431837,0.6258232157486617,0,0.37841812799656066
TK002540,2.3798189440613284,-0.1444463677042678,0,0.3873861133574842
TK002541,0.36081057822580703,-0.8887856508933273,0,0.1546135210799179
TK002542,-1.0350791998814681,0.1938755206024661,0,0.24969128316578723
TK002543,1.275538787485835,-0.23386032233867488,0,0.2664477484734658
TK002544,-0.6390879237360231,0.03362211422715392,0,0.1744627113582845
TK002545,1.2154378996287518,1.2868155111404982,0,0.3881415142733317
TK002546,-1.0565214601677726,-0.8820274293030187,0,0.30920153483289925
TK002547,-0.9679106476948715,-0.03595241938297387,0,0.21385055834514471
TK002548,-0.68763055262911,-0.41053285141622103,0,0.15389399158625994
TK002549,1.5544666725549905,-1.3838684329278006,0,0.33100305380525386
TK002550,-0.4016268808679508,-0.15494975923200047,1,0.3736749023978273
TK002551,8.734399908649952,7.447468031901661,1,0.5204108000140553
TK002552,-0.5869908728900155,0.11531217087269312,0,0.13427370721716014
TK002553,1.423502984491486,-0.1845643416393306,0,0.20466964866140977
TK002554,-1.5302423028252365,-0.7810117827175956,0,0.15192251216396002
TK002555,-0.9285747278924058,1.4616574134859532,0,0.25808976278002604
TK002556,-0.28593937589121293,1.5109747022050646,1,0.4963221341853649
TK002557,-0.6086362043027264,-0.6067150729202176,0,0.2984300476076549
TK002558,-0.6754478153882856,0.7155154029001849,0,0.26838657463435045
TK002559,-0.815174200793859,0.6920155024471711,0,0.27685842389258264
TK002560,0.7351958794729939,-1.4578539772567225,0,0.24296194020269202
TK002561,-0.7266450173149941,-0.3774087902714466,0,0.2799944314444365
TK002562,1.1979068007073164,-1.9525835762675225,0,0.21916539780035355
TK002563,-2.036385434805585,-0.7952855850025824,0,0.38814416933842133
TK002564,0.7542736988851835,-0.8639638516203438,0,0.20735216957372257
TK002565,1.6489513376705158,-1.8655759564147063,0,0.34682405971367536
TK002566,0.8237299552483027,0.12407268351895924,0,0.22799233421659637
TK002567,1.4222659778482063,-0.46730446611014154,0,0.2737630377677688
TK002568,-0.48210633887815313,-1.4785919372005607,0,0.2556968639478544
TK002569,0.2267380938361682,-1.4291259116969002,0,0.2520243054553725
TK002570,-1.6629773038475688,-0.14343624282930795,0,0.21055732340625727
TK002571,-1.4553634849196864,0.942895689362463,1,0.49375853945675974
TK002572,2.465689356955525,-1.1983308798711243,0,0.4230699615803486
TK002573,-0.2131826474023589,-1.2494262421422782,0,0.2867509733919429
TK002574,-0.19873619873614687,-0.1565088532960312,0,0.28449829747052996
TK002575,0.1447311546302759,-0.8013390042409315,0,0.3414071159777739
TK002576,-2.2890071391643674,0.8543937065624544,0,0.18776432228185316
TK002577,2.0857038626551603,0.25767146115089795,0,0.22467251462717283
TK002578,-0.9317342372147676,-1.2831568250792267,0,0.1557584899570174
TK002579,-0.9955266890980184,1.7154106181894393,1,0.4994716358156175
TK002580,-1.7491393830467645,0.8422172675388504,1,0.5376512169947784
TK002581,-2.1108865981432623,0.6340362938283146,0,0.181067019870188
TK002582,2.172166728964601,-1.974933436744321,0,0.26681922820453063
TK002583,0.32401967618153654,0.4498950312714554,0,0.27688488245782705
TK002584,-0.8885129415507546,1.1831979591505322,0,0.22623308993050836
TK002585,-1.2377256675798163,-0.7106540008297276,0,0.2535626217482402
TK002586,-0.21826640097114994,-1.8880506747366534,0,0.22669769841198112
TK002587,-1.2036824205521295,0.8058583903844939,0,0.19566740298716037
TK002588,-1.2133151469297792,1.6848465824402548,0,0.3912249437609544
TK002589,0.5253274446724496,0.4937862160098339,0,0.23775636537547257
TK002590,-0.9902108725581833,0.46363745466975453,0,0.3897952329799811
TK002591,-0.1034212409204038,-0.9599225628585084,0,0.268251535059104
TK002592,1.1329310417341267,0.6828326925560019,0,0.26195790787434053
TK002593,-0.18183231735156843,1.4980725949828149,0,0.19247093360369014
TK002594,2.34796301678646,-0.42278166489545993,0,0.36764665173617955
TK002595,-0.4030348527583421,-2.0580497822369392,0,0.3260312369652426
TK002596,-0.1143277920008629,1.347378751819245,0,0.22121985340439576
TK002597,-0.8201638841555601,-1.476368723298167,0,0.34876707604657226
TK002598,0.9146868843156842,-0.8413859187951148,0,0.1948789735267579
TK002599,-2.5167799395776314,0.6260490569959143,0,0.3073444588179192
TK002600,-0.8659310211026883,-0.24684256791626796,0,0.13134849884048233
TK002601,-0.12031630374132625,-1.087408923602129,0,0.24776545938798492
TK002602,2.2081266454269324,-1.028049295022719,0,0.4686586767963773
TK002603,0.6451871053747862,0.7942123952758634,0,0.19364345278043643
TK002604,0.7978908700127518,-2.068363713545772,0,0.4297280757417262
TK002605,-0.8530719133699756,0.9288171576495321,0,0.2133386478931717
TK002606,-1.118764547489144,-0.15709362033773416,0,0.26180210578216967
TK002607,0.8171040432006341,0.014389219283085015,0,0.3012343151156822
TK002608,2.3570012048217084,-0.48784195814491715,0,0.35465062883094167
TK002609,0.7358197848248221,0.43997350317242045,0,0.3676996800800444
TK002610,1.3453694018322582,-0.13448923486041744,0,0.28499676474993846
TK002611,2.4752094778446105,-0.2332842927371759,0,0.2702186442958411
TK002612,1.119951354364354,-0.18396403870285488,0,0.16600063075342944
TK002613,2.2359238773175734,-0.18617207913810516,0,0.2856328462887842
TK002614,-0.056375371263878205,-0.8875315794892059,0,0.15924006072982333
TK002615,0.9143505376157726,-0.8457462479650417,0,0.1595786042226364
TK002616,-0.07221605882235149,-0.5474278909214418,0,0.1954367835656865
TK002617,1.1430616470993233,-1.8482740037727279,0,0.2213140906585926
TK002618,-1.5770282206541866,2.379400414024508,0,0.1926202220309689
TK002619,1.1592795770898967,-1.6055618631812925,0,0.2722879258196002
TK002620,-1.7616751475474226,-0.7959483572616413,0,0.30903340117863476
TK002621,1.4410644299063389,-0.7528151096020472,0,0.4288696933094252
TK002622,-0.6534464085591498,-0.7391190293752044,0,0.39381031992925575
TK002623,-1.416624338447904,1.194521201905884,0,0.21780196451729267
TK002624,2.536613690882761,-0.9444153355228162,0,0.4354289715967546
TK002625,-2.222466080191589,0.8976808651019254,0,0.304004124427368
TK002626,0.3092029229261946,0.666955075002942,0,0.30638068637013727
TK002627,-1.6851449771057434,-0.29672653074611116,1,0.475202061873487
TK002628,0.14887131908948492,0.645857261168164,0,0.11553822790436824
TK002629,0.46064367713679705,0.7754777093054903,0,0.24125683056709796
TK002630,-0.07685453673193202,-0.2985856214039664,0,0.1132947063448797
TK002631,-2.173419132311147,1.7295659674569774,0,0.35617387350054064
TK002632,-0.42164222923001077,1.4770152326014638,0,0.28703429804515257
TK002633,-2.521902081429823,0.024297841061341745,0,0.29640232219960083
TK002634,0.7701287830666591,-0.15583534328146137,0,0.2868721183847939
TK002635,-0.5237637920102145,1.0816809173697575,0,0.17757115782848687
TK002636,-0.0056421215696190186,-0.0015917365387073563,0,0.13202695526177105
TK002637,1.0168126157548432,-1.248849291543461,0,0.24518880375727484
TK002638,-1.445466597106311,0.024007508649581948,0,0.39466930735269135
TK002639,0.5664636255796532,-1.6847933792818166,0,0.2808172955690622
TK002640,-1.2991625649234522,0.08402314327447158,0,0.21702620712423434
TK002641,2.710868334628888,-0.5619103999405348,0,0.4314867413717483
TK002642,-1.101597031429953,0.691547173555627,0,0.25544942353328765
TK002643,0.6784767830525955,-1.7199752771701498,0,0.23936261309277757
TK002644,1.1546524555267523,-0.49886071727737497,0,0.2012616441527051
TK002645,-1.4060979918439527,-0.8089504184754475,0,0.049709347903202944
TK002646,0.20164966331126347,0.19735918295316024,0,0.2191724741832108
TK002647,-1.014856225615546,0.7562669649628996,0,0.29145459709689187
TK002648,-3.0940916737067514,-0.09442112550976439,0,0.33808471369686
TK002649,-1.9579909955938892,-0.22661057664066817,0,0.2628477916012306
TK002650,1.6369973616780857,0.4822985521696689,0,0.2200655088423285
TK002651,-0.26819187329478406,1.0033657540704608,0,0.12188716814382591
TK002652,0.8125598091960768,0.011755271013369782,0,0.2778979472245638
TK002653,-0.037603128688407234,-1.0838325350037257,0,0.2635532882045011
TK002654,-0.04437648113425283,-2.296304842479722,0,0.21008405231976357
TK002655,-0.7696862130127909,0.6846814750325134,0,0.10641842333522371
TK002656,0.5529425431540329,0.3975776265670862,0,0.13756343967760623
TK002657,0.8585442596565513,-0.08017962120949657,0,0.3086046647182681
TK002658,1.910554567033254,-1.5423403361094794,0,0.35301249669912116
TK002659,-1.3491379464341369,-0.6814615512340438,0,0.31258380008734643
TK002660,1.1828606763463088,-1.8717307771411067,0,0.11485068641492727
TK002661,0.35865010638647066,0.5565483526122293,0,0.1639699749016957
TK002662,0.71706981908734,0.08816268615346858,0,0.05537903126784015
TK002663,-2.010484191841716,1.588369315084684,0,0.38981108394434766
TK002664,-0.008179479029319491,1.1633406583792798,0,0.15852574641194742
TK002665,0.7155361740625932,-0.10391678176794028,0,0.322696623957479
TK002666,-0.13764318867617972,0.9886248599507601,0,0.2124908474262635
TK002667,-1.093844784583117,1.6260107707466684,0,0.3146197616734052
TK002668,-1.5645911572418167,1.095711211959036,0,0.2853691218594915
TK002669,0.42774935240455014,-0.943670236636031,0,0.23625859739564947
TK002670,-0.5636609876197359,0.202113649738132,0,0.24810724104345216
TK002671,0.3554100270166796,0.8227683040927757,0,0.3330768516634877
TK002672,1.033707031871868,0.18028377746334684,0,0.17573311408403502
TK002673,1.5047838129672322,-1.047184742643114,0,0.2883852908053023
TK002674,0.4204103031238259,-1.2804276734825728,0,0.1107671998775066
TK002675,-0.2035173022740569,-1.713056962222331,0,0.386019696983824
TK002676,-2.834419063463413,0.7005845417150833,0,0.4084023363795784
TK002677,0.15814473249451588,-0.273509679792939,0,0.3162708036147795
TK002678,0.8446658828435287,-2.436390999579441,0,0.23049800431526618
TK002679,-2.0309064371491523,0.6020443808695838,0,0.26732913068630026
TK002680,-1.2562619776169428,1.3233646391913778,0,0.2628975148961385
TK002681,0.4082940826968646,-0.7375143735844446,0,0.24490925160927507
TK002682,-0.1671380576422714,0.9760292385875605,0,0.19358957315529335
TK002683,1.6600910138755502,-0.6870251849101302,0,0.309817449359656
TK002684,0.11511498888113969,0.9818269450961029,0,0.26255646460364096
TK002685,0.1252356257665803,1.3843830009508338,0,0.12081625745704724
TK002686,2.149772627226049,-0.02209023280447957,0,0.2104002369781719
TK002687,-0.1621531236899569,0.8441484014465485,0,0.15311794243792146
TK002688,-0.8491463332434129,0.8046220560486552,0,0.29744083867080395
TK002689,0.5471374736444503,0.9094037815496073,0,0.15852899756603314
TK002690,1.0504717730595852,0.6167469506170967,0,0.20150373821263504
TK002691,-0.055294459085303886,-0.335532296806408,0,0.19090414569776526
TK002692,-0.3204120760217879,0.2593862047520044,0,0.24551306956397953
TK002693,-1.6979828009672,1.2611148924735498,0,0.2727466731400279
TK002694,-0.35773948300206954,0.555423348342692,0,0.3195578159806592
TK002695,-0.017093149904327136,-0.4418472370887276,0,0.3921215030118598
TK002696,-1.0305147887581443,0.6289741337156466,0,0.2708540956171143
TK002697,-0.050574894142690896,-0.7099538891113584,0,0.190487341176491
TK002698,-0.17984533630250443,-0.07029750125826913,0,0.23694448904095658
TK002699,-0.6869846848353508,0.5976563019981229,0,0.1351252587267388
TK002700,-0.08595005999274297,0.48082833339175834,0,0.19736831621746095
TK002701,1.1075762105405842,0.14402076729826777,1,0.4914814154403544
TK002702,0.8240380291968272,-2.151040139341498,0,0.23414052592861698
TK002703,-1.1964785192803766,1.5403110637511834,0,0.28154592082940233
TK002704,-1.873906725365909,0.5471527321533173,0,0.21483146563786748
TK002705,0.7340805664240281,0.5554385431244778,0,0.29500179183109315
TK002706,0.2851624541470803,-0.5187567608396113,0,0.2782433415956469
TK002707,-0.9684407881840426,1.1154273062521498,0,0.3678370248776042
TK002708,-0.230279656349421,0.5251623805870226,0,0.19747485770391693
TK002709,-0.30947443758985876,0.5739881006891119,0,0.1553614783234912
TK002710,-0.4064513088764688,1.5179778067391092,0,0.2505874285291425
TK002711,0.5092499202444901,1.199054795787766,0,0.27824987281892305
TK002712,0.5664576773354806,1.0188359110413592,0,0.18908551266096849
TK002713,-0.6093799595637555,0.7904025055302788,0,0.32373925721148544
TK002714,-1.4568195863885223,-1.1224306829132833,0,0.2820301638955938
TK002715,0.7962245354861823,-2.6432721800992924,0,0.2765545681498687
TK002716,-1.0199352113520033,-1.1669879976056856,0,0.23467364892217443
TK002717,-0.5944947963888726,0.5121710292351646,0,0.19729272294580033
TK002718,2.068001896983144,0.019304800656504063,0,0.4133495640554671
TK002719,-1.4410045650679575,1.0376361088190709,0,0.28321704749060966
TK002720,-0.38607101605796984,0.9284018534929359,0,0.2584069803061082
TK002721,-2.1881210485110274,0.03964426522142168,1,0.6244633685901022
TK002722,1.4595809748017463,0.10555533223849348,0,0.24994309275953258
TK002723,-2.1336882951858804,1.4791402603123303,0,0.2505682789093665
TK002724,-1.5122322423777288,1.5589659259926436,0,0.3825999776794379
TK002725,-1.5470336284845216,-0.21656846323183074,0,0.4452008325057014
TK002726,-0.8669001675469337,0.350160307429802,0,0.201457066026594
TK002727,1.9874666853670035,0.1210529339263714,1,0.4986315731055431
TK002728,-1.246814018549838,0.6479891772435754,0,0.1784247247029625
TK002729,-0.38404456250265,0.26724175444644954,0,0.30131253113730083
TK002730,-0.18458597436907664,-1.6509643037057737,0,0.3508719582298593
TK002731,-1.7272732743374017,2.95739174999239,1,0.5079929855153922
TK002732,-0.543503111297952,-1.4370726437455676,0,0.2495372073628672
TK002733,1.416483989090266,-0.6852243631832889,0,0.27713659111897926
TK002734,0.6911886698123135,-1.6219548617328916,0,0.07795077521167443
TK002735,-0.1844860881640151,-2.3173067715632336,0,0.17921667713995332
TK002736,-1.476334858463259,-0.5865756161350656,0,0.260507291401536
TK002737,-1.4844903152369289,0.06060549174429549,0,0.1919369526951672
TK002738,0.6960311335895729,-0.9478540696820671,0,0.20224491100277822
TK002739,2.0413690705796204,-1.1099610661736998,0,0.26367778367261074
TK002740,-0.8469760102988062,-1.1962594927563783,0,0.19097474721875216
TK002741,0.6326890404810185,0.477734981366308,0,0.18861832286779265
TK002742,0.556346133253471,0.3927456846518598,0,0.17811987140757815
TK002743,-1.4878509808259812,0.6492258469690995,0,0.2850062023771524
TK002744,0.5426268962767823,-1.8934851170967355,0,0.22651682768539178
TK002745,0.4524217880331491,0.8012724809076215,0,0.2526160253367603
TK002746,1.8975422909762754,0.7106746403241572,0,0.36928084434371306
TK002747,-1.9877548782909733,2.328747427743694,0,0.37795127611104784
TK002748,-1.5579251833738248,2.375445655505756,0,0.241895695339374
TK002749,-2.148340437797561,0.1396852654721255,0,0.31696867933036244
TK002750,-2.4127181917081635,0.30287956977822844,0,0.26679095428525346
TK002751,-1.2413959514991522,1.48593826139723,0,0.16174757034022794
TK002752,-1.2412159168078938,0.12914828806748557,0,0.25176365298567094
TK002753,1.1426850914298614,-0.5445011828756675,0,0.14685019232213206
TK002754,-0.26350965389965303,0.16997031456184392,0,0.23873926249695826
TK002755,0.5056455587268663,-0.9087525098021552,0,0.24292783003168175
TK002756,1.489080017511947,-0.37478037382767765,0,0.2903602574449928
TK002757,1.4825554268701011,1.0741010603905246,0,0.377866042332372
TK002758,0.8445886803910724,-1.457341517635145,0,0.2049127356985086
TK002759,1.7921116319738588,0.5193821718890679,0,0.2650130093810597
TK002760,0.23275119809289554,-0.08362926930509312,0,0.21188473875324407
TK002761,-1.3185255694150995,-1.0727450577923177,0,0.3655469139743081
TK002762,-0.011332453648400137,0.478973554720711,0,0.33098496547060663
TK002763,0.974515434290179,-0.5688183076016752,0,0.28321298054181676
TK002764,-2.350323852705902,0.7181345610698461,0,0.10793775515249998
TK002765,-0.45823585161669295,-1.6487274385252935,0,0.2466375193786082
TK002766,-0.13520741459244218,-1.3861904981243347,0,0.13486222425023123
TK002767,0.8016358895990452,1.4378106399193245,0,0.2873838272634492
TK002768,2.2687260755075482,-3.094941405331976,0,0.41236332422025934
TK002769,-0.7583494246405783,-0.5722996544696554,1,0.47180495558600233
TK002770,-2.498080646629859,0.7765714632471616,0,0.23662811392875532
TK002771,0.28452517042541925,-0.3477183327346257,0,0.3076280761004716
TK002772,-0.8552238097819536,1.8270670242477933,0,0.21740492928622365
TK002773,0.9236535032811855,1.305205790312705,0,0.36177165624805413
TK002774,-1.4366777894585998,0.07561819676188404,0,0.1938196184094561
TK002775,0.36709973759653086,-1.4006685863757973,0,0.09254441641291783
TK002776,2.503567528606518,5.271392577602822,1,0.6832806318237111
TK002777,-1.257018741382188,0.15133449489021733,0,0.09832041547779372
TK002778,-2.0301862514631224,0.9585155951241231,0,0.25743261149644414
TK002779,1.7665451683599585,-0.526532014881035,0,0.2472507127380813
TK002780,0.666992764763197,-0.20232007354218842,0,0.37424908480979896
TK002781,-0.8103646466272817,2.164963961150632,0,0.312917296506517
TK002782,0.15464452277592128,-1.6934127187809425,0,0.26942098964409344
TK002783,-0.8428546452180887,0.9672055214306606,0,0.036516624045488666
TK002784,1.8306195007148263,-0.8277543753801465,0,0.3129723109107515
TK002785,1.8993928731464904,-0.24519592039929242,0,0.2965299850862583
TK002786,0.9992148855907016,0.1507435523076853,0,0.30970695207741367
TK002787,-0.19337336409383504,-0.6922668085190616,0,0.30670531753190605
TK002788,0.5574881894161631,-2.7295729154821275,0,0.370288065224073
TK002789,-2.765243255206375,0.530158144129129,0,0.36192451520712016
TK002790,0.991276681752036,-1.1927263130406267,0,0.2370328263012287
TK002791,-1.5349874475899956,-0.5469843102534024,0,0.38148319394497454
TK002792,-0.9186495117574087,1.6116652722898568,0,0.14906431921144206
TK002793,-2.2413581509719913,-0.6434103988887202,0,0.19875694586666093
TK002794,1.8446668092976335,-0.2357139696311947,0,0.3001785211178086
TK002795,-0.953840195104085,1.1390435896058684,0,0.21078232465899457
TK002796,-1.5947202618455656,0.28882307264804225,0,0.24154025739570917
TK002797,-1.4039456974704148,-0.05791110749438623,0,0.27490187419038786
TK002798,0.7604083919635787,-0.7757182744071602,0,0.2216279579663095
TK002799,-2.331121039454143,1.0755242210398555,0,0.30038575482167734
TK002800,-0.2728341832906859,0.5778593821891108,0,0.1850996451902952
TK002801,0.882529536797356,0.15691596801327257,0,0.1967241077139555
TK002802,-3.0608432206792116,0.49852220110182344,0,0.31045998465230895
TK002803,0.5112014393741777,-0.9115053184431147,0,0.14641135123494955
TK002804,0.7372414815419912,-0.7843439944599201,0,0.2005224619276923
TK002805,-1.585972695287961,-0.21536373056678948,0,0.2656765274500339
TK002806,-1.364616783124599,1.6256926812332257,0,0.23935461367177643
TK002807,-0.8624009257628544,-0.43395938188086014,0,0.17015354468350888
TK002808,0.3589376842967153,0.29572327621672273,0,0.25202735252534825
TK002809,-0.3733153014778369,-1.0020419120135,0,0.2732941488123793
TK002810,-0.4744353755732787,-0.6141864436419152,0,0.17750160266391427
TK002811,0.21757796976153007,1.9523761761903027,0,0.281158603250115
TK002812,0.34521455880035823,0.5534655723176759,0,0.08379775908233264
TK002813,0.28698538653264394,-1.0701575479709793,0,0.20484297518360964
TK002814,-0.39078687118808486,1.6586310772605133,0,0.3021634125107029
TK002815,0.05812788576176537,-2.015768163651586,0,0.2560247621973709
TK002816,-2.3765585261714097,1.4608034145430193,0,0.2512959438247294
TK002817,-0.8223495869180029,-1.032472388568536,0,0.23264319330658567
TK002818,1.2508193248700399,0.8765452987837603,0,0.2883915610221549
TK002819,-2.272032539981674,0.21510031738469051,0,0.172145891539033
TK002820,1.336944629119878,-0.9563434809285294,0,0.1944994035407608
TK002821,-1.5613998717058202,-0.43664406951269996,0,0.14116533771555995
TK002822,-0.033372357356752376,0.5969137050619078,0,0.12162398054844115
TK002823,-0.4703274532525644,-0.3707110629810364,0,0.187183900314081
TK002824,0.4979168712208384,1.2218527448787457,0,0.3187666603045826
TK002825,-0.037178843572967725,0.1437453744707424,0,0.36349712011057816
TK002826,-2.7651969958831564,0.11219429044768506,0,0.23530951227172778
TK002827,0.014540851596357873,0.5601771528573812,0,0.2756482174559714
TK002828,-1.8917042986470705,0.3403618641744157,0,0.23386426417848033
TK002829,-0.2983820146208855,-0.0447318413657058,0,0.19595430062124308
TK002830,-1.604184378360229,0.2134265716529224,0,0.26084967588163654
TK002831,-1.8429447209107526,-0.392747285636277,0,0.19033643455475524
TK002832,-0.06652330942584962,1.6926209485204435,0,0.20087563672593595
TK002833,-2.4258165274222647,1.330567351047912,0,0.416045405514288
TK002834,-1.114337265501145,-0.8766214293758962,0,0.15560527570258512
TK002835,0.423376254777407,-0.3410041508215884,0,0.2461584119847861
TK002836,0.7036732927249526,-1.9380988998617037,1,0.6518152572600451
TK002837,0.9740655792654883,0.04515498105879839,0,0.2004567331340147
TK002838,1.2054775265565902,1.1381047896762628,0,0.2716805020311419
TK002839,1.2590209166603692,0.015388306298744785,0,0.15738201582396824
TK002840,0.6024622861349096,0.25687760937802795,0,0.22678023026389624
TK002841,-1.6491396806948644,0.9342953207348755,0,0.43911209720097105
TK002842,-0.3457474921005996,1.1635359747050409,0,0.13403373823329465
TK002843,-0.790129714660181,-0.39731257718208585,0,0.40286510560812916
TK002844,-0.043311704829133886,-1.8160261564461895,0,0.3499720571952482
TK002845,-0.34938612922991735,-0.9922798284051696,0,0.15358792802833066
TK002846,1.0995938926781064,-0.8161022739587386,0,0.25081645074435555
TK002847,1.3915366759795689,-0.5147012455235105,0,0.16626244796383677
TK002848,-0.6190615588464334,1.5921090190546519,0,0.2299563656710986
TK002849,0.28618603049981933,-0.5873182346095287,0,0.2663445640747974
TK002850,0.19872700590353085,1.3597212093012145,0,0.3725654691811734
TK002851,2.4913543800131484,-0.29220583715107146,0,0.28607712788401296
TK002852,-0.7280667228959959,-0.7292055991298736,0,0.35937912750457895
TK002853,-0.6027642794814266,0.3136524777966746,0,0.10465623641841235
TK002854,-0.12020358268087615,1.082456391260949,0,0.3384181452307161
TK002855,-0.30519444844266924,0.45144403910264697,0,0.2738616362164974
TK002856,1.7445392818325947,-0.031791795778613734,0,0.21733057020496094
TK002857,-1.6432774258887206,1.1225060593647525,0,0.21282879268769836
TK002858,-2.5651825326781155,1.1865425127098628,0,0.34161401783811196
TK002859,-2.3010195335851042,0.6054334430082589,0,0.22677097992384254
TK002860,-0.8305951054577386,1.234219209812531,0,0.3674910933165847
TK002861,-0.03785147199027346,-1.626874739300547,0,0.2942607685238701
TK002862,-1.405830306189562,2.3325224525284685,0,0.4097094417148277
TK002863,0.659886712349348,-0.8906831370455874,0,0.285698483618485
TK002864,-0.11083555362703407,-0.017405969190326026,0,0.035760532434642514
TK002865,-0.7551276443641252,-0.20158094473825403,0,0.35086013134670296
TK002866,-1.1476180749675822,-1.3068283731909927,0,0.163864334384412
TK002867,-0.5981824082436835,-1.3000522349789838,0,0.2491758262096589
TK002868,-0.4478591501452851,0.6045325758348007,0,0.23111934101659387
TK002869,0.9848093774217416,0.8901076200180842,0,0.2679658520009983
TK002870,-0.2605861702876518,0.6891026337467453,0,0.17185046850497698
TK002871,-2.2937934034507346,-0.16321065296618856,0,0.3700624821332372
TK002872,-0.9625756905955324,-0.2447562809528665,0,0.19965065906765883
TK002873,-1.578226463564661,0.7570388180042082,0,0.26819523376557275
TK002874,0.32871063080710633,0.8037829968627398,0,0.23511766856979416
TK002875,0.8902666919942076,1.3283525426930824,0,0.3650328098420324
TK002876,1.2703162791389622,0.7886870137026113,0,0.2944765270751342
TK002877,-0.891164234040833,2.5230298540622154,0,0.41436284584761857
TK002878,-1.9388705341037813,1.332727074861054,0,0.40104232398126427
TK002879,1.6556553724728331,0.14169453500014634,0,0.1890863418169385
TK002880,1.2314382928083651,-1.0709520680125293,0,0.25741456343927743
TK002881,2.2953790844862363,-0.46580407015837655,0,0.2996678524102867
TK002882,0.6114569563710973,-0.07504966326259253,0,0.16820846646303228
TK002883,0.10529010620550538,1.609840963758274,1,0.5082537538902053
TK002884,0.3146813906897098,-0.3564356679887688,0,0.21613858955998344
TK002885,-0.6502681968232863,1.8755798138245736,0,0.30771023903752426
TK002886,0.6607070330622604,-1.5060494926158154,0,0.34625365825432164
TK002887,-3.0841768661289923,0.6660625583432,0,0.4312782248232802
TK002888,0.4987761535106857,0.6089723828425462,0,0.3135829308053493
TK002889,0.57261568809873,-1.272767654703137,0,0.2623581067063095
TK002890,0.3292742826835355,-1.028710962999871,0,0.23798572008066143
TK002891,1.4552984289609014,-0.05133636204120899,0,0.1009178547580003
TK002892,-2.6219396890278963,0.18191647907757033,0,0.25479059582997055
TK002893,0.5539782222235081,0.2153388519009577,0,0.3140339656781932
TK002894,-0.2334996126548429,1.6192088296154188,0,0.360775768989068
TK002895,1.025771830938903,0.49311741235551354,0,0.3684837248360289
TK002896,-0.019769467085013856,-0.4287834965308457,0,0.21766940661576306
TK002897,-1.1041021364519878,-0.47318175074606805,0,0.24214903960490186
TK002898,-1.554403818698585,-0.6033833799911557,0,0.1217478192221103
TK002899,0.0033193324471171466,-1.1627564728889317,0,0.27089086875525376
TK002900,1.2237414522094863,-1.308628883239188,0,0.22746455507900532
TK002901,0.08851048945980763,1.5470224433926913,0,0.2592471376091613
TK002902,1.6566980686136572,0.16398765827835915,0,0.33878256860907874
TK002903,0.37733988833966453,-1.6506985662815299,0,0.3315635546867828
TK002904,3.112612502763908,-1.119194071302666,0,0.3418715969526235
TK002905,-0.7098502900640339,-1.1074143398856888,1,0.44280313204547617
TK002906,-1.3111498413657596,1.2922458940053383,0,0.375868098421912
TK002907,-2.384819538660255,-0.48103498310663295,0,0.28723450788904237
TK002908,-0.6090140785685438,-1.0376380358275596,1,0.4425083325642314
TK002909,1.3271841259193096,-2.3018239988829308,0,0.3392079835811538
TK002910,0.7359683025480399,-2.5316085913677484,0,0.375147451259057
TK002911,0.08325126783673983,-1.0629336911066969,0,0.30529577918230333
TK002912,-2.444703881150313,1.263070318293388,0,0.4017381757605279
TK002913,-0.46020680329148617,-0.6862846678911675,0,0.20868844965243727
TK002914,-0.5260341459479652,2.1338644249174044,0,0.42012997042272815
TK002915,2.5637144307977637,-0.8252910113985726,0,0.3355380487296607
TK002916,0.4158218902148478,-1.9797992419523691,0,0.43298844657005053
TK002917,0.8707194463924639,-0.697302136480586,0,0.24905352683556514
TK002918,-0.0029368890471691365,-1.7057890436305323,0,0.12076105559768935
TK002919,2.678162929596486,-0.9641223159648048,0,0.3350761937757872
TK002920,-2.1751918220739794,1.1535254888735287,0,0.22895525885164764
TK002921,0.8280584203610895,0.0721038740082819,0,0.1812423429830523
TK002922,1.3930551489532461,0.4123661294188635,0,0.21210827696880463
TK002923,1.0486793475454328,0.43641820027768924,0,0.2930344242239273
TK002924,-1.0217347351942276,0.7607592638982256,0,0.4056450348746504
TK002925,2.2183230432164827,0.21555175481633124,0,0.2482438612114607
TK002926,0.060717068697808754,-0.6145327471728865,0,0.2675405679551165
TK002927,-0.8972807998453789,-1.7176804610121545,0,0.2863916965596577
TK002928,2.258472255143122,-0.24070155914075925,0,0.2453328704370908
TK002929,0.5970589132725802,-0.6357628136287337,0,0.3203557314758345
TK002930,-1.7810108200042114,-0.8203900497542241,0,0.24051565083184215
TK002931,-2.3744812672930466,1.684153449985601,1,0.4432178334189394
TK002932,0.40449735845146734,-1.4511104786891296,0,0.23766588618689222
TK002933,-1.6416100721902755,-1.0942859291001947,0,0.24102998014114702
TK002934,4.796007413146225,3.937222148965022,1,0.5276494671813152
TK002935,-1.8350471002460385,-0.08347611551956065,0,0.2694213016319469
TK002936,0.23501528084803133,-1.6788208486059784,0,0.15081562731464782
TK002937,0.07987597207326877,1.866213321803131,1,0.48627540355603927
TK002938,-0.37603768002206517,1.284599860519011,0,0.38590324444315677
TK002939,-1.705646811281073,0.4715951686371356,0,0.23858593572452774
TK002940,-1.2308997544480127,-0.745175418487347,0,0.3372867143888204
TK002941,1.7892737392006146,-0.33002583711017514,0,0.13574664645561127
TK002942,0.8498280479927984,-1.9433257109080202,0,0.29460061005011273
TK002943,0.5001460347405637,-1.5776874503307556,0,0.16491323118638962
TK002944,-0.42932183903792726,-0.15516239763032888,0,0.2279474456464886
TK002945,-0.6085502494745106,1.3790086327790032,0,0.26340800157571587
TK002946,2.8435894405841524,-1.6640543723697216,1,0.4917735289220715
TK002947,1.3293097374883902,-0.397755562312652,0,0.15703993680426687
TK002948,1.3693445897030236,-0.9521871776235213,0,0.18758744290606744
TK002949,2.1017536147834357,0.14339105615977393,0,0.2029207967922183
TK002950,-1.4021302503245716,0.12047091655848456,0,0.28869367677002766
TK002951,-0.47652695385826643,-0.5440389593123097,0,0.14074479194571615
TK002952,-0.02008372095473241,-1.0583380034741936,0,0.2758565773945648
TK002953,-0.9744281584747204,0.5494618394884215,0,0.11940377624938261
TK002954,0.7526195682989822,-1.0688655831775085,0,0.39135418492457097
TK002955,-0.6734181521833633,-0.5901594110804833,0,0.07340001222007864
TK002956,0.7341517874296584,-1.5947908383541571,0,0.39312514501704976
TK002957,-1.999354960776114,-0.07250859958108186,0,0.23122909711044537
TK002958,1.536939804351766,-2.393483316735128,1,0.38771986166540506
TK002959,-0.3662232676714436,-0.31131937556064054,0,0.13633826050993736
TK002960,0.5636471774222417,-1.1268291807943032,0,0.30139924043631366
TK002961,-2.0274346812049,-0.030524788047040414,0,0.2743403414107835
TK002962,0.840902449565707,-1.9491170273215086,0,0.3808006869087874
TK002963,-1.4420769697018947,-0.7746124973528137,0,0.41366608697988766
TK002964,-0.0330015184712136,0.5096656141019748,0,0.19675738058396056
TK002965,0.18932853510264538,-0.8674279824360415,0,0.2200338754692855
TK002966,0.712600332809377,0.7194092647349287,0,0.42825602960117226
TK002967,-1.6864210685506178,0.7444049665208986,1,0.7438379896033838
TK002968,-0.5721736134113162,0.8956368171065667,0,0.22924912584734816
TK002969,0.08660182263531241,-0.9660915500301465,0,0.18242445411975805
TK002970,-0.6463261825840768,0.427919714407109,0,0.3338302114454971
TK002971,0.7385263789059868,0.84748359178388,0,0.3676230180118111
TK002972,-0.37968903060871756,-0.39734447105750964,0,0.20741154403304307
TK002973,1.9340367079257763,-1.3287672515672728,0,0.17298259655320586
TK002974,-1.87522638258244,0.7581569583346776,0,0.2360351798794802
TK002975,1.4413343671594938,-1.8368648365110856,0,0.36606788303196347
TK002976,0.6670434720715988,-0.7334597180251449,0,0.17953136895966437
TK002977,-0.7670346640335094,-1.1892748751935591,1,0.4766046291002328
TK002978,-1.0509517713751142,-0.2745652462368502,0,0.35462776699885723
TK002979,1.0557017244729368,-2.49693208744819,0,0.3894955539809701
TK002980,0.4988439017255272,-0.1394634668492149,0,0.29320208356427185
TK002981,-1.209848466761232,-0.5125440723363867,0,0.23624157006600174
TK002982,-0.05920590841987324,-1.1438628443457193,0,0.10026866218960488
TK002983,-0.030727934993805613,-1.1058966069691099,0,0.1280597286152943
TK002984,1.143926044398833,0.25766367567692805,0,0.33037616700343814
TK002985,0.15698216790017452,1.4473113886132194,0,0.34321901203563815
TK002986,-0.9081546787443617,-0.1259169870973361,0,0.14852132790389716
TK002987,1.7421038714994062,-1.5281514257243856,0,0.26859012738129884
TK002988,-1.5192894399524202,-0.7796268031898511,0,0.16908010767580886
TK002989,-1.7321386929508313,0.6706383486503043,0,0.24685437909962973
TK002990,1.5993532754932394,-1.3220179077828733,0,0.23617295831391988
TK002991,-1.6606312955037545,0.6138559800368548,0,0.3328259951158544
TK002992,0.643110682548828,-0.3164186502906175,0,0.24709178976145227
TK002993,0.4447000218916645,0.037634357002697925,0,0.17260464895653232
TK002994,-0.9959892276842098,-0.18796358202736516,0,0.18867900462180515
TK002995,0.0052617042940625355,-1.3570437555920911,0,0.21869959077993087
TK002996,2.267740941552146,-1.3590172008273358,0,0.2116193334412408
TK002997,-0.6386011721295631,-0.6928444089226955,0,0.17474017054545998
TK002998,-0.8781254627403365,0.00645211817779302,0,0.3675513410713331
TK002999,0.9665728151862579,-1.1417159805571446,0,0.3216629125872377
TK003000,0.8970823554818698,-0.8544837969622631,0,0.18662777815422327
TK003001,-0.1786208345478067,0.7048025281631524,0,0.21236107499783158
TK003002,0.12063326046024625,-0.48164626290205637,0,0.2675150326809295
TK003003,-1.066599732191226,-0.020457450454683678,0,0.39142216388819195
TK003004,2.0269844958805936,-0.18265271136696604,0,0.18675589208950633
TK003005,0.5840689267291657,-0.8313239259351906,0,0.3136110594264312
TK003006,-2.9049326613444357,0.615226191852851,0,0.421728452120668
TK003007,-0.5482653603907184,-0.7324012477072092,0,0.2307527710738489
TK003008,0.16803144507821854,-1.520448026217038,0,0.26629009593952935
TK003009,2.1123602878766947,-0.7336999405911298,0,0.3428539342829151
TK003010,-0.04526432990994854,-0.5679739260393127,0,0.24152099086161363
TK003011,2.8478910843752296,-0.35328279135515767,0,0.3383161829667772
TK003012,0.6155194338953379,-1.586222053911219,0,0.1944922226831193
TK003013,-0.5080463093829842,-0.31808875800857117,0,0.1684630112781063
TK003014,-0.7524283819523357,-0.924579258588279,0,0.1997932392085381
TK003015,0.9868380644957239,0.6033080388536626,0,0.21412296416658977
TK003016,2.0003375820477443,-1.4075255883054767,0,0.22759456227415464
TK003017,-0.938764033285282,-1.6022842137938154,0,0.41843424693908454
TK003018,0.6311892340760994,-1.9571301334644227,1,0.4530932722237141
TK003019,1.1991439257737229,-0.5457390287997398,0,0.4221534467393014
TK003020,-2.233899276079718,1.1642209215562414,0,0.3319469915115636
TK003021,3.090741464843693,-1.0168864236907662,0,0.261286950864137
TK003022,0.4062227522666597,0.38062909580981036,0,0.24982072298159302
TK003023,1.9484407077914965,0.19369152451000923,0,0.33123231977258866
TK003024,-0.9956071767414132,-0.6524074982956337,0,0.2520391906925564
TK003025,0.6085667572959612,-0.007239807404711678,0,0.383517353536153
TK003026,1.1356227854399623,-1.324357695129369,0,0.35138464906311795
TK003027,0.37470686837982575,-0.15508068294615282,0,0.27995754787245397
TK003028,-2.2632205118507254,-0.6132047802575392,0,0.3997632418984898
TK003029,-0.4810382570061104,-0.539432756433606,0,0.28256423942045505
TK003030,1.0082736589836132,-2.8910714555525145,1,0.5909325418851024
TK003031,1.0527470258989813,-2.2117497630965834,0,0.3337102399603757
TK003032,0.1669982871139506,-1.3332233930681407,0,0.3054709878537375
TK003033,1.3383459459009353,0.49253353199991845,0,0.26815799789226186
TK003034,0.12113817013744088,-1.845415699601322,0,0.3173827182134803
TK003035,0.16540752965831393,1.0304498396055861,0,0.08324090503272429
TK003036,1.870652118121503,-0.43851190862383815,0,0.2026973268271072
TK003037,-1.4527989296441184,0.04639792380200868,0,0.3283747962192571
TK003038,-0.960001038373206,0.2588176499099204,0,0.2775998660145579
TK003039,-0.9658122715652546,1.5200349722871183,0,0.2884340161552913
TK003040,-2.00855647575516,1.9837929156776377,0,0.15530653433185188
TK003041,2.262739658485604,-0.035198222143738404,0,0.21265225247290753
TK003042,2.1500783299009223,-1.0705552813394374,0,0.43088594393044477
TK003043,-0.8869638881198114,-1.2811941990991256,0,0.1352771624071673
TK003044,1.9177407922426144,-1.3959631176576963,0,0.24056435282310648
TK003045,0.2780980793011246,0.35782591002399433,0,0.23243595970076963
TK003046,-0.3521884688945203,1.2551509171636914,0,0.22747715764205087
TK003047,2.440576188407568,-0.35539448007189295,1,0.6543607523215987
TK003048,-0.9001473280065762,2.3594412117868306,0,0.2771056182814333
TK003049,1.3165375713695289,-0.6067895639608941,0,0.17799434497902694
TK003050,0.8242372923926862,-0.672133110164868,1,0.6048783558045896
TK003051,-2.170246283957455,-0.24562390434349346,0,0.299069050906287
TK003052,0.18690892251601335,-2.1902612952906058,0,0.33352362267261393
TK003053,1.312480008545799,0.7530003901093926,0,0.46748805875592936
TK003054,-1.0027188289793982,-1.3599868980595002,0,0.2941874541730987
TK003055,-1.9376734188293168,1.1788527833459124,0,0.34956814822631427
TK003056,0.4982443307834524,0.9158040933870608,0,0.19324720835646608
TK003057,0.2552757520426591,-0.8289512839206236,0,0.15869515775572635
TK003058,-1.536265759712915,-0.49385122974916695,0,0.30646332539815857
TK003059,0.2752015159005082,-1.4924769219778047,0,0.20983514932492517
TK003060,-1.7806457686827035,1.6912031313993174,0,0.34290425732844715
TK003061,-2.2068016702053552,-0.22840232840398336,0,0.2963748198357113
TK003062,-0.7110912847915302,1.2905063141593134,0,0.3411272773870915
TK003063,0.8702387036049973,-0.30153727007736303,0,0.2623903841222466
TK003064,0.41049994870082335,-0.33326067342080096,0,0.2782017955156345
TK003065,-0.7616020096128119,0.6012226939152828,0,0.16985587152576165
TK003066,0.2675405601973705,0.4528553805683245,0,0.43757599246578943
TK003067,0.8478377465606497,1.8157007309542632,0,0.26849296347802204
TK003068,0.855608801900833,-0.4759338259056663,0,0.26437315085514773
TK003069,-1.4029123895706919,2.234716522364057,0,0.1254777503958612
TK003070,-1.963197105695484,-0.565346327010027,0,0.3748533213291388
TK003071,-0.16800275804510478,-1.2447897764057132,0,0.3266740806354824
TK003072,-0.24340777659159857,-1.4376290099954088,0,0.21791165161006712
TK003073,-0.5225422118292339,0.4761234150784518,0,0.16616738660866665
TK003074,0.7857951936377103,-1.597154825610151,0,0.3403024548949966
TK003075,1.9988727196009028,-1.5819778412394283,0,0.3834924171031332
TK003076,0.08296139666121272,1.9366339161073438,0,0.22788981172862108
TK003077,-2.1866938338826487,2.3099454321290267,1,0.5536883096981717
TK003078,0.0975890769174323,-1.721643538983097,0,0.14228396255708925
TK003079,0.258069900644254,0.3807931818028592,0,0.17612679033686685
TK003080,0.7125643880212397,0.9976704172616235,0,0.234462943776109
TK003081,2.2597518126791716,-0.5153764087180391,0,0.17727141838495164
TK003082,1.7247970553340894,-2.7537535585058612,0,0.4024160411380032
TK003083,-0.9265158071757873,0.5608683713141729,0,0.20456878534312573
TK003084,0.4228600967977921,-2.5450309957298174,0,0.43754624249602375
TK003085,0.5931793422225439,-1.3678316088255864,0,0.27305521987570425
TK003086,-0.1337288620725997,1.7217645000329982,0,0.40106948662366965
TK003087,-0.698127899575795,-0.1828732470420594,0,0.25843711867142694
TK003088,-1.095378621994203,2.3516063097699704,1,0.4798917588244313
TK003089,1.752092686320806,0.24107638374034415,0,0.2830536238729173
TK003090,-0.25769073168464246,-0.3768325829524527,0,0.1022936261517916
TK003091,1.0901810788469957,-0.9615248093749054,0,0.23516573396886387
TK003092,-0.8442995805328202,-0.9488467244427604,0,0.08512961762474881
TK003093,0.25460042766465074,0.09492030175756962,0,0.18094172178043225
TK003094,1.0915378615319102,-0.2375730661423697,0,0.3105054946646277
TK003095,-0.3808060543645812,1.1692397658416287,0,0.3206512199195396
TK003096,0.20593649851742646,-1.6752765607163582,0,0.19507671344452537
TK003097,0.09033391209329336,-0.26625498268435105,0,0.16126968477517087
TK003098,-1.722322462981228,1.9573512780671818,0,0.3911244764488811
TK003099,-0.9768988185350291,-1.1767020430111783,0,0.1644499422560255
TK003100,-0.12064732933116253,-2.1382503571020433,0,0.1793851644476211
TK003101,0.5737794768399695,0.9959786685603743,0,0.2789121771756955
TK003102,0.7879310624431438,-0.6947227933165231,0,0.35994324926944254
TK003103,-0.10209703708893636,0.7196363286221247,0,0.39262953443643817
TK003104,-2.338269650582473,-0.9018296768303118,0,0.2529503753705731
TK003105,-0.9599013259451212,-0.31277689798839986,0,0.24427806305582914
TK003106,1.7819622161241548,-0.0928925991060728,0,0.37189634637443064
TK003107,2.2308370193690337,0.6342953669740429,1,0.4843843324374101
TK003108,-0.37506437351352634,0.4714318112144301,0,0.20197535003328898
TK003109,-0.5800933220069427,-1.083384520191341,0,0.250389396478829
TK003110,-0.6531065816312739,-0.9932200485904749,0,0.2061258722893353
TK003111,0.4786948278324407,-1.2037555223142082,0,0.3845694797305975
TK003112,-0.3688465908670786,0.33137814527792175,0,0.21873286324757082
TK003113,-0.38536295878146104,0.5339025691489837,0,0.11816196756715366
TK003114,-0.8666275104165762,1.5825659271423491,1,0.4441772977470355
TK003115,0.7193639492633903,-0.47774794196957865,0,0.29393307819221987
TK003116,0.744953471249501,0.7116477418975824,0,0.21418349692620528
TK003117,0.19841643274242715,-1.942369506410973,1,0.4658338946410512
TK003118,-0.28222422625608073,-1.227528860829734,0,0.2899893961651288
TK003119,2.19817893358954,-0.3092659838544898,0,0.3493445901821014
TK003120,-1.0282656642745438,-0.971087256266714,0,0.2510863245776756
TK003121,-0.6191713830560781,-0.5501018862874338,0,0.1397468959547619
TK003122,-0.9863804738366634,-0.5634876805034951,0,0.2244325954005445
TK003123,-2.352310539047201,2.229045718605074,1,0.45587024805058296
TK003124,-0.7027931728048206,-0.11287553769859347,0,0.31090533313146673
TK003125,0.505957132559283,1.3075682132785968,0,0.24043231559281453
TK003126,0.9669456546339529,-2.842355486603754,0,0.3372912962447854
TK003127,0.46430304079456614,-2.57255110768342,0,0.20577434249570345
TK003128,2.7996209144456854,-0.8887166039324629,0,0.28139666731115404
TK003129,-1.6546242777179723,-0.05742813025660407,0,0.2452111091260672
TK003130,-1.2628125945476716,2.6024404060526454,0,0.3505495248397441
TK003131,1.0948022698296134,-0.17768710358104012,0,0.18863762737661688
TK003132,0.322840703964993,-0.017859709467385302,1,0.4823298378743874
TK003133,-0.9078962264044088,-1.6421546617547396,0,0.24558172761612435
TK003134,-0.507980251638877,-0.40946807697124243,1,0.45703502747633545
TK003135,0.820088435731339,0.9143702732561594,0,0.261087827323799
TK003136,1.36474303560525,-1.1398801757710726,0,0.33795230894210976
TK003137,-0.3736296492705859,0.17328743793731097,0,0.20337334153297462
TK003138,-0.6005570532832633,-0.5875206634671056,0,0.2517812919323427
TK003139,-1.5117816126238128,0.817758492408984,0,0.1250283662249347
TK003140,-0.6846269907586117,-1.056965411382935,0,0.16445043989502178
TK003141,-1.0058827000325852,2.0566285362233763,0,0.23539107450595143
TK003142,-1.1868964199167924,0.06374017999777357,0,0.2499820507785262
TK003143,2.594742364301167,-0.7400769354523833,0,0.39356634707948607
TK003144,-0.033861273624176784,0.9335404879479928,0,0.3587993071423198
TK003145,-1.1830577224581325,0.5239465663969948,0,0.2988905891767904
TK003146,-1.0509151360932232,-1.1676004884875233,0,0.2674963666952002
TK003147,1.0029087751434194,-2.075717269125645,0,0.3952623609302226
TK003148,-1.5755162836891414,-0.03595859808935589,0,0.40581827554409305
TK003149,2.7997735877408516,-1.156496806990664,0,0.38147279559191355
TK003150,1.9981499132417726,-0.3138249187894638,0,0.15984067696128407
TK003151,2.33791158188197,-0.452078001333737,0,0.35722745849874127
TK003152,0.37827612590262244,-2.059470165257483,0,0.28542623137373546
TK003153,2.421706850043079,-1.766508941953776,0,0.4205064832406327
TK003154,-1.7456738491646662,0.05872707436332918,0,0.26010798229265325
TK003155,1.4446077532913741,0.38808762174921024,0,0.23489313653108182
TK003156,1.9853765181795748,-1.4007564621348063,0,0.2393755000648013
TK003157,1.4076144152387198,-1.073895107801604,0,0.394700589782264
TK003158,-1.9655192443454839,-0.07617911967815325,0,0.33421504807534874
TK003159,-1.5600393252084523,-0.5911991020866775,0,0.09435817126023442
TK003160,0.24917758170768028,1.5457295875962354,0,0.21722581995399246
TK003161,2.1188819762765414,-0.8189658465268844,0,0.3821440592706454
TK003162,0.30225141954302154,-2.0878434762475457,0,0.23487001329464935
TK003163,0.062473013962064526,2.7996468059158652,1,0.5988230091256074
TK003164,1.2216395627233754,-0.17918993377608897,0,0.3403010334110497
TK003165,-1.0374796662417314,-0.7444099011930551,0,0.13248849739434285
TK003166,-1.0597188093658696,2.2086433076850827,0,0.2293487690417643
TK003167,-0.444880317437715,1.3547167233777881,0,0.23281177077719498
TK003168,-0.6418423455585224,-1.1098941245174714,0,0.17080492496534483
TK003169,-2.3343804949822915,-0.4345651282087181,0,0.4003083754853147
TK003170,-2.806973186493085,0.43765091423062485,0,0.4289229022780337
TK003171,0.3012265587137932,1.359971494674395,0,0.3570688500761102
TK003172,-0.06569650431816534,-0.31021352479412856,0,0.2016130028374971
TK003173,-2.6325135672366264,1.1710465603901359,0,0.4537727806600973
TK003174,0.8831426085586821,1.187451642780003,0,0.3892992740197093
TK003175,-0.9373738849150226,-1.0141344844312252,0,0.2512888751655881
TK003176,-1.1471481401998005,-0.10052138441297727,0,0.2344702935500152
TK003177,-1.5582923897791214,-0.19666022292663846,0,0.3144515773075032
TK003178,-1.095820672324137,-0.06705085076061647,0,0.02259785866719871
TK003179,-0.3528212405920835,1.9464098732867692,0,0.3192737319723165
TK003180,1.9753078687129668,-2.4084277560688183,0,0.41238734003548927
TK003181,0.15187330328660453,0.08519820353756118,0,0.279622743568421
TK003182,2.0189847365279125,-0.8140221478659979,0,0.2417377247442713
TK003183,-1.4254298459854033,-0.704548493022444,0,0.10381291056162267
TK003184,-0.8514023088740331,0.3261195589950962,0,0.32065642010138823
TK003185,-0.11908467627211622,0.4453127355081198,0,0.21861607141625553
TK003186,0.8217646264183204,-0.3270829411553194,0,0.2872098744287134
TK003187,-0.8014173818654315,0.39365052509649795,0,0.2438018212397301
TK003188,-0.3316935757336168,2.1904623843617155,0,0.37789849280430154
TK003189,2.3318040001830376,-0.4573942316406328,0,0.31168934747603294
TK003190,-2.271136301072939,0.376937780943615,0,0.44754456873639203
TK003191,-1.0960325543666711,1.668737640059746,0,0.23807287595881546
TK003192,1.2287373599930653,-1.0116081865782782,0,0.3249086180515113
TK003193,2.233404449776873,-0.038353938304138545,0,0.40505635835460413
TK003194,-0.5387923461104132,-0.48265137188668467,0,0.18998384412602615
TK003195,-1.9132591189878545,0.777623750596655,0,0.4186461120326027
TK003196,-0.25442562536888125,1.3570675859643675,0,0.30883204986028745
TK003197,0.07320511031940724,0.29184828660704076,0,0.20844559592740153
TK003198,0.2959869898601506,1.075848217058231,0,0.18866782888600483
TK003199,-0.1963864836666039,-0.990350567658662,0,0.2520263748243082
TK003200,-0.6500188013219725,0.5627421786841219,0,0.3408851622095963
TK003201,0.5602299709528438,-1.9878363929229848,0,0.4331724186291407
TK003202,2.922108357476343,-0.9417496819879905,0,0.37116719877747434
TK003203,-0.08647088000545822,0.6684888842173001,0,0.2718223054345366
TK003204,-0.7500641089232665,-0.6264313752972512,1,0.5129253673077466
TK003205,-0.6625679064163523,-1.9441927813704876,0,0.24761169029247956
TK003206,-0.3710495070959266,0.31101383164284485,0,0.21911697743753247
TK003207,1.9557539336585625,-0.5610133711076867,0,0.3476430052467182
TK003208,-0.4357938216952565,2.235345876758343,0,0.3046600299067917
TK003209,-1.3048825321676099,-0.746191786630749,1,0.5240697561501769
TK003210,2.9250384170450205,-1.1514429446285104,0,0.32796142353077407
TK003211,2.0755405345482933,-0.7058044318898739,0,0.14874206726635616
TK003212,1.0247006608068516,0.4381513002934883,0,0.40535131569353244
TK003213,1.4578128474914578,-0.14959437300198425,1,0.493584986058531
TK003214,-1.0594074628547943,1.0384237768301314,0,0.24634763858446193
TK003215,-1.1401488385584706,-0.8111832917853266,0,0.2804573552098556
TK003216,-1.687402659133878,0.5318998528238918,0,0.28514563027794493
TK003217,-0.22524178743702122,-1.1906047041135712,1,0.45888739001622225
TK003218,-0.2916692628923543,0.5137084559632429,0,0.19957281426071197
TK003219,1.784967614189677,-1.6142134477726298,0,0.43997730903363463
TK003220,-0.37570968188301923,-1.1504060902772046,0,0.15738162875042933
TK003221,0.5684295348056722,-2.1162938716046287,0,0.29216883375659025
TK003222,-0.5212456756616668,-0.019108423784772646,0,0.15922773220755698
TK003223,-0.8712263652624328,-0.5912948273580043,0,0.29237303782317076
TK003224,-0.6807633364505397,-1.9017065846582315,0,0.17260396006847287
TK003225,-0.7936123933759306,0.35943243853728907,0,0.29088011629653066
TK003226,0.4321750988825457,-0.16217973363288052,0,0.0940420522658084
TK003227,-0.19355621915986315,0.8666107550864829,0,0.194910521985573
TK003228,-1.4747586511855764,-0.7288599186448014,0,0.3561921428747982
TK003229,0.953034926223327,0.4052281229029073,0,0.3146404636898231
TK003230,0.520430016856262,-0.46636733304084543,0,0.12242501354053327
TK003231,2.4172076406649956,-0.08306863762963976,0,0.43527893991309896
TK003232,-3.092631273525432,0.10437848796715514,0,0.37021595382248695
TK003233,2.062339073165866,-0.5365753944450296,0,0.31182455035069884
TK003234,1.3645637015005272,-0.01688082670762876,0,0.19532730656897965
TK003235,-1.245673880259199,0.867184336333259,1,0.442871840886651
TK003236,1.7725430157607571,-0.5391213901492646,0,0.35492685570902527
TK003237,-2.2725413000058383,0.5419983911408166,0,0.27670660187445495
TK003238,0.2091690617717234,0.07288188502112519,0,0.19307088907092387
TK003239,-1.4050920417241504,1.3285221421721543,0,0.22840776884762543
TK003240,0.03819449039686714,0.47173959985083497,0,0.28981688006767053
TK003241,0.3828934280948059,1.1926837510610708,0,0.30988803536910964
TK003242,-1.0556720863891202,1.3319000560478582,0,0.4633338883362681
TK003243,-1.9579628062449144,-0.238011465769185,0,0.21364990416340712
TK003244,-0.6433163088842065,2.430605000879089,0,0.15961401163055453
TK003245,1.9592220903183366,-1.576610779634066,0,0.24742052819251853
TK003246,-0.1350903309972219,0.1471855563291284,0,0.20885053781265286
TK003247,0.784795747515593,1.5235180077301402,0,0.4453170250234694
TK003248,0.7345249486033761,0.7580085093673394,0,0.2779020589811046
TK003249,-0.3165103363972935,-0.9262371935187662,0,0.3567820868457367
TK003250,0.3839215999067376,-0.5666597923662684,0,0.25587550232994316
TK003251,0.4997554502582967,1.204890190279458,0,0.3053674600266851
TK003252,-1.1920981569279365,1.0864959110899493,0,0.3037065683900984
TK003253,0.30368964408966054,1.024979820189291,0,0.2003141054824223
TK003254,-0.5714344573703826,1.1220408426099429,0,0.19967189685601122
TK003255,-0.04603392774070372,-1.3507253202301008,0,0.1433105706173133
TK003256,1.9552380969747836,-0.14822506532929638,0,0.31320654336424325
TK003257,-0.7692499724984169,-0.21738531015559653,0,0.24986764910757073
TK003258,0.9259269844518072,-0.28292259783249857,0,0.25555768295165804
TK003259,-0.5438090045738587,0.9525164727220586,0,0.034129632141281945
TK003260,2.1284317497467256,-0.16367061967986613,0,0.2505688220830554
TK003261,-0.039573289286342656,-0.6879871315721894,0,0.18826623659733654
TK003262,0.5396726507543698,-1.5646483074263131,0,0.2536014437205524
TK003263,-0.7823072954425352,-1.558188302569263,0,0.20559453679544137
TK003264,-1.3860379156769056,2.087288557385462,0,0.274467189349454
TK003265,2.0062517284586403,-0.7470065592739337,0,0.26637743566589145
TK003266,1.2623332022665972,0.820606504641436,0,0.2723010026677231
TK003267,2.056335003482961,-1.05971065436637,0,0.26024669273922735
TK003268,-0.01513328359649838,1.7239823602630058,0,0.23537578296553507
TK003269,6.328637084324058,5.421591518858926,1,0.4997953452920305
TK003270,-1.6656298986065672,-0.4329656945695364,0,0.20452321028107073
TK003271,-0.3347215441984183,-0.10067593888428905,0,0.30874628465053044
TK003272,11.847792386487306,9.071073513680753,1,0.6437026472867876
TK003273,-1.730300540494227,0.12149887659126424,0,0.3282655460185465
TK003274,-1.363082593686469,0.47243244155048386,0,0.20975325031795816
TK003275,2.0589666299735576,-0.7963265025182075,0,0.34330510042790513
TK003276,0.055265269092166835,0.11666331235887034,0,0.14659276156764456
TK003277,-0.31204349179602925,-0.5358565128369865,1,0.4781190894465799
TK003278,-1.3124611827033856,-0.7973436129101397,0,0.16884131525507248
TK003279,-1.204540705067815,1.2147356183149356,0,0.3693163995664517
TK003280,-0.7410305672964861,1.7122840114575437,0,0.18618856352667815
TK003281,1.7610196755399283,-0.19726989913843163,0,0.19706588993085816
TK003282,0.2776026083564633,-1.4699783530536958,0,0.23363278298459897
TK003283,-1.7045690281113621,2.5338724768820797,0,0.28245110201763884
TK003284,-0.5656942553117229,-0.498156253260733,0,0.21357651987623616
TK003285,-0.0928904925037744,-1.1773394668850212,0,0.1566506964606442
TK003286,1.6711520943572127,0.6195936621802454,0,0.25288961924916126
TK003287,0.20886726638950126,-0.6148868099408838,0,0.21695248801517944
TK003288,1.5812815315479174,-0.5832051097585494,0,0.4069215804259275
TK003289,-1.5939458061393832,1.1234514893699192,0,0.29066272848687513
TK003290,-0.27814173714150386,1.8790779135605586,0,0.16893755383848416
TK003291,-0.06670170742406589,1.2732148368964016,0,0.17984756365704602
TK003292,-0.9694173011052348,0.3796575694652779,0,0.09166435485901069
TK003293,1.6662101421045254,0.5622733983112923,0,0.2966640704880478
TK003294,-1.012157364105651,-0.22358719664182086,0,0.21941644835151392
TK003295,-1.3864708899528024,1.396563223520862,0,0.2844404868770292
TK003296,-1.5468099002038327,-0.013655824063742154,0,0.21986598046298617
TK003297,0.6831556251847948,0.9758392803132299,0,0.1964278852931462
TK003298,-2.260054712786393,1.181356202433894,0,0.2622653968848268
TK003299,-2.2168355118490455,-0.5485683263042076,0,0.1360560783607857
TK003300,0.5995748540870044,-0.9962302586273067,0,0.08167479878181727
TK003301,1.9882050239196523,-0.868070582292776,0,0.32165516993319526
TK003302,1.0280134727922408,0.1991015956942543,0,0.36436007540439497
TK003303,0.9592079560292011,-2.0884125309156794,0,0.22393702564921342
TK003304,0.1865545274128136,-1.4553774786501783,0,0.31827167433145503
TK003305,1.4865767329094368,-1.0379122605577822,0,0.28557628650840144
TK003306,1.945656870505177,0.6851597623127719,0,0.37914885864665937
TK003307,-1.1505531060261818,0.3160912224724435,0,0.2860289468353714
TK003308,0.04434193609048237,1.2720547204609205,0,0.2810524221813687
TK003309,1.1195644715648285,-1.8630898567262542,0,0.2173450018971765
TK003310,0.547861474615143,-2.2717872793206317,0,0.3391398543136841
TK003311,-0.7751902701059881,-0.11307806700090406,0,0.32407416959501145
TK003312,-2.650239926598376,-0.3873602534040065,0,0.3495248335026015
TK003313,-0.11424968298448773,-0.36834882599084134,0,0.2725966527292829
TK003314,1.1305785720589356,-0.4728365683113994,0,0.21114744702269436
TK003315,-0.1623936616158329,0.6816568757269711,0,0.26180839376678977
TK003316,-2.0195857762990417,-0.30439922031594063,0,0.3850611091785745
TK003317,-2.266473022268503,1.2903264312220086,0,0.30547191157348985
TK003318,0.020501066505153622,1.0188831155503884,0,0.20165258802022495
TK003319,2.474770765943174,0.32920333975160276,0,0.20673687494974813
TK003320,-1.3965102431693652,0.39538194759394507,0,0.18475212400905083
TK003321,-1.366793658267655,-0.35540961218151523,0,0.3140811914751243
TK003322,0.8144473650131758,-0.42458263414146,0,0.2648521951547754
TK003323,-0.6370167337697378,-1.5333707758735957,0,0.30418114892527554
TK003324,2.33405998603718,0.06224328792140584,0,0.2410929886765309
TK003325,0.4718447970947867,-1.4930225658804295,0,0.2478151127513153
TK003326,0.40439660909788117,-1.5501885029017597,0,0.15434228824838037
TK003327,0.0840469194272277,-0.7949567644839414,0,0.1725382583344421
TK003328,-1.5256712198239104,0.08791833414882001,0,0.35096151186416225
TK003329,-0.5493021668918696,1.1263233016433887,0,0.2942158945104966
TK003330,-1.008096855028193,1.1830180373945383,0,0.15368955025202016
TK003331,-1.6926960334074745,-0.3297811379463261,0,0.23083405776491359
TK003332,0.8466543464381717,0.5334673378761277,0,0.303598488383791
TK003333,-2.2628806744794443,0.4755762330422528,0,0.28112191492370503
TK003334,-1.2778198945782158,0.6206187167782167,0,0.46428612198436725
TK003335,1.782419297774022,-1.240943171358689,0,0.2173367864273195
TK003336,2.6668613443430007,-0.18092032586536647,1,0.5264716244487067
TK003337,0.1997792655334796,-1.2264399663131156,0,0.2614679335145921
TK003338,0.39684770812213216,0.0591049261708771,0,0.41900900438334726
TK003339,0.05329419580519526,-1.251223557954342,0,0.1495918199137594
TK003340,-0.31767404941725913,-0.04021794815620421,0,0.3059422734660352
TK003341,2.4441774150148285,-0.6909228957815727,0,0.31196896928961215
TK003342,1.422411131417559,-0.6398661306659954,0,0.17221688021281015
TK003343,0.23366262615445513,2.024955994032969,0,0.35228600027373336
TK003344,0.8108493251767753,-0.10457115729819728,0,0.38643700933958863
TK003345,1.95674764221814,1.4089232030100955,0,0.37739537454839805
TK003346,-0.04139120026495618,-0.5597226263895346,0,0.21759161619564832
TK003347,1.5113971575502967,-1.217161210323019,0,0.17645184939909486
TK003348,2.923255926021869,-0.22314911445171873,1,0.5444861764632306
TK003349,-1.28731619779656,2.4375493888230624,0,0.3627653498560204
TK003350,-1.6968905361325126,1.5384779606377943,1,0.5941626026397264
TK003351,0.5681843529079653,-2.092202075449511,0,0.1119071596014728
TK003352,-1.2938294254410287,0.9874943787777344,0,0.30557724266828
TK003353,-1.42929868728477,0.8527998817480079,0,0.37087453544734583
TK003354,1.7416274274144508,-1.192284614174628,0,0.2527069370044961
TK003355,-0.2288701759024657,0.5634875498093534,0,0.4011636730523138
TK003356,-1.245643773625724,0.0648044503027425,0,0.2525329628654771
TK003357,0.9980900057460618,-0.5847172143162448,0,0.27912646189147794
TK003358,0.11049576655182566,0.30512709989429154,0,0.10492378450941771
TK003359,-1.6167371669257737,0.5254541630682581,0,0.2653158680856455
TK003360,0.37682282915041987,-0.7290151387148232,0,0.22192570357281113
TK003361,-1.0725005137893728,0.17432110607754944,0,0.1592695502949213
TK003362,0.5072258599590869,-1.5101948224573143,0,0.28531152193295073
TK003363,0.11014093434016019,-2.674296076531197,0,0.4139975415549894
TK003364,1.2267137620462782,0.5649550231943834,0,0.23947443054528678
TK003365,-1.6136948549023664,-0.17641127993259847,0,0.19774647345468677
TK003366,-0.5296700703146989,1.4787079845517612,0,0.46178457849810733
TK003367,0.8410996387911118,-1.597534980014157,0,0.43188454380593294
TK003368,-0.42047154660997554,-0.10951909117254623,0,0.28600510339694474
TK003369,1.8615311367574745,0.3844900994812603,0,0.3256069572536483
TK003370,1.039761512980509,-0.20093467993292427,0,0.18818619437915898
TK003371,-1.7104978800556758,0.057283799447658705,0,0.3141830227245769
TK003372,1.2313489293825888,0.6299316656693851,0,0.2530687137700808
TK003373,0.838511365741949,-0.9509769754210797,0,0.15064718102588795
TK003374,-0.21737135113979875,1.0659009040352072,0,0.14676458904894277
TK003375,-0.737236889606215,0.807583565207546,0,0.3650452765146742
TK003376,1.5680294199594225,-1.75285220779784,0,0.23321006496203128
TK003377,-0.5749197908332127,-0.9129972651505199,0,0.2403939916912653
TK003378,1.274994169373536,-0.8574781985711393,0,0.1642027019145171
TK003379,-0.5361495542562612,0.7721065847955526,0,0.3800167699860604
TK003380,1.1797118595198695,0.5126488185216445,0,0.2646913102254801
TK003381,-1.4064620027718895,-1.1259478664946871,0,0.31707605055762805
TK003382,1.6742274245084219,-2.1925188555081214,0,0.20310344984114387
TK003383,-1.3151118149885492,0.9526790870048005,0,0.285645108536253
TK003384,1.9224117464536412,-0.2008174726511077,0,0.24499200916826241
TK003385,0.9028558779318084,-1.242628980264653,0,0.24428810017759728
TK003386,-2.314510854299855,0.2216796100962214,0,0.41993633134578423
TK003387,-0.4890482979022965,1.279527071006255,0,0.18305045966467148
TK003388,-0.803920933977953,0.815460882244192,0,0.3888854078762799
TK003389,0.22242886944351822,-1.3965496766876102,0,0.14993721058978532
TK003390,1.2053497739338328,-1.2807272496439512,0,0.22968411024959318
TK003391,-0.11669374402165852,1.6275479961725008,0,0.230316556515528
TK003392,1.9221740541566283,-2.555557118020333,0,0.37428839158687705
TK003393,0.9395522577690677,1.0060205887708094,0,0.22365870121416948
TK003394,0.8743636320592291,-0.9489395494659675,0,0.296046404451306
TK003395,0.6533322872704436,-0.5520655225219413,0,0.2516433184690574
TK003396,2.4181536811816127,0.212306156974983,0,0.3958373506567126
TK003397,-1.2048225125057503,2.2084648802357822,1,0.4941359064693369
TK003398,-1.6764080412555138,-0.42000758916162134,0,0.28470619657764307
TK003399,0.13593211329483149,-2.733546894575252,0,0.2839585292266138
TK003400,-0.7152660829773926,1.6406193204024655,0,0.3456181119687867
TK003401,1.5620067491558163,0.4862846534996811,0,0.2595151293820344
TK003402,-0.9067580094107173,1.1476928040022394,0,0.09925256160023052
TK003403,-0.19729378853249774,-1.4474037971796596,0,0.35058012984318915
TK003404,0.44404750195195514,0.8975264803619395,0,0.32070884027661506
TK003405,-1.8377412113488,-1.0494522057551585,0,0.30692395313019494
TK003406,-1.3903589578247209,1.1287454408938338,0,0.3650288558677952
TK003407,0.6265003926428924,0.7753001859441034,0,0.456448463190254
TK003408,-1.5894050857411572,-0.5060188085762838,0,0.23569919171023745
TK003409,-0.31336309690774883,-1.8354260124714126,0,0.12280464530404472
TK003410,-0.8728986076708196,1.1384526088686735,0,0.20542410361215563
TK003411,-1.4663180990879812,-0.13617351462322563,0,0.17364680342714364
TK003412,-2.3061624020910516,0.8323506280843918,0,0.3516274429106351
TK003413,-0.7169229173900846,0.2814423265047412,0,0.3323431647552988
TK003414,-2.0358031727014696,-0.14028620530775587,0,0.19203654827490374
TK003415,-0.5928335861024805,0.6392489349043016,0,0.16285191771831461
TK003416,-0.20396674982587992,-0.7261910484238412,0,0.22712508039815824
TK003417,0.14069796836563966,0.33679824810879627,0,0.08718428674521964
TK003418,2.332375217737321,0.2992141362999608,0,0.4562831901990196
TK003419,-1.3123321295729429,-0.297040541152796,0,0.15557285123317496
TK003420,-1.7367966200066418,-0.45281148029085055,0,0.31006183998010084
TK003421,0.7947956499472504,-1.2113741409444267,0,0.41522519702083066
TK003422,1.6006891399091443,-0.937240459036983,0,0.1328215684095129
TK003423,0.5766439115890052,-0.44611248298218914,0,0.15260456774224107
TK003424,1.683136247332103,-1.7294229885327868,0,0.1813838117150533
TK003425,0.16343163399468746,-1.3961703283971385,0,0.17790385321869914
TK003426,-3.1208395785506915,1.157013605740783,0,0.37859392561577704
TK003427,-0.5109847347631962,1.4075644606445392,0,0.37280411080060855
TK003428,-1.5811825880860366,2.46384202959191,1,0.43910267740160225
TK003429,0.8629147738971762,-0.9975224245089828,0,0.22376177020744892
TK003430,0.7682053492550761,-0.10013663568733387,0,0.12539778022030634
TK003431,1.6124495498693583,-0.5474465882345184,0,0.19666055483648182
TK003432,0.9450546307120705,0.2013386388744318,0,0.2707962464106464
TK003433,-0.4663367682274802,-1.6638762188799376,0,0.21652179030545843
TK003434,1.9584837629048577,-0.8183080666838854,0,0.25478630349664505
TK003435,-0.1774889079057828,1.095916078142549,0,0.3005367543232143
TK003436,0.46874408095124276,-1.3856517661241978,0,0.28237683071164754
TK003437,-1.152119289611942,-0.6313193779061985,0,0.16414148894105202
TK003438,-0.9856664216279775,0.4842731470803865,0,0.17682301933786798
TK003439,-0.7717973019363007,0.8337661001608795,0,0.2795576984097282
TK003440,1.0901661562532101,-0.6429097328335602,0,0.20393538759280175
TK003441,0.40550867297797016,-1.3358106478527298,0,0.38735570153285204
TK003442,0.448876422874465,0.4352029838640612,0,0.3020152839212703
TK003443,-1.257070629579009,-1.1312858861499695,0,0.19660823528649898
TK003444,2.4690710695203335,-0.015314526275117778,0,0.269676041221844
TK003445,0.19916637968993578,0.24373484450129185,0,0.42238302876494754
TK003446,2.352679918679748,-0.5937783197677405,0,0.17458388506186723
TK003447,-1.9807344390500818,1.5634571026248631,0,0.25203630097170565
TK003448,-0.48975720962795427,0.55692606665277,0,0.34548997502481066
TK003449,0.7808569069581983,0.6247211249395256,0,0.1533909682063096
TK003450,-0.3818986969395761,-1.7822389221617363,0,0.1860150280376021
TK003451,1.2672785427363884,0.3753997982821713,0,0.24955345433223575
TK003452,0.596236509903682,-1.4340484221734182,0,0.3381731076481042
TK003453,-0.9526047678103562,1.8264774350716395,0,0.24307644755254113
TK003454,1.0495894994662478,2.4145613330867315,1,0.6689386349749626
TK003455,0.008509971288917069,-1.2353284436005345,0,0.24024464041024213
TK003456,-2.3789010476376076,0.863771737624159,0,0.305105736231982
TK003457,-1.3764915195819138,2.316787968120039,0,0.27619962065827963
TK003458,-1.9922134648782093,0.5804204206373798,0,0.3182948353566594
TK003459,1.6155481919226578,-1.67485192005736,0,0.24399123755097504
TK003460,-2.0973997568347373,-0.07329586109564193,0,0.3792108477966821
TK003461,0.6126021400372643,0.39824485807492566,0,0.4138829416793286
TK003462,1.6014310720921048,-1.0044912361559357,0,0.32578222877141544
TK003463,-0.3285906614489393,0.033652554237466485,0,0.08554721056846443
TK003464,-0.9481524841452439,-0.9054514511717554,0,0.28090048772782866
TK003465,0.8906376889915466,-0.1756230979445858,0,0.1641205349725716
TK003466,-3.5678113082256613,0.5315277575154151,1,0.5643631450365317
TK003467,-2.2037561741836207,1.2395060569754848,0,0.3492891914939275
TK003468,-1.6308946206066282,0.885422373945914,0,0.3875303529507099
TK003469,-0.6600564784578511,-1.1106826993458156,0,0.2636658129855436
TK003470,-1.8350204401672434,-0.621374963890308,1,0.4804166823689162
TK003471,1.964114349258674,-0.31349008789109223,0,0.23584090169638905
TK003472,-2.059632280180922,1.3745747926505465,0,0.45681310383916507
TK003473,-1.207638630628916,-0.49313024646194037,0,0.3258812400980148
TK003474,0.9593744070962077,0.6648760813015745,0,0.2589350641869655
TK003475,-1.1314953480591714,-0.11755834831437686,0,0.3821017039552183
TK003476,0.09022324688901473,-0.8805214374224093,0,0.1997059534372169
TK003477,-0.6010809864028908,-0.8427186128732523,0,0.2413458711569993
TK003478,-0.3701860961881102,1.0398539010207972,0,0.29999810757416245
TK003479,0.5472053252441451,-1.9571313338441843,0,0.26686560541689086
TK003480,0.003020592158796461,-0.6330077903910939,0,0.21158241224056804
TK003481,-0.08580409041959854,1.4991070765289338,0,0.36953668464853895
TK003482,-0.028662923690100966,-0.0346020085019132,0,0.33912663004795407
TK003483,-1.6515632573915109,1.45476913506953,0,0.25913866005731734
TK003484,1.7318687435315325,-0.11935468062527776,0,0.3920887774486325
TK003485,-0.55621363599866,-0.15386569561695265,0,0.4045960351893726
TK003486,1.296356381721507,-1.2960960274742972,0,0.32585445401107876
TK003487,2.4443882036279114,-1.2598489643697823,0,0.36029325497762715
TK003488,-0.12776405579540934,-0.7206463782636635,0,0.2502203313533524
TK003489,0.20866096623983743,-0.4771841762081676,1,0.4803608070980221
TK003490,-0.7670733156804996,0.05398612329531715,0,0.17088500094555106
TK003491,-0.8819401640169482,-0.8734050738868839,0,0.22970739517880223
TK003492,0.035579393398616245,-0.6201872340870147,0,0.14527413073735973
TK003493,-1.125244472464572,-0.25267011809109174,0,0.2032954553874781
TK003494,0.8262991180142898,-1.1023715384845316,0,0.2705780583238102
TK003495,-2.161909956235314,-0.6032250183916242,1,0.4365883865894609
TK003496,0.21158071054126779,-2.013165339999303,0,0.26871067020894834
TK003497,-1.1264052712076464,0.6061081495212147,0,0.31555265149624734
TK003498,1.8592289166772875,-1.104997884088436,0,0.26183805758760004
TK003499,3.109545938766056,-0.5260835419315804,1,0.5456094018485241
TK003500,-0.26878308417649943,-0.6431042241521803,0,0.2695659582173598
TK003501,-0.3684187887654488,1.6533697978275788,0,0.1438793839357244
TK003502,0.2925124738067132,-0.7424964843566753,0,0.09964757675416251
TK003503,0.4088412156922106,-1.5001089229076303,0,0.2632612438145565
TK003504,-0.38743759932924016,-1.4373839250914575,0,0.24071037654516142
TK003505,0.2839471113658519,-0.7767695469894811,0,0.3981921785061261
TK003506,-0.7660455589071737,-0.10959782941763968,0,0.20093936953898578
TK003507,0.4356577661859062,-0.6897900065481651,0,0.2284693924219683
TK003508,1.9761316879175257,-0.46236742164001055,1,0.49736869912288456
TK003509,2.368421712947677,-1.0466046339487498,0,0.3674197133869831
TK003510,-0.26449104766071213,-0.1810964720195524,0,0.32605140175717745
TK003511,2.3635174938157832,-0.7397083478982118,0,0.23610703731193453
TK003512,0.9164189552334833,0.19008567241866392,0,0.21695477122988063
TK003513,0.5931070017117881,-1.3432175363946888,1,0.5686728039796292
TK003514,-2.042796869303753,1.9335365480284312,0,0.48320207763433026
TK003515,1.0016520268327616,-1.7207834655852579,0,0.23094348033898432
TK003516,0.17160264045583767,-0.6576048444277149,0,0.24908103228838302
TK003517,0.29636262525245444,-0.9737655143550445,0,0.17516090537013923
TK003518,1.393707252454833,1.1916731063701318,0,0.3503738621433052
TK003519,0.3616483915666591,-1.2427815403112015,0,0.2699266656167464
TK003520,1.2774125498962787,-0.5891351311412246,0,0.27128432066752195
TK003521,1.4804166682623265,0.029484048377867365,0,0.17917423267398372
TK003522,-1.2240018155951347,-0.7977166349234761,0,0.20365123855664885
TK003523,-2.045301829892203,2.130480233909092,0,0.18454763768115284
TK003524,2.352122306022744,-0.9285148156861411,0,0.2345012666477005
TK003525,1.0438424476735055,0.5448846553773401,0,0.42269780180770783
TK003526,-1.1019222263302473,0.6087637087214258,0,0.1872885363252252
TK003527,-0.7145498427758393,-1.408080274180319,0,0.3263278651038989
TK003528,-1.6956966277597887,-0.8019392744058055,0,0.35133785752145186
TK003529,-2.287916747580092,1.5759365396479998,0,0.33184715625395866
TK003530,-1.3376922269237608,1.3600385069806749,0,0.21976935485752347
TK003531,-2.1937397063651805,0.13553276771469075,0,0.1684812369701599
TK003532,0.9902844686136218,-1.442424090623782,0,0.30091173854778785
TK003533,0.20866166639357286,-0.6325223675443095,0,0.17529629776031563
TK003534,-1.0692726003294535,2.334929994614513,1,0.5066138481992868
TK003535,-1.4268508395466477,0.5705312834369352,0,0.31803452709096597
TK003536,-0.7652786725472731,0.6515979953690387,0,0.314708526284249
TK003537,-1.1409679485656763,-0.3881641093136118,0,0.17100947088258756
TK003538,0.05407045912478602,-1.005018594929692,1,0.4021356084930709
TK003539,-0.23626918950168743,-0.6729363702950083,0,0.21766110557126434
TK003540,-0.28099564621475775,2.505325155255398,1,0.701534693120951
TK003541,-0.40921827500409286,0.5561604637753405,0,0.15333068568261704
TK003542,-0.6151259896344001,-1.7042854631555853,0,0.22360546191522515
TK003543,0.6283211244972492,-1.310349910070991,0,0.36480111519002245
TK003544,-1.9766908571858288,0.5243322622755725,0,0.2483913080466844
TK003545,1.7920815827757208,0.5008241692686097,0,0.40426070388805374
TK003546,0.4154246055472613,-2.7164607951006476,1,0.4848396256113235
TK003547,-0.03615778380220736,0.7347393898022717,0,0.35459655989172617
TK003548,-2.9127957218170986,0.8697882944587798,0,0.25367498741574246
TK003549,-0.32671588264527524,0.815809552809643,0,0.15533601617258797
TK003550,-0.4408083149472458,-2.2418092743332214,0,0.37368062367143456
TK003551,0.057330786227131406,0.23605162905566984,0,0.19320506163153658
TK003552,-2.273032746889202,0.733603336332666,0,0.20537252594490735
TK003553,-0.365305548372764,1.7055868044080167,0,0.3964749266735486
TK003554,0.5780164366404271,-0.9031010706090147,0,0.33156622556002713
TK003555,0.7341458855041623,-0.7954036287069457,0,0.34388399042327816
TK003556,-0.4486414350674614,-1.9301592839968758,0,0.21930804218265076
TK003557,-0.4796844257959874,-0.29425828162771855,0,0.08668220846304965
TK003558,-0.7511523872672469,0.03300270518210597,0,0.19196455460166112
TK003559,1.6717925314586428,0.7382067606763164,0,0.27634244716310347
TK003560,-0.07368821210257141,1.437723851858876,0,0.3469976542441941
TK003561,1.9527319479121243,0.005443813691410573,0,0.2622036111352568
TK003562,0.19552924238805794,-1.2262982456901736,0,0.09614240135035199
TK003563,2.4226554869523613,-0.7741169680443444,1,0.48119047920359825
TK003564,1.8291151523684093,-1.804900861642509,0,0.2590831397329218
TK003565,0.788200407811618,-0.9198163313133467,0,0.33609244666906646
TK003566,-1.1668715577731066,-1.0672143840511594,0,0.3507716693437021
TK003567,1.2188873878062036,0.9679670184147465,0,0.29911885490011403
TK003568,-1.746024023093619,-0.8061100947847184,0,0.12930106900604868
TK003569,1.9036671688791156,-1.7786571758987784,0,0.34200061766159773
TK003570,-0.9604104862236694,0.7042741932580134,0,0.24630579274172443
TK003571,-1.0627918882344052,-0.8940137351277708,0,0.2694842193180558
TK003572,-0.20902998701315267,0.1083452242263788,0,0.22200625327373075
TK003573,-0.8712619644906078,-1.107353954255273,0,0.16936535329858954
TK003574,-0.346423697828126,-0.2514720609153782,0,0.3385168962485169
TK003575,0.5013885170558359,1.4590511562287682,0,0.16864335853505116
TK003576,0.7856876889867102,-2.4307221347667456,0,0.29342586438916984
TK003577,2.8908348968063913,-1.104623679357348,0,0.26861838248117004
TK003578,-1.8802223659843567,0.43730019937047,0,0.33234383398989353
TK003579,1.1157837225856124,-0.9624479406018143,0,0.21767124745638664
TK003580,1.2348631088011723,-1.9494022024090092,0,0.22067714572439212
TK003581,0.2065652227108321,0.20594699539890057,0,0.2737785728359964
TK003582,-0.35447763065554044,-1.5410880523197148,0,0.2130203615775342
TK003583,1.7962737900305008,-0.11425783288477745,0,0.34702570170540425
TK003584,1.1866696419939802,-1.7610352672519238,0,0.1459498890253913
TK003585,-0.0053777095120352315,0.6778502922434421,0,0.24989738814002102
TK003586,-1.6186476788850708,0.5544907572766063,0,0.36259455283461905
TK003587,1.5852401871734245,-0.6226356231810414,0,0.28628891116118516
TK003588,0.11632210233186,1.2396572137969146,0,0.20874983316085804
TK003589,1.8813292063531324,-0.21505275088437173,0,0.13627391257160754
TK003590,0.390721085578207,0.1552192537494413,0,0.43382305852131575
TK003591,1.8977225354430942,-0.6407965654708933,0,0.29755448140412943
TK003592,0.8426638508008614,1.2943658358422125,0,0.31609125616420786
TK003593,-1.2881547475747455,-0.8671300923422023,0,0.19887546834779818
TK003594,-0.9937361594289289,-0.508695853899254,0,0.2614272392997091
TK003595,0.973208767198218,0.6025699726552483,0,0.3972448094798364
TK003596,-0.08558554523117734,0.023311239972379792,0,0.24940907720113198
TK003597,-0.2692934592363581,-0.47041056897849925,0,0.16020493722978757
TK003598,0.107130034078664,1.283948951426921,0,0.3931323720761765
TK003599,-1.9850503422054144,1.4289373987074412,0,0.26629649056328797
TK003600,-1.0506833505103605,1.530439570300329,0,0.16328005099117188
TK003601,-0.8980298482847641,1.249846537234628,0,0.3634787630861326
TK003602,-1.186759617008918,0.5023373606139154,0,0.22961021273355836
TK003603,-0.3777158632922607,0.8486943149225106,0,0.2092556311044635
TK003604,-2.247017790972913,-0.24599522213177308,0,0.27487260059676805
TK003605,1.0038338731786385,0.27844350090895087,0,0.2531069285183218
TK003606,-1.449684335252279,-1.436084923097251,0,0.20449210513063165
TK003607,3.0473456231904543,-0.627688858207244,1,0.4287028347232378
TK003608,-0.34169866750300826,0.5390007733011741,0,0.23659965714918757
TK003609,-1.1465098873103037,-1.1509377967708916,0,0.17432398359988158
TK003610,-2.2760974685567863,0.8363753685839846,0,0.3237492221367794
TK003611,0.8561254280746987,0.08272158902439346,0,0.31302628170736535
TK003612,1.273893004814393,-0.7603889148251194,0,0.27199467682746636
TK003613,-0.49988438709529354,-1.3596186254487324,0,0.22359670346454888
TK003614,-1.7910568812600705,0.4257021807547889,0,0.15513776363739956
TK003615,1.7142456584684738,-0.8845040841837717,1,0.5615662579627997
TK003616,-2.0561120228217127,0.6888139878631214,1,0.41150610169466084
TK003617,-1.1086404979372981,2.092169718241606,0,0.2988224938512678
TK003618,1.1557933264536013,0.33645085282580345,0,0.29905376747834206
TK003619,-0.5122190513655788,-1.367377695122933,0,0.19300988664402016
TK003620,-0.47489176069539357,0.45327653978255866,0,0.3283258262991017
TK003621,0.11547091699205987,0.9366188229201841,0,0.25728992407168483
TK003622,-0.1804374749143729,0.31626381274032406,1,0.4731742799231807
TK003623,-0.9721928126714796,-0.601049230199008,0,0.1495778787543132
TK003624,-0.9430360424657792,-1.516841864175152,0,0.21772273814718457
TK003625,-0.021051810605053414,0.5602099842236006,0,0.15786698765888446
TK003626,-0.3437025648044152,-0.16777196442647802,0,0.19593850417453207
TK003627,-1.6515572290664955,1.2667710684247182,0,0.43780109256361427
TK003628,-3.4777650777438156,0.46406485163165717,0,0.3801133288680694
TK003629,0.22557151925374652,1.0477903911700763,0,0.20158582998712107
TK003630,0.24029340958570297,-1.6500025405745713,0,0.4402137485640873
TK003631,0.8988680399526459,-1.0008024200667425,0,0.2682386456958936
TK003632,-0.8726215418659046,0.660870386399279,0,0.09437406138280503
TK003633,2.6801580877980085,-1.5558952007024336,0,0.2755794907272141
TK003634,-0.48300800415656936,-0.9933924825833365,0,0.3841160693760936
TK003635,0.5383321695472683,1.024861146997364,0,0.31926283339568007
TK003636,-2.7493777903542678,0.44935668894347824,0,0.2532226371014327
TK003637,-1.153655717057423,-0.18646937265149818,0,0.21903154072585457
TK003638,0.36585964023078904,-1.442800566411248,0,0.18170238187773666
TK003639,1.593950221800845,-1.5814041884589762,0,0.22228428312557114
TK003640,-1.4549994897489114,-0.5791250407567686,0,0.18022483379972074
TK003641,-3.2282116033690924,0.4224955073594748,0,0.3186982456963399
TK003642,2.848194494720948,-1.661943236733151,0,0.3252101232596111
TK003643,-0.6507147066517429,-0.6867287960291016,0,0.190636448097915
TK003644,-1.367946057483695,-0.8000247500129285,0,0.18757058682257943
TK003645,-2.1442701765207683,1.0162552985891493,0,0.3555245507612294
TK003646,-0.2116378539603229,-1.5087089944372523,0,0.2510647333693778
TK003647,0.31822187550361675,0.562190256745051,0,0.2186525862366508
TK003648,2.4366010404124436,-0.8091034231530511,0,0.2816362068200465
TK003649,1.2111475391637554,-3.039837176099777,0,0.3489687002175101
TK003650,1.16198908537438,1.1577537924440882,0,0.18750879259474793
TK003651,1.447118937808436,-2.0050752993091403,0,0.22781620019062904
TK003652,0.6629202140531139,0.9270840172920144,0,0.26587879102975753
TK003653,-0.7285889984658365,0.46808166478921476,0,0.3461470673980791
TK003654,-1.7209451780588063,-0.6000019422822698,0,0.3019009920905404
TK003655,0.03211260215698079,0.9299361537765422,0,0.3324356307615124
TK003656,-0.9935221536038374,0.6239344635376047,0,0.33963771667040266
TK003657,0.05479955236083337,-0.4103676081209387,0,0.2667194961614755
TK003658,-1.2495690180375338,1.8162530602067792,0,0.26621263781804044
TK003659,0.44318091497177026,0.9688922133459992,0,0.15539371375976493
TK003660,-0.922483337014402,0.5836645434907548,0,0.20909076483849817
TK003661,0.935372827660195,-0.49088661209234447,0,0.24046909623617854
TK003662,-1.819155245684819,-0.12820979248636005,0,0.2631673964598794
TK003663,1.3611526029781056,-0.44009036674414365,0,0.27737630345689857
TK003664,-0.6868152343334624,1.4542834675882215,0,0.2222013875194197
TK003665,1.7514497833191442,3.4502029013797815,1,0.5321293711745326
TK003666,-0.03859444846602142,0.14271799474283525,0,0.28111617098418085
TK003667,-0.3992273674637386,1.2647663190826766,0,0.35560790359141065
TK003668,0.9919013075927241,-2.114997367183691,0,0.23701111739566233
TK003669,1.7425808461735257,0.2896829171424143,0,0.36396893541942565
TK003670,-0.808629541396826,2.615904551803558,0,0.2154538498208556
TK003671,-1.3732046219457843,-0.17631484163037944,0,0.1761176440038104
TK003672,2.4439222071875033,-1.8634384511069504,1,0.4951520333395033
TK003673,-0.19134854846677776,0.05616741346891089,0,0.21806991646207147
TK003674,1.552203354228554,3.335995331463712,1,0.37079225385888015
TK003675,-1.6287502192969556,0.936145000005325,0,0.3429624586564358
TK003676,-1.585852733564354,2.711077765690126,0,0.28851158765873974
TK003677,-1.1697159115717206,-0.136122667843283,0,0.2228663593837506
TK003678,-0.7123316975116952,1.6822887369156092,0,0.25180267960219754
TK003679,-2.2646250560669636,0.30013427109678786,0,0.2488817128769783
TK003680,-0.05443989818319482,-0.7862543700601854,0,0.4221854891643879
TK003681,0.9326187563879828,-0.5669384983417273,0,0.2981196637239326
TK003682,1.1186078404874698,-0.27897610592834227,0,0.13616482445808573
TK003683,-2.6096004658596432,-0.5702548331516111,0,0.4357403970176974
TK003684,-0.9572468427866955,-0.36544078671212554,0,0.3120530085142183
TK003685,-0.32794630693973925,-1.0136655196900306,0,0.20420909509197976
TK003686,1.6948358275534674,-2.5020529053659795,0,0.3250019099629341
TK003687,-0.8822961152534617,2.609031275187397,0,0.2393090766613742
TK003688,0.1240931976778036,1.7323656821754772,0,0.27153153303506666
TK003689,0.7876818379808781,-1.700070527082384,0,0.12278154569114724
TK003690,1.1587087434871604,1.0453757306152522,0,0.3151879294634735
TK003691,-0.8288064097617803,1.0847355731518178,0,0.3765686608812904
TK003692,-0.6966843033090041,-0.44931271017183205,0,0.37853823004281356
TK003693,0.5886320074683683,1.417466907646271,0,0.2308713992971003
TK003694,1.7948996125382664,-1.1662772295964445,0,0.14897502501513094
TK003695,0.6535115244735088,1.5284859642092077,0,0.3824220034182241
TK003696,2.2858772289937326,0.16499634079805076,0,0.23788513697198724
TK003697,-1.464869115057876,-0.7885927113603847,0,0.3834356313208837
TK003698,-0.6337155979964446,0.017899418297896343,0,0.21094969585563822
TK003699,-2.1038160926156,0.5689943837626616,0,0.19320731585004353
TK003700,0.27461663110737317,-1.4381315556297267,0,0.26020901485233483
TK003701,1.040870488542226,-0.0592741078959137,0,0.14867542023036448
TK003702,0.13879506923949034,1.446238497057047,0,0.2824311986575599
TK003703,-1.165025908188726,-0.09324403256822551,0,0.4023221762581222
TK003704,0.647105354412524,-1.3405387968810778,0,0.2731986033503641
TK003705,9.227357807178768,8.015991435453557,1,0.5175961358117567
TK003706,-0.7629085933785378,-1.5582137996607641,0,0.25739934958017574
TK003707,1.1181421151141706,-0.37184579484144875,0,0.3834893386195745
TK003708,0.36382197721080717,0.49330242484312053,0,0.2730461362737859
TK003709,-0.07436134973878432,-0.2108640428995908,0,0.28397180952842216
TK003710,1.1258803012756546,-0.6103624043294682,0,0.28851748799620547
TK003711,0.8904555494414247,0.6087599833260607,0,0.20419295034723728
TK003712,2.6217955321832482,-1.1763240437293974,0,0.41784121668940083
TK003713,-0.8057127433394844,2.1289940978441964,1,0.46372314292993233
TK003714,-0.5908370308139724,1.228046981898154,0,0.35554341679003176
TK003715,-0.19647600617261501,0.7117892022654759,0,0.17992268679903242
TK003716,-0.23011585605122983,-0.6730083148906094,0,0.37710836309112306
TK003717,0.9189757348076673,-0.31129380702370757,0,0.13307147833149519
TK003718,0.6330275622876599,0.2558268526745646,0,0.07800372010157997
TK003719,0.7610514243621601,1.2250222671109698,0,0.3237169933351963
TK003720,-0.2546713400217068,0.6343371537011456,1,0.40582174091077017
TK003721,0.4686576648555924,-2.367820586512434,0,0.2805537390105446
TK003722,0.44189848003075627,0.029614145917274,1,0.44672098008235617
TK003723,1.1403221146559424,-2.408225537519959,0,0.3944556631013542
TK003724,-1.367852967101474,0.8908444611299409,0,0.16972302845884218
TK003725,0.36495976249848305,-0.40384609313899017,0,0.3417923846850337
TK003726,1.6559671771813826,-1.3969100182461578,0,0.3109508993104531
TK003727,0.11134351942136991,-0.18924501256842563,0,0.16955098401521884
TK003728,-0.29030576344813985,-1.2123384111221351,0,0.3391185748968161
TK003729,0.564494754656232,-1.2972192384736299,0,0.3687828419476713
TK003730,-0.8727179504167629,1.0953225776998152,0,0.09756810671713192
TK003731,-1.6137991919848547,0.29846799626324044,0,0.36511589573411657
TK003732,2.4258719565551825,-0.528714370230208,0,0.3078216171999075
TK003733,0.025264818916075557,-0.8935304557283529,0,0.186835090044128
TK003734,-2.233436344952393,0.5177546574828842,0,0.2773973718010659
TK003735,-0.22652492905446203,-1.743233880846332,0,0.2427687030052098
TK003736,-0.5562663215488549,-1.8516706737458561,0,0.3728704012587438
TK003737,-0.7939048881672348,-1.6700899932728217,0,0.41167649228630343
TK003738,0.09575657125561146,0.8898250341929079,0,0.4056069841169879
TK003739,-0.8534143637947106,1.7009366134880952,0,0.19459722175068167
TK003740,1.7122904894738915,-1.580620651218716,0,0.46564145799809253
TK003741,-0.9910832916306989,-1.1505965305594736,0,0.3613232500574939
TK003742,-2.2393572141752514,1.1552489428163795,0,0.2732844063390068
TK003743,-1.8969990239037946,1.3985359597541624,0,0.42435820068601604
TK003744,-0.07204248633257411,-0.7536478836670969,0,0.24093416838253642
TK003745,0.098700426764965,-0.15454412168159878,0,0.2401084128719247
TK003746,1.8520688759179307,-0.6709460158857484,0,0.16361499925214024
TK003747,1.4022392914745423,-0.7415960101544303,0,0.19726434725691977
TK003748,0.6711974065569878,-0.7820845567377006,0,0.0798454772560328
TK003749,1.6096299564714385,0.5584559103285207,0,0.2937792351416868
TK003750,-0.5943797235611485,1.1813667005021469,0,0.24376850124066116
TK003751,0.9292983353407818,-1.0536323308422497,1,0.494598226156766
TK003752,0.3843982589451755,-0.6580203266324726,1,0.4856718016318282
TK003753,-1.1321841039822893,-0.5391888672212752,0,0.27817406028315333
TK003754,-0.3356271143677527,-1.537877152137893,0,0.2366075061028874
TK003755,1.8810039651119934,0.4653238034488004,0,0.2981787292752703
TK003756,0.6765845991064915,0.3063235021657804,0,0.2613511203787094
TK003757,1.8041310506251969,-0.1454756233713875,0,0.11786593069390452
TK003758,0.19815509063982722,0.24468536863332496,0,0.18151475576363904
TK003759,-1.738143501096718,1.0761188381149602,0,0.36384066295745643
TK003760,-2.8416380768654705,0.9776364938645388,0,0.31770236277938135
TK003761,-1.2703764420980426,1.5530635827897876,0,0.3588246897612951
TK003762,0.2659221805417373,0.04265394519262024,0,0.23489073052915208
TK003763,-1.3894736021166554,0.8301666276910997,0,0.3074185607655786
TK003764,-1.0178534492324431,0.8583675690816951,0,0.18722740751125588
TK003765,0.9490218548972652,0.7786809909403698,0,0.18921199291994167
TK003766,-0.8570428089644563,1.3711057029985139,0,0.14619550796045505
TK003767,1.2650472474099115,-1.453527563704226,0,0.28052576463715756
TK003768,1.7665876377168155,-2.800731084451528,0,0.3886564743982447
TK003769,-0.33906913309444475,-0.5497457056513347,0,0.4040542019809641
TK003770,2.765042084857714,-0.017040172487673814,0,0.3196903165268544
TK003771,2.285176749097218,-1.680652545167079,0,0.34689942024711834
TK003772,2.1807200784529193,-1.0389591446626296,0,0.22583557396962645
TK003773,0.6717949171571845,0.19864123418391583,0,0.1844855628590157
TK003774,0.14945298270358046,0.08802625775873449,0,0.4563855914495776
TK003775,-2.430955414152505,1.7875460616610768,0,0.2179283716438563
TK003776,-0.1793457258565319,2.3597364132140703,1,0.5038304284065713
TK003777,-1.1382319132288685,-0.450118408190907,0,0.18154762921660988
TK003778,-2.316788835967226,0.6388298576576323,0,0.2530447525631803
TK003779,0.8187501640310242,-0.805714782924528,0,0.1524572970330399
TK003780,-0.4861680559406224,-0.7988642173263205,0,0.2072305294119849
TK003781,1.205891992708425,0.5091936550751008,0,0.24025915634230252
TK003782,-0.24669991797325133,0.6877622014971034,0,0.29668557502863885
TK003783,1.5631231230519416,0.2909825932953245,0,0.3413046278364001
TK003784,-1.238029827025212,0.645030823453991,0,0.3984752123138222
TK003785,-0.3050404783824393,-0.1762492497976339,0,0.1417037593954379
TK003786,1.7094665896168963,-0.634730982074529,0,0.4027503867778798
TK003787,-0.09159561601924057,0.6833111448794793,0,0.3494361838942129
TK003788,-0.034665735332617735,0.1694016777384262,0,0.3449486535712147
TK003789,0.6581295368060637,-1.6409911986590968,0,0.2074110968415677
TK003790,0.11987165824222681,1.1482199852477888,0,0.22332089761009044
TK003791,0.3161969096463531,-1.6455160210461404,0,0.2327205143187972
TK003792,0.4652316829903674,-2.2983125726978906,0,0.3754981093821624
TK003793,1.2398800835341255,0.44615851132877393,0,0.30066201247917224
TK003794,0.7163605832339851,-1.7469469371315933,0,0.47581381858437777
TK003795,1.690305743140971,0.7768725662088563,0,0.36835515803703606
TK003796,-0.49208797649226116,0.16387953690011758,0,0.15220682977029212
TK003797,1.882744264163416,-1.764031174244802,0,0.2510003976989452
TK003798,0.5110615770058028,0.412352726898357,0,0.2975219215257736
TK003799,-0.08600497776855036,-0.09434430711531955,0,0.16426797117813913
TK003800,1.417062074419294,1.1517537461791783,0,0.27311955710739594
TK003801,-2.0740491224647815,1.013626816720044,0,0.18406583407734664
TK003802,-2.1021566123730557,-0.5268974761849816,0,0.28082183688794427
TK003803,0.33453400034669795,0.40302067803191166,0,0.36451537803803924
TK003804,-0.5732552875046265,0.906345408018354,0,0.06245528970502626
TK003805,-0.43830683548446975,1.6664729246387207,0,0.22730606783288393
TK003806,0.9687838690285142,-1.410561840170417,0,0.2609916375600199
TK003807,-1.7610391535795171,-0.5809761829523868,0,0.2005882510514775
TK003808,0.6649534505443265,-0.34739947270973254,0,0.4076525180307562
TK003809,2.1467709246205975,-0.09297955732714452,0,0.3959950040640551
TK003810,1.386210118736206,0.6350347178589985,0,0.1838615675024459
TK003811,0.16934292650591115,-1.0252429361583597,0,0.1434210217585366
TK003812,0.49708905747944,-0.21991093558502292,0,0.23737334756007056
TK003813,1.3405107012659616,-0.11877087970153269,0,0.16455601336144293
TK003814,1.6397796450215756,-1.14099006663334,0,0.23621921961915984
TK003815,0.05417165629195213,-0.32139231048532096,0,0.22506693722663493
TK003816,-0.5062598384298231,-0.48588148557602207,0,0.14471268620781896
TK003817,-0.08659167712003618,-1.2307361688493288,1,0.5592341038768526
TK003818,-1.06309651568248,-0.8978600873120715,0,0.22646177940098156
TK003819,0.38431687047730373,-0.9699125196880192,0,0.21733672971696996
TK003820,-0.6975492146298411,2.0696854608593167,1,0.6126115098559873
TK003821,0.39251939541168396,0.5450143473450245,0,0.25023239760617283
TK003822,-2.165332601828841,2.1445268119724568,0,0.34350524135683397
TK003823,-1.6317680747860182,-0.37920157360244966,0,0.20304543485689408
TK003824,-0.581918086827512,2.1089037107084923,0,0.218615092833523
TK003825,-0.5805688514211201,-1.8838360976886641,1,0.4933438159023832
TK003826,-1.358450330728746,0.48705862379011616,0,0.1396172727353044
TK003827,0.8026436521447828,0.32720890660350516,0,0.3019718492942986
TK003828,1.8550065790613608,-1.2178009325682733,0,0.14328755617391212
TK003829,0.856969047570458,-1.280973736267603,0,0.23732133601165023
TK003830,3.186852584060647,-0.5249665242479149,1,0.5822426013679538
TK003831,1.272096560208573,-0.1280208549252557,0,0.10168001917719421
TK003832,2.7717175720629603,-0.6423821034325603,1,0.5438302179050392
TK003833,-1.206796394874976,1.2357884410029374,0,0.2519004822313743
TK003834,-1.74654927823925,-0.9486074581014895,0,0.2882999166092867
TK003835,-1.3639190265611039,-0.13902309370175386,0,0.30890974291188944
TK003836,1.6215827285923252,-1.8615486839351427,0,0.2615272184378724
TK003837,-0.6737264935752424,0.8088421862090894,0,0.2866085913049716
TK003838,-1.5867971970106163,-0.04662467972269837,0,0.2545919043955548
TK003839,-1.7421330805977915,-0.38522761862148946,0,0.15926633582627284
TK003840,-2.5814063977383124,0.7637078373603751,0,0.3824967892772983
TK003841,0.18429959170425983,0.9255565457365648,0,0.2529383767176439
TK003842,-0.4400008532714184,1.7833236687445715,0,0.41666344980148207
TK003843,-0.7416175393395781,0.5800962452938453,0,0.07053060080177495
TK003844,-3.141231539428227,0.03797076104351583,1,0.5169469437071009
TK003845,0.9113888642438578,0.5554957151026227,0,0.20438058687759533
TK003846,0.13369005350561616,-1.91721406097838,0,0.2385645932690913
TK003847,-0.17538258914245478,-0.7088714312137012,1,0.5967797254951571
TK003848,-0.1733818377694809,-1.833243746374277,0,0.26254317421344386
TK003849,-2.090915281776312,0.7835187194342861,0,0.28873773411484377
TK003850,-0.8537305943666743,-1.230947894675739,0,0.1894274070336141
TK003851,0.21305662078660334,-0.06102252274824258,0,0.13369540807449395
TK003852,0.652019629154891,-2.6613204884267807,0,0.3106702010018275
TK003853,0.15937698691453067,-0.4697578898570799,0,0.3112837352501999
TK003854,-1.5534480454782698,0.6223995297994314,0,0.26539787424419437
TK003855,-0.5234402430418096,-1.5862616799873888,0,0.3098668758283526
TK003856,-0.202328881343543,0.48599151768556254,0,0.28526732541041194
TK003857,1.1497883602635137,-2.8002071427513884,0,0.32066127049771714
TK003858,-1.0756526276991512,0.3899336237020186,0,0.2852548066173529
TK003859,-1.7787818477227781,-0.10665759193054565,0,0.3235101191815659
TK003860,-2.0555161694490627,1.8701286484828976,0,0.2671078224427671
TK003861,0.08528748059964603,0.35743724324740234,0,0.1362362287355685
TK003862,-0.02011221767969211,-0.36399701363848685,0,0.3216976812174134
TK003863,-0.48976416628856584,0.09412651532284784,0,0.18408720413104165
TK003864,3.1846628295358888,-1.16431353374654,0,0.2878597075600611
TK003865,0.22295276765387886,-0.8105916691723468,0,0.15517106044539364
TK003866,0.9139599500911624,-1.6249703420357073,0,0.2079704656037771
TK003867,0.8636650291124272,1.4964649349326202,0,0.4450785974644413
TK003868,1.3652777230250561,-1.0948687081335429,0,0.2569496862791521
TK003869,0.11243736857870695,-1.060027963174802,0,0.120469824171643
TK003870,1.061703173865921,0.3020753538348165,0,0.38283828671620834
TK003871,-1.0967401263485088,0.4988319945662687,0,0.18615673455911771
TK003872,2.563466298641289,-1.2362829856628796,1,0.5056118198502103
TK003873,-0.8461078951576968,0.339708746278475,0,0.1783601380387031
TK003874,0.9296063779824915,-0.2860058956902162,0,0.2270958966014486
TK003875,-1.0949494728093023,-1.06532676858683,1,0.4209407077224234
TK003876,11.75570301231413,13.020781276437912,1,0.5335697105979772
TK003877,1.4431378499499823,-0.8552139184905277,0,0.3656470464815271
TK003878,-0.7050050236889106,1.4450143780265725,1,0.5607687918113583
TK003879,0.062122910266462064,-1.734558263432248,0,0.35858441886970716
TK003880,0.26003639892567904,-0.03848092936439648,0,0.16555183223777975
TK003881,1.3547863094010335,-2.8679465125097114,1,0.44607951692833603
TK003882,2.399041155111099,0.2252836099530109,0,0.4277152907862679
TK003883,1.8419169133482798,-1.256716944762927,0,0.2098486648725767
TK003884,0.9105598385375452,-1.861385839267251,0,0.1296497901106695
TK003885,-0.6316254103750901,0.8532736550329927,0,0.37429732507141567
TK003886,1.2930689090481762,-0.5305912699643719,0,0.2797031437681054
TK003887,-3.2159679339415264,0.5169106521174143,0,0.3497122056769225
TK003888,0.982842670601969,-0.05742614693140855,0,0.14406260754157155
TK003889,0.8354109115443439,0.7856334830137542,0,0.2068898159638561
TK003890,-1.4259835970834331,0.571168370819735,1,0.4887143648717088
TK003891,0.13300156920725617,-1.6802819004027127,0,0.24030484964423846
TK003892,1.5009545773757447,-0.7803397554576198,0,0.1865882048557412
TK003893,0.26550415016274526,-0.9468042104021401,0,0.16764561418951837
TK003894,-0.22708337593790173,0.5751066007106487,0,0.13841072103099727
TK003895,1.9507005543972304,0.16743841073519955,0,0.37719369470542163
TK003896,-0.32903421724924037,0.5167185630503411,0,0.3510329333251777
TK003897,-2.41950414159048,1.4429561828112063,0,0.30929950423968433
TK003898,1.5543138764920261,-1.4747234392248998,0,0.3893659463709058
TK003899,0.36160959029985773,1.1996588473524683,0,0.21457546349053144
TK003900,0.13426149121731354,0.7781189640158636,0,0.30498952127031115
TK003901,-0.225911493631881,-0.8820368366189568,0,0.35001134855027083
TK003902,-0.7092869393952586,-1.2248900605355308,0,0.46748090345417964
TK003903,-0.2971222480439683,-0.22172737086217018,0,0.11627638967626426
TK003904,-0.2741564548411964,-0.003900297802943707,0,0.12801356968653074
TK003905,-1.992767336303593,1.5485604665791564,0,0.319241718696484
TK003906,2.0203972755623427,-2.88960404145993,0,0.27750389059853914
TK003907,-1.4990325469727133,0.7999683036627578,0,0.2626940382347905
TK003908,-1.2053818727901209,-0.31604645213130866,0,0.2373061560008109
TK003909,1.1435951191139162,-2.46140488054903,0,0.23586683046983598
TK003910,2.3475109398127643,-2.08073039863364,0,0.4103694681967039
TK003911,1.7711394054795966,-0.22039757942407517,0,0.42766926271514855
TK003912,0.7292371786602356,0.8026420438442194,1,0.5218126918564141
TK003913,-1.0814036890583052,-0.5199596809833066,1,0.6224921087419707
TK003914,-0.15936145147388053,-0.4023756624540496,0,0.20176039939533036
TK003915,0.09674787422124095,-1.7206588274178929,0,0.1674796991382569
TK003916,-0.0428183674494482,-0.5985269743730058,0,0.26483632058008794
TK003917,-0.8208889562151143,0.3226626210471556,0,0.2684841439873663
TK003918,1.2472038980936075,-1.4064380413817033,0,0.34320572068245775
TK003919,-0.3799391064599939,0.8616419058191261,0,0.29729662642680105
TK003920,0.26451756184284025,1.3063225625996144,0,0.3265342138059356
TK003921,0.254854686000125,0.8974906760749238,0,0.45409732712649
TK003922,-1.4469942696833937,0.7683553938198894,0,0.23070281811485416
TK003923,1.4980228616022777,-2.3147356972609576,0,0.23659925893658962
TK003924,-0.893827954468281,2.0808634725557194,0,0.26690932107311854
TK003925,-0.5708964273410835,0.7034347680319234,0,0.15434349586517213
TK003926,0.12371450965281226,-1.0237718837721597,0,0.34229357359870083
TK003927,2.05217454057294,0.12271348642311165,0,0.19806927813488576
TK003928,0.2006805282459562,-1.5155628502336729,0,0.0778998580350692
TK003929,-0.5164257275995929,0.23596294049282573,0,0.12773036945354918
TK003930,1.153093670427229,-0.7112829360085704,0,0.14362496344678682
TK003931,-1.9917507979353901,-0.4402999789873995,0,0.3439956504528947
TK003932,-0.36218046187566383,-0.521081263052202,0,0.21006035767844572
TK003933,-0.28609019126423146,-1.1819023201302492,0,0.2167482747950174
TK003934,0.3121630854886015,-1.3148989080597626,1,0.3445848442493845
TK003935,-0.7388491826872092,-0.05375901857365633,0,0.29965022920287476
TK003936,-0.7372115521595185,1.097972731737393,1,0.5247190391903013
TK003937,-1.5818537085715707,0.1066263508181188,0,0.11726194492804426
TK003938,-0.1688484530346974,-1.1390703750503746,0,0.2755854753511976
TK003939,-0.6541652489394533,-1.009158869578515,0,0.2218559296145501
TK003940,-1.1896573134405477,-0.8463057149534986,0,0.19075452969475637
TK003941,1.7141383019796477,0.2346340045112788,1,0.6045457457840968
TK003942,0.7015861319281779,0.8843461997488917,0,0.17992016224192134
TK003943,0.7624681494859089,-0.2546134930581491,0,0.4330600256608811
TK003944,0.1220444157156959,1.2779560819994966,0,0.2938839763235574
TK003945,-0.1937167699500829,-0.03789545723724124,0,0.4153197773196813
TK003946,-1.7389738698813042,1.9016117254238236,0,0.2222852169474106
TK003947,-0.2518632893495137,1.4052951708530654,0,0.18214625307191748
TK003948,-1.9428966306155797,-0.27226564558770355,0,0.2045413966427873
TK003949,-1.489862027261696,-0.7986552160408562,0,0.23983903545540072
TK003950,11.688605413757964,10.550906800947866,1,0.4540182674434465
TK003951,-2.023638531663938,0.0740969270016087,0,0.19070459718592736
TK003952,0.3202633366176753,-1.7563886371157136,0,0.21098202008487715
TK003953,1.8272665973804203,0.05142708875884408,0,0.220260786940326
TK003954,-0.346188156786116,-1.1111179787797856,0,0.3585368477750835
TK003955,-3.2429029101827545,-0.1521394380307413,1,0.5059808693602814
TK003956,-0.6093152040518318,1.6784550866863392,0,0.25197669633260955
TK003957,-1.933431519114129,-0.5097003697136743,0,0.353922774804435
TK003958,1.6451428219417183,-2.2690897469565847,0,0.18076145966554463
TK003959,0.22828598129236866,-1.8804918176771208,0,0.26534440848612134
TK003960,-2.9708857520277827,0.16291920936398774,1,0.47185812814923156
TK003961,-1.328798389383877,0.27906713029285946,0,0.22345990981989466
TK003962,-1.3000500344353147,-1.633746959012694,0,0.2428965304004117
TK003963,-1.527320448778234,-0.8590539639704361,0,0.28298911700367163
TK003964,-1.1395306088050519,-0.11435900592081108,0,0.3303883850259681
TK003965,-1.511160146314392,1.9310273731134964,0,0.21841195657939527
TK003966,-0.38862794543039997,-0.4761703179551191,0,0.23144710182819828
TK003967,0.3726664587204108,0.6982514548250869,0,0.2761084833026891
TK003968,-1.2972316539944062,1.7344026085313236,0,0.44302836455034594
TK003969,-1.8268318948460485,0.2122541567302966,1,0.555726592769625
TK003970,0.9835339571734847,-1.5176142445323229,0,0.17469927677531055
TK003971,0.37421796891961684,-1.4269460912233474,0,0.26459795770294736
TK003972,1.4046932280612283,-0.9356164910698739,0,0.1987615885047071
TK003973,-2.0340941634173064,-0.27681726776628635,0,0.2578753109708196
TK003974,0.7106193510872059,0.8186371768654541,0,0.28885172406237725
TK003975,-0.2771093911119962,0.007537003425342227,0,0.11095284852941824
TK003976,-1.4627089432640277,-0.30159687523058354,0,0.22949501878675715
TK003977,-1.199865735834332,-0.5497337253056498,0,0.2525658877652727
TK003978,1.9414716528169962,0.07217328988082089,0,0.11974516665004525
TK003979,-0.40213394924372176,-1.4962587869195219,0,0.1938739310959026
TK003980,1.3892865129486387,1.042901889160731,0,0.4785996065752074
TK003981,0.032186728504686984,-1.0135971328164028,0,0.261871510291591
TK003982,-1.4019739767355075,1.2236288782268732,0,0.3851898146489581
TK003983,0.9837555757945198,-0.2715253817836597,0,0.19829728388095774
TK003984,0.5525601260873493,-1.1215333408480916,0,0.43610157422301243
TK003985,-1.3206832143594731,0.26515639310200706,0,0.2933235309157706
TK003986,1.8512767062536193,-1.4213027916315042,1,0.5375808738530377
TK003987,2.331954743140031,-0.6379410733953246,0,0.24622096932034795
TK003988,0.270704419008125,1.7532181123059951,0,0.33761636821489205
TK003989,0.8253635988009432,-1.9976033897822665,0,0.14335316784179342
TK003990,-1.5953612542207314,0.1794508112728701,0,0.2931589936422855
TK003991,2.380361698060334,-0.2771157572308782,0,0.35495249560389164
TK003992,0.8786491241078126,-2.4235992552487455,0,0.3632537518283156
TK003993,0.5227747539186112,-0.6069307840978865,0,0.3117269922330085
TK003994,0.37536826764093,0.10706762413062366,1,0.5916144700632952
TK003995,0.9655455090444276,0.25292599616727807,0,0.22841620416894143
TK003996,0.7153096069854833,-0.5017654488129983,0,0.31509015417153075
TK003997,0.54826505845076,0.7817186549089277,0,0.1523049877133276
TK003998,2.4068861494518203,-1.7694593890968895,0,0.3213870204592689
TK003999,-0.9825819820295004,0.6855845944580619,0,0.22102801835547264
TK004000,-0.3618172006667621,0.2747779137329523,0,0.12342216835846564
TK004001,0.062259519615922305,-2.128323583122425,1,0.43816373267191194
TK004002,0.8500160501342441,0.5710519084954426,0,0.22978594036868913
TK004003,2.186771688386004,-1.0698959816615898,0,0.2689062415787548
TK004004,-0.34703714922524365,-0.6140825993193914,0,0.34434132614390955
TK004005,-0.4306227036297821,0.5031817339667398,0,0.2528706892189138
TK004006,-1.1353266426317454,1.2305900865331643,0,0.25716078302554385
TK004007,0.010591026618640857,-2.3658630200955924,1,0.381041137405657
TK004008,0.6402450219050078,0.5353435974182412,0,0.24966363714291206
TK004009,-2.731791703930769,1.3649984277293146,0,0.4190140250344863
TK004010,3.000533585542327,-0.3315271454852135,0,0.3921313734581291
TK004011,-0.9808692816246094,0.4147480075341383,0,0.288989200927065
TK004012,-0.3287608771381851,0.20482577574564861,0,0.16017837594116283
TK004013,0.013755633719437312,0.9886227536127921,0,0.14036114555378867
TK004014,-1.4488814634451002,1.464524007969599,0,0.22452987419674747
TK004015,-0.9136358645295821,-0.35284198570196124,0,0.19188264664979254
TK004016,2.8597014734041206,-0.8196916328331465,0,0.3682783850307403
TK004017,2.1874242301532645,-0.6729707233023313,0,0.3704742440615171
TK004018,-0.09106641655356698,0.36241707422309694,0,0.3562019506619784
TK004019,-1.4758239175650287,-0.5318344643553811,0,0.1894406937652799
TK004020,-0.9797671446203925,0.1826328073178855,0,0.317741041117991
TK004021,2.625168823408876,-0.22969068605392498,0,0.3338056326410903
TK004022,-2.045006522467536,2.0337796033807956,1,0.4958505913570981
TK004023,2.142846271372156,-1.2178051433387567,0,0.3423683184444383
TK004024,11.347212986653847,12.293259238383094,1,0.5364898144407884
TK004025,-1.2665504022513367,-0.3199443347108444,0,0.369843522256551
TK004026,-1.2938191682192086,1.934213545394854,1,0.5415092139449404
TK004027,0.8901059366876068,-0.011449464430000533,0,0.15498110632202228
TK004028,-2.1589360108444033,-0.5856966104674737,0,0.2678650712932417
TK004029,-1.511585369566716,-0.1494378804378353,0,0.11527397879635826
TK004030,0.8270991085236422,0.13506840756914823,0,0.2344320582611955
TK004031,1.458907618622995,0.8844309296482904,0,0.24201599300504464
TK004032,-1.4360855886913564,-0.2622309300122978,0,0.24964777367679264
TK004033,1.1664163184481862,0.9793697362291965,0,0.1797726820576669
TK004034,-0.9513821971487361,0.5791316533507799,0,0.24851705588807907
TK004035,1.6861141488934095,-0.22859634898215228,0,0.12404760911379803
TK004036,-0.24825152007423829,0.2318251379346545,0,0.3110723649563469
TK004037,0.2767339203391206,0.3882038118457795,0,0.0600683074030127
TK004038,-0.15697415460422207,-0.9983258160789417,0,0.3058520290824009
TK004039,1.5903372721815827,-2.1635499265377547,0,0.25580137433259686
TK004040,-0.30086376171653023,0.29581052894964716,0,0.17314992516697428
TK004041,-0.07421509342261004,-0.7319196731049853,0,0.2209650541239939
TK004042,0.25051631989986534,1.3253633232283841,0,0.31516390778709913
TK004043,0.8546822487024961,-0.6641432599512728,0,0.15504734740428325
TK004044,-1.346189201642075,2.2873770788858465,0,0.4335708709706994
TK004045,2.009870113502745,-0.5390158689717576,1,0.45574752432192334
TK004046,0.7579184323120037,-0.9674030129757086,0,0.2032646475260683
TK004047,1.3263594826886047,-1.2779937584183139,0,0.17913411900987888
TK004048,-0.6626226206854825,-1.1655539042140153,0,0.21669872295490428
TK004049,0.49656072966397113,-0.855975737621102,0,0.1956349037749957
TK004050,-1.0698951231147373,0.5980465969933335,0,0.26971602651312754
TK004051,-1.5391425085430863,-0.5821450450770375,0,0.3116921879652615
TK004052,-0.24712770070676818,0.822908314474182,0,0.19744834618995938
TK004053,-0.23055276899709698,-1.1428025331830778,0,0.20964480060294852
TK004054,-3.21448691457839,0.8740180669337206,0,0.38693114321010963
TK004055,-0.6409626284817403,0.8946364119121539,0,0.45462766450766573
TK004056,-0.5560433890987151,2.4633803866618207,0,0.24777507742997013
TK004057,2.5300497147048753,-0.9863371221574543,0,0.36231599155106686
TK004058,1.201342563677865,-0.6964149700337078,0,0.3964790909636064
TK004059,-0.05094384840053404,-1.2613764185509457,0,0.17884675452876686
TK004060,-1.723343037005823,0.028499270728204417,0,0.30049795039969357
TK004061,-0.689985921071873,-0.7080030976530376,0,0.40423743283857105
TK004062,2.3168494161475164,-0.8475266622410556,0,0.34426833751861197
TK004063,-1.2486048731691721,0.023421164126292658,0,0.2134132129103505
TK004064,-1.2898398375486786,0.7671898886186304,0,0.18266496104162439
TK004065,-0.7771367314127191,-1.1574929170739388,0,0.1863796084009929
TK004066,-1.2401221156318853,1.8963924417728355,0,0.29371008573414037
TK004067,2.5477221727648773,-0.653945394981804,0,0.2459722484350615
TK004068,-0.21575434103347307,0.02403215487684939,0,0.22640096406768206
TK004069,-0.8591320301715908,-2.1170096014199915,0,0.2533815407796834
TK004070,-0.1520089284909447,-0.00913106229429436,0,0.20351925515960773
TK004071,-0.0985478660930473,1.4758237396813605,0,0.156190733474025
TK004072,1.4734658771409617,-0.15131305888987048,0,0.34581147352704794
TK004073,2.053334885193259,-1.7813108714429853,0,0.1846204920773033
TK004074,0.0629174548936684,-2.098935383819186,0,0.2767207939877183
TK004075,0.8204951586315126,-0.7233961039368547,0,0.13727406143321533
TK004076,0.22896336224913752,-1.2574346551422924,0,0.17334667658181732
TK004077,-0.4205541461688617,-1.306971888714064,0,0.22631483746248277
TK004078,-0.8231709763526475,-1.3606576366909933,0,0.21519265381801508
TK004079,2.0685222468337012,-0.1995495894523732,0,0.32772452688706005
TK004080,1.4127591885865163,-0.7479222892910692,0,0.25496154487462275
TK004081,2.134194469432147,-0.08294508751401214,0,0.3818449156298805
TK004082,-0.3736920509889708,0.4982131437340087,0,0.1002100016608691
TK004083,-2.4206293507660392,0.002038178447689514,0,0.29400594327824014
TK004084,0.9378648519210091,-2.713096457290512,0,0.36948469440731047
TK004085,0.6197775412999617,-1.4909869230506068,0,0.2579067499016017
TK004086,-2.679734264202455,0.9047285575001268,0,0.29486551600643324
TK004087,1.9257301015679,-0.0487454293668904,0,0.42654094859854486
TK004088,0.27213306351939437,1.0922268040533878,0,0.24265701110521898
TK004089,-3.1007921868990946,0.020701627996133724,0,0.25184719140000217
TK004090,-0.17337470941151972,1.4365187742924266,0,0.2390647958606596
TK004091,0.915398103513574,-0.6765325389323614,0,0.21498235447002093
TK004092,-3.105048249648039,0.3206011192124739,0,0.4696818923906533
TK004093,-2.1830332608261624,0.06993075602673943,0,0.40500233888533077
TK004094,0.5400616516024173,0.8465612343361338,0,0.2860258285555607
TK004095,-1.9797599157394372,-0.6229499415742656,0,0.4256948703851355
TK004096,0.48512819019822667,-1.056577241565713,0,0.19970145484892765
TK004097,-0.655220481004793,1.1500452102782202,0,0.15804500800233462
TK004098,1.104908379552072,-0.40040268755538116,0,0.13650754630738626
TK004099,-0.7586074123441768,-0.31661918289151153,0,0.15875442120455716
TK004100,-0.7565410932805056,-0.5058599003139199,0,0.30161058021314124
TK004101,1.6535030957891206,-3.214337964491919,0,0.45335990646857044
TK004102,-0.9290892413720717,0.004970833385964549,0,0.21031959984932452
TK004103,-1.1759893395462093,0.5817711851981021,0,0.24686934051689277
TK004104,-0.9101523893856764,-0.907784470159381,0,0.23176843786506104
TK004105,0.9477540111806609,0.38706386589824787,0,0.190670035526465
TK004106,-1.637784783378213,0.11264219937561946,0,0.2511708382778202
TK004107,-1.113506160864869,-1.2279706226248182,0,0.2641796952759754
TK004108,0.18160696366403783,0.6438985955635451,0,0.10425436389443858
TK004109,-1.9645626933862705,1.680166424797901,0,0.3133312670348082
TK004110,1.2535976974054037,-0.6367624282475436,0,0.17906400344613776
TK004111,0.018764243587314263,-0.10182537304138518,0,0.29674977913749256
TK004112,1.288601494201933,-2.744608843048222,0,0.24631226904388123
TK004113,1.2105380759625288,0.1560443403950459,0,0.20622835062033687
TK004114,-1.5090598187648598,-1.107594181709089,0,0.1362329177889983
TK004115,-0.5450435822851037,0.23986743361706842,0,0.19403083492066403
TK004116,1.130603306472148,1.1962760950623283,1,0.5328164987656427
TK004117,1.2815827739425305,-2.1249525787230956,0,0.16472056830715118
TK004118,-1.9079031459433933,-0.8801017722449442,0,0.3865018141503226
TK004119,-0.7704469728036226,-0.2936978084667704,0,0.2877035629979606
TK004120,0.11399967455349386,-0.34176789349924774,0,0.30568890121370473
TK004121,-1.320765114775906,1.9308377333929019,0,0.20487322026609023
TK004122,9.247541871035402,9.08001244889916,1,0.6811441431206046
TK004123,-1.2533941668051518,0.5185707446638124,0,0.3605930524020016
TK004124,1.8718345390870736,0.16417200009825125,0,0.24884360896621582
TK004125,1.2213313392647,-1.2372399294422955,0,0.20883419170946516
TK004126,0.4921598985989322,-1.736912432418247,0,0.36516685425654105
TK004127,2.2195522532705407,-0.4337617170972595,0,0.4351229907983808
TK004128,-3.0438261106423217,0.17158474072355223,0,0.30616837792807194
TK004129,1.1887857504207493,-1.227784113655634,0,0.2757178576996022
TK004130,-1.1617127301195451,2.388964310681677,0,0.3102047474093967
TK004131,1.4347787840402666,-0.6383367177776526,0,0.21187075106057107
TK004132,-1.2244705166272853,1.6774395802871545,0,0.2807127630318057
TK004133,-0.5260765066519044,0.16108882574556996,0,0.2938769374727439
TK004134,-1.4235343907430273,0.11870547235043415,0,0.281489909388409
TK004135,0.2687768981541753,1.3209543238560204,0,0.17487549871616553
TK004136,1.6927023680557043,-0.3489875665499679,0,0.21565547739892266
TK004137,1.0983522099358547,-0.017457753804404712,0,0.3472178439304434
TK004138,0.06985240912232721,-1.3589220953285805,0,0.3677506936329643
TK004139,-0.5900985312629548,0.10487851907902354,0,0.16982588682029964
TK004140,-0.9833301835733035,1.4816502691855187,0,0.2315666247533687
TK004141,1.92867370052142,0.5446557357292007,1,0.5079365569961337
TK004142,-1.0428098961840333,1.4898695624397935,0,0.2457272221704732
TK004143,-0.06080091078269286,0.6968584130773942,0,0.09190721833292882
TK004144,-1.906643634175063,0.039510044690918227,0,0.4435866496729203
TK004145,-1.115508497321704,0.4137136922453065,0,0.18780694789346078
TK004146,-1.4164111621071207,-0.26414928395895837,0,0.3051325127899134
TK004147,2.007888694913339,-2.441402950287447,0,0.367786558589147
TK004148,2.740741578633908,-1.5045906725390434,0,0.2586845400412707
TK004149,1.2183318732143265,0.6262365197583046,0,0.20466234962406907
TK004150,0.7443812097345845,-1.0288094593380368,0,0.13410429865970094
TK004151,1.1693364362855008,-0.43400677907056745,0,0.4237162055701633
TK004152,1.1996397471826663,-1.423946200888494,0,0.3237123237752174
TK004153,1.310252710176867,-0.8712273015191995,0,0.29005574387477356
TK004154,-0.9431325101873671,-1.0434579211524553,0,0.19322982778619957
TK004155,1.3378675434213227,0.0538663703262535,0,0.39554063260394434
TK004156,-1.4253897022168351,1.4523498784192352,0,0.2573909655238581
TK004157,0.975604448847908,0.9753852786529225,0,0.22169031803848643
TK004158,2.7644771647684907,-0.2576787283284936,1,0.4752159022063846
TK004159,-1.585223152720149,3.091527220948698,0,0.4403429004705964
TK004160,1.6276048142246249,-0.75840111672707,0,0.2543183720422144
TK004161,-0.9878923956058845,0.9275143959573924,0,0.1991173946882902
TK004162,-1.2667971293828917,2.615600495146374,1,0.5162684715189183
TK004163,-1.6616436533195686,-1.3214317571861247,1,0.4544836670420608
TK004164,2.397219761922533,-0.3413403297486571,0,0.3123793250289353
TK004165,-1.4328268583496184,0.6920635115332241,0,0.30292069733079596
TK004166,1.2594140671742868,-1.2815374317275026,0,0.16818477214362235
TK004167,0.5863561168853576,-0.662539396975082,0,0.12965767933884004
TK004168,-1.0944410705001835,-1.4172367240431556,0,0.22085610406295836
TK004169,-0.019798567522969025,1.906038852790214,0,0.47975160560338526
TK004170,-1.7154818341297198,0.6645579614553039,0,0.09722622221357419
TK004171,1.3356026820381857,-0.1259371636468897,0,0.1839269953350041
TK004172,1.4337544097012929,-1.5199509622029732,0,0.32107597793559833
TK004173,-0.6235282539502355,0.3871208462507065,0,0.20189493075931794
TK004174,-0.22499223011272787,-0.06743071527083354,0,0.16773142225626836
TK004175,-0.30680206320498454,-1.1024560725602897,0,0.1567405206875222
TK004176,2.1085052609555177,0.4240064015045857,0,0.3757038676976979
TK004177,0.3364381648874546,1.0172814858410455,0,0.2827600267267598
TK004178,-0.2897596002272822,-0.8348727656022045,1,0.6382442327907509
TK004179,3.1265133232729356,-0.7862749258217525,1,0.47624888080626937
TK004180,2.3179739997277293,-0.4892456852854904,0,0.3471615782666527
TK004181,-0.43674989513095225,-1.2713575050701071,0,0.2938570492088445
TK004182,-0.2612451835639749,1.5174903478615704,0,0.13410353793616678
TK004183,-0.8565556131438281,-0.4252538746500383,0,0.11099490844879575
TK004184,1.7360197940638704,0.156668081317734,0,0.31045033119827514
TK004185,-0.9392786652992542,-0.7818653404209142,0,0.2707223170242965
TK004186,0.3975731811379125,-1.8414473460962528,0,0.15639220329356912
TK004187,2.1210829875945514,-1.076544484261186,0,0.16348962104222134
TK004188,0.2572850850445486,-0.8244836052810602,0,0.1958490082751701
TK004189,-0.16487230884762044,0.30676006490864177,0,0.09967449524182567
TK004190,0.294241532138337,0.05639970323042769,0,0.30705953771580474
TK004191,-1.8829767480442854,-0.5177552006969314,0,0.23974187675777608
TK004192,0.7207435081241712,-0.3884208830056308,0,0.2710410772134032
TK004193,-1.4821116092364117,-0.6323825897905484,0,0.2675523817660198
TK004194,-1.3320459693960458,1.0589478333422853,0,0.4172514039312676
TK004195,-0.10015564435483415,-0.9256914517393183,1,0.49871534996414324
TK004196,-1.400522589514243,2.784529407766689,0,0.32539139916734017
TK004197,1.4212187120595823,-1.5610365159975255,0,0.18921524540560464
TK004198,-0.7677734981852268,0.0987413922394153,0,0.24497612355249798
TK004199,-0.9289305608492089,0.4971057197534911,0,0.25158057352690255
TK004200,-2.691254181722696,-0.1092938023097455,0,0.2985520832606627
TK004201,-0.6932121599624488,1.6263913898596467,0,0.18417685915561474
TK004202,-1.6671175789734087,1.0250635376761676,0,0.3267717121787602
TK004203,0.304937792737263,0.9849778778580771,0,0.2413278752035984
TK004204,2.2154159181453874,-0.7526111324644199,0,0.15859761988337356
TK004205,1.3097820752384772,-1.784518542060417,0,0.26828482285471567
TK004206,1.5059751582687815,1.6221999378688634,1,0.5265494988897783
TK004207,-0.02940433690213064,-1.1795806838008216,0,0.28418127170648233
TK004208,-1.4174313672734322,-0.2446395267774947,0,0.229672018271035
TK004209,0.5158236480824566,-0.6050970550742557,0,0.3454178735672551
TK004210,1.807864463188132,-1.7903082927063876,0,0.2901704045817636
TK004211,-1.1007720307632085,-1.5198760889301735,0,0.3735117880082587
TK004212,0.4065634412086459,0.8202009363552119,0,0.257063524956924
TK004213,0.026968741800903934,-0.540362190989723,0,0.26932448614663856
TK004214,-1.1964848379407322,0.8235203562235013,0,0.3291037138349021
TK004215,2.4611995067094035,-2.0859899828796737,1,0.48445404388782853
TK004216,-1.823240529794879,2.353370810916788,0,0.4192465372480917
TK004217,2.000948178596008,0.6148908254796981,0,0.35261123054066607
TK004218,1.3320831512455669,-1.7966570772677593,0,0.34853982341914064
TK004219,1.6155374989422604,-0.5819856717193075,0,0.27261371023833025
TK004220,-2.7853008446762617,1.8316019444553109,1,0.6401070367833099
TK004221,0.7660822966242575,-0.28256506467264736,0,0.24965691129371154
TK004222,0.30135251915087763,-1.870130443423952,0,0.15518615003094396
TK004223,-2.4365541476496793,-0.02749393731728501,0,0.4259378347752296
TK004224,-2.8809432515914652,0.6803744507232912,0,0.31651261793556407
TK004225,-1.3022910304640307,-1.2589324985696064,0,0.16577003528890943
TK004226,1.0837020949061895,-0.6198015545073987,0,0.2522075395125082
TK004227,-1.9504476164444502,0.579823502418524,0,0.2567774366607628
TK004228,-1.1619475580641414,2.2901471909594426,0,0.20367231888753495
TK004229,-0.9739297313666906,-1.049928081624467,0,0.2448878186527943
TK004230,-0.24871633214336347,1.290277276650882,0,0.203167524704096
TK004231,1.3642604058369845,-0.5738348898857714,0,0.2968208903438646
TK004232,-0.8851094095604415,2.3630313569431354,0,0.466677584638204
TK004233,-0.3615157542686388,-2.190990391954051,0,0.26567703841015267
TK004234,1.9695745576266677,-0.04059016570398729,1,0.436132527922218
TK004235,-0.874140959960749,0.5318652304288161,0,0.14379174401829817
TK004236,-2.5628819884111764,-0.04056252794212077,0,0.3361166388999687
TK004237,1.0526025401917745,1.5707302078694416,1,0.7215164358849633
TK004238,0.7077769493999575,1.588998685449518,1,0.47845120483556114
TK004239,-2.389521393758606,1.7608920346922237,0,0.296797556271
TK004240,2.0616571686468865,-2.0581690383652482,0,0.2864993088380048
TK004241,-0.017304101457843106,-0.43376104697630447,0,0.17580272078017328
TK004242,1.24552013455522,0.360582933102714,0,0.213281324984
TK004243,-0.32082464035981145,2.3881597702865696,0,0.26901055764020754
TK004244,-0.233105308888445,-1.2703001224577197,0,0.24427941056472258
TK004245,-1.3960002003448528,-0.680010846777059,0,0.14993486852363816
TK004246,-0.26617066160369013,0.6395035059994025,0,0.36693888237552247
TK004247,-2.1412880485084296,1.6986920748500163,0,0.30902936171065964
TK004248,3.1066568452506482,-0.2838393454951863,0,0.4267086988138276
TK004249,-0.6870606956031623,-0.4872645684742451,0,0.3839279359316018
TK004250,1.8423292222402101,0.29865389635009604,0,0.2468723846004809
TK004251,1.7864755356266253,-1.2186701033068081,1,0.4836542503912191
TK004252,8.449555958062493,6.306829777892666,0,0.4262943591354703
TK004253,-1.3781739887608884,1.0970937628026576,0,0.3056926973579645
TK004254,2.1897494342366466,-2.5281417289442674,0,0.33276029482988595
TK004255,0.14602126133261076,-1.4333281755706486,0,0.16581291236141416
TK004256,0.6954289399289503,0.4630925751389822,0,0.17878163289372173
TK004257,-1.452672693698183,-0.08548613228876731,0,0.285251296524621
TK004258,-0.3316890693703874,-1.0234003144766024,0,0.1008129095352402
TK004259,-1.6357171845934328,0.6259835981427526,0,0.430253933714031
TK004260,-1.971875628690469,0.40011768168864187,0,0.42741734132559495
TK004261,-0.10266123424665452,0.9929452552408632,0,0.12317124368137984
TK004262,-1.6111255357734804,0.5802576358736796,0,0.25421375019560527
TK004263,-1.3626121075674111,-0.3417958797341055,0,0.13628235231855604
TK004264,-2.692790871819113,1.6400299154251532,0,0.43188261064220457
TK004265,1.9913474975387389,-0.9698911015573684,1,0.5037429878829592
TK004266,-0.8249063907230801,-1.0930680336323466,0,0.1640617238148371
TK004267,-0.23461582654544452,-0.5978954574104258,0,0.21432082337327155
TK004268,-0.6841863119268534,0.40126557654859585,0,0.15800632951674987
TK004269,0.163299809431205,-1.2950747463435974,0,0.29445715607603884
TK004270,-1.0211100615207935,-0.665946606716097,0,0.2911647961642126
TK004271,1.4484353393507903,-0.9433783826776175,0,0.2213404443677224
TK004272,2.0773707342217476,-2.418584990359952,0,0.3982554804999795
TK004273,-0.7303602645949989,0.3387548271267466,0,0.21469911866611818
TK004274,2.129993192890877,0.10420949115424331,0,0.26569856190960717
TK004275,-1.1181696979375668,-0.5681315184661065,0,0.4182971787403246
TK004276,-1.2721239019363642,3.3295562170910817,0,0.43899461123574224
TK004277,0.08920979734390198,0.2647070063019769,0,0.2202587970601462
TK004278,0.1691654219883115,0.5238086678438325,0,0.37948481801343215
TK004279,-1.0485240119878674,-0.4316719466287063,0,0.36477604023087534
TK004280,-0.24666820652448274,0.3842878767855351,0,0.26391161953952497
TK004281,-2.68176349703045,0.8381022056451563,0,0.32590783772564325
TK004282,0.3512695790091632,0.83123760828849,0,0.1608201769616628
TK004283,-0.2327364752928222,0.25935045107984234,0,0.2257423493915005
TK004284,-1.8325289479586993,-0.06614808807418167,0,0.23282381973443084
TK004285,0.25258444406714314,1.5712935950996016,0,0.37627182812456356
TK004286,0.7419262363768252,-0.6639102258150416,0,0.3183802975085601
TK004287,0.4705434074357983,1.1908788851860366,0,0.22249521750658127
TK004288,0.03277279564660508,-0.807230957140233,0,0.2729854246176004
TK004289,1.6275289546675216,0.0244554833996502,0,0.3853471458038286
TK004290,-1.0853213651655467,1.2858137783275683,0,0.45497266135607106
TK004291,0.38561715007453007,-1.9560287315652924,0,0.3704928873181271
TK004292,0.9327416430666773,-0.13675907540531076,0,0.2687500683098502
TK004293,0.9030397363510874,1.8681224453925223,0,0.41299593863925066
TK004294,-0.5880915501533149,1.3787596484016447,0,0.3384389856464981
TK004295,0.8836584396406236,-2.3752301559063627,0,0.31003192886311537
TK004296,-0.7890126255671243,0.38499033072183675,0,0.22909557738839453
TK004297,-2.6271552422987305,1.0490275101689812,0,0.28784254390709757
TK004298,-0.9614292796725955,0.5896484845948025,0,0.2414898876367062
TK004299,-1.4076856103874162,-0.5368288534181352,1,0.4335322688767419
TK004300,-0.25128011211123547,-1.5244358291736706,0,0.4056155370290716
TK004301,-2.1300563648843216,0.7216976676762056,0,0.14366825893237362
TK004302,10.194347381618067,10.918617099915023,1,0.45099401718719345
TK004303,0.8610248821770149,-1.7177601560080034,0,0.41794475491486627
TK004304,-2.5699211706619947,-0.18689781457042196,0,0.22230846178222255
TK004305,-0.6405399239699106,-0.31935192646133514,0,0.18027785223986748
TK004306,-0.9235239273809321,-0.735136484839089,0,0.14942086299671464
TK004307,1.1819110704447289,-1.7491987922188434,0,0.3048456112467703
TK004308,2.247109706815241,-1.2618848611677884,0,0.2792040570876028
TK004309,-0.1874652033370377,1.6534872249363461,0,0.160941680301272
TK004310,-0.5396150822907609,0.8168381675481198,0,0.31802106308311445
TK004311,-0.25050003676131927,1.055768509096609,0,0.21351170761330163
TK004312,-0.5655089403377682,1.080127878191368,0,0.19290050277230653
TK004313,-1.6906526846617633,0.4263824088686978,0,0.2606734607672629
TK004314,-0.17767904281914867,-1.1774250709178324,0,0.19396074893930185
TK004315,0.9652729851894188,0.002522657602989666,1,0.4691535805997567
TK004316,0.765906662314586,-0.9760110562996447,0,0.33548875292114416
TK004317,-0.03278779254498705,0.04625479322629309,0,0.28231602386605775
TK004318,0.37535812840367944,1.6133999018350482,0,0.3829139204421295
TK004319,-1.9878851158783202,0.0020034688206876615,0,0.17487168707033326
TK004320,-0.6542999717278091,-0.9357313268912374,0,0.25765728358093803
TK004321,0.87327419826483,1.253312994668101,0,0.2868471825134017
TK004322,-1.0044400119888577,1.589790382505632,0,0.3184763740230303
TK004323,2.0605002990117955,-0.46895956173298914,0,0.23311571839953743
TK004324,-0.2613543255779732,-1.482964338430502,0,0.33978700194900113
TK004325,-2.233345919200069,1.458219308917823,0,0.2736649052685778
TK004326,-0.9556880096210346,1.8580403018596237,1,0.620296449132718
TK004327,2.348108026384389,-0.4149463128756761,0,0.40272325000883424
TK004328,-0.7367882504069738,1.4133462335373843,0,0.3157795569366687
TK004329,-1.5835785665240512,0.7772509132775246,0,0.16882002481346156
TK004330,0.2967559876776465,-2.147092424511472,0,0.2648947697996836
TK004331,0.9478155699008343,0.16401909192133549,0,0.16968749028451946
TK004332,-1.1219955926805845,1.9143626162573713,0,0.34321163690303746
TK004333,10.389467976600328,10.85185523331533,1,0.494282801709086
TK004334,0.7769681391407568,1.2610829319001964,0,0.3060624453174177
TK004335,0.6141143848253328,-1.45647510373203,0,0.31453851746801587
TK004336,0.4903307428156305,1.3199624452028265,0,0.23616423907620326
TK004337,1.6753761503196256,-1.1469820571278573,0,0.2679761530618181
TK004338,-1.4738848865254428,-0.4540333176927143,0,0.22613209279538876
TK004339,-0.7667484216363961,0.5568077628342444,0,0.33266213437517145
TK004340,0.01470196393596282,0.8917781504032163,0,0.34028098035232224
TK004341,-0.7258618508999111,0.6152900576474807,0,0.203737041103941
TK004342,1.047687293726561,0.24660687332660586,0,0.4385894372743755
TK004343,-1.7822373846152921,-0.4869607119748059,0,0.3537110228715743
TK004344,0.888539351821623,-0.4681777536120512,0,0.26875188296621977
TK004345,-0.04622364413241512,-0.20352797967677563,0,0.17457997134543202
TK004346,-1.777013956362876,0.9875288920145222,0,0.1927244511319012
TK004347,0.7009172714113721,-1.2508609119892564,0,0.20781138010934253
TK004348,2.0431089695584728,-1.9876762177768457,0,0.3295534765924281
TK004349,-0.6595907375647426,-0.3770192119358366,1,0.4594609547877887
TK004350,1.5433813850394678,0.5630119365907955,0,0.25433504048816935
TK004351,-0.27608776246285677,0.2834511489620928,0,0.2900803473160168
TK004352,-1.7716965848608244,0.5577534436379729,0,0.36583544803675555
TK004353,-2.785746458332983,0.040629667853498634,0,0.29282629527225934
TK004354,1.5893421191414379,-1.6965820876135105,0,0.3288101095715983
TK004355,-1.1514866187373447,-0.48331067088705587,0,0.2283819091213022
TK004356,-0.5284888653728671,-0.10883642330227593,0,0.13597947984325898
TK004357,-1.575906062830047,-1.029490271142836,0,0.2909781352272125
TK004358,2.2506844892847897,-0.826028789406734,0,0.3760407136945304
TK004359,1.2954572958844441,-0.8328443587063216,0,0.26932060184232615
TK004360,-1.1074984051749457,1.972824765936865,0,0.3451157111395502
TK004361,-0.773250553678685,0.7457882661133307,0,0.21004477581450523
TK004362,1.129436941786273,0.4761079490646225,0,0.20255706790727795
TK004363,0.40339054933869,0.6087980161438897,0,0.238342960857956
TK004364,2.9717330234641453,-0.05893884019167273,0,0.3557907746422068
TK004365,-1.0874215806932364,0.03384014149438152,0,0.39023825524924916
TK004366,0.09458770782062997,0.4570136252962044,0,0.20182938633687955
TK004367,0.6285061203816938,1.4296723836677678,0,0.19318226130420718
TK004368,0.8941900884289476,0.2919208031189791,0,0.15469013392232323
TK004369,0.5215486883060962,-0.9455431244638861,0,0.36671843569335566
TK004370,0.018917459911704675,0.05416719751936044,0,0.37592386360152236
TK004371,-1.7834626569325673,1.476600544481535,0,0.44375612160474665
TK004372,-1.5530679682165274,0.04990287018800372,0,0.2312667569053117
TK004373,0.6347434146178155,-0.5689475334462862,0,0.21956237915664933
TK004374,-1.847752291547511,1.9494826890284729,0,0.40702350802563
TK004375,-1.1082647800163772,-0.9366628530706069,0,0.4043325123424004
TK004376,-1.5654197265975704,1.6032084825212172,0,0.15756559721151175
TK004377,-1.6327408753091994,2.094986245446811,0,0.2355376593593181
TK004378,-1.348505096791652,-1.3406035895748676,0,0.35550748889266603
TK004379,1.5389325300096155,-0.29867080385600114,0,0.2661794278250159
TK004380,2.1563159745374576,-1.6714935202933499,1,0.5130772252821911
TK004381,0.0014243512128820012,-1.638556519542645,0,0.41324985423030264
TK004382,1.9138848594668076,-0.7237726848940587,0,0.28575040911628435
TK004383,-0.08533699763968321,0.8993690812781914,0,0.30966940619353095
TK004384,0.5978142622917874,0.7301092822650733,0,0.3179753375841752
TK004385,-0.8976332953718787,0.9776923707831362,0,0.2691124809172023
TK004386,0.3417579678095023,-0.6599224155983905,0,0.3204339242802479
TK004387,-0.28179740249894114,1.7189456930950349,0,0.3603006300863623
TK004388,2.000056013064064,0.44443094657808213,0,0.4065873695751815
TK004389,-1.4583401936060207,-1.2549607945967154,0,0.2828782286278269
TK004390,-0.5561872924065561,-1.4680512931257903,0,0.2377068803017695
TK004391,1.878606405600973,-2.221623809513817,0,0.30260392581151613
TK004392,-2.7698303893620193,0.4914487971176277,0,0.3195316213347096
TK004393,0.528819311586839,1.3189775049793302,0,0.15613261473823511
TK004394,-0.12567245147026834,1.5289259337347962,0,0.3015968591792376
TK004395,-2.3623722825971085,0.40236896279143897,0,0.3094167387407179
TK004396,0.9099891428642621,0.1565258400217105,0,0.1978915413978546
TK004397,2.2797772735658937,-1.5382688620487404,0,0.45319667317229106
TK004398,-1.46014068136738,0.5644923044326938,0,0.3359306347384857
TK004399,0.29576051508943657,1.5413592606669957,0,0.3196359913052832
TK004400,1.7356024709799271,0.17405130250615997,0,0.19632993733920442
TK004401,1.590856133559523,-2.0353546838163807,0,0.3065892811995195
TK004402,2.516171818591612,-0.3264189843045026,0,0.34994913755675777
TK004403,-0.2796512792736812,-1.4937062897072708,0,0.2544223811094902
TK004404,0.7060465447575626,0.05101389102976312,0,0.2693945550539734
TK004405,-1.0963596703944578,0.07534403522571372,0,0.25380212703564037
TK004406,-0.8663396848122118,1.36817840234931,0,0.17099450544236733
TK004407,-2.4177713287258964,0.048668228303111204,0,0.27003961153668565
TK004408,-1.509386407442891,0.3557042849851658,0,0.3138672629665578
TK004409,-0.7314725788677956,-1.0112504412261942,0,0.18567755033424269
TK004410,1.5055648818425558,1.3595863430709707,0,0.32992820205974077
TK004411,0.027175465720555306,1.170416957063703,1,0.4336797138371132
TK004412,-0.022636029247867936,1.5398297756218806,0,0.38686753642180816
TK004413,-0.3259951204141611,-0.11823623602107776,0,0.24773424614059308
TK004414,-1.0782810421617492,-1.0279729835861742,0,0.2460719160791107
TK004415,2.0937046741846683,-0.758811570313873,0,0.3813425574867025
TK004416,1.6991469325740882,-0.4659249686787041,0,0.14578889357900052
TK004417,2.1394800941559846,-1.709360358520263,1,0.5770736285677498
TK004418,0.5806953207898133,0.31241397461000436,0,0.2577773131865684
TK004419,1.0197463208166428,0.8531223213654759,0,0.3420172466972664
TK004420,-0.9467961036917047,1.8439830630560927,0,0.4258925891111224
TK004421,1.1287399702934175,-1.3145331639737599,0,0.2684981539915776
TK004422,-1.5038848929084179,1.8811565860949528,0,0.21588332361179433
TK004423,-0.6181537971561175,2.1548313041512057,0,0.23745947494471295
TK004424,-0.6363166938909816,0.8160574954533333,0,0.20517361305906714
TK004425,2.5299211472998735,-0.49185550253316207,0,0.26390137158235244
TK004426,-1.9169188881117414,-0.7315880218245403,0,0.24724057744420344
TK004427,1.15419226801693,-0.095973207616164,0,0.12328689805592652
TK004428,-0.30193847978410554,0.5673931575125561,0,0.2754983627700784
TK004429,0.7496085933371589,0.2805581470489897,0,0.27136707390829284
TK004430,2.088837567563187,-0.17427102559131805,0,0.21649923912455937
TK004431,-1.372525659169426,-0.32072516292603076,0,0.3413535352301112
TK004432,1.419209429371898,-2.0284390372913794,0,0.35994218160467895
TK004433,-2.665999200412732,0.23436267062062888,0,0.18485168847889932
TK004434,-0.18307517859920824,-0.4830707722986649,0,0.26809266420275824
TK004435,-0.7329768882034365,-1.2499470279831342,0,0.22756625034459152
TK004436,1.1891979672747823,0.808910235408859,0,0.2373013884776093
TK004437,-1.068676117562115,1.3885846138979374,0,0.12942719981371975
TK004438,-3.088165750387091,1.2748866361007622,1,0.5345600742579666
TK004439,0.5508942639432918,-0.8038002033293465,0,0.2320256306442653
TK004440,-0.49148639455341,0.20592128790830233,0,0.25668072117150875
TK004441,0.7880752292402269,-1.0531013188432643,0,0.1691750957724479
TK004442,-0.09449241757861392,-0.30337883639292446,0,0.1610863843641637
TK004443,0.3263169706394082,0.6783513562984408,0,0.23483310312473477
TK004444,1.9842011285682335,0.4054503115046031,0,0.21617350235544136
TK004445,-0.0903387605865143,-0.3388454790790806,0,0.2090507297292981
TK004446,0.08970295288612484,-1.1259033782619992,0,0.18007149392792643
TK004447,0.2906002698993855,0.21852909810188345,0,0.2108082428532197
TK004448,0.4926738093471778,-0.6357878170715703,0,0.26728358384641765
TK004449,2.4612943870450352,4.81548354465938,1,0.7002107750635133
TK004450,1.9334740798782188,-0.5801043354550224,0,0.19860616642186157
TK004451,-2.3677536659717275,0.650435896852878,0,0.35632884643910023
TK004452,0.6299492179172843,1.3566927255907035,0,0.3507556884961408
TK004453,1.49774470826592,0.6028365979301794,0,0.30246873095255905
TK004454,2.469702214378747,-0.31133070510419697,0,0.35914214606328043
TK004455,-2.8001599935782293,0.6863112565673044,0,0.4495194968399163
TK004456,0.34150048474605904,-1.8625790379544678,0,0.34060017903490236
TK004457,-0.4678116685903528,0.5491497380115763,0,0.3230834417389177
TK004458,-0.9580563929021603,-0.8530631576405912,0,0.39126235130943243
TK004459,-0.6183500882025423,0.6140875423725691,0,0.1415253749035007
TK004460,0.8598857035458803,0.060833969888612054,0,0.27883569568637595
TK004461,-0.8208314596685766,-0.8590600915545622,0,0.26592032022403417
TK004462,-0.26161241909431837,-2.2605147639767056,0,0.45073865413940195
TK004463,0.13982789231227316,-0.11523398180826686,0,0.20825276533238674
TK004464,0.7186805924281499,-1.2372607265419404,1,0.4612984393852414
TK004465,2.784433308845045,-0.25165729346553545,0,0.33460903248239304
TK004466,0.06004654258015746,-1.9133365374750149,0,0.3120078352291066
TK004467,2.4955556014542966,-0.3331676648512235,0,0.2645771036717711
TK004468,0.06640020262553087,-1.13609785617379,0,0.3776124040929696
TK004469,-1.4908260381727916,3.4822798876858276,1,0.5272295561618385
TK004470,0.9908124529415957,-0.7348668969068578,0,0.37653632814327614
TK004471,-1.356535031606556,0.8579573788668292,0,0.15850614538160815
TK004472,2.1896898092521915,-0.4833040383037194,1,0.5381571475471809
TK004473,1.5333552850198522,-0.44249953505205386,0,0.26441425901995586
TK004474,0.03803736434358017,0.5521576129099626,0,0.2089800635750912
TK004475,-2.0009122283732816,0.4077213557529473,0,0.3447207941951309
TK004476,-1.8081597725310905,1.1905920144712756,1,0.5194998395394348
TK004477,-0.17481746633892067,0.20673802546913844,0,0.27402610976108116
TK004478,-0.9388974208286104,1.7138110509724296,1,0.5226022499216636
TK004479,2.2804095083805573,-0.28266929170349364,0,0.17000430415846737
TK004480,-1.2816575567434605,1.3717066483985987,0,0.29109234691667696
TK004481,-2.775571783079158,0.6026311490414639,0,0.31965973882606313
TK004482,1.7007270138349733,-0.28746527303341357,0,0.22134216929847536
TK004483,-1.5859063227793597,2.2326742105585624,1,0.5005924860807277
TK004484,0.780818573341793,-0.34528379664137887,0,0.23830122793868008
TK004485,0.7479328039245746,0.7992338399698541,0,0.16759697989282885
TK004486,-0.983305516703898,0.7536223778593759,0,0.30030786727328596
TK004487,-1.5810539175590645,1.3541278258391338,0,0.3157464575585379
TK004488,0.6138771213949143,-1.0216446680894768,0,0.13301204944286626
TK004489,1.9767935896597224,0.6462545700553993,0,0.347697640727652
TK004490,-0.16659641674872921,2.2261934010461957,0,0.1617626290278309
TK004491,0.10740976730118593,-1.5207560265320663,0,0.3405389099198701
TK004492,1.624805596612789,0.1677186582266186,0,0.3566793597055607
TK004493,-1.544222725336074,0.4047379616062563,0,0.1367360743331562
TK004494,-0.17332364059355185,-0.6128329560902653,0,0.4265925228146848
TK004495,-1.6790003683033405,-0.15353743386878352,0,0.2765330479580389
TK004496,-0.8482666457186578,1.7301936993402198,0,0.2553053775989338
TK004497,0.5829928939662974,0.3070719435809997,0,0.24866847783680476
TK004498,-0.5191349096479452,-1.1328153634798557,0,0.2893231277721061
TK004499,0.1700784666629707,-0.05882869127938225,1,0.5601702914380662
TK004500,-0.19370946443478285,0.1785424750815405,0,0.2746980412894102
TK004501,0.08248092397526127,-1.641179292357552,0,0.20436203579614226
TK004502,-2.8686179586750424,0.337571679253516,0,0.19779735932325224
TK004503,-0.8177618701418743,0.7666372209344021,0,0.34555962538625873
TK004504,-1.5602880698754034,-0.6344230109087284,0,0.1249449563291039
TK004505,-1.8372839097803928,0.17988553704232804,0,0.3598891535610293
TK004506,-0.497424283158154,0.9975763818391438,0,0.17959999562756276
TK004507,0.804771343476686,-0.7063240518435489,0,0.15966606932027702
TK004508,0.8936600516996802,-2.3000864870135818,0,0.35709458875827044
TK004509,0.16238468615293955,0.418343139205156,0,0.37983267638988655
TK004510,-1.4794377538809926,1.2243884528875615,0,0.26209008818263557
TK004511,-1.407201623147551,1.784763922351188,0,0.1973606238994579
TK004512,0.3360896039898491,0.006951289151202375,0,0.29183055816552206
TK004513,2.568433666983055,-0.2999881213868756,0,0.40552291009559016
TK004514,0.8361463726075703,-0.1429445561510357,0,0.27145896911095774
TK004515,-0.464933308879725,0.5822531106352014,0,0.12588534782831842
TK004516,0.7895957788966432,0.6104515512357789,0,0.2104485970802533
TK004517,0.31545128499273384,1.027094279533313,0,0.32314336925211795
TK004518,-2.7012341893472454,-0.5325810363333418,0,0.21933030959743546
TK004519,0.061205591156494515,0.49576543653286653,0,0.2796746484591629
TK004520,2.034111091862611,-1.2204924262726555,0,0.1977334886437495
TK004521,1.5368833486368294,0.33587429283653814,0,0.17403314331896289
TK004522,1.3661135143564456,0.10588601151583445,0,0.19573627369616237
TK004523,1.2109218429877864,-0.6589273386698223,0,0.0999686177631616
TK004524,-3.1786628049765784,1.3256315789316693,0,0.17550294271733946
TK004525,-2.2820520869724907,-0.2767542197990388,0,0.3053630382923505
TK004526,2.1537808433290118,0.10355239645851842,0,0.21196268998645174
TK004527,-0.9678780523722326,-0.606615102909898,0,0.16902925420188153
TK004528,0.8420232593513569,-1.4462088464302623,0,0.28255737826665805
TK004529,0.1705524792698538,-2.3554549721231064,0,0.45526407991964557
TK004530,1.8796756621274748,-0.18890910228389257,0,0.4070862471335027
TK004531,-1.9953033370577549,-0.0011186525359849347,1,0.46736244406884236
TK004532,1.4661743125282247,-0.46456374428224056,0,0.3110948357026907
TK004533,0.8836883009983717,-1.8162693025437702,0,0.1903948426213278
TK004534,-0.3805062487460594,0.08352313191167485,0,0.23093121159408136
TK004535,1.3614048611317537,0.15309684343065472,0,0.09880385497175002
TK004536,0.7119971327441253,1.045043008302865,0,0.31266196700080867
TK004537,1.013125799971676,-1.0028171624852082,0,0.2055590358703836
TK004538,1.2010079604158195,-0.7719672216250333,0,0.22270412197153078
TK004539,-0.20391816104176833,-0.7536762930649402,0,0.12602019744681542
TK004540,-0.2353330984288852,0.9076370386966064,0,0.2858399425086441
TK004541,2.4028285773222513,-1.9288032271187876,0,0.30886772555092173
TK004542,0.11709658972311177,0.764904026513264,0,0.27913062289897506
TK004543,1.3992818223180323,1.1706671131620796,0,0.2630876789055051
TK004544,0.03470351254316448,-2.7091726868491897,0,0.3098251709481814
TK004545,0.4901698541988507,-1.851524632844847,1,0.46618149409913423
TK004546,1.724710396955272,-1.638801413244843,1,0.5057767596582581
TK004547,1.020821536553087,-1.7333476482247472,0,0.1888484237443423
TK004548,2.458795073141361,-0.6160040234799747,0,0.27212999203929983
TK004549,2.322020004891003,-0.25145455967596514,0,0.28989862711923375
TK004550,1.4604930617549734,0.737531952320061,0,0.24979388906154007
TK004551,-1.1613941296716697,1.443911286660565,0,0.36586309455653415
TK004552,-1.7827673299885973,0.2942285594897757,0,0.19524606687557355
TK004553,0.853215676999304,-0.6091104286134719,0,0.2710524696966671
TK004554,-0.9524472011246393,1.2614123479689348,0,0.18785978541982667
TK004555,0.0549067887803849,0.15285701087330347,0,0.054444287984552545
TK004556,-2.0365837842757317,1.157483322149188,0,0.2138215133707829
TK004557,0.09299033481910093,-2.0878409958758675,0,0.29527572585945094
TK004558,0.4382697015064409,0.9042789087061789,0,0.23305692233027972
TK004559,-1.6390426192387082,-0.3613732586353,0,0.20240243836839694
TK004560,0.6126878343879343,0.38052444691051807,1,0.43358136768030453
TK004561,0.978017122643509,-0.16698182292901262,1,0.5285212522372769
TK004562,-1.101223785349544,-0.5622775046210466,0,0.15958674338444248
TK004563,-0.3511377437539772,-1.4076019229600198,0,0.3888355519888818
TK004564,-1.861594623580936,-1.0542345662049373,1,0.5411458181807771
TK004565,2.8277541794803804,0.18786457361036737,0,0.34938284631110883
TK004566,-2.168949833633211,-0.6377916835470459,0,0.24679897328588515
TK004567,2.134587955954347,-1.329969248509099,0,0.27203232059518534
TK004568,2.480105100266,-1.0550735137387193,0,0.21864608281008246
TK004569,-2.7563453738884323,0.04450190653435795,0,0.3922743993824216
TK004570,0.003770812852765648,1.5603837933097837,0,0.2657695196521752
TK004571,-1.7169550373787188,-0.4634821778717203,0,0.2540701873948192
TK004572,-1.8911608082647626,-1.1341597204744975,0,0.3227542844162071
TK004573,-0.06572748457243455,0.2649320335842833,0,0.09985151043698975
TK004574,-1.469991864531957,0.14525371689716543,0,0.31042106932923
TK004575,-1.0193428392514072,0.6987001579443286,0,0.13720191817053565
TK004576,-0.08348659556672416,-0.1530337182005259,0,0.1675069954945261
TK004577,-0.1676244382208878,-1.2294435837667168,0,0.12958165621339565
TK004578,-0.97200922697322,0.8655818585465295,0,0.2495650674739815
TK004579,1.4244863829310368,0.03452372210296,0,0.3912668128793687
TK004580,-0.5864081885418903,0.3829958720051224,0,0.25252280545151945
TK004581,-0.9830740735287953,-0.45476435831208234,0,0.2112412249949214
TK004582,0.20422721243997355,-1.647739425715706,0,0.42997490952903983
TK004583,0.6491664335278851,-0.6541187509759543,0,0.08504950055153333
TK004584,1.8277201718807783,0.19674349808806665,0,0.3164038396486315
TK004585,0.9723973932982458,-0.21035526673244426,0,0.1282285180096874
TK004586,-1.09678040860003,-0.6248938109219858,0,0.4184841790664249
TK004587,-2.0967203013846425,1.8981558626059067,0,0.29353243648132277
TK004588,-1.9068479180760247,0.29360106322312257,0,0.15896944113792255
TK004589,-0.6771538544942273,0.802915822877436,0,0.35059651391890584
TK004590,0.04038752825215554,-1.000761338532339,0,0.32386154556442065
TK004591,1.1001678698795994,-0.684440225418384,0,0.27305469564589857
TK004592,2.5787566089319736,-0.5232336724268027,0,0.21222024617299304
TK004593,-0.22456127770238976,-0.29148543057272386,0,0.27362716277155746
TK004594,1.0601057918717112,-0.47153003681309313,0,0.17277375295399974
TK004595,-1.5986784116813562,1.305415576911172,0,0.18427815158836203
TK004596,-0.5822847636527937,1.2611635959698333,0,0.21388519592323815
TK004597,0.36268606714253643,1.0876371462097805,0,0.26244794491712076
TK004598,4.076425798942419,5.006886312797461,1,0.49642381641224465
TK004599,1.5228802770451035,-1.022291492410809,0,0.27484412859599505
TK004600,-1.7113599379649314,0.2618713191662034,0,0.4058744217258774
TK004601,-1.9601656890357801,-0.17408052848129763,0,0.3594866554088615
TK004602,-2.5667558711728353,1.5849930350222947,0,0.37662289199681437
TK004603,0.3958349174070213,-0.8081055604443251,0,0.4401479431101896
TK004604,0.3906804281357372,-1.2775124035965908,0,0.17068991915350676
TK004605,-1.6574582053747793,1.5210635064157743,0,0.4045523306348947
TK004606,1.075685503043995,-0.8030862944043111,0,0.10245772982047495
TK004607,-0.27966428874483445,-0.21281753548336851,0,0.264178103527886
TK004608,-2.0953051085409715,0.6507557861692307,0,0.19346450032238308
TK004609,1.2048253497517436,0.21934605363748566,0,0.1791618143937455
TK004610,-0.6329639239042498,1.0546212769188028,0,0.20401062524089217
TK004611,1.2729070086661511,-0.029857636736779634,0,0.24490457381786296
TK004612,-1.7627684366739131,0.6301352683065132,0,0.33823576343666606
TK004613,-1.7240228110233284,0.7202134845614419,0,0.2141775114266165
TK004614,-1.291526002970301,0.11076225018706158,0,0.39871802703287645
TK004615,0.47875778457109197,-0.14082999984158867,0,0.2469500006905833
TK004616,-0.19619133997118857,-0.9708305156620061,0,0.31417224666467086
TK004617,-0.30839707422655466,1.2739161434226984,0,0.19649802448757137
TK004618,-0.9732366876030185,1.011233736037077,0,0.2072469120749811
TK004619,0.9058308943971776,-1.9012476704745978,0,0.15602206865277496
TK004620,-0.8800793860852223,-1.2484206003314344,0,0.24907619476160656
TK004621,-2.033307098801506,-0.9994645443710977,0,0.35708028454704127
TK004622,1.4770707238988978,0.2476889231944373,0,0.23508350950180393
TK004623,0.24976301699059641,-1.7745850068355853,0,0.2528327828068138
TK004624,0.34712614988388263,0.4116650883095791,0,0.2961420689327028
TK004625,0.005674837218159503,-0.7311662511396166,0,0.17631776159249019
TK004626,0.7893837744293511,0.35647161626147517,0,0.3540097671894617
TK004627,-0.40220708027354435,-0.9283846330293585,0,0.08086477767164241
TK004628,-0.06153162224670717,1.166072302685808,0,0.18260763285579357
TK004629,1.9855102861783192,0.5481330731164684,0,0.27196106671729103
TK004630,0.6960726180190124,-1.574812043417323,0,0.23092501902600415
TK004631,-1.5962664669433815,0.24387026409291823,0,0.289680855728378
TK004632,1.0490183037710772,-0.36472757813996526,0,0.20975854785807554
TK004633,1.535567986048671,-2.0338779684986465,0,0.29709260648135283
TK004634,-1.1827796435841895,-1.3501828623146728,0,0.2752564871088298
TK004635,-1.8142419194769603,1.1091738444585224,1,0.46130673830968844
TK004636,1.657169782188966,0.33164268903507177,0,0.2754002500978109
TK004637,0.9036254131188206,-1.5121199072840532,0,0.26340991436605643
TK004638,1.5938859502359266,0.5128929737713601,0,0.35203936507237643
TK004639,0.6262826595993708,-1.037962778906858,0,0.28306262540370297
TK004640,-0.11851310479853891,1.9919864241129048,0,0.26846202447698436
TK004641,-0.37429165959035793,1.6242869013648997,0,0.2766649108982985
TK004642,0.6266141018238905,-1.697055520749805,0,0.25061676284170303
TK004643,-0.6775415064375622,0.7358500518136445,0,0.22503727907315613
TK004644,-0.6497330661806222,-1.3088534034719326,1,0.4791266270829996
TK004645,-1.1227891598954676,-0.6218525439036034,0,0.19452204584250637
TK004646,1.5259291862497668,-1.5993807005389877,0,0.19377374636990935
TK004647,0.21724740843234083,-0.3973481396058292,0,0.17968466036462943
TK004648,-1.7227972544908907,0.1021077530645127,0,0.3754500527069179
TK004649,0.091258867581113,2.2844615072174457,0,0.3691196843521314
TK004650,-1.6538994712861883,1.9095440012613114,0,0.21938251714588564
TK004651,-1.3050240482711697,0.9117997644956005,0,0.21619414370658532
TK004652,-0.8028733981837084,-0.7110518187936401,0,0.3385908047886217
TK004653,-1.4991355160304058,1.0669392076979394,0,0.2720238151148737
TK004654,1.0045622000403545,-1.973434013503213,0,0.1619794191429138
TK004655,1.4192764235897033,1.3646107702968158,1,0.5327525619301136
TK004656,2.4720586217329474,-1.799675891071029,0,0.38492681013350394
TK004657,-1.2689279636331479,0.24472249811366598,0,0.2774369970494901
TK004658,-0.0469656828634069,-1.735936099923878,0,0.17241357027652043
TK004659,-1.8015122451745504,-0.46536780831651003,0,0.21178150144696445
TK004660,-1.2046747021571205,0.34816699592018086,0,0.23950201405422739
TK004661,3.175797408857006,-0.7720377386927253,1,0.48713653347041175
TK004662,1.5521776014320474,-0.21306348250841742,0,0.18697392825030063
TK004663,-0.9348984195267317,-0.5202398205162371,0,0.10909269485321492
TK004664,2.056262741496546,-0.07830703333474172,0,0.4178617141973565
TK004665,-0.8346653338854212,0.6095759772423727,0,0.3067511530577941
TK004666,-0.8203378390909354,0.45054116668062183,0,0.26461013468060285
TK004667,1.7734827117425345,0.9474910866063746,0,0.436513711684519
TK004668,-2.045768659379746,0.6228586940952506,1,0.4791433564730757
TK004669,0.21899886667627544,-2.3157875514398176,0,0.4477730130155447
TK004670,0.45111237187156217,0.9878391651902771,0,0.30689068684713644
TK004671,-1.1246264419370815,0.794543407044286,0,0.1664934097244763
TK004672,-1.5666773746067364,-0.2219693734255995,0,0.2712579431920772
TK004673,-0.5698157232872806,1.5182952404212167,0,0.19375372147641332
TK004674,-1.6035756643014472,0.6946802308069266,0,0.22371322105871516
TK004675,1.6632841488686345,-0.9806912041851208,0,0.3156764792623401
TK004676,-0.3603802699055904,0.29913816062499893,0,0.19358130018854072
TK004677,0.04975566304658933,-1.1033327092040839,0,0.31489206859388746
TK004678,1.887692731689588,-2.150427938676742,0,0.217419839964176
TK004679,1.1970884112186932,-0.41118840488943176,0,0.28670372051719134
TK004680,-1.2676025046047634,-0.2432247965828064,0,0.3808504158327384
TK004681,0.9044424113806501,-1.0475183518692766,0,0.2528118076133552
TK004682,-1.8331287360679276,0.02877072829156283,0,0.2165478079589812
TK004683,-1.3748523210891355,0.11127993560030357,0,0.14768404705104424
TK004684,-1.6551637255999414,0.6634929739374457,0,0.20502381978596826
TK004685,1.326826015002626,-1.9010452053744915,0,0.29809777596162496
TK004686,1.5830442538664955,-0.178469376301479,0,0.3676481565615954
TK004687,-0.32475959323099496,1.8219257895893801,0,0.14465133887819775
TK004688,-0.17334357977948597,0.046723111589987605,0,0.260204660350022
TK004689,-1.400137918313004,0.2115955803889175,0,0.20959832177026708
TK004690,0.05398385331680529,-1.5858839780675333,0,0.3225607047625489
TK004691,-1.944241840336883,-0.5118154568297665,0,0.3427153300717273
TK004692,-0.4188506301939669,0.13505270209340184,0,0.28920712621557343
TK004693,0.3761087246419353,1.2198650933496993,0,0.2872293417459436
TK004694,0.18956866434799657,-1.9982239002593942,0,0.35133540577192446
TK004695,-2.535981916948239,-0.2801115381731173,0,0.22723130742102446
TK004696,-1.0608325116243886,-0.41599084452471347,0,0.2498773641451022
TK004697,0.8116805723775812,0.32859477231227197,1,0.8139342003190109
TK004698,-0.09951385228892676,-1.4079169423346642,0,0.23057597545101752
TK004699,-0.09054766775932677,1.6492060595884326,0,0.2558784600439334
TK004700,0.7148718776012787,-0.11084295021368647,0,0.25584000570863424
TK004701,0.11090205631775768,-1.0570638671101749,0,0.38097143443268267
TK004702,2.3229365091854177,-0.887475632754053,0,0.24538712712832095
TK004703,-0.3562041148644261,0.3600811006409501,0,0.26429152417975094
TK004704,-0.771094667234427,0.6053009092067891,0,0.34529947451807497
TK004705,-0.26284162913251724,-1.214602669148691,0,0.293136725941843
TK004706,1.3855418953533014,-0.4117895336588174,0,0.3606880698091948
TK004707,-1.4994778152162025,1.0501074992249617,0,0.2768802644939153
TK004708,-1.044263597275245,1.8029822767681416,0,0.2187201844137982
TK004709,-0.014408452847488446,-0.6282217515698683,0,0.23364307325859557
TK004710,2.308076624262601,-1.313370484503213,0,0.41444172727044704
TK004711,-1.4257612446178838,0.044375102825705524,0,0.17172611331155907
TK004712,-1.0859581075533862,1.4318659099125832,0,0.4254566776648143
TK004713,0.3051385004571358,0.607633092846093,0,0.2471785612615069
TK004714,0.08345093829712755,1.271176786784897,0,0.25710410803493733
TK004715,0.8566651103070159,-0.18033396722072967,0,0.2891877676535739
TK004716,0.026868635058806482,-0.9771141625465828,0,0.14714086144003144
TK004717,-0.7889205083427029,1.4163081296261273,0,0.33187326636587927
TK004718,1.5057708892295256,-0.9917801656851637,0,0.19350283034207302
TK004719,-1.8508702377244894,-0.12611097838113777,0,0.24164433852670636
TK004720,-2.922962029430667,1.3612184302560597,0,0.28073015366043125
TK004721,0.5565830018204716,1.4321263214619488,0,0.33402759498622003
TK004722,1.571095304047527,-0.15619912642023945,0,0.23378042757482298
TK004723,1.4260688029411455,-0.29910547580851027,0,0.2037441547476864
TK004724,-0.20411229813345783,-1.722977518733342,0,0.37146405384446374
TK004725,-0.5187064219855666,-1.7038778445461198,0,0.18990006879455645
TK004726,1.102209922135697,-1.8159329735523435,0,0.3236573447567184
TK004727,-1.4584569589208012,-0.24582840759023308,0,0.26450821772813443
TK004728,1.6768922469092802,-0.9444909125454767,0,0.3272652726482963
TK004729,-1.7912784491428948,1.1879385895143093,0,0.13983741623891155
TK004730,-0.6130765085759852,-1.1876987162479793,0,0.36194908446992474
TK004731,-1.6853522737595263,0.3866507282919341,0,0.33328479170617287
TK004732,2.7490669009509574,-0.4133365565501476,0,0.32173713822752115
TK004733,1.5327754794422523,-0.6845597557871058,0,0.21211848924907245
TK004734,-2.3547027643659173,0.07557269926386599,0,0.13950125734249116
TK004735,-0.42596424641533626,-1.9271611557800634,0,0.28318701250152123
TK004736,-1.2077018231842536,-0.07263617728550398,1,0.5106431255706407
TK004737,-0.7728403362588798,2.358390754783971,0,0.27727525880426973
TK004738,1.3104491510499745,-1.8892726379668414,0,0.17836640442137203
TK004739,-0.20578770980128272,-0.9168895251975574,0,0.1454590658722949
TK004740,1.6381940537988813,-0.7204028578440308,0,0.3350631949647974
TK004741,1.7740683107684072,-0.43186553082504714,0,0.12104160592705802
TK004742,-1.6955238319287962,0.705163032269907,0,0.2156753124485345
TK004743,-0.020386221658132184,1.5571791802080936,0,0.2459896445225779
TK004744,-1.718576533714455,-0.8999275909613177,0,0.40095031051969177
TK004745,1.223682029926542,-0.9007681106941888,1,0.5317666701228578
TK004746,-1.5430796804210556,-0.5485651012186765,0,0.05321575597593799
TK004747,-1.2499323597697876,-1.2042227284493814,0,0.2719696735267877
TK004748,-1.8868453414010042,-0.4825447204353037,0,0.22081297343683537
TK004749,1.1614346814421692,-3.27327946029149,0,0.3265483296302333
TK004750,1.0718919057375533,-0.5534498955262767,0,0.2409051470067995
TK004751,-2.3596602519532293,1.757567569385545,0,0.29713317254572075
TK004752,1.0772909587245,-1.9395861255210352,0,0.18583395785761378
TK004753,0.056925049834651596,1.4832311533018294,0,0.34089981540964803
TK004754,-0.1883199235564437,2.9822001326869634,0,0.3954665963345952
TK004755,-2.09440323937932,0.9180821621600845,0,0.2856948654960521
TK004756,0.05953556290410239,-2.4302371290891047,0,0.3450915849697452
TK004757,0.3373581046882303,-1.9791025398719726,0,0.31107040850822176
TK004758,-1.245699778820255,-1.4288056743537807,0,0.30211839071437147
TK004759,-0.5287091111867734,1.2593601741910716,0,0.11423387783743183
TK004760,0.3174243792536415,-2.3632332115943018,0,0.27181739658187104
TK004761,-1.5553546677610952,1.8373396096918597,0,0.19154516319829723
TK004762,-1.272017728641977,1.8233834046015456,0,0.2513215571373831
TK004763,-0.2701965285063576,-1.1102486101728646,0,0.32778634129454143
TK004764,-2.945743244610653,1.0510126785449463,0,0.36361391700475487
TK004765,-0.5144718105321537,0.9108661499565053,0,0.24037115388271368
TK004766,-0.7911476196675696,0.6604062708553436,0,0.3007691478318051
TK004767,0.5744204804904063,-1.3701915562746088,0,0.26256141653220644
TK004768,-0.01170293185996907,-1.4134394152630316,0,0.15860757561880837
TK004769,0.154615901718199,0.5701498024562999,1,0.5347995390866983
TK004770,-2.2292261226594117,1.4279026826249739,0,0.18931477455946305
TK004771,-0.2063390138728012,-0.34268555125387745,0,0.1453141456325297
TK004772,-0.7131377134009191,1.2503064080627826,0,0.167601125309189
TK004773,-1.4439106101609183,0.7164367488321091,0,0.25771990350718676
TK004774,-2.2378119950761888,-0.5844851305473782,0,0.19067961135621525
TK004775,-0.6108929408726721,1.4034068891270357,0,0.2406476947476218
TK004776,0.5094228012985347,-0.40097261815578833,0,0.3744368668400336
TK004777,1.8945540196392492,0.276183363279245,0,0.2674646431822932
TK004778,-0.24750653723477972,-1.4951656277382186,0,0.25641703347355865
TK004779,0.5187822243001873,-0.9763435240964968,0,0.23250368445502487
TK004780,-0.3456222721206939,1.0493316678637254,0,0.17056960545237243
TK004781,-1.5409486926102856,1.074625814142713,0,0.2685835308253123
TK004782,1.100863283595666,-1.8772222126125895,0,0.2864059466710842
TK004783,0.794135281798009,1.194840994892818,0,0.3697599133854723
TK004784,-0.493269227046203,-0.9597033916801551,0,0.31600995903884394
TK004785,-1.076742674017282,1.5766067165265398,0,0.3001662538734603
TK004786,0.48064785490930434,-2.200985509829611,0,0.2763857221451713
TK004787,0.46659679050932396,-0.10391134445894265,0,0.2681739668087577
TK004788,0.375476815346955,-0.773600227616008,0,0.16649697325750523
TK004789,-0.6283347649539848,1.573240255276701,0,0.3133860853790596
TK004790,1.0934418566442308,0.9978480985399167,0,0.21078162025598332
TK004791,0.8918516081818632,-0.15848327120042607,0,0.25267084849481436
TK004792,1.052799640849869,-0.7363834932750054,0,0.31928591651980665
TK004793,-0.8204077289020297,2.4363410582170655,1,0.5852710887323023
TK004794,0.46429527668492737,0.1123387478693181,0,0.35280745940511504
TK004795,-0.4329167098005782,1.7923312178925421,0,0.2674313756959891
TK004796,-1.9646808570987968,2.238643504730774,0,0.2961449428294406
TK004797,0.7632055462787628,-2.4150456660611743,0,0.1987489453212163
TK004798,0.710878006803174,0.7913522562285741,0,0.22666327592010835
TK004799,0.022642375544884553,-1.0185013562738656,0,0.27448837042849916
TK004800,0.5690360308749646,0.3365089504165424,0,0.32351787487499245
TK004801,-0.5596581190584248,-0.6753713701919956,0,0.20797984411304174
TK004802,0.7661833234424779,-1.5997806826576717,0,0.2560812426621324
TK004803,1.8185887632030162,-1.4208125364835806,0,0.29131537880114183
TK004804,2.8784151996409255,-0.2081087214610867,1,0.5621767801854456
TK004805,5.047110685055514,7.454111908744298,1,0.5052413922024415
TK004806,0.3327629931617914,0.5166600154412725,0,0.4507501421477946
TK004807,0.46840067318461376,-1.577604052878119,0,0.2929702242431475
TK004808,-0.8460198077214724,-0.6821090168376052,0,0.19581571048546326
TK004809,-0.3047431790448882,0.25705834139249467,0,0.18368169783829505
TK004810,0.5459856528245292,-0.11007407188801437,0,0.22899445896820378
TK004811,-1.2610263295726452,-0.5165850482833855,0,0.38479136852419504
TK004812,-2.885044188137662,0.07020229816360575,0,0.242131344418154
TK004813,-1.024735064926098,0.3463774440297947,0,0.2546453020867338
TK004814,0.08396993690704505,-0.8112927254889355,0,0.1121803559765448
TK004815,1.3472865039561646,-0.6172197852087938,0,0.4433064366942958
TK004816,2.1408906557412983,-0.05548134089147971,0,0.42583109654858714
TK004817,-0.23206947105768347,-0.7411325722952747,0,0.16507903320198053
TK004818,0.4627561730271271,0.9040687714764909,0,0.17866221180866076
TK004819,0.23819275900673514,-0.23494859832429218,0,0.22263674588037466
TK004820,1.8927085546317919,0.4193718696052458,0,0.25781383331397595
TK004821,0.12560880928226748,-1.1367925192209007,0,0.1006667680773119
TK004822,-0.21715282464382418,-0.06173948976682827,0,0.19172699899420628
TK004823,0.6476516327470645,-0.24324433348075647,0,0.17974503274962747
TK004824,0.8642346089492673,0.6534828465051365,0,0.20258950137241216
TK004825,0.4180344575008039,-1.2842548312075688,0,0.2424850289778292
TK004826,1.0052601290473113,-0.9152574505339033,0,0.1422767327317248
TK004827,-0.039763893065970404,1.658110470359215,0,0.21040637275793053
TK004828,-0.4746592743531692,0.05130744600874182,1,0.4472558009998225
TK004829,-0.6888370273682771,-1.3195495549984873,0,0.3222291643618162
TK004830,1.60755332247101,0.3621291913991231,0,0.3340707041383429
TK004831,-1.4146496435553717,0.7608607629239863,0,0.16677420259235132
TK004832,9.995215339942066,7.762644644523847,1,0.46251845773043126
TK004833,0.4569172055622993,-0.2793877896884019,0,0.24828704957713474
TK004834,0.1800170982684673,-2.4259653194333857,0,0.34504840722828256
TK004835,2.1528210292764856,-0.3468998775894595,0,0.15382698886285331
TK004836,-1.7450887759067373,-0.1841147579442007,0,0.2562604796477458
TK004837,0.5808148287428361,2.2665464418586034,0,0.23491029426524898
TK004838,0.4220710951456777,1.701981082544438,0,0.25870271730790834
TK004839,1.1365425092529948,0.4913310720796895,0,0.1359189666512422
TK004840,0.8486359948466067,-1.2714897472180324,0,0.14699067528323723
TK004841,-0.2292749053716513,0.7960651790677633,0,0.1673948485650436
TK004842,-1.8443231370011728,0.7939330241093748,0,0.15614217255129142
TK004843,0.5609124061043358,-0.36662525483999925,0,0.21957753455175333
TK004844,0.9939554095851622,0.4662602401466416,0,0.25707795342907414
TK004845,0.42672770772789276,1.0016273335479058,0,0.382151199815035
TK004846,0.044867480061138575,-1.2558719819576254,0,0.21490948735250834
TK004847,-1.867436501086334,0.2938249405581683,0,0.20914339906159962
TK004848,0.3907733780122163,1.3399609827998176,1,0.4720372800966175
TK004849,0.5371234491693284,0.06504152108409807,0,0.26108312375464837
TK004850,-1.377303489388112,0.16130254697111004,0,0.30987157617624067
TK004851,-0.024214876674160273,1.0115428018940624,0,0.24145779489334446
TK004852,1.4666201066674838,-0.1394394094849258,0,0.24527373224654114
TK004853,0.7536525612536203,-0.8940419622672948,0,0.11152837796147293
TK004854,-0.5924884376096576,-1.1932732675604112,0,0.3485248960003646
TK004855,-1.3522451205618768,1.5339238994618036,0,0.2522818875491749
TK004856,-0.7162867199093689,0.9950611601454635,0,0.24224784282609718
TK004857,1.2859207554022145,1.1583454400626192,0,0.3032685061846893
TK004858,0.3688603930879239,0.34911200073059334,0,0.22805682700710758
TK004859,-0.1016476106123246,1.1857196416273978,0,0.27012299418044006
TK004860,2.1838794414612113,-1.0398127067064444,0,0.3661141403158379
TK004861,-0.30289929244335595,1.564850212213408,0,0.16066002552186792
TK004862,1.4993138950931326,0.07330089308843228,0,0.26309291797832385
TK004863,-0.11453559632159874,-1.5617619304790504,0,0.23022621794917647
TK004864,-1.0489869757267825,-0.2999621927271965,0,0.2916492506498589
TK004865,0.6944963835255272,0.8560049534120684,0,0.12687133787093996
TK004866,-1.4549837303463,0.3088862244893874,0,0.26955201916201627
TK004867,0.23352578039919472,-0.014840182315462174,1,0.497943413735175
TK004868,1.175709510648038,-0.02305695085162331,0,0.26259376486652114
TK004869,-0.3362806952157898,-0.02940375108591135,0,0.3516752605123681
TK004870,1.6351208530271162,-1.2281657274574027,0,0.10662954591310271
TK004871,0.8591804622270368,1.229174381443951,0,0.3847248480427186
TK004872,-0.7164965477482171,-0.07864507623260683,0,0.16029956378740765
TK004873,0.35694385680698865,1.375617045060051,0,0.28631972349516427
TK004874,-3.0325207358810173,0.6377501115840608,0,0.2596802323256787
TK004875,1.0393704552816176,0.1314866433672825,0,0.3257067947611958
TK004876,-0.35243599389680574,0.6479840659952977,0,0.3643124811563295
TK004877,3.2757754434994477,-1.1553232385342798,0,0.3540459095415468
TK004878,2.6828960490492415,0.13507155544658483,0,0.26858808615381724
TK004879,-1.1235550098085718,0.6835436358218314,0,0.145927401436204
TK004880,1.6989719191937231,-0.8469766248633013,0,0.11998615530226135
TK004881,-2.7274550674052946,0.6598105573903439,0,0.29737971718768563
TK004882,-0.451529483770604,-0.3349536045052566,0,0.0609134109014237
TK004883,1.4019732612400844,-0.8901394093352422,0,0.2213970902264629
TK004884,0.2595770914685289,-1.1437652062388446,0,0.1798582437231387
TK004885,0.03918020860467417,-0.6157997803840595,0,0.16717222532306697
TK004886,-1.1144286338181688,0.7505085559601172,0,0.4001557485937468
TK004887,-3.230479994725656,0.33908227674226343,0,0.4190337335884555
TK004888,0.9655789576290796,-0.06800762414620869,0,0.248415332692671
TK004889,-2.128277194047469,0.975056932413326,0,0.3022471569917554
TK004890,-1.1867568391099583,2.159638512609482,1,0.48334618235596627
TK004891,1.679505015070024,-0.6411084663403134,0,0.14982738224824926
TK004892,2.4572627606652806,-0.22929853142675163,1,0.45871649907514755
TK004893,-0.9966969966627538,1.5279674794840121,0,0.17325448261479284
TK004894,-0.8090852092771464,-0.6966055312521421,0,0.1705529386061047
TK004895,1.905902255499241,0.5807537615350509,0,0.4431385316798204
TK004896,-0.6154759754450723,-1.599236464335078,0,0.14055522957806416
TK004897,-0.10220562664173877,-0.39224362255805945,0,0.29116372663987783
TK004898,1.1166330758390142,0.028671647640854503,0,0.3279570216128901
TK004899,1.13187424227944,-1.672222556868955,0,0.3087453317924865
TK004900,0.6666890434333446,-0.8333620021545707,0,0.23018246270438536
TK004901,-2.2716909738855136,-0.2115663427506604,0,0.27386208402344214
TK004902,-1.0115614140565816,-0.24823959519226116,0,0.28947526061439266
TK004903,2.595756376083131,-2.5003872085228775,0,0.32094499228629997
TK004904,0.006299841248391693,2.1475558289586325,0,0.18451208928864044
TK004905,-2.7763896150295295,0.7286592534682296,0,0.3406676235339192
TK004906,2.336003797763889,-1.6453314308696618,0,0.2967054609785647
TK004907,0.1681482287402057,-0.9865842306569044,0,0.21179127935321013
TK004908,1.6177385250724274,-0.29743195884710805,1,0.42558789072393466
TK004909,-1.430528112346269,0.9475571613338545,0,0.23595492404702054
TK004910,1.0090327229228393,-2.3936983929978397,0,0.31152640420151284
TK004911,0.10829068976098268,-1.4425152391760752,0,0.37168501778315427
TK004912,-0.7054446871388148,2.771360152539501,1,0.6824308778156265
TK004913,1.2359205454939006,-0.9376573513352504,0,0.41909041235846495
TK004914,1.8385492966257193,-0.7995878431383581,0,0.29148115914129064
TK004915,-1.960105513560424,1.2400200508853523,0,0.21246327908441345
TK004916,0.8690174433616396,0.405687091097229,0,0.3088383858503422
TK004917,0.8740492650477438,1.2743192360671758,0,0.33152647845779154
TK004918,0.7162512007718912,-0.7300608990136757,0,0.15202449491590175
TK004919,0.3902526525247042,-1.7022762907015456,0,0.1682374829357151
TK004920,-3.288214562872211,0.6358088114158594,0,0.3142608227638898
TK004921,0.9057065271360422,-0.06324482248072552,0,0.10272320685076672
TK004922,-0.6157808079343347,0.2556792537100878,1,0.502156816744121
TK004923,0.6367181949701642,1.4923748421932466,1,0.48314033648979154
TK004924,-2.5593965696936176,0.5443307277382525,1,0.45159023441686064
TK004925,-1.0071839426232347,-1.807621745213716,0,0.43431963882757274
TK004926,-0.07449940695657767,2.3930176039525453,1,0.49741671432729506
TK004927,2.04971504677002,-0.5907356700123699,0,0.2669489724604262
TK004928,0.6151124865610046,1.3874701785154842,0,0.29886544166256396
TK004929,-1.5446653881341312,0.2402960988369419,0,0.3837857596082123
TK004930,-0.3110383308071812,-0.5624460531904644,0,0.42738361965883387
TK004931,0.40424583505193734,-0.2898512886635658,0,0.18362048124169056
TK004932,1.194343839933375,-1.9872766936663797,0,0.33021052811277907
TK004933,-1.9609676943249905,-0.5147486463119106,0,0.41380938337059936
TK004934,1.6871551580144086,0.9942257753162627,0,0.24128686977166028
TK004935,1.0138314673222488,0.12149471792332783,0,0.20077422303774448
TK004936,1.2312891662490582,-1.5452500250389745,0,0.3117156719267557
TK004937,-0.3805816073316476,0.29356216168201177,0,0.37001462504375543
TK004938,-0.9290841168426486,1.321693645067019,0,0.325138667707812
TK004939,2.2412529955521054,-0.7298185716132047,0,0.39945811734798975
TK004940,-0.1352140443817618,0.41701187228570963,0,0.33732172781149794
TK004941,-0.7715116927797697,1.3279170099068498,0,0.07862177049176224
TK004942,-0.5078549414486827,-2.066392462144414,1,0.5214728241839741
TK004943,0.3542649931632123,-1.2736578739669009,0,0.1347103469560811
TK004944,-0.18721097020147354,1.5355162653963266,0,0.26258030409270783
TK004945,0.12096850929059053,-1.9140705857423879,0,0.39291330636728716
TK004946,1.1668396897562177,0.39994722486086165,0,0.19818044405628257
TK004947,-0.8534598223116403,-0.8191340406183201,0,0.28936976220395694
TK004948,1.8626153865089685,-0.1979301105107798,0,0.39093560395218796
TK004949,1.8868641149391983,-0.3826284826725435,0,0.23490368105709736
TK004950,-0.13275585287584163,1.3368403467547603,0,0.27791637295997945
TK004951,-0.8050364095798288,0.9980782544843847,0,0.1473438360825251
TK004952,-0.603939743707984,1.2051967332595581,0,0.22030823446840392
TK004953,2.574780160531193,-0.13160112108724945,0,0.3564655926182042
TK004954,0.23299866737850472,-0.7232136274481691,0,0.3709043764140484
TK004955,0.27840277256675555,-0.3884334419163862,0,0.20821536957175532
TK004956,0.887230930148224,-0.9556538178760503,1,0.46797265993143217
TK004957,-0.28455167050738256,-0.39410855481138923,0,0.3468574257788202
TK004958,1.6341584581791908,0.3692873277885197,0,0.33135140315902833
TK004959,-0.5931233367400259,0.30763241269985997,0,0.18635840124804132
TK004960,1.5030782046694415,-1.0369884876740574,0,0.2275819836381133
TK004961,-0.4995787080728821,-1.13920861983536,0,0.06498684949011102
TK004962,-0.01981995905522375,-1.1409553900189948,0,0.2182178055323504
TK004963,-1.3129066164848076,1.7968931316639796,0,0.3296073501525911
TK004964,-2.03329884958281,-0.5623859863736637,0,0.3099593568536064
TK004965,0.7555324879067337,-0.027125561631574625,0,0.23398563331475722
TK004966,1.3675261979960909,-2.5801893141343646,0,0.18889344532383792
TK004967,0.19729377044271354,1.1030271817075255,0,0.11548012971170178
TK004968,0.9423969539362014,-0.47981374184550574,0,0.265179259919709
TK004969,0.9386055519513543,-2.133585953454275,0,0.26202721475617885
TK004970,-1.3950150299437254,-0.5515089499007263,0,0.1693831281955755
TK004971,-1.9751401570651121,-0.8175678519861375,0,0.3400063704185757
TK004972,-1.1875498667493607,1.328776503396767,0,0.25585720124143785
TK004973,0.5461944674330776,0.9128843476841693,0,0.2633368761200669
TK004974,-0.23888132037074478,0.9017635861342582,0,0.09769275153335655
TK004975,-0.20031723628245368,-1.3144518727342798,0,0.3071120127713816
TK004976,1.1812447327368254,-1.0302645524075185,0,0.34179368984329556
TK004977,1.8774121616546344,-0.04646413486679986,0,0.1750895850245806
TK004978,-0.3531725438569611,-1.614264285323817,0,0.38213073725742475
TK004979,-2.3002188092712497,0.1403026713548777,0,0.3202191761081837
TK004980,0.30862579955841496,-0.15647190595414606,0,0.1723405553804311
TK004981,0.7845325462943638,0.3719990060630299,0,0.29992473034572076
TK004982,-0.6687236216127053,1.2602242984931133,0,0.24847606788637375
TK004983,0.21308187733720096,0.1133021893154578,0,0.34836578262947065
TK004984,-0.5410811856343096,-0.9730609078023952,0,0.3101476776089988
TK004985,-0.1793313344717756,-2.3943097327818905,0,0.41337195635838575
TK004986,-1.666198678118274,1.4996352915656892,0,0.35627408277444095
TK004987,-0.4660879071200344,-0.7282446293313142,0,0.22012270408646015
TK004988,0.44847954654384004,-2.109520471129127,0,0.29664082252502616
TK004989,1.4419840395964378,-1.6614219120206546,0,0.4382599062119267
TK004990,0.7887703098349236,-2.6634255090620123,0,0.2641794235989189
TK004991,-0.3309089288171736,-0.7563869249454267,0,0.18107086760874197
TK004992,-1.925285327676713,2.2019630906445955,0,0.4342227747687729
TK004993,-1.5728887702046417,1.856619871484814,0,0.22720123845216128
TK004994,0.7374973655760825,1.5316467704758026,0,0.38845222146398317
TK004995,-1.0711876274303123,0.37844051260069217,0,0.21106917553702786
TK004996,1.1016680923833815,0.7760080947581272,0,0.24267934851184556
TK004997,0.006118225571284218,-1.0017384689133346,0,0.3738641948306577
TK004998,-1.8167370120084037,-0.055867149380552636,0,0.1883462025025909
TK004999,-0.1327649414022379,-0.1696694984050012,0,0.05278809582472967
TK005000,0.6079476886763974,-0.6781665477165689,0,0.15762044109255235
