ticket_id,risk_score,risk_level,final_risk_prob,lr_risk_prob,nn_risk_prob,risk_explanation,is_risk_high,is_risk_medium,is_risk_low,risk_dim_compliance,risk_dim_sla,risk_dim_cost,risk_dim_quality,risk_dim_equipment,created_at,ticket_type,priority,region
TK000001,0.1039,low,0.0454,0.0399,0.0007,compliance(0.25); cost(0.21),0,0,1,0.25,0,0.20699070202194125,0.0,0.0,2025-11-24 08:01:00,保养,高,华南
TK000002,0.0554,low,0.022,0.014,0.0013,cost(0.28),0,0,1,0.0,0,0.27706962435679894,0.0,0.0,2025-11-18 16:56:00,保养,中,西北
TK000003,0.1065,low,0.0393,0.0203,0.0006,cost(0.38); equipment(0.20),0,0,1,0.0,0,0.382621359223301,0.0,0.2,2025-04-19 17:31:00,巡检,低,华中
TK000004,0.2429,low,0.2553,0.3632,0.1579,quality(0.50); cost(0.38); compliance(0.25),0,0,1,0.25,0,0.37677407033530674,0.5,0.2,2025-09-17 08:55:00,巡检,低,西南
TK000005,0.164,low,0.0771,0.0573,0.0225,equipment(0.60); cost(0.37),0,0,1,0.0,0,0.36986718630227633,0.0,0.6,2025-12-10 17:23:00,巡检,中,华东
TK000006,0.1556,low,0.3017,0.6511,0.0776,quality(0.50); compliance(0.25),0,0,1,0.25,0,0.09028833686846383,0.5,0.0,2025-02-25 10:12:00,抢修,中,华中
TK000007,0.1069,low,0.1363,0.2411,0.0566,quality(0.50); cost(0.16),0,0,1,0.0,0,0.15955846345686864,0.5,0.0,2025-10-24 18:34:00,抢修,高,华东
TK000008,0.1066,low,0.0728,0.1143,0.0024,equipment(0.60),0,0,1,0.0,0,0.08319814933911829,0.0,0.6,2025-09-17 11:08:00,改造,低,华南
TK000009,0.1407,low,0.1897,0.1314,0.2899,equipment(0.80); cost(0.10),0,0,1,0.0,0,0.10339615514948253,0.0,0.8,2025-03-08 17:16:00,抢修,中,西北
TK000010,0.0973,low,0.0582,0.0755,0.0075,equipment(0.40); cost(0.19),0,0,1,0.0,0,0.18653677188722007,0.0,0.4,2025-03-23 19:44:00,抢修,低,华中
TK000011,0.108,low,0.1,0.1774,0.0157,compliance(0.25); equipment(0.20),0,0,1,0.25,0,0.07737944451762613,0.0,0.2,2025-07-06 13:04:00,改造,低,西南
TK000012,0.2925,low,0.7069,0.8723,0.8968,cost(1.00); compliance(0.25); equipment(0.20),0,0,1,0.25,0,1.0,0.0,0.2,2025-02-17 20:48:00,抢修,高,华南
TK000013,0.0953,low,0.1107,0.1817,0.0529,equipment(0.40); cost(0.18),0,0,1,0.0,0,0.17654198702595614,0.0,0.4,2025-10-08 14:57:00,抢修,低,华中
TK000014,0.246,low,0.6235,0.8519,0.7188,equipment(0.60); quality(0.50); compliance(0.25),0,0,1,0.25,0,0.09229310675103974,0.5,0.6,2025-06-30 11:48:00,巡检,低,华中
TK000015,0.0403,low,0.0253,0.0258,0.0119,cost(0.20),0,0,1,0.0,0,0.2014966423633976,0.0,0.0,2025-02-11 14:01:00,保养,紧急,华北
TK000016,0.1349,low,0.0651,0.0366,0.0338,compliance(0.25); cost(0.21); equipment(0.20),0,0,1,0.25,0,0.21182377130993735,0.0,0.2,2025-12-17 16:51:00,抢修,低,华东
TK000017,0.1098,low,0.0601,0.0618,0.0157,cost(0.40); equipment(0.20),0,0,1,0.0,0,0.3992237739780212,0.0,0.2,2025-06-16 09:31:00,抢修,中,华北
TK000018,0.2033,low,0.1683,0.2145,0.092,quality(0.50); equipment(0.40); cost(0.34),0,0,1,0.0,0,0.34147129186602865,0.5,0.4,2025-04-09 10:47:00,巡检,中,西南
TK000019,0.2356,low,0.6753,0.8522,0.8752,quality(1.00); cost(0.28); equipment(0.20),0,0,1,0.0,0,0.2780572046658555,1.0,0.2,2025-05-08 08:35:00,保养,中,西南
TK000020,0.0917,low,0.0734,0.0902,0.0409,equipment(0.40); cost(0.16),0,0,1,0.0,0,0.15849108625129782,0.0,0.4,2025-11-28 09:58:00,抢修,高,华东
TK000021,0.0693,low,0.0261,0.0143,0.001,cost(0.35),0,0,1,0.0,0,0.3466337323453036,0.0,0.0,2025-11-22 20:31:00,改造,中,华中
TK000022,0.0461,low,0.0152,0.0036,0.0002,cost(0.23),0,0,1,0.0,0,0.23072177426717833,0.0,0.0,2025-12-30 09:19:00,巡检,中,华东
TK000023,0.1151,low,0.0394,0.0134,0.0006,cost(0.39); quality(0.25),0,0,1,0.0,0,0.38816684298020254,0.25,0.0,2025-06-26 12:35:00,保养,中,华北
TK000024,0.0766,low,0.0381,0.0241,0.0192,cost(0.38),0,0,1,0.0,0,0.3832414017821778,0.0,0.0,2025-11-17 18:56:00,保养,低,华东
TK000025,0.1688,low,0.1043,0.133,0.0202,equipment(0.40); compliance(0.25); cost(0.23),0,0,1,0.25,0,0.231549696264702,0.0,0.4,2025-12-08 07:57:00,保养,低,西北
TK000026,0.1131,low,0.1659,0.2162,0.161,equipment(0.40); cost(0.27),0,0,1,0.0,0,0.26534628259518644,0.0,0.4,2025-08-14 07:37:00,巡检,高,华北
TK000027,0.1782,low,0.0984,0.1037,0.0248,equipment(0.80); cost(0.29),0,0,1,0.0,0,0.29091790409533713,0.0,0.8,2025-02-25 17:14:00,巡检,中,西南
TK000028,0.2658,low,0.4935,0.6639,0.5183,quality(0.50); equipment(0.40); cost(0.34),0,0,1,0.25,0,0.34164465208281825,0.5,0.4,2025-12-18 12:34:00,改造,中,华东
TK000029,0.1415,low,0.1285,0.2103,0.0356,quality(0.75); cost(0.15),0,0,1,0.0,0,0.14502007014331142,0.75,0.0,2025-05-02 16:20:00,抢修,高,华南
TK000030,0.1697,low,0.0997,0.1177,0.0218,compliance(0.25); quality(0.25); equipment(0.20),0,0,1,0.25,0,0.19832985386221302,0.25,0.2,2025-02-20 19:44:00,抢修,中,西南
TK000031,0.179,low,0.4109,0.6158,0.4047,quality(1.00); cost(0.15),0,0,1,0.0,0,0.14520691624694948,1.0,0.0,2025-06-30 08:36:00,巡检,高,华中
TK000032,0.1701,low,0.1602,0.2573,0.0546,quality(0.75); equipment(0.20); cost(0.14),0,0,1,0.0,0,0.13816507100426556,0.75,0.2,2025-01-27 09:10:00,保养,紧急,华东
TK000033,0.0183,low,0.0083,0.0074,0.0005,,0,0,1,0.0,0,0.09131440261501866,0.0,0.0,2025-08-12 07:29:00,改造,低,西南
TK000034,0.0785,low,0.0386,0.0403,0.0027,cost(0.24); equipment(0.20),0,0,1,0.0,0,0.24274402737139933,0.0,0.2,2025-04-01 19:40:00,巡检,中,西南
TK000035,0.212,low,0.0683,0.0078,0.0055,compliance(0.50); equipment(0.40); cost(0.13),0,0,1,0.5,0,0.13482811845491605,0.0,0.4,2025-09-14 09:03:00,巡检,低,华北
TK000036,0.0111,low,0.0148,0.0305,0.0024,,0,0,1,0.0,0,0.05555970706919744,0.0,0.0,2025-06-08 15:24:00,巡检,高,华南
TK000037,0.0842,low,0.0485,0.0522,0.0141,cost(0.27); equipment(0.20),0,0,1,0.0,0,0.27086719010044447,0.0,0.2,2025-07-30 12:43:00,保养,低,西南
TK000038,0.1789,low,0.2487,0.4169,0.1404,quality(0.75); cost(0.33),0,0,1,0.0,0,0.3317839076071395,0.75,0.0,2025-08-12 08:58:00,抢修,中,华北
TK000039,0.0962,low,0.0439,0.0425,0.0006,equipment(0.40); cost(0.18),0,0,1,0.0,0,0.18108372518698523,0.0,0.4,2025-02-26 20:57:00,巡检,中,西北
TK000040,0.1119,low,0.0413,0.0217,0.0003,equipment(0.40); cost(0.26),0,0,1,0.0,0,0.2592717278018096,0.0,0.4,2025-06-30 15:21:00,保养,高,西北
TK000041,0.0795,low,0.049,0.0695,0.0025,compliance(0.25),0,0,1,0.25,0,0.08513289826670978,0.0,0.0,2025-09-23 11:51:00,抢修,中,华中
TK000042,0.0843,low,0.0554,0.0837,0.0024,compliance(0.25); cost(0.11),0,0,1,0.25,0,0.10883992805755394,0.0,0.0,2025-11-06 09:43:00,巡检,中,华中
TK000043,0.1596,low,0.305,0.373,0.3615,quality(0.50); compliance(0.25); cost(0.11),0,0,1,0.25,0,0.11034612533500598,0.5,0.0,2025-09-18 10:07:00,改造,中,华南
TK000044,0.1806,low,0.1062,0.1433,0.0054,equipment(0.60); compliance(0.25); cost(0.14),0,0,1,0.25,0,0.14056872889541105,0.0,0.6,2025-03-26 09:20:00,改造,高,西南
TK000045,0.0687,low,0.0528,0.0618,0.0303,cost(0.34),0,0,1,0.0,0,0.34333679110259063,0.0,0.0,2025-06-02 14:04:00,保养,高,华中
TK000046,0.1123,low,0.0675,0.0743,0.0222,equipment(0.60); cost(0.11),0,0,1,0.0,0,0.11173326567437236,0.0,0.6,2025-07-21 15:29:00,改造,高,华北
TK000047,0.2428,low,0.0816,0.0223,0.0028,compliance(0.75); equipment(0.20); cost(0.13),0,0,1,0.75,0,0.1265197638698693,0.0,0.2,2025-09-14 07:02:00,抢修,中,华中
TK000048,0.0555,low,0.019,0.0046,0.0021,equipment(0.20); cost(0.13),0,0,1,0.0,0,0.12733607259030988,0.0,0.2,2025-03-17 20:43:00,抢修,中,西北
TK000049,0.2619,low,0.5098,0.5825,0.6497,equipment(0.80); compliance(0.25); quality(0.25),0,0,1,0.25,0,0.20938888932747035,0.25,0.8,2025-12-27 10:44:00,保养,高,华北
TK000050,0.2536,low,0.3029,0.4691,0.1789,equipment(0.60); cost(0.32); compliance(0.25),0,0,1,0.25,0,0.31796514891988836,0.25,0.6,2025-12-15 19:08:00,抢修,中,华南
TK000051,0.0969,low,0.0651,0.0805,0.0225,equipment(0.40); cost(0.18),0,0,1,0.0,0,0.18460457892428583,0.0,0.4,2025-05-20 10:51:00,抢修,高,华中
TK000052,0.1482,low,0.2979,0.5321,0.1921,equipment(0.40); compliance(0.25); cost(0.13),0,0,1,0.25,0,0.12839418980449335,0.0,0.4,2025-03-23 13:43:00,巡检,低,西北
TK000053,0.1202,low,0.2301,0.3558,0.1987,quality(0.50); cost(0.23),0,0,1,0.0,0,0.2261302226969123,0.5,0.0,2025-03-26 12:54:00,巡检,高,华南
TK000054,0.1029,low,0.1131,0.1689,0.0661,compliance(0.25); cost(0.20),0,0,1,0.25,0,0.20219685786058506,0.0,0.0,2025-08-18 20:58:00,改造,中,西北
TK000055,0.1365,low,0.2323,0.2821,0.2646,compliance(0.25); quality(0.25); cost(0.18),0,0,1,0.25,0,0.18265133881033713,0.25,0.0,2025-05-06 18:02:00,巡检,高,华南
TK000056,0.1716,low,0.1378,0.2128,0.0337,compliance(0.50); cost(0.23),0,0,1,0.5,0,0.23312721827861582,0.0,0.0,2025-12-29 09:51:00,巡检,紧急,华中
TK000057,0.0639,low,0.0937,0.0993,0.1136,equipment(0.20); cost(0.17),0,0,1,0.0,0,0.16944730162025468,0.0,0.2,2025-07-23 10:35:00,巡检,高,华中
TK000058,0.1375,low,0.0618,0.0435,0.0153,compliance(0.25); quality(0.25); cost(0.19),0,0,1,0.25,0,0.18774046454187043,0.25,0.0,2025-06-30 09:08:00,保养,中,西南
TK000059,0.2782,low,0.2977,0.5097,0.1024,compliance(0.50); quality(0.50); cost(0.39),0,0,1,0.5,0,0.3911245140092844,0.5,0.0,2025-05-04 10:39:00,巡检,低,华北
TK000060,0.0416,low,0.0192,0.0174,0.0018,equipment(0.20),0,0,1,0.0,0,0.0580562914142454,0.0,0.2,2025-04-02 20:20:00,抢修,高,华南
TK000061,0.145,low,0.0603,0.0409,0.0071,equipment(0.40); compliance(0.25); cost(0.11),0,0,1,0.25,0,0.11239124944247703,0.0,0.4,2025-08-10 09:43:00,巡检,中,西南
TK000062,0.0823,low,0.0273,0.006,0.0015,cost(0.26); equipment(0.20),0,0,1,0.0,0,0.26146788990825687,0.0,0.2,2025-12-17 13:10:00,抢修,高,华中
TK000063,0.2292,low,0.1116,0.0959,0.0266,compliance(0.50); cost(0.37); equipment(0.20),0,0,1,0.5,0,0.37076851171796743,0.0,0.2,2025-10-22 19:15:00,巡检,高,华中
TK000064,0.0265,low,0.0332,0.0483,0.0239,cost(0.13),0,0,1,0.0,0,0.13236468787512334,0.0,0.0,2025-02-25 19:15:00,保养,中,西北
TK000065,0.1646,low,0.0664,0.0396,0.009,equipment(0.80); cost(0.22),0,0,1,0.0,0,0.22278833334632742,0.0,0.8,2025-12-23 14:20:00,抢修,紧急,西北
TK000066,0.0922,low,0.0407,0.0288,0.0085,equipment(0.40); cost(0.16),0,0,1,0.0,0,0.1608872745656479,0.0,0.4,2025-04-11 14:07:00,抢修,低,西南
TK000067,0.2227,low,0.0972,0.0725,0.0142,equipment(1.00); cost(0.36),0,0,1,0.0,0,0.3636539886306198,0.0,1.0,2025-05-28 09:11:00,巡检,中,华东
TK000068,0.1269,low,0.3476,0.6638,0.2207,cost(0.32); compliance(0.25),0,0,1,0.25,0,0.322242774566474,0.0,0.0,2025-02-22 18:53:00,保养,高,华东
TK000069,0.2456,low,0.1349,0.1353,0.0395,compliance(0.50); equipment(0.40); quality(0.25),0,0,1,0.5,0,0.1154378010095225,0.25,0.4,2025-05-22 20:41:00,抢修,低,华南
TK000070,0.1489,low,0.0604,0.0446,0.0004,equipment(0.40); compliance(0.25); cost(0.13),0,0,1,0.25,0,0.13210448582433176,0.0,0.4,2025-05-26 12:35:00,巡检,中,华中
TK000071,0.1727,low,0.163,0.1575,0.1603,equipment(0.80); cost(0.26),0,0,1,0.0,0,0.2636640448625762,0.0,0.8,2025-02-09 09:37:00,抢修,中,华东
TK000072,0.1357,low,0.1006,0.1636,0.0074,equipment(0.40); cost(0.38),0,0,1,0.0,0,0.3785830623513856,0.0,0.4,2025-06-29 13:20:00,保养,高,西北
TK000073,0.2235,low,0.0864,0.05,0.0054,compliance(0.50); cost(0.30); quality(0.25),0,0,1,0.5,0,0.3049983727377966,0.25,0.0,2025-01-08 11:13:00,抢修,紧急,华中
TK000074,0.1476,low,0.1013,0.1558,0.007,equipment(0.40); compliance(0.25); cost(0.13),0,0,1,0.25,0,0.12554151897967225,0.0,0.4,2025-12-26 07:10:00,巡检,高,西南
TK000075,0.0803,low,0.0756,0.1036,0.0436,equipment(0.40); cost(0.10),0,0,1,0.0,0,0.10131100407922544,0.0,0.4,2025-04-02 20:02:00,巡检,低,西北
TK000076,0.3817,low,0.7995,0.9707,0.9864,compliance(0.75); equipment(0.60); cost(0.33),0,0,1,0.75,0,0.33356861401404836,0.25,0.6,2025-03-19 07:59:00,巡检,高,华北
TK000077,0.022,low,0.0086,0.0053,0.0003,cost(0.11),0,0,1,0.0,0,0.11004083135532472,0.0,0.0,2025-06-11 19:25:00,保养,中,华北
TK000078,0.32,low,0.172,0.2,0.0172,cost(1.00); equipment(0.80),0,0,1,0.0,0,1.0,0.0,0.8,2025-08-20 15:47:00,巡检,紧急,华东
TK000079,0.1016,low,0.0448,0.0273,0.0136,equipment(0.60),0,0,1,0.0,0,0.05785429805108844,0.0,0.6,2025-03-18 07:39:00,巡检,高,华北
TK000080,0.1846,low,0.3769,0.6064,0.3121,equipment(0.60); compliance(0.25); cost(0.16),0,0,1,0.25,0,0.1604603216919932,0.0,0.6,2025-12-03 10:17:00,巡检,中,西北
TK000081,0.1808,low,0.1777,0.3036,0.0491,cost(0.25); compliance(0.25); quality(0.25),0,0,1,0.25,0,0.2542495666347573,0.25,0.2,2025-03-08 12:45:00,抢修,低,华北
TK000082,0.1181,low,0.0472,0.0329,0.0006,cost(0.28); compliance(0.25),0,0,1,0.25,0,0.277818563722941,0.0,0.0,2025-10-18 07:11:00,巡检,低,西南
TK000083,0.1259,low,0.0692,0.0406,0.0492,equipment(0.40); quality(0.25); cost(0.14),0,0,1,0.0,0,0.14203690113963663,0.25,0.4,2025-08-20 08:51:00,保养,高,华北
TK000084,0.1216,low,0.1219,0.2306,0.0135,compliance(0.25); equipment(0.20); cost(0.15),0,0,1,0.25,0,0.1454489232672126,0.0,0.2,2025-01-02 13:05:00,抢修,中,西南
TK000085,0.2039,low,0.234,0.3879,0.106,compliance(0.50); quality(0.25); cost(0.21),0,0,1,0.5,0,0.20704928742241413,0.25,0.0,2025-10-11 07:53:00,巡检,中,西南
TK000086,0.2107,low,0.0862,0.0423,0.0235,compliance(0.50); cost(0.28); equipment(0.20),0,0,1,0.5,0,0.2782732464593243,0.0,0.2,2025-01-07 19:44:00,巡检,中,华中
TK000087,0.0851,low,0.1086,0.0995,0.1377,compliance(0.25); cost(0.11),0,0,1,0.25,0,0.11287879534619338,0.0,0.0,2025-06-09 11:53:00,巡检,中,华东
TK000088,0.2414,low,0.2345,0.3662,0.0968,compliance(0.75); cost(0.27),0,0,1,0.75,0,0.269498340496102,0.0,0.0,2025-05-21 12:52:00,巡检,中,华东
TK000089,0.0888,low,0.0422,0.03,0.0145,equipment(0.40); cost(0.14),0,0,1,0.0,0,0.1438576922436613,0.0,0.4,2025-12-31 18:41:00,抢修,低,华北
TK000090,0.2749,low,0.255,0.4274,0.0656,compliance(0.75); equipment(0.40); cost(0.14),0,0,1,0.75,0,0.13681752475705622,0.0,0.4,2025-12-15 09:46:00,抢修,中,华北
TK000091,0.1664,low,0.3778,0.4466,0.4902,compliance(0.50); equipment(0.20),0,0,1,0.5,0,0.057215549768826035,0.0,0.2,2025-05-14 16:18:00,巡检,高,华东
TK000092,0.2982,low,0.4412,0.8127,0.1922,equipment(0.60); quality(0.50); cost(0.35),0,0,1,0.25,0,0.3533187381829038,0.5,0.6,2025-11-11 13:40:00,巡检,中,华中
TK000093,0.2986,low,0.472,0.5314,0.5612,compliance(0.50); quality(0.50); cost(0.34),0,0,1,0.5,0,0.3428045864700613,0.5,0.2,2025-01-12 16:32:00,抢修,中,西北
TK000094,0.0961,low,0.0467,0.0365,0.0145,cost(0.33); equipment(0.20),0,0,1,0.0,0,0.33028814959004316,0.0,0.2,2025-05-15 20:33:00,改造,中,华中
TK000095,0.2081,low,0.2747,0.5352,0.0713,compliance(0.75); cost(0.10),0,0,1,0.75,0,0.1031953618326058,0.0,0.0,2025-03-12 17:41:00,抢修,中,华中
TK000096,0.1253,low,0.0985,0.1269,0.0472,equipment(0.40); quality(0.25); cost(0.14),0,0,1,0.0,0,0.13914270654005645,0.25,0.4,2025-02-27 13:28:00,抢修,高,华北
TK000097,0.2693,low,0.3876,0.5241,0.3526,quality(1.00); equipment(0.60); cost(0.15),0,0,1,0.0,0,0.14671499153286083,1.0,0.6,2025-05-01 08:29:00,巡检,中,华东
TK000098,0.0701,low,0.0299,0.0194,0.0059,cost(0.35),0,0,1,0.0,0,0.3507482371560865,0.0,0.0,2025-10-08 15:23:00,保养,紧急,华南
TK000099,0.1157,low,0.0576,0.0586,0.0068,equipment(0.60); cost(0.13),0,0,1,0.0,0,0.12851783117623905,0.0,0.6,2025-03-07 08:24:00,保养,中,华北
TK000100,0.1863,low,0.085,0.0612,0.0221,equipment(0.40); compliance(0.25); quality(0.25),0,0,1,0.25,0,0.1315454159789773,0.25,0.4,2025-12-12 18:57:00,保养,高,华中
TK000101,0.1111,low,0.0751,0.0697,0.0496,cost(0.37); quality(0.25),0,0,1,0.0,0,0.36795842060406947,0.25,0.0,2025-10-10 07:00:00,保养,高,华中
TK000102,0.0413,low,0.0167,0.012,0.0002,equipment(0.20),0,0,1,0.0,0,0.0562839120229649,0.0,0.2,2025-02-07 19:45:00,巡检,高,华南
TK000103,0.0815,low,0.0489,0.0599,0.0099,compliance(0.25),0,0,1,0.25,0,0.09519368761656999,0.0,0.0,2025-09-07 07:18:00,保养,高,西南
TK000104,0.2698,low,0.5703,0.8,0.5982,quality(0.50); equipment(0.40); cost(0.36),0,0,1,0.25,0,0.36165869654324356,0.5,0.4,2025-11-19 13:27:00,巡检,中,华东
TK000105,0.1429,low,0.0456,0.0066,0.0012,compliance(0.50),0,0,1,0.5,0,0.08963295743806543,0.0,0.0,2025-10-21 16:25:00,巡检,低,华北
TK000106,0.1305,low,0.0507,0.0181,0.015,equipment(0.60); cost(0.20),0,0,1,0.0,0,0.2022500323074199,0.0,0.6,2025-06-18 16:42:00,巡检,中,西南
TK000107,0.2428,low,0.0894,0.0434,0.0039,compliance(0.50); equipment(0.40); cost(0.29),0,0,1,0.5,0,0.28913190295599767,0.0,0.4,2025-10-30 10:58:00,抢修,高,西南
TK000108,0.3017,low,0.221,0.3022,0.0707,compliance(0.75); quality(0.25); cost(0.23),0,0,1,0.75,0,0.2334441946452127,0.25,0.2,2025-07-18 14:58:00,巡检,紧急,西北
TK000109,0.2588,low,0.1572,0.1916,0.0356,compliance(0.50); cost(0.33); quality(0.25),0,0,1,0.5,0,0.33138935129840863,0.25,0.2,2025-12-05 10:26:00,保养,中,华中
TK000110,0.1067,low,0.0395,0.0196,0.0018,equipment(0.60),0,0,1,0.0,0,0.08328503157207834,0.0,0.6,2025-03-27 18:43:00,巡检,中,西南
TK000111,0.2528,low,0.229,0.2568,0.1808,equipment(0.80); cost(0.35); compliance(0.25),0,0,1,0.25,0,0.35134785072452035,0.0,0.8,2025-09-02 19:14:00,改造,紧急,西南
TK000112,0.2568,low,0.1921,0.1868,0.1419,quality(0.75); compliance(0.50),0,0,1,0.5,0,0.09655946611794475,0.75,0.0,2025-03-12 20:55:00,保养,中,华中
TK000113,0.2553,low,0.382,0.3524,0.5203,quality(1.00); equipment(0.40); cost(0.23),0,0,1,0.0,0,0.226428086663518,1.0,0.4,2025-04-14 20:42:00,改造,中,华南
TK000114,0.1016,low,0.1483,0.3002,0.0365,compliance(0.25); cost(0.20),0,0,1,0.25,0,0.19571044713681185,0.0,0.0,2025-06-24 08:51:00,巡检,高,西南
TK000115,0.1407,low,0.0519,0.0242,0.0036,cost(0.37); quality(0.25); equipment(0.20),0,0,1,0.0,0,0.36584121625876986,0.25,0.2,2025-09-01 12:22:00,抢修,中,华南
TK000116,0.1308,low,0.0555,0.0462,0.0003,quality(0.50); cost(0.28),0,0,1,0.0,0,0.27881751142898703,0.5,0.0,2025-09-02 15:02:00,巡检,中,西北
TK000117,0.161,low,0.0977,0.1187,0.0223,equipment(0.60); cost(0.36),0,0,1,0.0,0,0.355232141026955,0.0,0.6,2025-07-15 10:09:00,保养,中,华中
TK000118,0.1248,low,0.0947,0.1402,0.0233,equipment(0.40); cost(0.32),0,0,1,0.0,0,0.32413432808461495,0.0,0.4,2025-05-26 12:20:00,保养,中,西北
TK000119,0.1393,low,0.0877,0.1096,0.0217,equipment(0.40); quality(0.25); cost(0.21),0,0,1,0.0,0,0.20911371524794675,0.25,0.4,2025-03-27 13:06:00,抢修,低,华中
TK000120,0.152,low,0.1354,0.2266,0.0299,quality(0.75); cost(0.20),0,0,1,0.0,0,0.19737611273927091,0.75,0.0,2025-06-27 14:34:00,抢修,紧急,华北
TK000121,0.2659,low,0.3777,0.6037,0.2476,quality(0.50); equipment(0.40); cost(0.34),0,0,1,0.25,0,0.3420873240396741,0.5,0.4,2025-07-31 10:54:00,抢修,高,华东
TK000122,0.0651,low,0.0325,0.0346,0.0025,cost(0.33),0,0,1,0.0,0,0.32574520446109745,0.0,0.0,2025-07-15 20:00:00,抢修,中,华南
TK000123,0.2184,low,0.2426,0.3831,0.1228,equipment(0.40); cost(0.29); compliance(0.25),0,0,1,0.25,0,0.2918467029870374,0.25,0.4,2025-10-25 19:44:00,巡检,中,华北
TK000124,0.1451,low,0.1424,0.1617,0.1208,equipment(0.40); quality(0.25); cost(0.24),0,0,1,0.0,0,0.23808700235542146,0.25,0.4,2025-08-28 11:55:00,保养,低,西南
TK000125,0.2076,low,0.4872,0.7078,0.5064,quality(0.50); compliance(0.25); cost(0.20),0,0,1,0.25,0,0.2004554357158188,0.5,0.2,2025-02-24 14:12:00,抢修,中,华中
TK000126,0.2276,low,0.152,0.1234,0.1157,equipment(0.60); compliance(0.25); quality(0.25),0,0,1,0.25,0,0.18809704358787493,0.25,0.6,2025-04-09 15:42:00,抢修,中,华南
TK000127,0.2001,low,0.1429,0.2281,0.0088,equipment(0.40); cost(0.39); compliance(0.25),0,0,1,0.25,0,0.38776924827743176,0.0,0.4,2025-08-18 13:00:00,保养,低,西南
TK000128,0.1553,low,0.0606,0.0354,0.0047,equipment(0.80); cost(0.18),0,0,1,0.0,0,0.17661368069412375,0.0,0.8,2025-10-23 13:05:00,保养,低,华北
TK000129,0.2124,low,0.0754,0.0322,0.0013,compliance(0.50); equipment(0.40); cost(0.14),0,0,1,0.5,0,0.13684913217623496,0.0,0.4,2025-02-13 13:32:00,巡检,中,华南
TK000130,0.0951,low,0.0441,0.0428,0.0018,quality(0.25); equipment(0.20); cost(0.14),0,0,1,0.0,0,0.13784361064767725,0.25,0.2,2025-11-14 09:55:00,保养,高,华北
TK000131,0.1971,low,0.3215,0.3777,0.3718,compliance(0.50); equipment(0.40),0,0,1,0.5,0,0.060296708226018736,0.0,0.4,2025-06-11 14:55:00,巡检,紧急,华南
TK000132,0.1183,low,0.2252,0.2562,0.2857,equipment(0.60); cost(0.14),0,0,1,0.0,0,0.1412882588438652,0.0,0.6,2025-08-07 11:58:00,巡检,中,华南
TK000133,0.3032,low,0.5173,0.6821,0.5359,compliance(0.75); cost(0.39); quality(0.25),0,0,1,0.75,0,0.3908184363008279,0.25,0.0,2025-11-07 16:39:00,抢修,高,西北
TK000134,0.2446,low,0.3231,0.4187,0.2947,quality(0.75); equipment(0.60); cost(0.21),0,0,1,0.0,0,0.21038405847066122,0.75,0.6,2025-07-21 16:47:00,巡检,中,西北
TK000135,0.1136,low,0.0628,0.0535,0.0286,quality(0.25); cost(0.23); equipment(0.20),0,0,1,0.0,0,0.23053468991929515,0.25,0.2,2025-08-19 07:11:00,巡检,低,华南
TK000136,0.1323,low,0.0825,0.1074,0.0149,equipment(0.40); quality(0.25); cost(0.17),0,0,1,0.0,0,0.1742460022940422,0.25,0.4,2025-03-02 09:12:00,抢修,中,华东
TK000137,0.2735,low,0.2507,0.2705,0.2115,compliance(0.75); equipment(0.40); cost(0.13),0,0,1,0.75,0,0.13008801399164527,0.0,0.4,2025-08-22 18:37:00,巡检,紧急,华北
TK000138,0.194,low,0.0738,0.0377,0.007,equipment(0.40); compliance(0.25); quality(0.25),0,0,1,0.25,0,0.17011069540809043,0.25,0.4,2025-09-24 18:40:00,巡检,低,西南
TK000139,0.2331,low,0.6645,0.9139,0.7849,quality(0.50); equipment(0.40); compliance(0.25),0,0,1,0.25,0,0.1779104887424492,0.5,0.4,2025-12-11 14:58:00,巡检,紧急,华南
TK000140,0.2815,low,0.6034,0.8873,0.5955,equipment(0.80); quality(0.50); compliance(0.25),0,0,1,0.25,0,0.12007479792496067,0.5,0.8,2025-07-31 08:31:00,保养,中,华北
TK000141,0.2952,low,0.1586,0.1898,0.0102,compliance(0.50); quality(0.50); equipment(0.40),0,0,1,0.5,0,0.17577980208696042,0.5,0.4,2025-01-12 16:48:00,巡检,低,华北
TK000142,0.0434,low,0.0371,0.0646,0.0042,equipment(0.20),0,0,1,0.0,0,0.06714626883968966,0.0,0.2,2025-11-12 12:19:00,巡检,高,西北
TK000143,0.1511,low,0.0639,0.0504,0.0026,compliance(0.50); cost(0.13),0,0,1,0.5,0,0.1305797729536845,0.0,0.0,2025-09-18 08:25:00,保养,中,华北
TK000144,0.0415,low,0.0186,0.013,0.0047,cost(0.21),0,0,1,0.0,0,0.20770796003969694,0.0,0.0,2025-12-17 20:38:00,保养,中,华中
TK000145,0.1761,low,0.237,0.3923,0.134,compliance(0.25); quality(0.25); cost(0.23),0,0,1,0.25,0,0.23034663085100304,0.25,0.2,2025-01-01 18:35:00,保养,中,华北
TK000146,0.2455,low,0.2012,0.1958,0.1686,equipment(0.80); compliance(0.25); quality(0.25),0,0,1,0.25,0,0.12758116427400967,0.25,0.8,2025-08-21 15:27:00,巡检,中,华北
TK000147,0.1223,low,0.0994,0.1745,0.0048,compliance(0.25); equipment(0.20); cost(0.15),0,0,1,0.25,0,0.14913679245283018,0.0,0.2,2025-11-10 07:57:00,巡检,中,华中
TK000148,0.1045,low,0.1153,0.1919,0.048,compliance(0.25); cost(0.21),0,0,1,0.25,0,0.2101609437846753,0.0,0.0,2025-12-04 14:23:00,保养,高,西北
TK000149,0.2114,low,0.0699,0.0145,0.004,compliance(0.50); cost(0.28); equipment(0.20),0,0,1,0.5,0,0.28201957304002867,0.0,0.2,2025-09-29 20:27:00,抢修,低,华中
TK000150,0.211,low,0.071,0.0124,0.0097,compliance(0.50); equipment(0.40); cost(0.13),0,0,1,0.5,0,0.1301364096048977,0.0,0.4,2025-05-09 10:02:00,抢修,紧急,西南
TK000151,0.2541,low,0.4684,0.6198,0.5008,equipment(0.80); quality(0.75); cost(0.11),0,0,1,0.0,0,0.10824834659651972,0.75,0.8,2025-08-14 08:31:00,改造,高,华中
TK000152,0.0528,low,0.051,0.0844,0.016,cost(0.26),0,0,1,0.0,0,0.2638192794796802,0.0,0.0,2025-06-20 17:19:00,巡检,中,西北
TK000153,0.1873,low,0.1607,0.2544,0.0441,quality(0.75); equipment(0.40),0,0,1,0.0,0,0.07385085947326298,0.75,0.4,2025-01-19 12:03:00,巡检,中,华中
TK000154,0.1877,low,0.0999,0.0779,0.0467,equipment(0.40); cost(0.33); compliance(0.25),0,0,1,0.25,0,0.326155232917406,0.0,0.4,2025-06-14 20:50:00,抢修,紧急,华南
TK000155,0.1894,low,0.069,0.0286,0.0062,equipment(0.60); cost(0.31); quality(0.25),0,0,1,0.0,0,0.30932243471680476,0.25,0.6,2025-09-13 16:05:00,巡检,中,华北
TK000156,0.0143,low,0.0153,0.024,0.0074,,0,0,1,0.0,0,0.07158478426503379,0.0,0.0,2025-10-31 16:20:00,巡检,中,华北
TK000157,0.3393,low,0.5572,0.7414,0.5599,compliance(1.00); cost(0.30); equipment(0.20),0,0,1,1.0,0,0.296378117135667,0.0,0.2,2025-11-23 16:57:00,抢修,低,华南
TK000158,0.23,low,0.7404,0.9919,0.9265,cost(1.00); equipment(0.20),0,0,1,0.0,0,1.0,0.0,0.2,2025-07-03 11:15:00,巡检,紧急,华中
TK000159,0.0229,low,0.0179,0.0287,0.0029,cost(0.11),0,0,1,0.0,0,0.11454438887694296,0.0,0.0,2025-08-27 16:02:00,巡检,高,西南
TK000160,0.136,low,0.094,0.1375,0.0144,compliance(0.25); cost(0.22); equipment(0.20),0,0,1,0.25,0,0.2173132109445104,0.0,0.2,2025-02-14 08:25:00,保养,高,华东
TK000161,0.2317,low,0.0774,0.0213,0.0012,compliance(0.50); cost(0.35); quality(0.25),0,0,1,0.5,0,0.34613410391437427,0.25,0.0,2025-03-29 19:16:00,抢修,中,华北
TK000162,0.252,low,0.1712,0.1269,0.1463,compliance(0.50); equipment(0.40); cost(0.34),0,0,1,0.5,0,0.3350054977805257,0.0,0.4,2025-03-21 07:47:00,巡检,中,西北
TK000163,0.1417,low,0.13,0.1731,0.077,compliance(0.25); quality(0.25); cost(0.21),0,0,1,0.25,0,0.2087395906627182,0.25,0.0,2025-09-09 12:38:00,巡检,低,西北
TK000164,0.1459,low,0.3448,0.4866,0.3734,compliance(0.50); cost(0.10),0,0,1,0.5,0,0.10464917097845206,0.0,0.0,2025-11-24 11:26:00,抢修,中,西南
TK000165,0.0893,low,0.0582,0.0792,0.0104,equipment(0.40); cost(0.15),0,0,1,0.0,0,0.14630177514792908,0.0,0.4,2025-07-11 15:46:00,巡检,低,华南
TK000166,0.2478,low,0.5504,0.6764,0.6837,quality(1.00); cost(0.34); equipment(0.20),0,0,1,0.0,0,0.33902542690701787,1.0,0.2,2025-06-24 09:06:00,抢修,中,华南
TK000167,0.1056,low,0.0454,0.0304,0.0088,equipment(0.60),0,0,1,0.0,0,0.07775921187753465,0.0,0.6,2025-01-10 19:30:00,保养,紧急,华东
TK000168,0.0819,low,0.059,0.0622,0.0361,quality(0.25); cost(0.22),0,0,1,0.0,0,0.22186249171089045,0.25,0.0,2025-05-25 09:57:00,保养,紧急,西北
TK000169,0.191,low,0.5247,0.7154,0.62,quality(0.50); compliance(0.25); equipment(0.20),0,0,1,0.25,0,0.11766407340073748,0.5,0.2,2025-05-29 20:27:00,抢修,紧急,华中
TK000170,0.1694,low,0.0698,0.0393,0.0149,quality(0.75); equipment(0.20); cost(0.13),0,0,1,0.0,0,0.13474258679540008,0.75,0.2,2025-12-08 16:25:00,改造,中,华南
TK000171,0.0996,low,0.0504,0.0457,0.0128,equipment(0.40); cost(0.20),0,0,1,0.0,0,0.19776960427015933,0.0,0.4,2025-06-11 20:24:00,巡检,紧急,华南
TK000172,0.288,low,0.7771,0.989,0.9845,quality(1.00); equipment(0.40); compliance(0.25),0,0,1,0.25,0,0.07770476037826568,1.0,0.4,2025-08-08 12:22:00,巡检,紧急,华南
TK000173,0.1635,low,0.4176,0.573,0.48,quality(0.50); equipment(0.40); cost(0.14),0,0,1,0.0,0,0.1426427053835745,0.5,0.4,2025-10-02 10:18:00,抢修,高,西南
TK000174,0.0563,low,0.0312,0.0342,0.0067,cost(0.28),0,0,1,0.0,0,0.2815474381280828,0.0,0.0,2025-10-17 18:40:00,抢修,高,华中
TK000175,0.2304,low,0.2294,0.3794,0.0785,compliance(0.50); quality(0.25); equipment(0.20),0,0,1,0.5,0,0.18957254055546158,0.25,0.2,2025-11-26 20:02:00,改造,中,华东
TK000176,0.0751,low,0.0858,0.1595,0.0214,compliance(0.25),0,0,1,0.25,0,0.06281611104958096,0.0,0.0,2025-08-14 13:16:00,保养,紧急,西南
TK000177,0.0495,low,0.034,0.0403,0.0144,equipment(0.20),0,0,1,0.0,0,0.09731163364520523,0.0,0.2,2025-06-02 10:55:00,保养,低,西北
TK000178,0.1692,low,0.1559,0.2596,0.0407,equipment(0.60); compliance(0.25),0,0,1,0.25,0,0.08360906682366798,0.0,0.6,2025-09-22 18:49:00,保养,中,西南
TK000179,0.0916,low,0.0326,0.0132,0.0014,cost(0.27); quality(0.25),0,0,1,0.0,0,0.2703698658340442,0.25,0.0,2025-01-08 18:33:00,巡检,低,华中
TK000180,0.1203,low,0.0734,0.0799,0.0268,quality(0.50); cost(0.23),0,0,1,0.0,0,0.2265928266167052,0.5,0.0,2025-12-29 13:47:00,巡检,紧急,西南
TK000181,0.216,low,0.448,0.6867,0.4083,equipment(0.40); cost(0.28); compliance(0.25),0,0,1,0.25,0,0.2799338104262723,0.25,0.4,2025-05-15 16:53:00,保养,高,华北
TK000182,0.3204,low,0.1749,0.2047,0.0203,compliance(0.75); equipment(0.40); cost(0.36),0,0,1,0.75,0,0.36449639413337653,0.0,0.4,2025-10-26 07:33:00,保养,高,华东
TK000183,0.0779,low,0.1107,0.2093,0.0401,compliance(0.25),0,0,1,0.25,0,0.07716245411536427,0.0,0.0,2025-02-17 13:16:00,抢修,低,华中
TK000184,0.3275,low,0.771,0.9961,0.926,cost(1.00); equipment(0.60); quality(0.25),0,0,1,0.0,0,1.0,0.25,0.6,2025-08-26 17:14:00,巡检,中,华中
TK000185,0.2661,low,0.296,0.3849,0.2326,compliance(0.50); cost(0.41); equipment(0.40),0,0,1,0.5,0,0.40572097780709737,0.0,0.4,2025-12-27 11:20:00,巡检,中,西北
TK000186,0.2137,low,0.3722,0.4733,0.4069,equipment(0.60); compliance(0.25); quality(0.25),0,0,1,0.25,0,0.1183729733277904,0.25,0.6,2025-01-09 18:12:00,保养,高,西北
TK000187,0.2373,low,0.2232,0.3976,0.0367,equipment(0.80); quality(0.50); cost(0.21),0,0,1,0.0,0,0.21156074378373013,0.5,0.8,2025-09-06 15:37:00,保养,低,华中
TK000188,0.0651,low,0.0306,0.03,0.0017,cost(0.33),0,0,1,0.0,0,0.3257468650568055,0.0,0.0,2025-11-15 10:18:00,保养,紧急,华中
TK000189,0.1158,low,0.0745,0.0746,0.0391,cost(0.27); compliance(0.25),0,0,1,0.25,0,0.2665843766531476,0.0,0.0,2025-08-13 19:29:00,改造,中,华东
TK000190,0.1344,low,0.1709,0.3076,0.0656,equipment(0.40); compliance(0.25),0,0,1,0.25,0,0.05948443530064962,0.0,0.4,2025-09-29 13:50:00,抢修,低,华中
TK000191,0.0955,low,0.0845,0.1318,0.0279,equipment(0.40); cost(0.18),0,0,1,0.0,0,0.17741594696669571,0.0,0.4,2025-05-24 15:39:00,改造,中,华中
TK000192,0.0827,low,0.0342,0.0251,0.0018,cost(0.26); equipment(0.20),0,0,1,0.0,0,0.2636868528973647,0.0,0.2,2025-07-10 11:40:00,巡检,高,西北
TK000193,0.1708,low,0.1272,0.136,0.081,compliance(0.25); quality(0.25); cost(0.20),0,0,1,0.25,0,0.20402846432573563,0.25,0.2,2025-04-20 14:04:00,巡检,中,西南
TK000194,0.1846,low,0.1858,0.1677,0.2049,quality(0.50); equipment(0.40); cost(0.25),0,0,1,0.0,0,0.24823650246114493,0.5,0.4,2025-06-05 11:31:00,抢修,高,西南
TK000195,0.0797,low,0.0277,0.0105,0.0002,cost(0.40),0,0,1,0.0,0,0.3984193976955246,0.0,0.0,2025-03-26 18:01:00,巡检,中,西北
TK000196,0.1336,low,0.2227,0.4813,0.0404,cost(0.36); compliance(0.25),0,0,1,0.25,0,0.35534480868325835,0.0,0.0,2025-07-15 11:05:00,抢修,紧急,华南
TK000197,0.1357,low,0.1018,0.1602,0.0142,compliance(0.25); cost(0.22); equipment(0.20),0,0,1,0.25,0,0.21601013024223015,0.0,0.2,2025-05-18 15:37:00,保养,高,西南
TK000198,0.1154,low,0.1086,0.0918,0.1197,equipment(0.60); cost(0.13),0,0,1,0.0,0,0.1267910636762949,0.0,0.6,2025-01-24 09:47:00,巡检,紧急,华东
TK000199,0.2625,low,0.7164,0.965,0.8569,cost(1.00); compliance(0.25),0,0,1,0.25,0,1.0,0.0,0.0,2025-11-29 17:04:00,巡检,低,西北
TK000200,0.2098,low,0.3413,0.5154,0.2798,compliance(0.50); cost(0.27); equipment(0.20),0,0,1,0.5,0,0.27397540378850804,0.0,0.2,2025-10-19 15:31:00,抢修,高,西北
TK000201,0.12,low,0.089,0.1114,0.04,equipment(0.60); cost(0.15),0,0,1,0.0,0,0.15011095889313497,0.0,0.6,2025-04-25 07:17:00,改造,中,华北
TK000202,0.1588,low,0.0753,0.0709,0.008,quality(0.75); cost(0.23),0,0,1,0.0,0,0.23151782290251255,0.75,0.0,2025-11-17 14:37:00,抢修,低,华东
TK000203,0.2763,low,0.409,0.4736,0.4582,compliance(0.50); quality(0.50); equipment(0.40),0,0,1,0.5,0,0.08151195542082867,0.5,0.4,2025-10-31 19:53:00,抢修,中,西北
TK000204,0.0976,low,0.0833,0.1424,0.012,cost(0.30); quality(0.25),0,0,1,0.0,0,0.30051465802416955,0.25,0.0,2025-12-08 14:44:00,保养,中,西北
TK000205,0.2802,low,0.3289,0.4856,0.214,compliance(0.50); equipment(0.40); cost(0.29),0,0,1,0.5,0,0.2885771642174798,0.25,0.4,2025-04-12 10:18:00,抢修,低,西北
TK000206,0.0589,low,0.0456,0.067,0.0128,equipment(0.20); cost(0.14),0,0,1,0.0,0,0.1445164094391559,0.0,0.2,2025-10-02 11:50:00,抢修,高,西北
TK000207,0.0803,low,0.0349,0.0224,0.0084,equipment(0.40); cost(0.10),0,0,1,0.0,0,0.10126719747589352,0.0,0.4,2025-08-06 13:36:00,抢修,低,华北
TK000208,0.0827,low,0.0439,0.0538,0.0007,equipment(0.40); cost(0.11),0,0,1,0.0,0,0.11332239579618142,0.0,0.4,2025-06-04 18:52:00,保养,低,华南
TK000209,0.1157,low,0.0938,0.1142,0.0547,cost(0.39); quality(0.25),0,0,1,0.0,0,0.3908323542143344,0.25,0.0,2025-07-11 09:36:00,保养,高,西北
TK000210,0.1191,low,0.2159,0.2704,0.2443,quality(0.50); cost(0.22),0,0,1,0.0,0,0.2206678330851769,0.5,0.0,2025-12-12 15:11:00,抢修,中,华中
TK000211,0.1418,low,0.1305,0.1704,0.081,equipment(0.40); compliance(0.25),0,0,1,0.25,0,0.09651676385055274,0.0,0.4,2025-01-04 09:28:00,抢修,中,华南
TK000212,0.325,low,0.7921,0.9992,0.9854,cost(1.00); compliance(0.50),0,0,1,0.5,0,1.0,0.0,0.0,2025-07-08 08:48:00,抢修,中,华北
TK000213,0.272,low,0.4116,0.4191,0.5237,equipment(0.80); cost(0.26); compliance(0.25),0,0,1,0.25,0,0.2599769067061114,0.25,0.8,2025-02-09 17:48:00,抢修,高,华中
TK000214,0.0895,low,0.0523,0.0697,0.0029,cost(0.30); equipment(0.20),0,0,1,0.0,0,0.2974037756918031,0.0,0.2,2025-08-01 15:06:00,保养,高,西北
TK000215,0.0604,low,0.0301,0.032,0.0021,equipment(0.20); cost(0.15),0,0,1,0.0,0,0.15196041528364257,0.0,0.2,2025-12-08 14:04:00,巡检,中,西南
TK000216,0.1465,low,0.5922,0.7324,0.834,quality(0.50); equipment(0.40),0,0,1,0.0,0,0.057286030207500116,0.5,0.4,2025-06-25 10:13:00,巡检,低,西北
TK000217,0.0862,low,0.034,0.0222,0.0012,cost(0.28); equipment(0.20),0,0,1,0.0,0,0.2811870454467852,0.0,0.2,2025-07-13 09:30:00,巡检,中,西北
TK000218,0.1488,low,0.1387,0.1716,0.0971,compliance(0.50); cost(0.12),0,0,1,0.5,0,0.1192085238358328,0.0,0.0,2025-06-07 17:37:00,抢修,低,华东
TK000219,0.1602,low,0.1407,0.1874,0.0772,quality(0.50); cost(0.28); equipment(0.20),0,0,1,0.0,0,0.2762073317706899,0.5,0.2,2025-09-23 10:56:00,巡检,低,华北
TK000220,0.2634,low,0.118,0.1074,0.004,compliance(0.50); equipment(0.40); cost(0.39),0,0,1,0.5,0,0.39224218268362276,0.0,0.4,2025-10-18 20:13:00,抢修,紧急,华南
TK000221,0.2221,low,0.1069,0.096,0.019,compliance(0.50); cost(0.34); equipment(0.20),0,0,1,0.5,0,0.33527903873833476,0.0,0.2,2025-06-22 16:27:00,巡检,中,华北
TK000222,0.1006,low,0.0387,0.0182,0.0061,compliance(0.25); cost(0.19),0,0,1,0.25,0,0.19033983467502302,0.0,0.0,2025-11-07 14:25:00,保养,中,华北
TK000223,0.1088,low,0.167,0.1488,0.2352,compliance(0.25); cost(0.23),0,0,1,0.25,0,0.23144552063845403,0.0,0.0,2025-12-07 14:57:00,保养,中,西南
TK000224,0.1547,low,0.2513,0.4509,0.1344,quality(0.50); equipment(0.40),0,0,1,0.0,0,0.09833428938635913,0.5,0.4,2025-02-01 16:34:00,抢修,中,华中
TK000225,0.2619,low,0.393,0.662,0.2363,equipment(0.80); cost(0.40); compliance(0.25),0,0,1,0.25,0,0.39678398923920344,0.0,0.8,2025-01-31 19:21:00,抢修,中,西北
TK000226,0.1267,low,0.065,0.0721,0.0049,cost(0.32); compliance(0.25),0,0,1,0.25,0,0.3211818401687728,0.0,0.0,2025-10-23 09:28:00,保养,高,华南
TK000227,0.099,low,0.0374,0.021,0.0011,equipment(0.40); cost(0.19),0,0,1,0.0,0,0.19495903600889664,0.0,0.4,2025-11-29 13:17:00,巡检,中,华东
TK000228,0.2752,low,0.2905,0.4985,0.0956,equipment(0.60); quality(0.50); compliance(0.25),0,0,1,0.25,0,0.23828531859126234,0.5,0.6,2025-12-04 08:11:00,保养,中,华东
TK000229,0.0865,low,0.037,0.0305,0.001,cost(0.28); equipment(0.20),0,0,1,0.0,0,0.2825176010229391,0.0,0.2,2025-01-19 10:09:00,抢修,低,华南
TK000230,0.2286,low,0.4374,0.8675,0.1862,equipment(0.40); cost(0.34); compliance(0.25),0,0,1,0.25,0,0.3428493408864569,0.25,0.4,2025-05-19 08:34:00,抢修,中,华东
TK000231,0.1342,low,0.2201,0.4265,0.0874,equipment(0.40); compliance(0.25),0,0,1,0.25,0,0.05854215909218208,0.0,0.4,2025-09-02 16:08:00,抢修,中,西北
TK000232,0.2906,low,0.6044,0.7466,0.7312,quality(0.75); equipment(0.60); compliance(0.25),0,0,1,0.25,0,0.12821448144179115,0.75,0.6,2025-02-13 18:18:00,巡检,中,华东
TK000233,0.116,low,0.0485,0.0364,0.0028,compliance(0.25); quality(0.25),0,0,1,0.25,0,0.07979549140246844,0.25,0.0,2025-06-23 17:15:00,保养,低,华东
TK000234,0.0764,low,0.0545,0.0598,0.0303,equipment(0.40),0,0,1,0.0,0,0.08189147567714461,0.0,0.4,2025-01-04 09:49:00,保养,高,华中
TK000235,0.1857,low,0.1567,0.2423,0.0462,equipment(0.80); cost(0.33),0,0,1,0.0,0,0.32867269585398784,0.0,0.8,2025-03-09 08:06:00,保养,高,华北
TK000236,0.1786,low,0.338,0.4633,0.3492,equipment(0.60); quality(0.50),0,0,1,0.0,0,0.06815011202840882,0.5,0.6,2025-05-21 10:59:00,抢修,紧急,华南
TK000237,0.1871,low,0.4869,0.5011,0.7296,quality(0.50); compliance(0.25); equipment(0.20),0,0,1,0.25,0,0.09801910724888008,0.5,0.2,2025-07-04 18:51:00,巡检,中,西南
TK000238,0.2633,low,0.5239,0.6611,0.61,equipment(0.60); quality(0.50); compliance(0.25),0,0,1,0.25,0,0.1790112835623473,0.5,0.6,2025-08-18 17:45:00,抢修,中,华中
TK000239,0.2042,low,0.1896,0.357,0.0098,cost(0.41); equipment(0.40); compliance(0.25),0,0,1,0.25,0,0.40828084191119995,0.0,0.4,2025-06-01 18:17:00,巡检,高,华东
TK000240,0.0631,low,0.115,0.0741,0.2003,cost(0.32),0,0,1,0.0,0,0.31547074283464505,0.0,0.0,2025-08-15 10:20:00,抢修,中,华中
TK000241,0.1721,low,0.229,0.3889,0.1179,equipment(0.80); cost(0.26),0,0,1,0.0,0,0.2603589621730801,0.0,0.8,2025-03-09 10:49:00,抢修,高,西北
TK000242,0.184,low,0.2537,0.4109,0.1563,equipment(0.80); quality(0.25); cost(0.13),0,0,1,0.0,0,0.13250648222069927,0.25,0.8,2025-09-09 09:07:00,抢修,低,华北
TK000243,0.1347,low,0.1618,0.3046,0.0423,compliance(0.25); quality(0.25); cost(0.17),0,0,1,0.25,0,0.17360999148453016,0.25,0.0,2025-10-23 13:46:00,抢修,紧急,华南
TK000244,0.2513,low,0.5245,0.7489,0.5343,quality(0.75); equipment(0.40); cost(0.39),0,0,1,0.0,0,0.39410081312744505,0.75,0.4,2025-06-28 12:54:00,保养,中,华南
TK000245,0.1902,low,0.304,0.4513,0.2543,equipment(0.60); quality(0.50); cost(0.13),0,0,1,0.0,0,0.1257886085246397,0.5,0.6,2025-08-29 13:46:00,巡检,中,西北
TK000246,0.1593,low,0.0571,0.0254,0.0011,equipment(0.60); quality(0.25); cost(0.16),0,0,1,0.0,0,0.15877297534659052,0.25,0.6,2025-09-02 12:41:00,巡检,低,华南
TK000247,0.1633,low,0.0883,0.1003,0.0119,equipment(0.40); cost(0.33); quality(0.25),0,0,1,0.0,0,0.3291356517758862,0.25,0.4,2025-06-11 19:25:00,保养,低,西北
TK000248,0.1315,low,0.0569,0.0454,0.0045,equipment(0.40); cost(0.36),0,0,1,0.0,0,0.357719343920854,0.0,0.4,2025-12-31 19:43:00,巡检,高,西南
TK000249,0.0168,low,0.0091,0.0114,0.0002,,0,0,1,0.0,0,0.08414372594529484,0.0,0.0,2025-07-11 08:43:00,巡检,中,西北
TK000250,0.2367,low,0.7151,0.9236,0.9166,quality(1.00); cost(0.28); equipment(0.20),0,0,1,0.0,0,0.2834242148843784,1.0,0.2,2025-01-20 15:09:00,改造,高,华南
TK000251,0.193,low,0.0863,0.0328,0.0483,compliance(0.50); equipment(0.20); cost(0.19),0,0,1,0.5,0,0.18983974576496254,0.0,0.2,2025-12-23 13:22:00,改造,中,华东
TK000252,0.0422,low,0.0735,0.1444,0.0295,equipment(0.20),0,0,1,0.0,0,0.06121448553756126,0.0,0.2,2025-06-28 10:12:00,改造,中,华东
TK000253,0.0768,low,0.0438,0.054,0.0053,cost(0.23); equipment(0.20),0,0,1,0.0,0,0.23407251595422296,0.0,0.2,2025-11-21 14:32:00,巡检,紧急,华北
TK000254,0.2297,low,0.5989,0.754,0.7604,compliance(0.50); quality(0.50); cost(0.15),0,0,1,0.5,0,0.1485045241392532,0.5,0.0,2025-05-04 15:25:00,抢修,中,华东
TK000255,0.2048,low,0.2048,0.3144,0.0952,quality(0.50); equipment(0.40); cost(0.35),0,0,1,0.0,0,0.3491474348833984,0.5,0.4,2025-11-21 17:49:00,巡检,高,华南
TK000256,0.2042,low,0.0717,0.0297,0.0002,compliance(0.50); cost(0.40),0,0,1,0.5,0,0.3959560841720037,0.0,0.0,2025-03-24 09:19:00,抢修,高,西南
TK000257,0.0902,low,0.0694,0.1073,0.0138,equipment(0.40); cost(0.15),0,0,1,0.0,0,0.15102597831750997,0.0,0.4,2025-04-09 11:11:00,抢修,低,西北
TK000258,0.1565,low,0.0831,0.0828,0.0204,equipment(0.40); compliance(0.25); cost(0.17),0,0,1,0.25,0,0.16994097056575141,0.0,0.4,2025-05-06 08:13:00,保养,中,华北
TK000259,0.2048,low,0.5656,0.8056,0.6348,quality(1.00); cost(0.27),0,0,1,0.0,0,0.27383116441847033,1.0,0.0,2025-05-26 07:41:00,保养,中,华东
TK000260,0.1326,low,0.1494,0.1998,0.1133,compliance(0.25); quality(0.25); cost(0.16),0,0,1,0.25,0,0.16294674166630896,0.25,0.0,2025-02-15 10:46:00,改造,中,西南
TK000261,0.0517,low,0.0706,0.0956,0.0617,cost(0.26),0,0,1,0.0,0,0.2585662062074763,0.0,0.0,2025-12-04 17:47:00,保养,中,华东
TK000262,0.1345,low,0.0754,0.0884,0.0116,compliance(0.25); cost(0.21); equipment(0.20),0,0,1,0.25,0,0.20975473421587199,0.0,0.2,2025-08-25 08:47:00,抢修,紧急,华中
TK000263,0.1162,low,0.0628,0.0797,0.0,cost(0.27); compliance(0.25),0,0,1,0.25,0,0.268294789201886,0.0,0.0,2025-01-19 16:17:00,抢修,中,华北
TK000264,0.1736,low,0.2233,0.4056,0.0836,quality(0.50); equipment(0.40); cost(0.19),0,0,1,0.0,0,0.19277926450618998,0.5,0.4,2025-08-31 16:00:00,巡检,高,华东
TK000265,0.1861,low,0.167,0.2283,0.0892,equipment(0.40); cost(0.32); compliance(0.25),0,0,1,0.25,0,0.3180186253167999,0.0,0.4,2025-09-12 07:15:00,巡检,中,华中
TK000266,0.1052,low,0.0503,0.0497,0.0038,compliance(0.25); cost(0.21),0,0,1,0.25,0,0.21366132416625738,0.0,0.0,2025-09-13 17:09:00,巡检,高,华北
TK000267,0.2373,low,0.0782,0.019,0.0011,compliance(0.50); equipment(0.40); cost(0.26),0,0,1,0.5,0,0.26132815259625575,0.0,0.4,2025-12-14 17:24:00,巡检,低,华东
TK000268,0.2126,low,0.3042,0.4442,0.2427,equipment(0.80); cost(0.28); quality(0.25),0,0,1,0.0,0,0.27572022661523643,0.25,0.8,2025-11-11 11:50:00,抢修,中,华南
TK000269,0.2662,low,0.3039,0.5737,0.0663,quality(0.50); equipment(0.40); cost(0.34),0,0,1,0.25,0,0.34368986983588,0.5,0.4,2025-06-04 17:19:00,保养,低,华中
TK000270,0.3514,low,0.6797,0.7858,0.8549,compliance(0.75); quality(0.50); equipment(0.40),0,0,1,0.75,0,0.144505223914008,0.5,0.4,2025-09-01 14:18:00,抢修,高,西南
TK000271,0.0363,low,0.0217,0.0278,0.0031,cost(0.18),0,0,1,0.0,0,0.1812896710653903,0.0,0.0,2025-12-02 18:36:00,巡检,中,华南
TK000272,0.0617,low,0.0264,0.022,0.0006,cost(0.31),0,0,1,0.0,0,0.3084058158911256,0.0,0.0,2025-07-16 19:26:00,改造,紧急,华北
TK000273,0.1665,low,0.1757,0.2719,0.0873,quality(0.50); equipment(0.40); cost(0.16),0,0,1,0.0,0,0.15744497725316609,0.5,0.4,2025-04-08 20:13:00,巡检,中,华北
TK000274,0.3225,low,0.7964,0.9999,0.999,cost(1.00); equipment(0.40); compliance(0.25),0,0,1,0.25,0,1.0,0.0,0.4,2025-12-01 07:02:00,巡检,高,华北
TK000275,0.1204,low,0.0695,0.059,0.0363,cost(0.29); compliance(0.25),0,0,1,0.25,0,0.28944079545961754,0.0,0.0,2025-12-16 17:47:00,抢修,中,华中
TK000276,0.1736,low,0.5622,0.8144,0.6432,equipment(0.40); cost(0.26); compliance(0.25),0,0,1,0.25,0,0.25574260089585144,0.0,0.4,2025-09-03 17:07:00,保养,紧急,西南
TK000277,0.1124,low,0.0517,0.0504,0.0011,equipment(0.60); cost(0.11),0,0,1,0.0,0,0.11195904173106652,0.0,0.6,2025-01-18 11:17:00,巡检,高,华东
TK000278,0.0553,low,0.0196,0.0077,0.001,cost(0.28),0,0,1,0.0,0,0.27632194413828326,0.0,0.0,2025-10-21 18:36:00,保养,高,华中
TK000279,0.1703,low,0.2801,0.4112,0.2431,quality(0.50); compliance(0.25); cost(0.16),0,0,1,0.25,0,0.16404440916651797,0.5,0.0,2025-05-22 16:35:00,巡检,紧急,华南
TK000280,0.1151,low,0.0432,0.0198,0.0051,equipment(0.60); cost(0.13),0,0,1,0.0,0,0.12539533849866635,0.0,0.6,2025-06-17 16:50:00,巡检,低,西北
TK000281,0.0485,low,0.0279,0.0296,0.0086,cost(0.24),0,0,1,0.0,0,0.24272822432278118,0.0,0.0,2025-12-04 15:33:00,巡检,高,西南
TK000282,0.0772,low,0.0379,0.0408,0.0014,equipment(0.40),0,0,1,0.0,0,0.08588522550300903,0.0,0.4,2025-11-20 19:12:00,保养,低,华东
TK000283,0.0819,low,0.0258,0.003,0.0006,equipment(0.40); cost(0.11),0,0,1,0.0,0,0.10934491801102042,0.0,0.4,2025-05-29 19:30:00,保养,中,西北
TK000284,0.2578,low,0.4077,0.604,0.3398,compliance(0.50); equipment(0.40); quality(0.25),0,0,1,0.5,0,0.17664501951061462,0.25,0.4,2025-03-26 08:18:00,抢修,中,华南
TK000285,0.1508,low,0.3149,0.421,0.3495,compliance(0.25); quality(0.25); equipment(0.20),0,0,1,0.25,0,0.10388751130203311,0.25,0.2,2025-07-01 19:05:00,保养,高,华东
TK000286,0.1656,low,0.2028,0.3781,0.0595,equipment(0.60); compliance(0.25),0,0,1,0.25,0,0.06559920710587364,0.0,0.6,2025-11-22 08:33:00,保养,中,华东
TK000287,0.1644,low,0.0808,0.0839,0.006,equipment(0.40); compliance(0.25); cost(0.21),0,0,1,0.25,0,0.20953846153846156,0.0,0.4,2025-12-23 13:45:00,抢修,低,华中
TK000288,0.0865,low,0.0433,0.041,0.0086,compliance(0.25); cost(0.12),0,0,1,0.25,0,0.11983342623161686,0.0,0.0,2025-12-27 12:58:00,巡检,中,华东
TK000289,0.0834,low,0.1163,0.2493,0.0114,equipment(0.40); cost(0.12),0,0,1,0.0,0,0.11711732083599502,0.0,0.4,2025-02-09 08:32:00,保养,中,华中
TK000290,0.2251,low,0.1791,0.3019,0.0169,equipment(0.60); cost(0.36); compliance(0.25),0,0,1,0.25,0,0.36301971249031595,0.0,0.6,2025-08-20 10:36:00,改造,中,华南
TK000291,0.1321,low,0.2378,0.4182,0.148,cost(0.35); compliance(0.25),0,0,1,0.25,0,0.34777035523878586,0.0,0.0,2025-06-10 17:15:00,巡检,中,西南
TK000292,0.2274,low,0.0814,0.034,0.0037,compliance(0.75); cost(0.20),0,0,1,0.75,0,0.1996209412101273,0.0,0.0,2025-05-29 15:43:00,抢修,中,西北
TK000293,0.2344,low,0.1931,0.2477,0.1031,equipment(1.00); compliance(0.25); cost(0.11),0,0,1,0.25,0,0.10961310516640521,0.0,1.0,2025-11-16 19:25:00,改造,中,西北
TK000294,0.1035,low,0.1543,0.1491,0.203,equipment(0.60),0,0,1,0.0,0,0.06758742757154412,0.0,0.6,2025-08-06 17:30:00,巡检,中,华东
TK000295,0.2088,low,0.3109,0.5744,0.135,quality(0.50); equipment(0.40); compliance(0.25),0,0,1,0.25,0,0.05647805838620168,0.5,0.4,2025-07-15 12:11:00,改造,低,华南
TK000296,0.2166,low,0.5082,0.6787,0.5876,equipment(0.60); cost(0.32); compliance(0.25),0,0,1,0.25,0,0.32071587411911295,0.0,0.6,2025-03-09 08:26:00,保养,高,华中
TK000297,0.2193,low,0.103,0.0935,0.0128,quality(0.75); equipment(0.40); cost(0.23),0,0,1,0.0,0,0.23412126211330309,0.75,0.4,2025-05-21 15:22:00,抢修,中,西北
TK000298,0.0888,low,0.0648,0.0552,0.0537,equipment(0.40); cost(0.14),0,0,1,0.0,0,0.14424518526665553,0.0,0.4,2025-12-24 14:16:00,抢修,中,华北
TK000299,0.2377,low,0.4508,0.6663,0.418,quality(0.50); equipment(0.40); compliance(0.25),0,0,1,0.25,0,0.20087524573870486,0.5,0.4,2025-10-28 12:23:00,巡检,中,华东
TK000300,0.1197,low,0.0883,0.1367,0.0131,equipment(0.40); quality(0.25); cost(0.11),0,0,1,0.0,0,0.11121915413661854,0.25,0.4,2025-08-07 19:17:00,改造,中,华东
TK000301,0.1095,low,0.0709,0.0744,0.0344,equipment(0.60),0,0,1,0.0,0,0.0974240790989852,0.0,0.6,2025-03-23 12:06:00,巡检,中,西北
TK000302,0.1303,low,0.0536,0.039,0.0024,equipment(0.60); cost(0.20),0,0,1,0.0,0,0.2015344925788186,0.0,0.6,2025-09-13 10:02:00,抢修,中,华北
TK000303,0.3403,low,0.3822,0.6187,0.1816,compliance(0.75); quality(0.75); cost(0.20),0,0,1,0.75,0,0.20158969762724654,0.75,0.0,2025-12-31 12:54:00,巡检,中,华南
TK000304,0.3085,low,0.7721,0.9792,0.9625,quality(1.00); compliance(0.50); cost(0.17),0,0,1,0.5,0,0.1674020370082413,1.0,0.0,2025-01-19 15:47:00,巡检,高,西南
TK000305,0.1427,low,0.1015,0.1453,0.0224,equipment(0.60); quality(0.25),0,0,1,0.0,0,0.07576401317471537,0.25,0.6,2025-04-09 16:16:00,改造,中,西南
TK000306,0.0897,low,0.0493,0.0554,0.0087,equipment(0.40); cost(0.15),0,0,1,0.0,0,0.14852124793619426,0.0,0.4,2025-10-05 13:30:00,改造,紧急,华北
TK000307,0.0736,low,0.0739,0.1177,0.0304,cost(0.22); equipment(0.20),0,0,1,0.0,0,0.21801590873271326,0.0,0.2,2025-05-01 13:58:00,巡检,中,华东
TK000308,0.0915,low,0.0501,0.0428,0.0219,quality(0.25); equipment(0.20); cost(0.12),0,0,1,0.0,0,0.12015396267089107,0.25,0.2,2025-05-28 07:34:00,保养,中,西北
TK000309,0.1198,low,0.1235,0.2107,0.0394,cost(0.29); compliance(0.25),0,0,1,0.25,0,0.2865320439151453,0.0,0.0,2025-06-15 09:18:00,抢修,紧急,西南
TK000310,0.2192,low,0.0832,0.0477,0.0021,compliance(0.50); cost(0.32); equipment(0.20),0,0,1,0.5,0,0.320838402270884,0.0,0.2,2025-05-30 19:25:00,保养,中,华东
TK000311,0.0311,low,0.0145,0.0135,0.0012,cost(0.16),0,0,1,0.0,0,0.15564508160643864,0.0,0.0,2025-03-17 15:18:00,抢修,低,西南
TK000312,0.2032,low,0.5308,0.6953,0.647,compliance(0.50); quality(0.25); cost(0.20),0,0,1,0.5,0,0.20346923850443366,0.25,0.0,2025-09-06 17:10:00,保养,中,华中
TK000313,0.2402,low,0.599,0.7649,0.7407,quality(0.75); equipment(0.40); cost(0.34),0,0,1,0.0,0,0.33837425097177465,0.75,0.4,2025-08-17 16:33:00,抢修,高,西北
TK000314,0.3015,low,0.2314,0.141,0.2618,compliance(0.75); equipment(0.40); cost(0.27),0,0,1,0.75,0,0.27004221383977467,0.0,0.4,2025-10-25 13:55:00,改造,中,华中
TK000315,0.0222,low,0.0267,0.0464,0.0108,cost(0.11),0,0,1,0.0,0,0.1110687884430901,0.0,0.0,2025-06-25 17:43:00,巡检,高,华东
TK000316,0.0429,low,0.0348,0.0297,0.0331,cost(0.21),0,0,1,0.0,0,0.21467325378796231,0.0,0.0,2025-08-06 16:25:00,保养,紧急,华中
TK000317,0.0697,low,0.0334,0.0189,0.0167,quality(0.25); cost(0.16),0,0,1,0.0,0,0.16099741776673016,0.25,0.0,2025-05-24 16:37:00,巡检,高,西北
TK000318,0.2962,low,0.1248,0.0916,0.0111,compliance(0.75); quality(0.50); cost(0.17),0,0,1,0.75,0,0.1684491793399393,0.5,0.0,2025-08-28 10:29:00,巡检,高,西北
TK000319,0.1034,low,0.0643,0.0883,0.0069,equipment(0.60),0,0,1,0.0,0,0.06690890875345046,0.0,0.6,2025-11-09 17:12:00,保养,中,华中
TK000320,0.3337,low,0.2714,0.3732,0.1163,compliance(0.75); cost(0.39); quality(0.25),0,0,1,0.75,0,0.3935689912970134,0.25,0.2,2025-03-17 10:19:00,抢修,紧急,西南
TK000321,0.1076,low,0.0368,0.0098,0.0031,equipment(0.60),0,0,1,0.0,0,0.08815087858445059,0.0,0.6,2025-03-25 19:13:00,抢修,中,西南
TK000322,0.0166,low,0.068,0.1335,0.0465,,0,0,1,0.0,0,0.08296951803633967,0.0,0.0,2025-03-13 18:30:00,保养,紧急,华南
TK000323,0.1182,low,0.0571,0.0405,0.0214,equipment(0.60); cost(0.14),0,0,1,0.0,0,0.14124873409361105,0.0,0.6,2025-03-22 08:00:00,巡检,高,华中
TK000324,0.2303,low,0.5956,0.7794,0.725,equipment(0.60); compliance(0.50),0,0,1,0.5,0,0.076628971459343,0.0,0.6,2025-04-05 18:42:00,巡检,中,华中
TK000325,0.1358,low,0.1759,0.2757,0.1104,cost(0.34); quality(0.25); equipment(0.20),0,0,1,0.0,0,0.34149560015061287,0.25,0.2,2025-05-24 17:49:00,巡检,高,华南
TK000326,0.1662,low,0.1223,0.1816,0.0255,equipment(0.60); compliance(0.25),0,0,1,0.25,0,0.06833390499633452,0.0,0.6,2025-10-16 20:33:00,巡检,低,华北
TK000327,0.0836,low,0.0437,0.0468,0.0063,equipment(0.40); cost(0.12),0,0,1,0.0,0,0.11813702281375493,0.0,0.4,2025-01-31 19:26:00,抢修,中,华南
TK000328,0.2148,low,0.5725,0.672,0.7797,quality(0.50); equipment(0.40); compliance(0.25),0,0,1,0.25,0,0.08631790597085442,0.5,0.4,2025-05-20 07:24:00,保养,高,西北
TK000329,0.0992,low,0.0787,0.123,0.0168,cost(0.35); equipment(0.20),0,0,1,0.0,0,0.3458579873088141,0.0,0.2,2025-04-24 16:27:00,保养,高,西北
TK000330,0.0341,low,0.0162,0.0168,0.0003,cost(0.17),0,0,1,0.0,0,0.17072017908054848,0.0,0.0,2025-05-30 13:51:00,抢修,中,华北
TK000331,0.1591,low,0.0546,0.0178,0.0019,compliance(0.50); cost(0.17),0,0,1,0.5,0,0.1702670007776722,0.0,0.0,2025-11-24 09:48:00,巡检,高,西北
TK000332,0.2416,low,0.2529,0.3012,0.2144,quality(0.75); equipment(0.60); cost(0.20),0,0,1,0.0,0,0.1952689259930277,0.75,0.6,2025-06-15 10:28:00,保养,高,华南
TK000333,0.1532,low,0.0842,0.0713,0.0379,equipment(0.80); cost(0.17),0,0,1,0.0,0,0.1657863743051612,0.0,0.8,2025-12-26 10:50:00,巡检,高,西南
TK000334,0.1674,low,0.0585,0.0193,0.0045,compliance(0.50); equipment(0.20),0,0,1,0.5,0,0.06191680712206238,0.0,0.2,2025-08-09 18:48:00,改造,低,华南
TK000335,0.2455,low,0.4525,0.7284,0.3539,compliance(0.50); equipment(0.40); quality(0.25),0,0,1,0.5,0,0.11490293647226091,0.25,0.4,2025-07-28 13:44:00,巡检,低,华南
TK000336,0.0655,low,0.028,0.0234,0.0004,equipment(0.20); cost(0.18),0,0,1,0.0,0,0.17735681584602447,0.0,0.2,2025-11-22 16:31:00,抢修,高,华北
TK000337,0.0283,low,0.0141,0.0146,0.0014,cost(0.14),0,0,1,0.0,0,0.14170047627447513,0.0,0.0,2025-03-01 17:35:00,抢修,高,华南
TK000338,0.1236,low,0.1085,0.1499,0.0541,quality(0.50); cost(0.24),0,0,1,0.0,0,0.24281226039309556,0.5,0.0,2025-06-06 14:50:00,保养,中,西北
TK000339,0.1259,low,0.0774,0.1001,0.0132,compliance(0.25); equipment(0.20); cost(0.17),0,0,1,0.25,0,0.16694303445692193,0.0,0.2,2025-12-19 08:59:00,抢修,低,西北
TK000340,0.1163,low,0.0869,0.1285,0.02,compliance(0.25); quality(0.25),0,0,1,0.25,0,0.08142172674573078,0.25,0.0,2025-11-23 08:07:00,抢修,中,华东
TK000341,0.134,low,0.1339,0.2437,0.0239,quality(0.50); cost(0.30),0,0,1,0.0,0,0.2951238924948789,0.5,0.0,2025-12-06 15:49:00,改造,中,西北
TK000342,0.1766,low,0.2757,0.368,0.2683,equipment(0.40); cost(0.27); compliance(0.25),0,0,1,0.25,0,0.2705766789364312,0.0,0.4,2025-03-15 08:43:00,抢修,中,西南
TK000343,0.2727,low,0.0977,0.0335,0.0119,equipment(0.80); compliance(0.50); cost(0.14),0,0,1,0.5,0,0.13866679604114118,0.0,0.8,2025-01-11 13:51:00,抢修,紧急,华中
TK000344,0.1956,low,0.0765,0.0378,0.0132,compliance(0.50); quality(0.25); cost(0.17),0,0,1,0.5,0,0.16553556802295866,0.25,0.0,2025-01-27 10:13:00,巡检,低,西北
TK000345,0.1714,low,0.5896,0.8908,0.6469,quality(0.50); compliance(0.25); cost(0.17),0,0,1,0.25,0,0.1697185023230391,0.5,0.0,2025-03-19 10:19:00,保养,中,华北
TK000346,0.1718,low,0.0871,0.0498,0.0517,equipment(0.40); compliance(0.25); quality(0.25),0,0,1,0.25,0,0.05912843506457943,0.25,0.4,2025-08-18 07:31:00,改造,中,华北
TK000347,0.0178,low,0.0299,0.0443,0.0259,,0,0,1,0.0,0,0.08908832923617727,0.0,0.0,2025-12-03 14:42:00,抢修,中,华南
TK000348,0.1903,low,0.1818,0.2127,0.1435,equipment(0.80); cost(0.35),0,0,1,0.0,0,0.3517294069219381,0.0,0.8,2025-04-01 12:04:00,抢修,低,华东
TK000349,0.1188,low,0.0431,0.0189,0.0024,equipment(0.40); cost(0.29),0,0,1,0.0,0,0.29402799481747466,0.0,0.4,2025-08-29 11:46:00,保养,低,华东
TK000350,0.1917,low,0.5287,0.7641,0.5822,equipment(0.60); compliance(0.25); cost(0.20),0,0,1,0.25,0,0.19622679241955054,0.0,0.6,2025-12-12 19:57:00,保养,紧急,西北
TK000351,0.1228,low,0.1548,0.2514,0.0857,quality(0.50); equipment(0.20),0,0,1,0.0,0,0.08904266480401113,0.5,0.2,2025-11-20 09:25:00,巡检,中,西北
TK000352,0.134,low,0.1277,0.2288,0.0213,compliance(0.25); cost(0.21); equipment(0.20),0,0,1,0.25,0,0.2077324757063319,0.0,0.2,2025-01-07 11:40:00,抢修,中,西北
TK000353,0.1771,low,0.1661,0.1724,0.1504,equipment(0.40); cost(0.27); compliance(0.25),0,0,1,0.25,0,0.2731871783473583,0.0,0.4,2025-05-08 14:36:00,巡检,紧急,西南
TK000354,0.1213,low,0.1367,0.2498,0.0367,quality(0.50); cost(0.23),0,0,1,0.0,0,0.2313079931494595,0.5,0.0,2025-09-26 19:32:00,抢修,中,华中
TK000355,0.1438,low,0.1529,0.2345,0.0791,compliance(0.25); quality(0.25); equipment(0.20),0,0,1,0.25,0,0.06880000683854204,0.25,0.2,2025-11-27 12:25:00,抢修,中,华东
TK000356,0.0275,low,0.0147,0.0174,0.0011,cost(0.14),0,0,1,0.0,0,0.1374508530090478,0.0,0.0,2025-01-29 17:43:00,巡检,紧急,西北
TK000357,0.1322,low,0.2113,0.4339,0.0565,cost(0.35); compliance(0.25),0,0,1,0.25,0,0.34825845765593866,0.0,0.0,2025-10-12 12:32:00,巡检,低,西南
TK000358,0.425,medium,0.7489,0.8466,0.9288,cost(1.00); compliance(0.75); quality(0.25),0,1,0,0.75,0,1.0,0.25,0.0,2025-06-08 07:13:00,保养,低,华南
TK000359,0.2017,low,0.1152,0.1429,0.0135,equipment(0.40); cost(0.40); compliance(0.25),0,0,1,0.25,0,0.3962247104198988,0.0,0.4,2025-03-14 11:29:00,改造,低,华南
TK000360,0.1374,low,0.0478,0.014,0.0049,equipment(0.60); cost(0.24),0,0,1,0.0,0,0.23686537876903524,0.0,0.6,2025-05-17 07:42:00,抢修,低,华南
TK000361,0.1521,low,0.0597,0.0332,0.0069,equipment(0.40); compliance(0.25); cost(0.15),0,0,1,0.25,0,0.14813441423931661,0.0,0.4,2025-07-04 13:05:00,巡检,低,华北
TK000362,0.1759,low,0.4656,0.7236,0.4558,equipment(0.40); compliance(0.25); quality(0.25),0,0,1,0.25,0,0.07963359680874638,0.25,0.4,2025-03-01 12:46:00,保养,中,华中
TK000363,0.2236,low,0.205,0.3417,0.0523,quality(0.75); compliance(0.25); cost(0.24),0,0,1,0.25,0,0.24291599414983178,0.75,0.0,2025-08-20 08:27:00,改造,中,华东
TK000364,0.2553,low,0.1823,0.1854,0.1166,compliance(0.75); equipment(0.20); cost(0.19),0,0,1,0.75,0,0.18896565214147287,0.0,0.2,2025-06-22 10:38:00,改造,紧急,华北
TK000365,0.2496,low,0.0848,0.0191,0.0093,compliance(0.50); equipment(0.40); cost(0.32),0,0,1,0.5,0,0.32297498492697274,0.0,0.4,2025-05-08 07:24:00,保养,低,华南
TK000366,0.1968,low,0.0883,0.0525,0.031,equipment(0.60); cost(0.35); quality(0.25),0,0,1,0.0,0,0.34667268894911163,0.25,0.6,2025-05-15 17:22:00,巡检,中,华南
TK000367,0.1414,low,0.2079,0.2934,0.1795,equipment(0.40); quality(0.25); cost(0.22),0,0,1,0.0,0,0.219705856327016,0.25,0.4,2025-09-02 14:13:00,抢修,中,西北
TK000368,0.2297,low,0.0865,0.0363,0.014,equipment(0.60); compliance(0.50),0,0,1,0.5,0,0.07354942101554562,0.0,0.6,2025-09-12 19:04:00,巡检,紧急,华东
TK000369,0.067,low,0.028,0.0194,0.0032,cost(0.34),0,0,1,0.0,0,0.33507631060041976,0.0,0.0,2025-05-28 16:32:00,抢修,低,华北
TK000370,0.1171,low,0.1067,0.1372,0.0673,cost(0.27); compliance(0.25),0,0,1,0.25,0,0.2728198539780027,0.0,0.0,2025-09-05 18:17:00,改造,中,华北
TK000371,0.0969,low,0.1979,0.4021,0.0802,compliance(0.25); cost(0.17),0,0,1,0.25,0,0.17222505632784935,0.0,0.0,2025-04-15 07:57:00,保养,紧急,华东
TK000372,0.2967,low,0.145,0.1103,0.0496,compliance(0.75); cost(0.40); equipment(0.20),0,0,1,0.75,0,0.39596266664137303,0.0,0.2,2025-04-23 11:06:00,抢修,中,华中
TK000373,0.172,low,0.1269,0.0789,0.1362,cost(0.40); compliance(0.25); equipment(0.20),0,0,1,0.25,0,0.3973883115130248,0.0,0.2,2025-04-22 12:22:00,巡检,高,华北
TK000374,0.1884,low,0.122,0.1641,0.0229,cost(0.29); compliance(0.25); quality(0.25),0,0,1,0.25,0,0.29222211594792025,0.25,0.2,2025-02-16 18:58:00,抢修,中,西南
TK000375,0.2035,low,0.2347,0.3115,0.1846,quality(0.75); equipment(0.40); cost(0.16),0,0,1,0.0,0,0.15518823205602617,0.75,0.4,2025-10-11 19:23:00,保养,高,华南
TK000376,0.1294,low,0.063,0.0618,0.0073,equipment(0.40); cost(0.35),0,0,1,0.0,0,0.3468287560322575,0.0,0.4,2025-09-26 14:41:00,改造,中,西南
TK000377,0.1757,low,0.1899,0.371,0.0209,equipment(0.40); cost(0.27); compliance(0.25),0,0,1,0.25,0,0.26583021381892,0.0,0.4,2025-07-24 14:45:00,巡检,低,华中
TK000378,0.1632,low,0.3276,0.2959,0.5001,equipment(0.40); cost(0.33); quality(0.25),0,0,1,0.0,0,0.32827304333979135,0.25,0.4,2025-11-10 14:22:00,巡检,高,华东
TK000379,0.2756,low,0.2109,0.2999,0.0665,compliance(0.75); quality(0.50),0,0,1,0.75,0,0.06530106757794907,0.5,0.0,2025-10-08 16:16:00,改造,高,华东
TK000380,0.1354,low,0.0566,0.0379,0.0079,cost(0.36); compliance(0.25),0,0,1,0.25,0,0.3644610351817288,0.0,0.0,2025-09-13 18:25:00,抢修,中,华北
TK000381,0.3433,low,0.7672,0.9449,0.9529,compliance(0.75); quality(0.50); equipment(0.40),0,0,1,0.75,0,0.10404250374425461,0.5,0.4,2025-07-27 13:54:00,抢修,高,华南
TK000382,0.054,low,0.0283,0.0342,0.0005,cost(0.27),0,0,1,0.0,0,0.2700693756194251,0.0,0.0,2025-03-29 13:52:00,改造,高,西南
TK000383,0.0948,low,0.1305,0.2099,0.0816,compliance(0.25); cost(0.16),0,0,1,0.25,0,0.16165170590427314,0.0,0.0,2025-10-28 08:09:00,抢修,中,华南
TK000384,0.1621,low,0.1308,0.1871,0.0476,quality(0.50); compliance(0.25); cost(0.12),0,0,1,0.25,0,0.12322798589517903,0.5,0.0,2025-12-29 13:42:00,巡检,低,西南
TK000385,0.17,low,0.556,0.7246,0.7184,compliance(0.50); equipment(0.20),0,0,1,0.5,0,0.0747546476117058,0.0,0.2,2025-08-11 19:46:00,保养,中,西北
TK000386,0.413,medium,0.6874,0.92,0.6899,compliance(1.00); quality(0.50); equipment(0.40),0,1,0,1.0,0,0.13983670825282302,0.5,0.4,2025-01-02 13:03:00,改造,低,华北
TK000387,0.1203,low,0.0894,0.1341,0.0182,cost(0.29); compliance(0.25),0,0,1,0.25,0,0.2888632664134564,0.0,0.0,2025-12-10 11:26:00,抢修,中,西北
TK000388,0.1432,low,0.0957,0.1214,0.0293,equipment(0.40); quality(0.25); cost(0.23),0,0,1,0.0,0,0.2285994103214367,0.25,0.4,2025-04-07 15:16:00,保养,低,西南
TK000389,0.0738,low,0.0777,0.1057,0.0531,compliance(0.25),0,0,1,0.25,0,0.05639159111464054,0.0,0.0,2025-01-02 16:22:00,抢修,中,华北
TK000390,0.1285,low,0.0439,0.0102,0.0051,equipment(0.40); cost(0.34),0,0,1,0.0,0,0.3427378202036101,0.0,0.4,2025-02-08 14:19:00,保养,中,华东
TK000391,0.2721,low,0.1799,0.1358,0.145,equipment(0.60); compliance(0.50); cost(0.29),0,0,1,0.5,0,0.28535949085624734,0.0,0.6,2025-08-04 08:42:00,巡检,中,华南
TK000392,0.0421,low,0.0274,0.0371,0.0052,equipment(0.20),0,0,1,0.0,0,0.060390632415691425,0.0,0.2,2025-01-31 13:13:00,巡检,中,西南
TK000393,0.0611,low,0.0354,0.0347,0.014,cost(0.31),0,0,1,0.0,0,0.30574621362527654,0.0,0.0,2025-10-22 07:41:00,抢修,高,西北
TK000394,0.1352,low,0.2315,0.3104,0.2351,equipment(0.40); compliance(0.25),0,0,1,0.25,0,0.0635533881631305,0.0,0.4,2025-04-15 13:07:00,保养,高,华北
TK000395,0.3035,low,0.4359,0.5539,0.4313,compliance(0.50); quality(0.50); equipment(0.40),0,0,1,0.5,0,0.21745918789044627,0.5,0.4,2025-10-18 08:15:00,保养,高,华南
TK000396,0.1016,low,0.0843,0.1452,0.0087,equipment(0.60),0,0,1,0.0,0,0.05777522808446056,0.0,0.6,2025-07-02 14:48:00,抢修,高,华南
TK000397,0.0829,low,0.1839,0.2354,0.219,equipment(0.40); cost(0.11),0,0,1,0.0,0,0.11450393206567056,0.0,0.4,2025-01-23 14:44:00,抢修,高,西北
TK000398,0.1723,low,0.5386,0.5967,0.7946,quality(1.00); cost(0.11),0,0,1,0.0,0,0.11158760890609876,1.0,0.0,2025-01-17 08:46:00,改造,高,西北
TK000399,0.0996,low,0.0395,0.0243,0.0033,cost(0.35); equipment(0.20),0,0,1,0.0,0,0.34802083983834853,0.0,0.2,2025-05-23 12:16:00,巡检,低,华东
TK000400,0.2964,low,0.1206,0.0509,0.0396,compliance(0.75); equipment(0.40); quality(0.25),0,0,1,0.75,0,0.05712609932663204,0.25,0.4,2025-10-09 09:52:00,抢修,中,华南
TK000401,0.1535,low,0.0683,0.0494,0.0142,equipment(0.60); cost(0.32),0,0,1,0.0,0,0.3176548497514492,0.0,0.6,2025-03-18 12:20:00,巡检,高,西南
TK000402,0.1942,low,0.6161,0.768,0.8258,quality(1.00); cost(0.22),0,0,1,0.0,0,0.2209116508044925,1.0,0.0,2025-07-13 16:07:00,抢修,高,华北
TK000403,0.297,low,0.1092,0.0478,0.0096,compliance(0.50); equipment(0.40); cost(0.37),0,0,1,0.5,0,0.37269586424143886,0.25,0.4,2025-10-12 15:47:00,抢修,中,华北
TK000404,0.185,low,0.2093,0.159,0.2803,equipment(0.40); cost(0.31); compliance(0.25),0,0,1,0.25,0,0.3124343921738133,0.0,0.4,2025-06-08 19:16:00,抢修,低,华中
TK000405,0.2078,low,0.2658,0.4544,0.1269,equipment(0.80); compliance(0.25); cost(0.13),0,0,1,0.25,0,0.1264829741420378,0.0,0.8,2025-08-27 16:53:00,保养,中,华北
TK000406,0.1913,low,0.136,0.1449,0.0797,compliance(0.50); equipment(0.20); cost(0.18),0,0,1,0.5,0,0.18160178485241718,0.0,0.2,2025-11-26 12:14:00,抢修,中,华东
TK000407,0.1411,low,0.1752,0.2978,0.0819,equipment(0.40); compliance(0.25),0,0,1,0.25,0,0.09289258167162173,0.0,0.4,2025-01-02 16:43:00,抢修,中,华北
TK000408,0.1661,low,0.1412,0.1976,0.0634,equipment(0.60); compliance(0.25),0,0,1,0.25,0,0.067957891989473,0.0,0.6,2025-01-22 20:23:00,巡检,中,华北
TK000409,0.2998,low,0.1543,0.1559,0.0281,compliance(0.75); equipment(0.40); cost(0.26),0,0,1,0.75,0,0.2617243661425408,0.0,0.4,2025-01-27 20:27:00,巡检,高,西南
TK000410,0.2152,low,0.0674,0.0079,0.0003,compliance(0.50); equipment(0.40); cost(0.15),0,0,1,0.5,0,0.1507693657530792,0.0,0.4,2025-08-20 18:44:00,抢修,低,西南
TK000411,0.3207,low,0.5335,0.6777,0.5718,equipment(0.80); compliance(0.50); cost(0.38),0,0,1,0.5,0,0.37847078818004054,0.0,0.8,2025-05-31 07:49:00,巡检,高,西南
TK000412,0.14,low,0.138,0.146,0.1283,quality(0.50); equipment(0.20); cost(0.18),0,0,1,0.0,0,0.17515114851770697,0.5,0.2,2025-12-03 15:48:00,抢修,低,华北
TK000413,0.2095,low,0.367,0.6034,0.2655,quality(0.75); equipment(0.40); cost(0.19),0,0,1,0.0,0,0.18505850347323094,0.75,0.4,2025-03-03 11:53:00,抢修,高,西南
TK000414,0.145,low,0.1197,0.206,0.0116,equipment(0.80); cost(0.12),0,0,1,0.0,0,0.1249904017311787,0.0,0.8,2025-07-28 19:11:00,保养,中,西南
TK000415,0.152,low,0.0808,0.0895,0.011,compliance(0.50); cost(0.14),0,0,1,0.5,0,0.13507246012493568,0.0,0.0,2025-02-04 10:12:00,抢修,高,华南
TK000416,0.3129,low,0.2283,0.152,0.232,quality(0.75); compliance(0.50); equipment(0.40),0,0,1,0.5,0,0.07685788682253514,0.75,0.4,2025-03-28 20:37:00,巡检,高,华中
TK000417,0.0294,low,0.0233,0.0403,0.001,cost(0.15),0,0,1,0.0,0,0.14697524531511819,0.0,0.0,2025-04-30 19:27:00,保养,高,西南
TK000418,0.1019,low,0.0852,0.1453,0.0107,equipment(0.60),0,0,1,0.0,0,0.05953554413386841,0.0,0.6,2025-06-17 17:10:00,抢修,中,西北
TK000419,0.0898,low,0.0492,0.0439,0.0196,equipment(0.40); cost(0.15),0,0,1,0.0,0,0.1490724551896001,0.0,0.4,2025-06-19 19:02:00,改造,中,华南
TK000420,0.2663,low,0.1123,0.0675,0.0251,compliance(0.75); equipment(0.40),0,0,1,0.75,0,0.09387210256267653,0.0,0.4,2025-05-21 13:49:00,抢修,中,西北
TK000421,0.0893,low,0.0823,0.1443,0.0144,equipment(0.40); cost(0.15),0,0,1,0.0,0,0.14649260773828254,0.0,0.4,2025-12-18 14:36:00,抢修,中,华南
TK000422,0.1502,low,0.0948,0.1332,0.0089,compliance(0.50); cost(0.13),0,0,1,0.5,0,0.12600772886417977,0.0,0.0,2025-09-05 09:58:00,改造,中,西南
TK000423,0.1475,low,0.1469,0.2466,0.0466,compliance(0.25); quality(0.25); cost(0.24),0,0,1,0.25,0,0.2373120961296723,0.25,0.0,2025-03-26 07:12:00,巡检,中,西南
TK000424,0.2613,low,0.502,0.5557,0.6546,equipment(1.00); compliance(0.25); cost(0.24),0,0,1,0.25,0,0.24414649395814603,0.0,1.0,2025-08-22 13:39:00,巡检,低,西北
TK000425,0.1186,low,0.0426,0.02,0.0002,cost(0.41); quality(0.25),0,0,1,0.0,0,0.4054845415199416,0.25,0.0,2025-10-05 17:21:00,保养,中,华北
TK000426,0.2683,low,0.5446,0.8326,0.4934,equipment(0.60); compliance(0.50); cost(0.27),0,0,1,0.5,0,0.26636053429401396,0.0,0.6,2025-12-16 08:18:00,巡检,低,西南
TK000427,0.0931,low,0.0376,0.021,0.0067,cost(0.32); equipment(0.20),0,0,1,0.0,0,0.31535235889624,0.0,0.2,2025-01-31 13:47:00,抢修,紧急,华南
TK000428,0.2344,low,0.5275,0.6811,0.6251,equipment(0.80); compliance(0.25); quality(0.25),0,0,1,0.25,0,0.07199673608265411,0.25,0.8,2025-02-22 13:03:00,巡检,高,华中
TK000429,0.0865,low,0.0403,0.0319,0.0092,cost(0.28); equipment(0.20),0,0,1,0.0,0,0.2826400317802622,0.0,0.2,2025-10-23 20:57:00,巡检,高,华北
TK000430,0.1838,low,0.1362,0.1763,0.0552,equipment(0.80); cost(0.32),0,0,1,0.0,0,0.318809901805139,0.0,0.8,2025-04-20 14:45:00,保养,高,西南
TK000431,0.2268,low,0.0753,0.0176,0.0032,compliance(0.50); cost(0.32); quality(0.25),0,0,1,0.5,0,0.32153247311284394,0.25,0.0,2025-05-23 11:15:00,改造,中,西南
TK000432,0.3422,low,0.5318,0.8259,0.4003,quality(0.75); compliance(0.50); equipment(0.40),0,0,1,0.5,0,0.22364596507577272,0.75,0.4,2025-03-16 13:03:00,巡检,中,华东
TK000433,0.033,low,0.0315,0.0456,0.016,cost(0.17),0,0,1,0.0,0,0.16511486613600124,0.0,0.0,2025-12-05 09:29:00,保养,中,华北
TK000434,0.079,low,0.0417,0.0473,0.0041,quality(0.25); equipment(0.20),0,0,1,0.0,0,0.05770846720379619,0.25,0.2,2025-01-09 19:06:00,抢修,中,华南
TK000435,0.0846,low,0.0831,0.1344,0.0306,compliance(0.25); cost(0.11),0,0,1,0.25,0,0.11054179005901521,0.0,0.0,2025-06-13 11:55:00,抢修,低,西北
TK000436,0.4225,medium,0.816,0.9902,0.9791,cost(1.00); compliance(0.50); equipment(0.40),0,1,0,0.5,0,1.0,0.25,0.4,2025-02-26 07:35:00,抢修,高,西南
TK000437,0.1632,low,0.0521,0.0082,0.0008,compliance(0.50); cost(0.19),0,0,1,0.5,0,0.1909320020216666,0.0,0.0,2025-05-28 12:33:00,改造,中,华南
TK000438,0.1576,low,0.121,0.1818,0.0288,equipment(0.40); compliance(0.25); cost(0.18),0,0,1,0.25,0,0.17534981258415516,0.0,0.4,2025-01-17 07:17:00,巡检,中,华北
TK000439,0.1107,low,0.0485,0.0358,0.0078,equipment(0.40); quality(0.25),0,0,1,0.0,0,0.06600038856698787,0.25,0.4,2025-11-07 15:31:00,巡检,中,华南
TK000440,0.343,low,0.2923,0.1884,0.3528,compliance(0.75); equipment(0.60); quality(0.25),0,0,1,0.75,0,0.14007830881836725,0.25,0.6,2025-12-31 20:58:00,抢修,低,西北
TK000441,0.1094,low,0.0736,0.0686,0.048,compliance(0.25); cost(0.23),0,0,1,0.25,0,0.23439759454425257,0.0,0.0,2025-12-05 15:01:00,保养,低,西南
TK000442,0.1536,low,0.0994,0.0942,0.0582,equipment(0.40); cost(0.28); quality(0.25),0,0,1,0.0,0,0.2806054106158532,0.25,0.4,2025-12-12 20:37:00,抢修,高,西北
TK000443,0.1796,low,0.1754,0.2117,0.1355,compliance(0.25); quality(0.25); cost(0.25),0,0,1,0.25,0,0.2481570209355376,0.25,0.2,2025-05-30 17:02:00,保养,低,西北
TK000444,0.2405,low,0.1756,0.2656,0.0299,equipment(1.00); compliance(0.25); cost(0.14),0,0,1,0.25,0,0.13986547564662088,0.0,1.0,2025-07-22 14:09:00,改造,中,华中
TK000445,0.0742,low,0.0293,0.016,0.0041,equipment(0.40),0,0,1,0.0,0,0.07079231189420598,0.0,0.4,2025-05-23 19:19:00,巡检,高,西南
TK000446,0.1923,low,0.1895,0.3034,0.0732,equipment(0.40); compliance(0.25); quality(0.25),0,0,1,0.25,0,0.1614415925218553,0.25,0.4,2025-07-21 17:24:00,改造,中,西南
TK000447,0.3424,low,0.4614,0.6616,0.3631,compliance(0.75); quality(0.75); equipment(0.20),0,0,1,0.75,0,0.06183126019502594,0.75,0.2,2025-04-17 13:20:00,抢修,低,西北
TK000448,0.2363,low,0.0883,0.0415,0.0082,equipment(0.60); compliance(0.50); cost(0.11),0,0,1,0.5,0,0.10668734157106252,0.0,0.6,2025-09-08 19:28:00,巡检,低,西南
TK000449,0.0154,low,0.0234,0.0462,0.0074,,0,0,1,0.0,0,0.07699649309717216,0.0,0.0,2025-06-09 13:08:00,保养,中,华中
TK000450,0.0797,low,0.0359,0.0329,0.0014,compliance(0.25),0,0,1,0.25,0,0.08600177657000785,0.0,0.0,2025-07-29 19:16:00,保养,中,华中
TK000451,0.2768,low,0.3331,0.4099,0.3046,compliance(1.00); cost(0.13),0,0,1,1.0,0,0.13390645546999214,0.0,0.0,2025-05-11 11:41:00,巡检,中,华北
TK000452,0.2377,low,0.2901,0.3931,0.2321,compliance(0.75); cost(0.25),0,0,1,0.75,0,0.25091078548822576,0.0,0.0,2025-12-02 15:03:00,保养,紧急,华中
TK000453,0.2751,low,0.2585,0.3985,0.1042,compliance(0.75); cost(0.29); equipment(0.20),0,0,1,0.75,0,0.2882411094841495,0.0,0.2,2025-08-07 07:52:00,巡检,低,华北
TK000454,0.0677,low,0.0239,0.0078,0.0025,cost(0.34),0,0,1,0.0,0,0.33854923731633424,0.0,0.0,2025-06-11 14:37:00,保养,低,华东
TK000455,0.1897,low,0.2489,0.4921,0.0564,equipment(0.40); compliance(0.25); quality(0.25),0,0,1,0.25,0,0.14852312324800165,0.25,0.4,2025-12-31 16:35:00,改造,高,华东
TK000456,0.283,low,0.7466,0.9826,0.908,compliance(0.50); quality(0.50); equipment(0.40),0,0,1,0.5,0,0.11496080791937624,0.5,0.4,2025-09-05 11:26:00,保养,中,西南
TK000457,0.2228,low,0.5306,0.8316,0.4934,quality(1.00); cost(0.21); equipment(0.20),0,0,1,0.0,0,0.21381224130273324,1.0,0.2,2025-12-29 08:45:00,保养,低,华南
TK000458,0.1105,low,0.0468,0.038,0.001,compliance(0.25); equipment(0.20),0,0,1,0.25,0,0.09014913607872554,0.0,0.2,2025-07-06 07:23:00,保养,中,华北
TK000459,0.1909,low,0.1143,0.1192,0.0437,equipment(0.60); cost(0.32); quality(0.25),0,0,1,0.0,0,0.31704762705482825,0.25,0.6,2025-05-29 18:05:00,保养,高,华北
TK000460,0.2728,low,0.3229,0.4684,0.2203,equipment(1.00); cost(0.30); compliance(0.25),0,0,1,0.25,0,0.3013532860649032,0.0,1.0,2025-01-02 20:36:00,抢修,低,华北
TK000461,0.1763,low,0.1884,0.2847,0.1025,equipment(0.40); compliance(0.25); quality(0.25),0,0,1,0.25,0,0.08134908922680706,0.25,0.4,2025-08-03 08:24:00,改造,中,华北
TK000462,0.1039,low,0.0605,0.0744,0.0095,equipment(0.40); cost(0.22),0,0,1,0.0,0,0.21973895323534742,0.0,0.4,2025-10-15 18:20:00,保养,高,西北
TK000463,0.294,low,0.7175,0.936,0.8621,equipment(0.60); compliance(0.50); quality(0.25),0,0,1,0.5,0,0.20748185160742905,0.25,0.6,2025-08-28 11:13:00,改造,中,西北
TK000464,0.1383,low,0.0928,0.0919,0.0548,quality(0.75); cost(0.13),0,0,1,0.0,0,0.12897515908131318,0.75,0.0,2025-08-16 11:45:00,抢修,中,西南
TK000465,0.1775,low,0.1869,0.327,0.055,equipment(0.40); compliance(0.25); quality(0.25),0,0,1,0.25,0,0.0875614381361508,0.25,0.4,2025-11-14 12:58:00,抢修,低,华北
TK000466,0.4975,medium,0.8301,0.9953,0.95,cost(1.00); quality(0.75); compliance(0.50),0,1,0,0.5,0,1.0,0.75,0.4,2025-03-08 14:38:00,巡检,低,西北
TK000467,0.2125,low,0.2053,0.3694,0.0349,quality(0.50); equipment(0.40); compliance(0.25),0,0,1,0.25,0,0.0747764415664508,0.5,0.4,2025-10-07 12:22:00,保养,高,华北
TK000468,0.158,low,0.0684,0.0462,0.0139,equipment(0.40); compliance(0.25); cost(0.18),0,0,1,0.25,0,0.17747838569346586,0.0,0.4,2025-01-02 13:31:00,巡检,中,华南
TK000469,0.1044,low,0.0362,0.0113,0.0026,compliance(0.25); equipment(0.20),0,0,1,0.25,0,0.059467285224864,0.0,0.2,2025-09-19 11:15:00,抢修,低,华东
TK000470,0.2133,low,0.1072,0.1033,0.0202,equipment(1.00); quality(0.25); cost(0.13),0,0,1,0.0,0,0.1288147535459363,0.25,1.0,2025-07-01 15:11:00,抢修,中,华中
TK000471,0.0773,low,0.0753,0.0724,0.0764,compliance(0.25),0,0,1,0.25,0,0.07404717192833266,0.0,0.0,2025-10-02 12:21:00,巡检,紧急,西南
TK000472,0.305,low,0.2817,0.2887,0.2546,compliance(1.00); quality(0.25),0,0,1,1.0,0,0.08748253851043497,0.25,0.0,2025-03-25 07:03:00,抢修,高,华北
TK000473,0.2392,low,0.29,0.4968,0.1268,equipment(0.80); compliance(0.25); quality(0.25),0,0,1,0.25,0,0.0961553780031239,0.25,0.8,2025-09-12 12:54:00,改造,中,华东
TK000474,0.0579,low,0.0342,0.0441,0.0039,quality(0.25); cost(0.10),0,0,1,0.0,0,0.10203975004702293,0.25,0.0,2025-07-13 20:38:00,抢修,低,西南
TK000475,0.0711,low,0.0316,0.0258,0.0036,cost(0.21); equipment(0.20),0,0,1,0.0,0,0.20545245048661886,0.0,0.2,2025-06-05 16:18:00,保养,中,华北
TK000476,0.0706,low,0.0408,0.0511,0.0051,cost(0.20); equipment(0.20),0,0,1,0.0,0,0.2029132759160962,0.0,0.2,2025-11-15 13:09:00,巡检,中,西北
TK000477,0.0798,low,0.061,0.0691,0.0368,cost(0.25); equipment(0.20),0,0,1,0.0,0,0.24914667689620562,0.0,0.2,2025-07-09 20:29:00,保养,中,西北
TK000478,0.1248,low,0.2012,0.3481,0.1197,compliance(0.25); equipment(0.20); cost(0.16),0,0,1,0.25,0,0.16139670157404862,0.0,0.2,2025-09-18 08:52:00,巡检,中,西南
TK000479,0.0749,low,0.0395,0.0395,0.0092,equipment(0.40),0,0,1,0.0,0,0.074282495062723,0.0,0.4,2025-10-18 13:14:00,保养,中,华东
TK000480,0.1973,low,0.4949,0.73,0.515,quality(0.50); compliance(0.25); equipment(0.20),0,0,1,0.25,0,0.14913591007243143,0.5,0.2,2025-06-24 18:52:00,抢修,低,华中
TK000481,0.1592,low,0.2103,0.243,0.2214,equipment(0.40); compliance(0.25); cost(0.18),0,0,1,0.25,0,0.1836818019265376,0.0,0.4,2025-03-03 13:01:00,巡检,高,西南
TK000482,0.0782,low,0.0518,0.0452,0.0358,quality(0.25); cost(0.20),0,0,1,0.0,0,0.20354155677793684,0.25,0.0,2025-09-25 16:38:00,抢修,高,华中
TK000483,0.2269,low,0.712,0.8919,0.9478,equipment(0.60); compliance(0.50),0,0,1,0.5,0,0.059438386218476524,0.0,0.6,2025-12-28 08:54:00,巡检,中,西北
TK000484,0.1275,low,0.0535,0.0317,0.0119,compliance(0.25); quality(0.25); cost(0.14),0,0,1,0.25,0,0.1376254017726697,0.25,0.0,2025-04-19 12:41:00,抢修,中,西北
TK000485,0.0741,low,0.028,0.0158,0.0007,equipment(0.40),0,0,1,0.0,0,0.07034125647264333,0.0,0.4,2025-05-22 19:30:00,抢修,高,西南
TK000486,0.2655,low,0.1344,0.141,0.0154,compliance(0.50); equipment(0.40); quality(0.25),0,0,1,0.5,0,0.21507905900501356,0.25,0.4,2025-03-11 18:42:00,抢修,高,华南
TK000487,0.1118,low,0.0795,0.0906,0.0408,equipment(0.60); cost(0.11),0,0,1,0.0,0,0.10893299390146383,0.0,0.6,2025-04-14 08:38:00,抢修,中,华北
TK000488,0.146,low,0.1263,0.1963,0.0394,compliance(0.25); quality(0.25); cost(0.23),0,0,1,0.25,0,0.22977518339530023,0.25,0.0,2025-10-21 14:37:00,巡检,高,华东
TK000489,0.1349,low,0.1415,0.2256,0.0631,compliance(0.25); cost(0.21); equipment(0.20),0,0,1,0.25,0,0.21213140205240422,0.0,0.2,2025-02-26 09:33:00,抢修,中,华南
TK000490,0.1521,low,0.2106,0.3213,0.15,cost(0.30); compliance(0.25); equipment(0.20),0,0,1,0.25,0,0.2981040163763944,0.0,0.2,2025-05-26 10:36:00,保养,低,华北
TK000491,0.1972,low,0.433,0.5451,0.523,equipment(0.40); cost(0.37); compliance(0.25),0,0,1,0.25,0,0.3734659481515977,0.0,0.4,2025-09-23 12:12:00,抢修,中,华中
TK000492,0.1814,low,0.3247,0.6141,0.1582,quality(0.50); cost(0.38); equipment(0.20),0,0,1,0.0,0,0.38211301818915366,0.5,0.2,2025-01-02 15:27:00,改造,紧急,西南
TK000493,0.0857,low,0.036,0.0288,0.0005,cost(0.28); equipment(0.20),0,0,1,0.0,0,0.27854787951446125,0.0,0.2,2025-01-17 15:50:00,改造,低,华北
TK000494,0.1729,low,0.0968,0.0692,0.0593,compliance(0.25); quality(0.25); cost(0.21),0,0,1,0.25,0,0.21456922323373917,0.25,0.2,2025-03-10 15:09:00,巡检,高,华南
TK000495,0.1902,low,0.4141,0.5847,0.4353,equipment(0.40); cost(0.34); compliance(0.25),0,0,1,0.25,0,0.33844708986084393,0.0,0.4,2025-09-07 09:15:00,抢修,高,华南
TK000496,0.2192,low,0.2298,0.2925,0.1763,equipment(0.60); quality(0.50); cost(0.27),0,0,1,0.0,0,0.27087757225550313,0.5,0.6,2025-01-26 13:23:00,巡检,高,华中
TK000497,0.1505,low,0.1715,0.2684,0.0927,equipment(0.80); cost(0.15),0,0,1,0.0,0,0.1527091479396726,0.0,0.8,2025-12-19 15:26:00,保养,中,华东
TK000498,0.2504,low,0.6586,0.9288,0.7383,quality(0.75); equipment(0.40); compliance(0.25),0,0,1,0.25,0,0.07690362361385394,0.75,0.4,2025-07-12 09:24:00,保养,中,华北
TK000499,0.0863,low,0.04,0.0244,0.0159,quality(0.25); cost(0.24),0,0,1,0.0,0,0.24376999480763106,0.25,0.0,2025-08-07 17:42:00,抢修,低,西南
TK000500,0.0618,low,0.0357,0.0484,0.0005,cost(0.31),0,0,1,0.0,0,0.3089476000953726,0.0,0.0,2025-05-06 14:42:00,保养,高,华中
TK000501,0.2811,low,0.1428,0.1479,0.0191,compliance(0.75); quality(0.50),0,0,1,0.75,0,0.09311241923093239,0.5,0.0,2025-12-31 12:34:00,抢修,中,华中
TK000502,0.1364,low,0.0614,0.0578,0.0006,equipment(0.40); quality(0.25); cost(0.19),0,0,1,0.0,0,0.19448266470060638,0.25,0.4,2025-03-08 10:18:00,保养,高,华南
TK000503,0.1897,low,0.1614,0.2499,0.0485,equipment(0.40); compliance(0.25); quality(0.25),0,0,1,0.25,0,0.14840979761060502,0.25,0.4,2025-10-09 07:03:00,抢修,中,华中
TK000504,0.152,low,0.3624,0.3838,0.5213,equipment(0.40); compliance(0.25); cost(0.15),0,0,1,0.25,0,0.14745937256674957,0.0,0.4,2025-03-25 20:29:00,保养,低,华南
TK000505,0.344,low,0.7863,0.9804,0.9713,quality(1.00); equipment(0.40); cost(0.36),0,0,1,0.25,0,0.3572801373970884,1.0,0.4,2025-12-11 15:54:00,巡检,低,华北
TK000506,0.1315,low,0.1371,0.1817,0.0974,equipment(0.40); cost(0.36),0,0,1,0.0,0,0.35767560048114966,0.0,0.4,2025-10-05 18:19:00,巡检,中,西北
TK000507,0.2672,low,0.4974,0.6527,0.5393,equipment(1.00); cost(0.27); compliance(0.25),0,0,1,0.25,0,0.2733607576573963,0.0,1.0,2025-08-05 16:19:00,抢修,中,西南
TK000508,0.1475,low,0.142,0.2063,0.0729,quality(0.75); cost(0.18),0,0,1,0.0,0,0.175187969924812,0.75,0.0,2025-05-16 11:20:00,抢修,中,西北
TK000509,0.2389,low,0.1749,0.1674,0.1276,quality(1.00); equipment(0.40); cost(0.14),0,0,1,0.0,0,0.14452267885815673,1.0,0.4,2025-08-01 20:15:00,抢修,低,华中
TK000510,0.2448,low,0.3584,0.6565,0.1576,equipment(0.60); cost(0.27); compliance(0.25),0,0,1,0.25,0,0.274004326250159,0.25,0.6,2025-03-24 13:56:00,巡检,紧急,华东
TK000511,0.1181,low,0.0799,0.095,0.0322,cost(0.25); quality(0.25); equipment(0.20),0,0,1,0.0,0,0.25279717858414774,0.25,0.2,2025-03-05 16:00:00,巡检,高,西北
TK000512,0.1575,low,0.3764,0.3747,0.5657,compliance(0.25); quality(0.25); equipment(0.20),0,0,1,0.25,0,0.13774926472964677,0.25,0.2,2025-08-30 10:59:00,保养,高,华中
TK000513,0.0857,low,0.0511,0.0626,0.01,equipment(0.40); cost(0.13),0,0,1,0.0,0,0.12828694014008635,0.0,0.4,2025-08-18 14:19:00,抢修,高,华北
TK000514,0.0717,low,0.0505,0.0777,0.0051,cost(0.21); equipment(0.20),0,0,1,0.0,0,0.20840820417367656,0.0,0.2,2025-08-07 07:32:00,巡检,中,华南
TK000515,0.0935,low,0.0838,0.101,0.0582,compliance(0.25); cost(0.16),0,0,1,0.25,0,0.1550021056053431,0.0,0.0,2025-09-03 14:47:00,巡检,高,华中
TK000516,0.0966,low,0.0521,0.0607,0.0053,equipment(0.40); cost(0.18),0,0,1,0.0,0,0.18309225839605814,0.0,0.4,2025-07-19 11:47:00,改造,中,华北
TK000517,0.2518,low,0.1458,0.1198,0.0808,compliance(0.50); equipment(0.40); quality(0.25),0,0,1,0.5,0,0.14652215024876503,0.25,0.4,2025-01-08 12:48:00,巡检,高,华北
TK000518,0.1405,low,0.1132,0.1791,0.024,cost(0.40); equipment(0.40),0,0,1,0.0,0,0.40226456717728243,0.0,0.4,2025-10-23 07:23:00,巡检,中,华中
TK000519,0.0807,low,0.0426,0.0374,0.0152,equipment(0.40); cost(0.10),0,0,1,0.0,0,0.1036632972260283,0.0,0.4,2025-08-07 07:36:00,抢修,中,西南
TK000520,0.058,low,0.0546,0.0785,0.0278,equipment(0.20); cost(0.14),0,0,1,0.0,0,0.1401975495935227,0.0,0.2,2025-11-21 11:28:00,保养,紧急,华北
TK000521,0.1899,low,0.1244,0.162,0.0307,equipment(0.40); cost(0.34); compliance(0.25),0,0,1,0.25,0,0.3369883679264316,0.0,0.4,2025-02-09 07:57:00,抢修,低,华中
TK000522,0.077,low,0.0651,0.0934,0.0265,equipment(0.40),0,0,1,0.0,0,0.08485784863317747,0.0,0.4,2025-10-22 19:02:00,巡检,中,西北
TK000523,0.154,low,0.082,0.0608,0.0415,cost(0.27); compliance(0.25); quality(0.25),0,0,1,0.25,0,0.2699547269118402,0.25,0.0,2025-05-19 19:46:00,保养,紧急,华北
TK000524,0.1349,low,0.2766,0.5534,0.1214,quality(0.50); cost(0.30),0,0,1,0.0,0,0.29963859677726146,0.5,0.0,2025-12-02 20:10:00,保养,高,华东
TK000525,0.3287,low,0.1699,0.172,0.0318,equipment(0.80); compliance(0.50); quality(0.25),0,0,1,0.5,0,0.2311011560491022,0.25,0.8,2025-04-15 09:11:00,巡检,低,华北
TK000526,0.2804,low,0.4425,0.6833,0.3406,quality(0.75); equipment(0.60); cost(0.39),0,0,1,0.0,0,0.3895016985769526,0.75,0.6,2025-04-11 13:34:00,巡检,紧急,华中
TK000527,0.129,low,0.1174,0.2178,0.0071,cost(0.33); compliance(0.25),0,0,1,0.25,0,0.33266995303600566,0.0,0.0,2025-02-26 16:10:00,巡检,低,华东
TK000528,0.2486,low,0.1744,0.1454,0.1398,quality(0.50); equipment(0.40); cost(0.26),0,0,1,0.25,0,0.25541853261429914,0.5,0.4,2025-03-08 14:26:00,抢修,中,华北
TK000529,0.3319,low,0.3819,0.4938,0.313,compliance(0.75); cost(0.38); quality(0.25),0,0,1,0.75,0,0.384542402568968,0.25,0.2,2025-01-31 07:32:00,巡检,高,华北
TK000530,0.1754,low,0.074,0.0411,0.0199,compliance(0.50); cost(0.25),0,0,1,0.5,0,0.2517688369518222,0.0,0.0,2025-03-02 10:36:00,改造,中,华北
TK000531,0.1632,low,0.0666,0.0418,0.0086,equipment(0.40); compliance(0.25); cost(0.20),0,0,1,0.25,0,0.2032941430784566,0.0,0.4,2025-07-27 19:00:00,抢修,低,华东
TK000532,0.1427,low,0.0817,0.0814,0.0296,compliance(0.25); quality(0.25); equipment(0.20),0,0,1,0.25,0,0.06369871301124674,0.25,0.2,2025-12-17 10:15:00,巡检,低,西北
TK000533,0.2261,low,0.4962,0.7027,0.5211,quality(0.75); equipment(0.40); cost(0.27),0,0,1,0.0,0,0.2678782157186689,0.75,0.4,2025-03-17 18:03:00,抢修,中,华北
TK000534,0.1215,low,0.1088,0.1985,0.0082,equipment(0.60); cost(0.16),0,0,1,0.0,0,0.15740756031905934,0.0,0.6,2025-10-14 09:35:00,保养,高,华东
TK000535,0.079,low,0.0355,0.0185,0.0151,cost(0.39),0,0,1,0.0,0,0.3947694606640638,0.0,0.0,2025-09-12 18:27:00,巡检,高,西北
TK000536,0.1068,low,0.0568,0.0538,0.0169,compliance(0.25); cost(0.22),0,0,1,0.25,0,0.22142886216918078,0.0,0.0,2025-08-23 17:11:00,巡检,低,西南
TK000537,0.208,low,0.1067,0.0937,0.0329,compliance(0.50); equipment(0.40); cost(0.12),0,0,1,0.5,0,0.11506374466786107,0.0,0.4,2025-06-04 09:08:00,抢修,低,华南
TK000538,0.1707,low,0.1327,0.2081,0.0246,equipment(0.60); compliance(0.25),0,0,1,0.25,0,0.09076462890259862,0.0,0.6,2025-04-30 11:14:00,巡检,中,华北
TK000539,0.32,low,0.1325,0.0978,0.0066,cost(1.00); equipment(0.80),0,0,1,0.0,0,1.0,0.0,0.8,2025-05-03 14:09:00,抢修,中,西南
TK000540,0.0146,low,0.0073,0.0075,0.0008,,0,0,1,0.0,0,0.07279813150104564,0.0,0.0,2025-02-20 16:41:00,抢修,低,华中
TK000541,0.3263,low,0.6249,0.8239,0.6818,quality(1.00); equipment(0.40); cost(0.27),0,0,1,0.25,0,0.2687837083875767,1.0,0.4,2025-12-13 16:56:00,保养,中,华中
TK000542,0.1294,low,0.0625,0.0648,0.0029,equipment(0.40); cost(0.35),0,0,1,0.0,0,0.3468704111600588,0.0,0.4,2025-05-13 13:42:00,巡检,中,华中
TK000543,0.2374,low,0.1079,0.1013,0.0036,equipment(0.60); compliance(0.50); cost(0.11),0,0,1,0.5,0,0.11178731150035515,0.0,0.6,2025-10-05 20:18:00,巡检,高,华东
TK000544,0.1761,low,0.1845,0.2751,0.1011,quality(0.50); cost(0.36); equipment(0.20),0,0,1,0.0,0,0.355479995409846,0.5,0.2,2025-05-13 19:09:00,巡检,低,西南
TK000545,0.2145,low,0.2307,0.3173,0.158,equipment(0.60); compliance(0.25); quality(0.25),0,0,1,0.25,0,0.12271895729553595,0.25,0.6,2025-08-05 19:29:00,巡检,紧急,华东
TK000546,0.1205,low,0.0856,0.1142,0.0271,equipment(0.40); cost(0.30),0,0,1,0.0,0,0.3027153398850615,0.0,0.4,2025-03-17 14:11:00,巡检,低,华东
TK000547,0.2389,low,0.4974,0.5299,0.6864,quality(0.50); equipment(0.40); compliance(0.25),0,0,1,0.25,0,0.20693294024053532,0.5,0.4,2025-01-30 18:21:00,保养,中,华北
TK000548,0.0285,low,0.0106,0.0046,0.0012,cost(0.14),0,0,1,0.0,0,0.14272539687925057,0.0,0.0,2025-03-17 20:11:00,巡检,低,西北
TK000549,0.1574,low,0.113,0.175,0.0129,equipment(0.40); compliance(0.25); cost(0.17),0,0,1,0.25,0,0.17455661548402446,0.0,0.4,2025-10-24 07:13:00,巡检,低,华南
TK000550,0.2112,low,0.0768,0.0323,0.0061,compliance(0.50); quality(0.25); cost(0.24),0,0,1,0.5,0,0.2435712445246071,0.25,0.0,2025-05-24 13:36:00,抢修,高,华中
TK000551,0.1793,low,0.0967,0.0878,0.0347,cost(0.41); equipment(0.40); quality(0.25),0,0,1,0.0,0,0.40876122744220134,0.25,0.4,2025-01-31 09:53:00,巡检,中,华中
TK000552,0.1753,low,0.1244,0.1309,0.0743,equipment(0.40); compliance(0.25); quality(0.25),0,0,1,0.25,0,0.07666556068842889,0.25,0.4,2025-06-03 20:15:00,巡检,高,西南
TK000553,0.1801,low,0.0582,0.0089,0.0029,compliance(0.50); cost(0.28),0,0,1,0.5,0,0.2757019043302078,0.0,0.0,2025-04-09 09:18:00,保养,中,华南
TK000554,0.2832,low,0.3476,0.478,0.2724,quality(1.00); equipment(0.60); cost(0.22),0,0,1,0.0,0,0.21607938835152074,1.0,0.6,2025-01-08 13:11:00,巡检,低,西北
TK000555,0.0794,low,0.052,0.0705,0.0099,quality(0.25); cost(0.21),0,0,1,0.0,0,0.2096563981042655,0.25,0.0,2025-02-01 10:10:00,保养,紧急,西北
TK000556,0.387,low,0.7105,0.8435,0.8549,compliance(0.75); quality(0.50); equipment(0.40),0,0,1,0.75,0,0.3222671857867643,0.5,0.4,2025-06-04 19:34:00,巡检,紧急,华中
TK000557,0.0628,low,0.0275,0.022,0.0028,cost(0.31),0,0,1,0.0,0,0.31400214790949166,0.0,0.0,2025-03-30 07:47:00,巡检,中,华南
TK000558,0.3959,low,0.6065,0.6697,0.7237,equipment(0.80); compliance(0.50); quality(0.50),0,0,1,0.5,0,0.37963903347298056,0.5,0.8,2025-03-25 10:59:00,抢修,高,西南
TK000559,0.0756,low,0.0261,0.0064,0.0034,cost(0.23); equipment(0.20),0,0,1,0.0,0,0.22798980533051783,0.0,0.2,2025-10-31 10:24:00,保养,中,华中
TK000560,0.166,low,0.2859,0.4621,0.2124,equipment(0.40); compliance(0.25); cost(0.22),0,0,1,0.25,0,0.21727976909256919,0.0,0.4,2025-05-25 18:05:00,改造,高,华南
TK000561,0.0458,low,0.023,0.0239,0.0026,cost(0.23),0,0,1,0.0,0,0.2288074671656949,0.0,0.0,2025-03-30 11:44:00,抢修,低,华北
TK000562,0.084,low,0.04,0.0418,0.0004,compliance(0.25); cost(0.11),0,0,1,0.25,0,0.10726582812170615,0.0,0.0,2025-01-02 16:21:00,抢修,低,西北
TK000563,0.2218,low,0.2735,0.5128,0.0786,compliance(0.50); equipment(0.40); cost(0.18),0,0,1,0.5,0,0.1838684486094102,0.0,0.4,2025-11-30 20:22:00,保养,高,华中
TK000564,0.2023,low,0.4319,0.7252,0.3353,quality(0.50); compliance(0.25); equipment(0.20),0,0,1,0.25,0,0.17403845581981792,0.5,0.2,2025-01-18 12:57:00,抢修,中,华中
TK000565,0.127,low,0.0804,0.0935,0.0274,equipment(0.40); cost(0.34),0,0,1,0.0,0,0.33521199422423453,0.0,0.4,2025-10-21 13:13:00,巡检,低,西北
TK000566,0.2678,low,0.3426,0.6245,0.1248,compliance(0.75); equipment(0.40); cost(0.10),0,0,1,0.75,0,0.10132405438353842,0.0,0.4,2025-08-31 10:51:00,巡检,高,西南
TK000567,0.2304,low,0.085,0.0336,0.0119,compliance(0.75); equipment(0.20),0,0,1,0.75,0,0.06464844648781165,0.0,0.2,2025-12-18 17:38:00,保养,高,华北
TK000568,0.267,low,0.5691,0.7576,0.6396,quality(0.50); equipment(0.40); cost(0.35),0,0,1,0.25,0,0.34738102436170415,0.5,0.4,2025-06-25 17:33:00,巡检,中,华东
TK000569,0.2625,low,0.2597,0.4446,0.0723,cost(1.00); compliance(0.25),0,0,1,0.25,0,1.0,0.0,0.0,2025-11-30 20:49:00,抢修,高,西南
TK000570,0.0957,low,0.0522,0.0555,0.0117,quality(0.25); equipment(0.20); cost(0.14),0,0,1,0.0,0,0.14088556523737805,0.25,0.2,2025-05-24 11:13:00,巡检,中,西北
TK000571,0.1349,low,0.4643,0.7088,0.5021,equipment(0.40); compliance(0.25),0,0,1,0.25,0,0.061915214257633355,0.0,0.4,2025-05-05 13:20:00,抢修,中,西北
TK000572,0.2277,low,0.1548,0.1341,0.1131,equipment(0.60); quality(0.50); cost(0.31),0,0,1,0.0,0,0.3135625759935152,0.5,0.6,2025-07-15 13:51:00,巡检,中,西南
TK000573,0.0501,low,0.0758,0.1216,0.0521,equipment(0.20); cost(0.10),0,0,1,0.0,0,0.10051582613848298,0.0,0.2,2025-04-21 12:48:00,巡检,中,华中
TK000574,0.1933,low,0.0627,0.0115,0.0019,compliance(0.50); quality(0.25); cost(0.15),0,0,1,0.5,0,0.1540119074309344,0.25,0.0,2025-06-06 18:41:00,保养,低,华北
TK000575,0.1581,low,0.2029,0.2192,0.2251,compliance(0.25); quality(0.25); equipment(0.20),0,0,1,0.25,0,0.14052692179123694,0.25,0.2,2025-08-07 13:38:00,改造,高,华北
TK000576,0.2088,low,0.1067,0.0923,0.0336,quality(0.75); cost(0.33); equipment(0.20),0,0,1,0.0,0,0.3315123426524703,0.75,0.2,2025-12-03 10:30:00,保养,高,华中
TK000577,0.1471,low,0.6211,0.8357,0.8127,quality(0.50); equipment(0.40),0,0,1,0.0,0,0.0604690759548443,0.5,0.4,2025-01-14 14:47:00,改造,中,华南
TK000578,0.199,low,0.4819,0.6101,0.5963,quality(1.00); equipment(0.20),0,0,1,0.0,0,0.09516412326923518,1.0,0.2,2025-02-18 12:57:00,保养,高,西北
TK000579,0.0907,low,0.0382,0.0307,0.0007,cost(0.30); equipment(0.20),0,0,1,0.0,0,0.3034361651210814,0.0,0.2,2025-10-06 15:25:00,保养,高,西北
TK000580,0.073,low,0.0286,0.0183,0.0009,quality(0.25); cost(0.18),0,0,1,0.0,0,0.17751570463434863,0.25,0.0,2025-12-14 18:07:00,巡检,中,西南
TK000581,0.2217,low,0.5678,0.7215,0.7108,quality(0.50); equipment(0.40); compliance(0.25),0,0,1,0.25,0,0.12094968901736336,0.5,0.4,2025-05-20 12:45:00,抢修,中,西北
TK000582,0.1472,low,0.0948,0.12,0.0246,quality(0.50); cost(0.36),0,0,1,0.0,0,0.36102168373603627,0.5,0.0,2025-09-06 20:35:00,改造,紧急,华中
TK000583,0.2356,low,0.2867,0.323,0.2941,equipment(0.80); cost(0.27); compliance(0.25),0,0,1,0.25,0,0.2652910361947177,0.0,0.8,2025-07-09 16:29:00,保养,中,华东
TK000584,0.0435,low,0.0179,0.0128,0.0012,cost(0.22),0,0,1,0.0,0,0.2173610201578816,0.0,0.0,2025-05-26 20:54:00,抢修,高,华中
TK000585,0.2911,low,0.2298,0.3709,0.0361,equipment(0.80); quality(0.50); compliance(0.25),0,0,1,0.25,0,0.1679952950760395,0.5,0.8,2025-08-14 10:43:00,保养,低,华中
TK000586,0.0489,low,0.022,0.0184,0.0026,quality(0.25),0,0,1,0.0,0,0.05689369247037068,0.25,0.0,2025-10-25 10:27:00,巡检,低,西南
TK000587,0.1528,low,0.4371,0.6356,0.4824,equipment(0.40); compliance(0.25); cost(0.15),0,0,1,0.25,0,0.15131086531173932,0.0,0.4,2025-10-17 20:25:00,抢修,紧急,西南
TK000588,0.0144,low,0.0083,0.0105,0.0009,,0,0,1,0.0,0,0.07202305216675398,0.0,0.0,2025-06-02 14:42:00,抢修,中,华南
TK000589,0.1191,low,0.0564,0.0285,0.0306,cost(0.26); quality(0.25); equipment(0.20),0,0,1,0.0,0,0.25801481980073926,0.25,0.2,2025-08-28 14:13:00,抢修,紧急,西北
TK000590,0.2032,low,0.1985,0.233,0.1601,equipment(0.80); compliance(0.25); cost(0.10),0,0,1,0.25,0,0.10356421226573309,0.0,0.8,2025-03-12 12:36:00,改造,低,华中
TK000591,0.1268,low,0.0535,0.0399,0.0042,cost(0.30); quality(0.25); equipment(0.20),0,0,1,0.0,0,0.29636926691227505,0.25,0.2,2025-11-03 18:32:00,巡检,中,西南
TK000592,0.1562,low,0.1116,0.1507,0.0344,equipment(0.80); cost(0.18),0,0,1,0.0,0,0.18099066031780453,0.0,0.8,2025-12-24 09:08:00,改造,低,西南
TK000593,0.1151,low,0.108,0.1406,0.0693,equipment(0.40); quality(0.25),0,0,1,0.0,0,0.08800864503218608,0.25,0.4,2025-06-06 14:47:00,改造,中,华北
TK000594,0.1852,low,0.1758,0.1981,0.1455,quality(0.50); compliance(0.25); equipment(0.20),0,0,1,0.25,0,0.08855200800011598,0.5,0.2,2025-06-19 14:42:00,改造,低,华北
TK000595,0.1041,low,0.0368,0.0152,0.0007,equipment(0.40); cost(0.22),0,0,1,0.0,0,0.22053931493322,0.0,0.4,2025-10-01 13:01:00,巡检,高,华北
TK000596,0.2591,low,0.1486,0.1405,0.0621,compliance(0.75); equipment(0.40),0,0,1,0.75,0,0.058191738806716464,0.0,0.4,2025-03-11 20:17:00,巡检,高,华北
TK000597,0.1283,low,0.0886,0.1299,0.0134,compliance(0.25); equipment(0.20); cost(0.18),0,0,1,0.25,0,0.17897270815598243,0.0,0.2,2025-02-16 12:58:00,巡检,低,华南
TK000598,0.1405,low,0.1005,0.1402,0.0266,equipment(0.40); compliance(0.25),0,0,1,0.25,0,0.09014094823526952,0.0,0.4,2025-02-24 16:26:00,抢修,中,华南
TK000599,0.1838,low,0.0625,0.0162,0.0048,compliance(0.50); cost(0.29),0,0,1,0.5,0,0.2939028949483825,0.0,0.0,2025-08-01 16:35:00,巡检,紧急,华中
TK000600,0.1467,low,0.2914,0.4484,0.2584,quality(0.50); equipment(0.40),0,0,1,0.0,0,0.05825414306538634,0.5,0.4,2025-06-10 10:37:00,巡检,低,西南
TK000601,0.2241,low,0.651,0.8657,0.8023,quality(0.75); compliance(0.25); equipment(0.20),0,0,1,0.25,0,0.09549195176233116,0.75,0.2,2025-11-20 20:21:00,保养,中,西南
TK000602,0.0536,low,0.0296,0.0363,0.0024,equipment(0.20); cost(0.12),0,0,1,0.0,0,0.11811762139760618,0.0,0.2,2025-11-08 14:58:00,抢修,中,华东
TK000603,0.2164,low,0.0786,0.0373,0.0019,compliance(0.50); cost(0.31); equipment(0.20),0,0,1,0.5,0,0.3071574560930832,0.0,0.2,2025-05-15 07:19:00,巡检,中,华南
TK000604,0.2855,low,0.5199,0.6289,0.6117,compliance(0.75); equipment(0.40); cost(0.19),0,0,1,0.75,0,0.19011860502112266,0.0,0.4,2025-09-20 11:16:00,巡检,中,华北
TK000605,0.2826,low,0.672,0.8431,0.8347,compliance(1.00); cost(0.16),0,0,1,1.0,0,0.16306190505062745,0.0,0.0,2025-10-17 20:05:00,巡检,中,西北
TK000606,0.0759,low,0.0372,0.0191,0.0221,cost(0.23); equipment(0.20),0,0,1,0.0,0,0.2295957157964137,0.0,0.2,2025-08-06 08:28:00,抢修,紧急,华南
TK000607,0.2341,low,0.2905,0.3985,0.2308,equipment(0.60); cost(0.41); compliance(0.25),0,0,1,0.25,0,0.4082263650599517,0.0,0.6,2025-11-21 12:59:00,保养,中,西北
TK000608,0.0823,low,0.0611,0.0943,0.0098,cost(0.26); equipment(0.20),0,0,1,0.0,0,0.26170754222699033,0.0,0.2,2025-08-04 14:22:00,巡检,紧急,华中
TK000609,0.202,low,0.2444,0.488,0.037,equipment(0.60); compliance(0.25); quality(0.25),0,0,1,0.25,0,0.06018059214442484,0.25,0.6,2025-11-24 09:31:00,保养,中,华北
TK000610,0.1852,low,0.1709,0.3054,0.0242,quality(0.50); cost(0.40); equipment(0.20),0,0,1,0.0,0,0.4010974822466108,0.5,0.2,2025-07-11 17:30:00,抢修,低,华南
TK000611,0.1369,low,0.06,0.0392,0.0148,compliance(0.25); cost(0.22); equipment(0.20),0,0,1,0.25,0,0.222239278798409,0.0,0.2,2025-08-10 14:34:00,巡检,中,华东
TK000612,0.0796,low,0.035,0.0313,0.0006,cost(0.40),0,0,1,0.0,0,0.39817791064171404,0.0,0.0,2025-12-23 07:43:00,巡检,低,华南
TK000613,0.1691,low,0.0826,0.0584,0.0328,compliance(0.50); cost(0.22),0,0,1,0.5,0,0.22035511118772622,0.0,0.0,2025-02-08 08:48:00,抢修,中,华南
TK000614,0.0794,low,0.0546,0.0557,0.0322,quality(0.25); equipment(0.20),0,0,1,0.0,0,0.059507887709534746,0.25,0.2,2025-08-12 19:29:00,巡检,中,华南
TK000615,0.202,low,0.2599,0.3512,0.2181,equipment(0.60); compliance(0.25); cost(0.25),0,0,1,0.25,0,0.24774176159940653,0.0,0.6,2025-07-27 20:37:00,保养,高,华中
TK000616,0.0786,low,0.0383,0.0318,0.0104,compliance(0.25),0,0,1,0.25,0,0.08052014605086155,0.0,0.0,2025-05-19 10:42:00,抢修,中,西南
TK000617,0.2676,low,0.207,0.2612,0.1008,compliance(0.50); equipment(0.40); quality(0.25),0,0,1,0.5,0,0.22528847188639423,0.25,0.4,2025-12-20 09:49:00,保养,紧急,华东
TK000618,0.0946,low,0.0691,0.1048,0.0115,equipment(0.40); cost(0.17),0,0,1,0.0,0,0.1731771724778718,0.0,0.4,2025-01-06 10:25:00,保养,高,西北
TK000619,0.3384,low,0.7688,0.9559,0.9507,compliance(0.75); quality(0.75); cost(0.19),0,0,1,0.75,0,0.1917843059402452,0.75,0.0,2025-04-21 14:58:00,保养,低,西北
TK000620,0.219,low,0.1104,0.1092,0.0186,equipment(0.80); cost(0.31); quality(0.25),0,0,1,0.0,0,0.3076007798612307,0.25,0.8,2025-10-06 07:47:00,改造,低,西南
TK000621,0.0777,low,0.057,0.0796,0.0168,compliance(0.25),0,0,1,0.25,0,0.07602100878384499,0.0,0.0,2025-03-11 19:45:00,抢修,中,华东
TK000622,0.1976,low,0.3032,0.482,0.2148,quality(0.50); equipment(0.40); cost(0.31),0,0,1,0.0,0,0.3130861563622046,0.5,0.4,2025-12-03 13:07:00,保养,低,华南
TK000623,0.1401,low,0.0653,0.0579,0.0085,compliance(0.25); cost(0.24); equipment(0.20),0,0,1,0.25,0,0.23809398307988294,0.0,0.2,2025-09-24 15:58:00,改造,中,西南
TK000624,0.3473,low,0.5002,0.7701,0.3615,equipment(0.80); compliance(0.50); quality(0.50),0,0,1,0.5,0,0.1366910018508155,0.5,0.8,2025-02-26 20:14:00,抢修,低,西南
TK000625,0.4439,medium,0.826,0.9959,0.9837,quality(1.00); equipment(0.80); compliance(0.50),0,1,0,0.5,0,0.24464609742688537,1.0,0.8,2025-09-27 10:22:00,改造,中,华北
TK000626,0.1053,low,0.1268,0.1905,0.0815,equipment(0.60),0,0,1,0.0,0,0.07654455320478581,0.0,0.6,2025-01-15 09:59:00,巡检,低,华东
TK000627,0.0813,low,0.2172,0.3341,0.2169,equipment(0.40); cost(0.11),0,0,1,0.0,0,0.10643757913998897,0.0,0.4,2025-12-08 09:06:00,抢修,中,西北
TK000628,0.0646,low,0.0388,0.0303,0.0252,equipment(0.20); cost(0.17),0,0,1,0.0,0,0.17281770849796563,0.0,0.2,2025-01-25 13:21:00,巡检,高,华中
TK000629,0.2339,low,0.2106,0.2449,0.1563,equipment(0.80); cost(0.26); compliance(0.25),0,0,1,0.25,0,0.25715761367401424,0.0,0.8,2025-05-04 18:09:00,改造,高,华北
TK000630,0.2603,low,0.323,0.5727,0.1271,equipment(0.80); quality(0.50); cost(0.33),0,0,1,0.0,0,0.32652527258941255,0.5,0.8,2025-02-12 12:40:00,巡检,低,西南
TK000631,0.1538,low,0.0573,0.0293,0.0025,equipment(0.40); compliance(0.25); cost(0.16),0,0,1,0.25,0,0.15662588278855005,0.0,0.4,2025-03-04 20:14:00,巡检,中,华北
TK000632,0.3014,low,0.3364,0.3776,0.3252,compliance(0.75); equipment(0.40); cost(0.27),0,0,1,0.75,0,0.26958273931361854,0.0,0.4,2025-01-02 18:28:00,巡检,中,华南
TK000633,0.2477,low,0.69,0.8743,0.8849,quality(1.00); cost(0.34); equipment(0.20),0,0,1,0.0,0,0.33862027799096106,1.0,0.2,2025-06-24 07:22:00,抢修,中,华中
TK000634,0.1185,low,0.0514,0.0428,0.0024,compliance(0.25); equipment(0.20); cost(0.13),0,0,1,0.25,0,0.129792862227456,0.0,0.2,2025-11-28 15:23:00,巡检,低,华东
TK000635,0.1395,low,0.2119,0.3466,0.1392,equipment(0.40); compliance(0.25),0,0,1,0.25,0,0.08477709932057731,0.0,0.4,2025-06-24 10:58:00,巡检,紧急,华东
TK000636,0.2447,low,0.1348,0.1235,0.0518,compliance(0.50); equipment(0.40); quality(0.25),0,0,1,0.5,0,0.11119425658568427,0.25,0.4,2025-10-23 11:45:00,巡检,高,华北
TK000637,0.1533,low,0.0692,0.059,0.0072,compliance(0.50); cost(0.14),0,0,1,0.5,0,0.1415167246274549,0.0,0.0,2025-04-11 11:57:00,巡检,中,西北
TK000638,0.3387,low,0.6638,0.9004,0.7058,compliance(0.50); quality(0.50); equipment(0.40),0,0,1,0.5,0,0.39369831703556757,0.5,0.4,2025-07-22 14:25:00,保养,中,华中
TK000639,0.1599,low,0.1834,0.3385,0.0484,equipment(0.40); cost(0.31); quality(0.25),0,0,1,0.0,0,0.31204131557488446,0.25,0.4,2025-09-13 18:47:00,巡检,中,华中
TK000640,0.0996,low,0.1039,0.1395,0.0719,cost(0.31); quality(0.25),0,0,1,0.0,0,0.3106004110308118,0.25,0.0,2025-04-21 15:46:00,巡检,中,西北
TK000641,0.2055,low,0.164,0.1874,0.105,compliance(0.50); equipment(0.40); cost(0.10),0,0,1,0.5,0,0.10270562561023167,0.0,0.4,2025-02-16 16:02:00,抢修,中,西北
TK000642,0.1674,low,0.1373,0.2131,0.0356,equipment(0.40); compliance(0.25); cost(0.22),0,0,1,0.25,0,0.22457337603003047,0.0,0.4,2025-07-11 10:16:00,巡检,中,西南
TK000643,0.3125,low,0.2827,0.458,0.0818,compliance(0.75); quality(0.75),0,0,1,0.75,0,0.06249422015803363,0.75,0.0,2025-03-22 20:29:00,抢修,中,华中
TK000644,0.1535,low,0.0585,0.0349,0.0006,cost(0.27); compliance(0.25); quality(0.25),0,0,1,0.25,0,0.2673490855322569,0.25,0.0,2025-03-13 12:08:00,保养,中,西南
TK000645,0.0435,low,0.0294,0.0392,0.0075,equipment(0.20),0,0,1,0.0,0,0.06770317868875719,0.0,0.2,2025-07-26 19:29:00,巡检,紧急,西南
TK000646,0.273,low,0.4791,0.8171,0.3178,quality(1.00); cost(0.30); compliance(0.25),0,0,1,0.25,0,0.3024045148249841,1.0,0.0,2025-02-28 12:31:00,保养,中,华东
TK000647,0.175,low,0.1536,0.1624,0.1265,compliance(0.50); cost(0.25),0,0,1,0.5,0,0.25010279491026277,0.0,0.0,2025-12-30 15:59:00,巡检,中,华北
TK000648,0.0251,low,0.0235,0.0442,0.0014,cost(0.13),0,0,1,0.0,0,0.12541613722998723,0.0,0.0,2025-10-29 07:35:00,保养,高,华南
TK000649,0.2162,low,0.396,0.6555,0.2906,quality(0.75); equipment(0.40); cost(0.22),0,0,1,0.0,0,0.2183847471766489,0.75,0.4,2025-03-30 15:41:00,改造,高,西北
TK000650,0.157,low,0.0854,0.1032,0.0062,equipment(0.60); cost(0.33),0,0,1,0.0,0,0.3349662625486861,0.0,0.6,2025-06-27 18:14:00,抢修,低,华东
TK000651,0.0431,low,0.0139,0.0027,0.0001,cost(0.22),0,0,1,0.0,0,0.21551997915360377,0.0,0.0,2025-12-03 15:34:00,保养,高,华南
TK000652,0.2397,low,0.619,0.7957,0.7675,compliance(0.50); quality(0.25); cost(0.24),0,0,1,0.5,0,0.23607889378592228,0.25,0.2,2025-05-30 16:37:00,抢修,高,西南
TK000653,0.0965,low,0.115,0.2023,0.0435,compliance(0.25); cost(0.17),0,0,1,0.25,0,0.1698705911918431,0.0,0.0,2025-10-01 15:28:00,抢修,高,华北
TK000654,0.2171,low,0.5155,0.7839,0.503,quality(0.50); cost(0.40); compliance(0.25),0,0,1,0.25,0,0.3977711333846483,0.5,0.0,2025-10-20 19:01:00,巡检,中,华北
TK000655,0.0436,low,0.0258,0.0325,0.0038,cost(0.22),0,0,1,0.0,0,0.21778007004029576,0.0,0.0,2025-05-11 07:46:00,巡检,低,华南
TK000656,0.1395,low,0.2219,0.3358,0.1785,equipment(0.40); compliance(0.25),0,0,1,0.25,0,0.08483280935286552,0.0,0.4,2025-05-04 09:01:00,保养,低,华中
TK000657,0.3294,low,0.4963,0.5975,0.5382,compliance(0.75); equipment(0.60); quality(0.25),0,0,1,0.75,0,0.07215920734912817,0.25,0.6,2025-05-24 09:58:00,改造,中,华南
TK000658,0.2431,low,0.2185,0.3545,0.0613,equipment(0.80); quality(0.50); cost(0.24),0,0,1,0.0,0,0.24042457054793975,0.5,0.8,2025-12-17 17:43:00,保养,低,华中
TK000659,0.1711,low,0.0984,0.1186,0.016,equipment(0.60); quality(0.25); cost(0.22),0,0,1,0.0,0,0.21812506596633685,0.25,0.6,2025-11-20 19:27:00,改造,中,西北
TK000660,0.278,low,0.1512,0.1751,0.0186,compliance(0.75); equipment(0.40); cost(0.15),0,0,1,0.75,0,0.15234760024824112,0.0,0.4,2025-09-21 11:33:00,抢修,低,西北
TK000661,0.134,low,0.1397,0.2612,0.0231,cost(0.33); quality(0.25); equipment(0.20),0,0,1,0.0,0,0.3324125514800763,0.25,0.2,2025-04-28 20:49:00,巡检,中,华东
TK000662,0.0273,low,0.0149,0.0168,0.0025,cost(0.14),0,0,1,0.0,0,0.1364554089912703,0.0,0.0,2025-11-28 11:15:00,巡检,中,华南
TK000663,0.0908,low,0.0354,0.0197,0.0037,cost(0.27); quality(0.25),0,0,1,0.0,0,0.2666297923876604,0.25,0.0,2025-03-22 08:37:00,巡检,中,华东
TK000664,0.0955,low,0.037,0.0231,0.0008,equipment(0.40); cost(0.18),0,0,1,0.0,0,0.17772352500267696,0.0,0.4,2025-01-29 09:38:00,巡检,中,华中
TK000665,0.1493,low,0.1506,0.1975,0.1049,equipment(0.60); cost(0.30),0,0,1,0.0,0,0.29644263401298665,0.0,0.6,2025-03-23 09:00:00,抢修,中,西南
TK000666,0.156,low,0.1217,0.1884,0.0255,quality(0.50); cost(0.26); equipment(0.20),0,0,1,0.0,0,0.25503045469314634,0.5,0.2,2025-01-22 07:22:00,抢修,高,西北
TK000667,0.0763,low,0.0329,0.0219,0.0068,cost(0.23); equipment(0.20),0,0,1,0.0,0,0.2314331876069189,0.0,0.2,2025-08-21 13:31:00,抢修,中,西北
TK000668,0.2105,low,0.1025,0.1088,0.0036,equipment(0.80); cost(0.27); quality(0.25),0,0,1,0.0,0,0.26519006108047205,0.25,0.8,2025-06-04 11:50:00,巡检,中,华中
TK000669,0.1679,low,0.4995,0.6773,0.6059,quality(0.75); equipment(0.20); cost(0.13),0,0,1,0.0,0,0.12701345628174898,0.75,0.2,2025-10-10 15:49:00,改造,紧急,华北
TK000670,0.0366,low,0.0475,0.0906,0.0137,cost(0.18),0,0,1,0.0,0,0.18285120158896384,0.0,0.0,2025-09-03 08:33:00,抢修,紧急,华东
TK000671,0.1981,low,0.0736,0.0383,0.0023,compliance(0.50); equipment(0.40),0,0,1,0.5,0,0.06543156017488683,0.0,0.4,2025-10-11 16:34:00,保养,低,华东
TK000672,0.0446,low,0.0433,0.0778,0.0076,equipment(0.20),0,0,1,0.0,0,0.07318148660271973,0.0,0.2,2025-07-20 15:10:00,保养,高,华南
TK000673,0.046,low,0.0269,0.0344,0.003,equipment(0.20),0,0,1,0.0,0,0.07991732128071893,0.0,0.2,2025-09-15 10:21:00,保养,低,华南
TK000674,0.0365,low,0.0152,0.009,0.0031,cost(0.18),0,0,1,0.0,0,0.18262992683130197,0.0,0.0,2025-04-30 16:38:00,抢修,高,华南
TK000675,0.0254,low,0.0637,0.1317,0.0284,cost(0.13),0,0,1,0.0,0,0.1271782740518631,0.0,0.0,2025-06-18 17:48:00,改造,中,西南
TK000676,0.1007,low,0.0773,0.1324,0.0021,quality(0.50); cost(0.13),0,0,1,0.0,0,0.1285014036807629,0.5,0.0,2025-11-29 19:19:00,抢修,高,西南
TK000677,0.3636,low,0.2636,0.1933,0.2482,equipment(1.00); compliance(0.50); cost(0.26),0,0,1,0.5,0,0.25547706075406607,0.25,1.0,2025-06-13 11:53:00,巡检,高,华北
TK000678,0.0354,low,0.0302,0.0492,0.0068,cost(0.18),0,0,1,0.0,0,0.1769758971952956,0.0,0.0,2025-11-08 17:01:00,保养,中,华北
TK000679,0.1108,low,0.1574,0.2838,0.071,compliance(0.25); equipment(0.20),0,0,1,0.25,0,0.09155157116261425,0.0,0.2,2025-11-14 09:35:00,巡检,紧急,华北
TK000680,0.3183,low,0.1823,0.2131,0.035,compliance(0.75); equipment(0.60); cost(0.20),0,0,1,0.75,0,0.20407494406490267,0.0,0.6,2025-05-21 09:35:00,巡检,中,华北
TK000681,0.2467,low,0.1055,0.0807,0.0093,compliance(0.75); equipment(0.20); cost(0.15),0,0,1,0.75,0,0.14609344966487825,0.0,0.2,2025-01-01 17:21:00,抢修,中,华中
TK000682,0.0834,low,0.1339,0.1962,0.1148,equipment(0.40); cost(0.12),0,0,1,0.0,0,0.11682846301680383,0.0,0.4,2025-02-06 14:53:00,保养,中,华北
TK000683,0.1198,low,0.049,0.0365,0.0008,equipment(0.40); cost(0.30),0,0,1,0.0,0,0.29912776991984913,0.0,0.4,2025-03-14 14:35:00,巡检,中,华东
TK000684,0.1111,low,0.145,0.2042,0.115,equipment(0.40); quality(0.25),0,0,1,0.0,0,0.06810371005230342,0.25,0.4,2025-08-14 17:26:00,抢修,中,西北
TK000685,0.2467,low,0.4901,0.6686,0.5203,quality(0.75); compliance(0.25); cost(0.21),0,0,1,0.25,0,0.20841217732637451,0.75,0.2,2025-10-28 12:54:00,抢修,中,华北
TK000686,0.1152,low,0.0502,0.0367,0.0079,cost(0.39); quality(0.25),0,0,1,0.0,0,0.38827898297561014,0.25,0.0,2025-05-15 12:15:00,巡检,低,华北
TK000687,0.2905,low,0.5255,0.61,0.6423,equipment(1.00); compliance(0.25); quality(0.25),0,0,1,0.25,0,0.20269742451450645,0.25,1.0,2025-10-08 08:43:00,保养,中,西北
TK000688,0.1573,low,0.0737,0.0571,0.0186,equipment(0.40); cost(0.30); quality(0.25),0,0,1,0.0,0,0.2991083855254002,0.25,0.4,2025-12-21 10:00:00,保养,中,华南
TK000689,0.0444,low,0.0179,0.0095,0.0037,equipment(0.20),0,0,1,0.0,0,0.07209184716528394,0.0,0.2,2025-11-07 11:18:00,抢修,低,西北
TK000690,0.1067,low,0.0719,0.0767,0.0374,equipment(0.40); cost(0.23),0,0,1,0.0,0,0.23327037214119306,0.0,0.4,2025-10-09 16:20:00,巡检,中,西南
TK000691,0.2048,low,0.2611,0.3872,0.1832,equipment(0.40); compliance(0.25); quality(0.25),0,0,1,0.25,0,0.2240568573284909,0.25,0.4,2025-03-22 08:44:00,巡检,中,华中
TK000692,0.0444,low,0.0163,0.0076,0.001,cost(0.22),0,0,1,0.0,0,0.22221394332265365,0.0,0.0,2025-07-04 16:35:00,巡检,中,华北
TK000693,0.1585,low,0.0581,0.0167,0.0134,compliance(0.50); cost(0.17),0,0,1,0.5,0,0.16758548688453112,0.0,0.0,2025-03-23 17:16:00,抢修,中,华中
TK000694,0.2163,low,0.2526,0.3854,0.1508,quality(0.75); compliance(0.25); equipment(0.20),0,0,1,0.25,0,0.05645455631889862,0.75,0.2,2025-03-16 07:02:00,改造,中,华北
TK000695,0.39,low,0.6676,0.8797,0.6935,compliance(0.75); quality(0.50); equipment(0.40),0,0,1,0.75,0,0.3373981587248752,0.5,0.4,2025-12-21 16:21:00,抢修,中,华北
TK000696,0.2465,low,0.5724,0.8511,0.5731,quality(1.00); equipment(0.40); cost(0.18),0,0,1,0.0,0,0.18271605526516843,1.0,0.4,2025-02-15 08:51:00,保养,高,华中
TK000697,0.148,low,0.0857,0.0885,0.0296,equipment(0.80); cost(0.14),0,0,1,0.0,0,0.13996646845653782,0.0,0.8,2025-11-24 07:52:00,巡检,中,华南
TK000698,0.3006,low,0.116,0.0624,0.0113,equipment(0.60); compliance(0.50); quality(0.25),0,0,1,0.5,0,0.24063243382475497,0.25,0.6,2025-12-15 20:27:00,巡检,中,华中
TK000699,0.142,low,0.2249,0.3447,0.1761,compliance(0.25); quality(0.25); cost(0.21),0,0,1,0.25,0,0.21001486197627595,0.25,0.0,2025-06-15 19:07:00,保养,中,西南
TK000700,0.0543,low,0.0679,0.0704,0.077,quality(0.25),0,0,1,0.0,0,0.08412215770321319,0.25,0.0,2025-09-26 11:48:00,巡检,中,华北
TK000701,0.2078,low,0.2638,0.4316,0.144,compliance(0.50); cost(0.26); equipment(0.20),0,0,1,0.5,0,0.2638023700829113,0.0,0.2,2025-05-06 16:09:00,保养,紧急,华中
TK000702,0.3915,low,0.4994,0.3973,0.694,compliance(1.00); cost(0.41); equipment(0.40),0,0,1,1.0,0,0.40762996087199566,0.0,0.4,2025-10-13 10:55:00,抢修,中,华北
TK000703,0.384,low,0.3897,0.2151,0.5692,equipment(1.00); compliance(0.75); cost(0.23),0,0,1,0.75,0,0.2323520132507788,0.0,1.0,2025-11-06 19:10:00,巡检,中,华中
TK000704,0.0405,low,0.0482,0.0946,0.0083,cost(0.20),0,0,1,0.0,0,0.20242455128094394,0.0,0.0,2025-10-26 11:49:00,巡检,低,华中
TK000705,0.2892,low,0.657,0.9155,0.7137,equipment(0.80); quality(0.50); compliance(0.25),0,0,1,0.25,0,0.15856111938298056,0.5,0.8,2025-02-18 13:34:00,巡检,中,华中
TK000706,0.1515,low,0.0771,0.0757,0.0146,equipment(0.40); cost(0.27); quality(0.25),0,0,1,0.0,0,0.27018971664988156,0.25,0.4,2025-11-21 18:06:00,抢修,低,西北
TK000707,0.1982,low,0.0692,0.0222,0.0056,compliance(0.50); cost(0.22); equipment(0.20),0,0,1,0.5,0,0.21584252826590378,0.0,0.2,2025-10-06 13:44:00,巡检,低,华北
TK000708,0.1771,low,0.0849,0.0806,0.0101,compliance(0.50); equipment(0.20); cost(0.11),0,0,1,0.5,0,0.11048626843700116,0.0,0.2,2025-02-24 19:12:00,巡检,紧急,华南
TK000709,0.1244,low,0.0841,0.1116,0.0221,equipment(0.40); cost(0.32),0,0,1,0.0,0,0.3220479831568903,0.0,0.4,2025-08-30 19:37:00,改造,中,华东
TK000710,0.259,low,0.1323,0.1335,0.0224,compliance(0.50); cost(0.33); quality(0.25),0,0,1,0.5,0,0.33259208383964034,0.25,0.2,2025-04-03 12:43:00,保养,高,华东
TK000711,0.1557,low,0.2335,0.4277,0.1061,equipment(0.40); compliance(0.25); cost(0.17),0,0,1,0.25,0,0.16617687074829934,0.0,0.4,2025-04-12 10:20:00,抢修,紧急,华东
TK000712,0.1598,low,0.1974,0.3716,0.0555,quality(0.50); equipment(0.40); cost(0.12),0,0,1,0.0,0,0.12400461371248583,0.5,0.4,2025-02-22 15:24:00,保养,高,华南
TK000713,0.3601,low,0.5716,0.4894,0.8352,compliance(0.75); equipment(0.60); quality(0.25),0,0,1,0.75,0,0.2253829592417531,0.25,0.6,2025-03-05 15:04:00,保养,中,西南
TK000714,0.123,low,0.0656,0.0698,0.0123,equipment(0.40); quality(0.25); cost(0.13),0,0,1,0.0,0,0.12726862711182163,0.25,0.4,2025-07-08 15:14:00,保养,低,华南
TK000715,0.0672,low,0.077,0.1265,0.0358,quality(0.25); cost(0.15),0,0,1,0.0,0,0.14857661345664097,0.25,0.0,2025-02-11 20:31:00,保养,高,华北
TK000716,0.2343,low,0.3166,0.2777,0.426,equipment(0.60); cost(0.41); compliance(0.25),0,0,1,0.25,0,0.40890836566900934,0.0,0.6,2025-02-10 17:48:00,巡检,高,华南
TK000717,0.1709,low,0.0851,0.0944,0.0023,compliance(0.50); cost(0.23),0,0,1,0.5,0,0.22929710470787656,0.0,0.0,2025-09-02 13:53:00,抢修,高,华中
TK000718,0.2142,low,0.6375,0.7967,0.841,compliance(0.50); cost(0.30); equipment(0.20),0,0,1,0.5,0,0.29619235511713937,0.0,0.2,2025-09-23 09:59:00,巡检,中,华东
TK000719,0.0766,low,0.066,0.0631,0.0597,cost(0.23); equipment(0.20),0,0,1,0.0,0,0.23287361484553337,0.0,0.2,2025-05-28 10:10:00,抢修,中,华南
TK000720,0.2635,low,0.2422,0.4645,0.0017,equipment(0.60); quality(0.50); compliance(0.25),0,0,1,0.25,0,0.18000126033966157,0.5,0.6,2025-05-10 15:56:00,保养,高,西南
TK000721,0.1688,low,0.2039,0.3359,0.1019,equipment(0.60); compliance(0.25),0,0,1,0.25,0,0.08143431340645035,0.0,0.6,2025-02-08 14:02:00,改造,紧急,西北
TK000722,0.1904,low,0.2035,0.3028,0.1155,quality(0.50); cost(0.26); compliance(0.25),0,0,1,0.25,0,0.2643566781477229,0.5,0.0,2025-08-30 07:01:00,巡检,中,华南
TK000723,0.1734,low,0.1561,0.2063,0.0912,quality(0.50); equipment(0.40); cost(0.19),0,0,1,0.0,0,0.19185522660613497,0.5,0.4,2025-12-15 17:36:00,巡检,高,华东
TK000724,0.1489,low,0.0644,0.0475,0.0088,equipment(0.60); cost(0.29),0,0,1,0.0,0,0.2944159632297697,0.0,0.6,2025-01-04 08:23:00,抢修,高,华中
TK000725,0.1576,low,0.0883,0.0494,0.0679,compliance(0.50); cost(0.16),0,0,1,0.5,0,0.16314032158861258,0.0,0.0,2025-08-08 20:13:00,保养,中,华东
TK000726,0.2208,low,0.1758,0.1935,0.1195,equipment(1.00); quality(0.25); cost(0.17),0,0,1,0.0,0,0.1666895653051279,0.25,1.0,2025-06-05 16:57:00,巡检,中,西南
TK000727,0.0598,low,0.129,0.1583,0.1589,equipment(0.20); cost(0.15),0,0,1,0.0,0,0.14906834042433692,0.0,0.2,2025-08-01 09:18:00,保养,中,西北
TK000728,0.0567,low,0.0235,0.0156,0.0029,equipment(0.20); cost(0.13),0,0,1,0.0,0,0.13328273522034528,0.0,0.2,2025-03-06 16:51:00,抢修,低,西南
TK000729,0.2309,low,0.2294,0.1776,0.2799,compliance(0.50); cost(0.38); equipment(0.20),0,0,1,0.5,0,0.37970220333575977,0.0,0.2,2025-10-22 07:45:00,改造,紧急,华北
TK000730,0.144,low,0.3534,0.5579,0.3285,compliance(0.25); quality(0.25); equipment(0.20),0,0,1,0.25,0,0.07013337754527726,0.25,0.2,2025-06-13 20:13:00,保养,中,华南
TK000731,0.2798,low,0.0974,0.0328,0.0057,compliance(0.75); equipment(0.40); cost(0.16),0,0,1,0.75,0,0.16161927187103775,0.0,0.4,2025-05-04 10:22:00,抢修,低,华中
TK000732,0.0722,low,0.0526,0.0615,0.0268,equipment(0.40),0,0,1,0.0,0,0.06120671401897948,0.0,0.4,2025-04-30 15:51:00,保养,低,西南
TK000733,0.201,low,0.062,0.0047,0.0003,compliance(0.50); cost(0.23); equipment(0.20),0,0,1,0.5,0,0.23003906289944887,0.0,0.2,2025-03-10 20:54:00,抢修,中,西南
TK000734,0.2656,low,0.1302,0.0959,0.0485,compliance(0.50); quality(0.50); equipment(0.20),0,0,1,0.5,0,0.17798439571961633,0.5,0.2,2025-04-21 16:09:00,巡检,中,西南
TK000735,0.1654,low,0.1548,0.2151,0.0854,equipment(0.60); compliance(0.25),0,0,1,0.25,0,0.06446218391977565,0.0,0.6,2025-03-22 20:00:00,保养,低,华东
TK000736,0.1774,low,0.1476,0.2117,0.058,compliance(0.50); cost(0.26),0,0,1,0.5,0,0.2618624792530413,0.0,0.0,2025-08-11 13:33:00,巡检,中,华北
TK000737,0.1443,low,0.0592,0.0432,0.0022,equipment(0.40); quality(0.25); cost(0.23),0,0,1,0.0,0,0.23396112587900386,0.25,0.4,2025-01-10 17:12:00,抢修,中,西南
TK000738,0.1342,low,0.2667,0.3912,0.2557,equipment(0.40); compliance(0.25),0,0,1,0.25,0,0.05861549876320016,0.0,0.4,2025-03-11 11:24:00,抢修,高,华南
TK000739,0.2556,low,0.2622,0.4486,0.0816,equipment(0.80); cost(0.37); compliance(0.25),0,0,1,0.25,0,0.3656755031994344,0.0,0.8,2025-03-21 14:49:00,巡检,中,华东
TK000740,0.1467,low,0.1236,0.1968,0.0306,cost(0.27); compliance(0.25); equipment(0.20),0,0,1,0.25,0,0.2708361021411716,0.0,0.2,2025-09-07 15:35:00,抢修,高,西北
TK000741,0.1861,low,0.4606,0.7178,0.4388,equipment(0.60); compliance(0.25); cost(0.17),0,0,1,0.25,0,0.16777824538290764,0.0,0.6,2025-12-23 09:24:00,保养,中,华东
TK000742,0.0788,low,0.0418,0.0471,0.0048,quality(0.25); cost(0.21),0,0,1,0.0,0,0.2065611768885368,0.25,0.0,2025-02-10 11:05:00,抢修,紧急,华东
TK000743,0.0749,low,0.0638,0.061,0.0572,compliance(0.25),0,0,1,0.25,0,0.06220709329751628,0.0,0.0,2025-06-11 14:08:00,改造,高,华北
TK000744,0.2867,low,0.2848,0.3985,0.1694,quality(1.00); equipment(0.40); compliance(0.25),0,0,1,0.25,0,0.07086764794716383,1.0,0.4,2025-12-26 17:35:00,抢修,中,华中
TK000745,0.2932,low,0.567,0.7927,0.5759,compliance(0.50); quality(0.50); equipment(0.40),0,0,1,0.5,0,0.16595103556030688,0.5,0.4,2025-08-28 07:48:00,抢修,中,华南
TK000746,0.1825,low,0.2934,0.4135,0.2685,equipment(0.40); cost(0.30); compliance(0.25),0,0,1,0.25,0,0.29993015335255746,0.0,0.4,2025-07-11 09:14:00,巡检,高,西北
TK000747,0.0439,low,0.0171,0.0107,0.0005,equipment(0.20),0,0,1,0.0,0,0.06945654264284984,0.0,0.2,2025-06-18 17:15:00,保养,高,华中
TK000748,0.2735,low,0.2794,0.238,0.3259,compliance(0.75); quality(0.25); equipment(0.20),0,0,1,0.75,0,0.092434731084999,0.25,0.2,2025-06-04 13:13:00,保养,中,西南
TK000749,0.2133,low,0.0955,0.074,0.0159,compliance(0.50); equipment(0.40); cost(0.14),0,0,1,0.5,0,0.1415996891324237,0.0,0.4,2025-06-17 13:04:00,巡检,低,华中
TK000750,0.2213,low,0.0965,0.076,0.01,equipment(0.60); cost(0.34); compliance(0.25),0,0,1,0.25,0,0.3438136942837926,0.0,0.6,2025-11-18 13:54:00,改造,中,华北
TK000751,0.1236,low,0.1135,0.1753,0.0431,equipment(0.40); cost(0.32),0,0,1,0.0,0,0.31808735533340493,0.0,0.4,2025-05-21 07:53:00,抢修,高,西南
TK000752,0.1655,low,0.0919,0.0932,0.0276,quality(0.50); compliance(0.25); cost(0.14),0,0,1,0.25,0,0.14022615887277934,0.5,0.0,2025-09-17 08:55:00,改造,高,华北
TK000753,0.1926,low,0.1098,0.1223,0.0262,equipment(0.60); compliance(0.25); cost(0.20),0,0,1,0.25,0,0.20033679937640636,0.0,0.6,2025-03-01 13:11:00,保养,低,华中
TK000754,0.3,low,0.3939,0.7868,0.0815,cost(1.00); compliance(0.25); quality(0.25),0,0,1,0.25,0,1.0,0.25,0.0,2025-12-12 10:25:00,改造,中,华南
TK000755,0.1224,low,0.0467,0.0257,0.0028,equipment(0.40); quality(0.25); cost(0.12),0,0,1,0.0,0,0.12440397397132386,0.25,0.4,2025-04-28 18:27:00,改造,中,华北
TK000756,0.0409,low,0.0161,0.0103,0.0005,cost(0.20),0,0,1,0.0,0,0.20431277870128495,0.0,0.0,2025-03-30 10:44:00,抢修,高,华东
TK000757,0.0617,low,0.023,0.0109,0.0018,quality(0.25); cost(0.12),0,0,1,0.0,0,0.12103998482389389,0.25,0.0,2025-05-08 10:54:00,抢修,中,华北
TK000758,0.1519,low,0.2453,0.5153,0.0554,equipment(0.40); compliance(0.25); cost(0.15),0,0,1,0.25,0,0.1471771643584393,0.0,0.4,2025-02-20 18:46:00,保养,高,华南
TK000759,0.0999,low,0.0756,0.1241,0.0062,compliance(0.25); cost(0.19),0,0,1,0.25,0,0.18716760230462404,0.0,0.0,2025-04-03 14:28:00,保养,中,华南
TK000760,0.1926,low,0.4051,0.6093,0.383,equipment(0.60); compliance(0.25); cost(0.20),0,0,1,0.25,0,0.20056766771708745,0.0,0.6,2025-01-24 12:47:00,保养,中,华中
TK000761,0.1716,low,0.1422,0.1922,0.0669,equipment(0.40); compliance(0.25); quality(0.25),0,0,1,0.25,0,0.05806424836058777,0.25,0.4,2025-04-14 13:45:00,巡检,中,华东
TK000762,0.086,low,0.0385,0.0308,0.0056,equipment(0.40); cost(0.13),0,0,1,0.0,0,0.12985204411009077,0.0,0.4,2025-10-04 15:43:00,巡检,低,西南
TK000763,0.2969,low,0.3563,0.4903,0.2732,compliance(0.50); quality(0.50); equipment(0.40),0,0,1,0.5,0,0.18456764738868747,0.5,0.4,2025-10-25 20:10:00,保养,高,西北
TK000764,0.1346,low,0.0743,0.082,0.0149,equipment(0.80),0,0,1,0.0,0,0.07311658550558586,0.0,0.8,2025-12-07 19:35:00,抢修,中,华北
TK000765,0.1663,low,0.4098,0.6395,0.3889,compliance(0.50); cost(0.21),0,0,1,0.5,0,0.2065416674542121,0.0,0.0,2025-03-08 15:21:00,保养,紧急,华南
TK000766,0.1215,low,0.1496,0.2905,0.0328,equipment(0.40); quality(0.25); cost(0.12),0,0,1,0.0,0,0.12008121115408266,0.25,0.4,2025-07-30 08:30:00,抢修,高,华北
TK000767,0.3001,low,0.1002,0.0267,0.0023,equipment(0.80); compliance(0.50); quality(0.25),0,0,1,0.5,0,0.08806954945770673,0.25,0.8,2025-06-15 19:21:00,巡检,紧急,华中
TK000768,0.0566,low,0.0329,0.0292,0.0163,cost(0.28),0,0,1,0.0,0,0.2830876266091735,0.0,0.0,2025-02-01 16:28:00,巡检,高,华东
TK000769,0.1579,low,0.0733,0.0671,0.0071,equipment(0.60); quality(0.25); cost(0.15),0,0,1,0.0,0,0.15175803597233384,0.25,0.6,2025-01-02 20:21:00,抢修,中,华南
TK000770,0.1234,low,0.1422,0.1704,0.1302,equipment(0.40); cost(0.32),0,0,1,0.0,0,0.317114851251995,0.0,0.4,2025-07-07 15:37:00,巡检,中,华北
TK000771,0.1419,low,0.0634,0.0522,0.0073,quality(0.50); equipment(0.20); cost(0.18),0,0,1,0.0,0,0.18438396469290175,0.5,0.2,2025-03-20 15:19:00,抢修,中,西南
TK000772,0.2,low,0.6894,0.8758,0.9225,cost(1.00),0,0,1,0.0,0,1.0,0.0,0.0,2025-03-05 09:48:00,保养,高,西南
TK000773,0.1536,low,0.0766,0.0849,0.0024,quality(0.50); cost(0.39),0,0,1,0.0,0,0.3931328943314849,0.5,0.0,2025-11-02 13:28:00,保养,中,华北
TK000774,0.2087,low,0.1298,0.1436,0.0485,equipment(0.60); cost(0.28); compliance(0.25),0,0,1,0.25,0,0.28091997064485774,0.0,0.6,2025-05-18 17:29:00,保养,中,华北
TK000775,0.2731,low,0.0942,0.0275,0.0076,compliance(0.50); quality(0.50); cost(0.37),0,0,1,0.5,0,0.36565881698375957,0.5,0.0,2025-07-14 15:07:00,保养,低,华东
TK000776,0.2045,low,0.196,0.1046,0.2801,compliance(0.50); equipment(0.40),0,0,1,0.5,0,0.09774451950407903,0.0,0.4,2025-10-30 08:06:00,改造,紧急,华东
TK000777,0.1299,low,0.1046,0.1067,0.0808,equipment(0.60); cost(0.20),0,0,1,0.0,0,0.1996248599933177,0.0,0.6,2025-12-06 09:00:00,巡检,高,西南
TK000778,0.0502,low,0.0346,0.0393,0.0166,cost(0.25),0,0,1,0.0,0,0.2510613324147346,0.0,0.0,2025-02-10 14:11:00,巡检,中,华北
TK000779,0.1492,low,0.2775,0.3879,0.2771,quality(0.50); cost(0.22); equipment(0.20),0,0,1,0.0,0,0.22112951714288231,0.5,0.2,2025-05-09 13:57:00,抢修,中,华东
TK000780,0.0474,low,0.0501,0.0808,0.0217,equipment(0.20),0,0,1,0.0,0,0.0871633043758484,0.0,0.2,2025-11-22 11:15:00,抢修,高,华中
TK000781,0.0751,low,0.0344,0.0283,0.0057,equipment(0.40),0,0,1,0.0,0,0.07539643990938505,0.0,0.4,2025-04-29 12:27:00,巡检,低,华东
TK000782,0.1977,low,0.0908,0.0732,0.0169,compliance(0.50); quality(0.25); cost(0.18),0,0,1,0.5,0,0.17608415047025805,0.25,0.0,2025-02-16 19:46:00,保养,高,西北
TK000783,0.0877,low,0.0461,0.0483,0.0083,cost(0.25); quality(0.25),0,0,1,0.0,0,0.25107416777095126,0.25,0.0,2025-12-07 15:14:00,保养,高,西北
TK000784,0.1301,low,0.1965,0.3796,0.0703,equipment(0.40); quality(0.25); cost(0.16),0,0,1,0.0,0,0.1628466896102556,0.25,0.4,2025-06-19 12:21:00,抢修,中,西南
TK000785,0.122,low,0.1327,0.2429,0.0317,equipment(0.60); cost(0.16),0,0,1,0.0,0,0.1600751844431192,0.0,0.6,2025-11-16 20:04:00,改造,高,西南
TK000786,0.1544,low,0.0515,0.0144,0.0005,compliance(0.50); cost(0.15),0,0,1,0.5,0,0.14720642886637236,0.0,0.0,2025-10-06 10:15:00,巡检,中,华东
TK000787,0.1391,low,0.0445,0.0061,0.0017,compliance(0.50),0,0,1,0.5,0,0.07041342751161839,0.0,0.0,2025-11-29 10:44:00,巡检,高,西北
TK000788,0.0237,low,0.0285,0.0581,0.0029,cost(0.12),0,0,1,0.0,0,0.1186285932635508,0.0,0.0,2025-11-19 13:48:00,巡检,高,华南
TK000789,0.285,low,0.5659,0.8343,0.5383,equipment(0.80); quality(0.75); cost(0.26),0,0,1,0.0,0,0.26229769647884393,0.75,0.8,2025-09-02 16:20:00,巡检,紧急,华东
TK000790,0.0929,low,0.0342,0.0154,0.0026,equipment(0.40); cost(0.16),0,0,1,0.0,0,0.1645059309046366,0.0,0.4,2025-01-14 19:10:00,巡检,低,西北
TK000791,0.1833,low,0.2984,0.4575,0.238,compliance(0.50); quality(0.25); cost(0.10),0,0,1,0.5,0,0.10414655899133796,0.25,0.0,2025-03-19 10:48:00,巡检,低,华中
TK000792,0.3333,low,0.7543,0.9576,0.912,compliance(0.50); quality(0.50); equipment(0.40),0,0,1,0.5,0,0.366714578293334,0.5,0.4,2025-09-11 14:22:00,保养,高,西北
TK000793,0.1328,low,0.1007,0.16,0.014,compliance(0.25); quality(0.25); cost(0.16),0,0,1,0.25,0,0.16401081720611843,0.25,0.0,2025-07-26 16:55:00,保养,中,西北
TK000794,0.1821,low,0.5818,0.6626,0.8437,equipment(0.40); compliance(0.25); quality(0.25),0,0,1,0.25,0,0.11031081712312951,0.25,0.4,2025-08-28 12:38:00,保养,低,华中
TK000795,0.0408,low,0.0537,0.1085,0.0101,cost(0.20),0,0,1,0.0,0,0.20414574317913603,0.0,0.0,2025-05-13 18:15:00,巡检,中,西南
TK000796,0.1052,low,0.0476,0.0355,0.0103,equipment(0.60),0,0,1,0.0,0,0.07575947859858567,0.0,0.6,2025-08-01 15:24:00,抢修,高,华东
TK000797,0.2738,low,0.5158,0.6835,0.5556,compliance(0.75); equipment(0.40); cost(0.13),0,0,1,0.75,0,0.13158169648822327,0.0,0.4,2025-12-12 13:50:00,巡检,紧急,华东
TK000798,0.1128,low,0.0709,0.0977,0.0082,compliance(0.25); quality(0.25),0,0,1,0.25,0,0.06406479737699511,0.25,0.0,2025-07-28 17:58:00,改造,紧急,华东
TK000799,0.1289,low,0.0478,0.0226,0.0035,quality(0.50); cost(0.27),0,0,1,0.0,0,0.269706368947498,0.5,0.0,2025-12-23 14:53:00,保养,低,华中
TK000800,0.0525,low,0.0551,0.1026,0.0098,cost(0.26),0,0,1,0.0,0,0.2626515397082658,0.0,0.0,2025-01-07 14:35:00,改造,高,西北
TK000801,0.1588,low,0.2829,0.4386,0.2335,equipment(0.40); compliance(0.25); cost(0.18),0,0,1,0.25,0,0.18152963338015438,0.0,0.4,2025-10-21 15:07:00,保养,紧急,华南
TK000802,0.0736,low,0.0998,0.1716,0.0505,compliance(0.25),0,0,1,0.25,0,0.055557481925830876,0.0,0.0,2025-01-31 19:36:00,巡检,低,华南
TK000803,0.1342,low,0.0632,0.0531,0.0124,equipment(0.60); cost(0.22),0,0,1,0.0,0,0.22102870906336203,0.0,0.6,2025-07-27 14:36:00,改造,紧急,华中
TK000804,0.1885,low,0.1971,0.3136,0.088,compliance(0.50); cost(0.32),0,0,1,0.5,0,0.3175269772223426,0.0,0.0,2025-03-26 07:31:00,保养,中,西北
TK000805,0.1379,low,0.0703,0.0504,0.0323,equipment(0.40); compliance(0.25),0,0,1,0.25,0,0.0770938769322993,0.0,0.4,2025-09-13 14:36:00,巡检,低,华东
TK000806,0.1059,low,0.0503,0.05,0.0029,quality(0.25); equipment(0.20); cost(0.19),0,0,1,0.0,0,0.1921390335600519,0.25,0.2,2025-09-03 12:07:00,抢修,中,华南
TK000807,0.1167,low,0.0476,0.0264,0.0096,cost(0.27); compliance(0.25),0,0,1,0.25,0,0.27121653025480974,0.0,0.0,2025-10-06 18:37:00,巡检,中,华北
TK000808,0.0424,low,0.0264,0.0376,0.0015,equipment(0.20),0,0,1,0.0,0,0.062175295710492406,0.0,0.2,2025-06-07 11:46:00,保养,高,华北
TK000809,0.2624,low,0.7434,0.9515,0.9477,quality(0.75); equipment(0.40); compliance(0.25),0,0,1,0.25,0,0.13703742206920577,0.75,0.4,2025-01-12 10:10:00,抢修,中,西南
TK000810,0.0714,low,0.0343,0.0255,0.0112,quality(0.25); cost(0.17),0,0,1,0.0,0,0.1693373300767277,0.25,0.0,2025-08-29 13:10:00,抢修,高,西南
TK000811,0.103,low,0.0838,0.11,0.0412,equipment(0.40); cost(0.22),0,0,1,0.0,0,0.21517469750282037,0.0,0.4,2025-12-10 13:14:00,保养,低,华北
TK000812,0.1139,low,0.0444,0.0234,0.0057,equipment(0.40); cost(0.27),0,0,1,0.0,0,0.26929374299023345,0.0,0.4,2025-11-11 12:40:00,改造,紧急,华中
TK000813,0.0904,low,0.0542,0.0638,0.0137,equipment(0.40); cost(0.15),0,0,1,0.0,0,0.15219690692830934,0.0,0.4,2025-02-14 15:12:00,巡检,中,华北
TK000814,0.1742,low,0.103,0.1226,0.0225,cost(0.41); compliance(0.25); equipment(0.20),0,0,1,0.25,0,0.4086897378553478,0.0,0.2,2025-11-01 12:11:00,改造,高,华东
TK000815,0.145,low,0.1083,0.1137,0.0715,equipment(0.80); cost(0.12),0,0,1,0.0,0,0.1247721004160629,0.0,0.8,2025-06-29 15:50:00,巡检,中,西北
TK000816,0.1193,low,0.0753,0.0985,0.0143,quality(0.50); equipment(0.20),0,0,1,0.0,0,0.07139909500525443,0.5,0.2,2025-07-11 15:03:00,巡检,低,华东
TK000817,0.076,low,0.0391,0.0452,0.0015,cost(0.38),0,0,1,0.0,0,0.3798922209083684,0.0,0.0,2025-09-09 18:06:00,巡检,紧急,西南
TK000818,0.3703,low,0.793,0.9653,0.9829,quality(1.00); equipment(0.60); cost(0.34),0,0,1,0.25,0,0.3387621947121189,1.0,0.6,2025-01-17 17:14:00,改造,低,西南
TK000819,0.0603,low,0.0269,0.0176,0.0076,quality(0.25); cost(0.11),0,0,1,0.0,0,0.11418938727645844,0.25,0.0,2025-10-12 17:44:00,巡检,中,华东
TK000820,0.0784,low,0.0278,0.011,0.0011,quality(0.25); cost(0.20),0,0,1,0.0,0,0.2043680126823031,0.25,0.0,2025-10-10 20:15:00,抢修,中,华北
TK000821,0.0552,low,0.0599,0.1041,0.0196,quality(0.25),0,0,1,0.0,0,0.08834729738017155,0.25,0.0,2025-08-21 20:41:00,巡检,中,华北
TK000822,0.1094,low,0.2104,0.2691,0.2382,equipment(0.60),0,0,1,0.0,0,0.09699172103315401,0.0,0.6,2025-08-11 07:49:00,抢修,中,华南
TK000823,0.2949,low,0.1104,0.0566,0.0061,equipment(0.60); compliance(0.50); cost(0.40),0,0,1,0.5,0,0.3995542173385992,0.0,0.6,2025-11-04 13:56:00,抢修,高,华北
TK000824,0.1886,low,0.2795,0.2644,0.3724,equipment(0.40); cost(0.33); compliance(0.25),0,0,1,0.25,0,0.3305531848863371,0.0,0.4,2025-01-16 19:57:00,巡检,中,西南
TK000825,0.0433,low,0.0228,0.0211,0.0069,equipment(0.20),0,0,1,0.0,0,0.06649413846494134,0.0,0.2,2025-06-09 09:26:00,巡检,中,西南
TK000826,0.0545,low,0.0207,0.0116,0.0007,equipment(0.20); cost(0.12),0,0,1,0.0,0,0.12263796822426343,0.0,0.2,2025-04-28 15:47:00,巡检,中,华中
TK000827,0.1883,low,0.2196,0.3466,0.1194,equipment(0.80); quality(0.25); cost(0.15),0,0,1,0.0,0,0.15417998690026413,0.25,0.8,2025-04-23 07:40:00,保养,紧急,华中
TK000828,0.0708,low,0.0238,0.0056,0.0018,quality(0.25); cost(0.17),0,0,1,0.0,0,0.16627344343583805,0.25,0.0,2025-06-04 16:38:00,巡检,中,西南
TK000829,0.2189,low,0.2578,0.4151,0.1339,quality(0.50); cost(0.41); compliance(0.25),0,0,1,0.25,0,0.406935393455259,0.5,0.0,2025-08-19 10:43:00,抢修,高,西北
TK000830,0.1599,low,0.3077,0.4505,0.2916,quality(0.50); cost(0.27); equipment(0.20),0,0,1,0.0,0,0.2744693572496263,0.5,0.2,2025-05-14 18:50:00,抢修,高,华东
TK000831,0.0864,low,0.0388,0.0361,0.0007,equipment(0.40); cost(0.13),0,0,1,0.0,0,0.13190932283041668,0.0,0.4,2025-05-14 09:07:00,抢修,中,华南
TK000832,0.124,low,0.0665,0.0748,0.0089,quality(0.50); cost(0.25),0,0,1,0.0,0,0.2450217366527183,0.5,0.0,2025-10-23 14:11:00,巡检,中,西南
TK000833,0.1312,low,0.068,0.0245,0.0573,equipment(0.40); cost(0.36),0,0,1,0.0,0,0.3561099567333207,0.0,0.4,2025-02-11 10:39:00,抢修,高,华东
TK000834,0.1383,low,0.0636,0.0397,0.0236,equipment(0.40); compliance(0.25),0,0,1,0.25,0,0.07901749152094328,0.0,0.4,2025-07-18 14:11:00,改造,中,华中
TK000835,0.2039,low,0.321,0.4895,0.2528,compliance(0.50); cost(0.24); equipment(0.20),0,0,1,0.5,0,0.2447479063878395,0.0,0.2,2025-07-31 07:52:00,改造,中,华北
TK000836,0.1423,low,0.0444,0.0043,0.0005,compliance(0.50),0,0,1,0.5,0,0.08669133099598791,0.0,0.0,2025-05-16 18:21:00,巡检,中,华中
TK000837,0.0122,low,0.0071,0.0078,0.0021,,0,0,1,0.0,0,0.06078588383332861,0.0,0.0,2025-05-24 15:55:00,改造,中,华中
TK000838,0.2341,low,0.1699,0.2467,0.0381,quality(0.75); equipment(0.40); cost(0.31),0,0,1,0.0,0,0.3080180638482065,0.75,0.4,2025-09-22 10:55:00,巡检,中,华中
TK000839,0.1805,low,0.062,0.0215,0.0009,compliance(0.50); equipment(0.20); cost(0.13),0,0,1,0.5,0,0.127325212660926,0.0,0.2,2025-02-28 13:19:00,改造,高,华中
TK000840,0.1154,low,0.184,0.3549,0.072,cost(0.26); compliance(0.25),0,0,1,0.25,0,0.2643402587672534,0.0,0.0,2025-11-22 20:58:00,保养,中,华东
TK000841,0.1176,low,0.121,0.2006,0.0444,quality(0.50); cost(0.21),0,0,1,0.0,0,0.21275663136965461,0.5,0.0,2025-08-07 11:02:00,巡检,低,西南
TK000842,0.0837,low,0.066,0.1016,0.0152,quality(0.25); equipment(0.20),0,0,1,0.0,0,0.08098143347096343,0.25,0.2,2025-08-08 14:47:00,巡检,中,西南
TK000843,0.1316,low,0.117,0.1999,0.0215,equipment(0.40); cost(0.36),0,0,1,0.0,0,0.358081207730066,0.0,0.4,2025-06-30 11:00:00,改造,紧急,西南
TK000844,0.0869,low,0.0639,0.0631,0.045,equipment(0.40); cost(0.13),0,0,1,0.0,0,0.1345444990525817,0.0,0.4,2025-01-29 12:19:00,巡检,中,华南
TK000845,0.0824,low,0.052,0.0764,0.0016,cost(0.26); equipment(0.20),0,0,1,0.0,0,0.26200264867588496,0.0,0.2,2025-11-28 14:43:00,巡检,中,西南
TK000846,0.2391,low,0.5833,0.9028,0.5588,quality(0.50); equipment(0.40); compliance(0.25),0,0,1,0.25,0,0.20789210957897908,0.5,0.4,2025-06-20 07:28:00,改造,中,华北
TK000847,0.027,low,0.0179,0.0245,0.0034,cost(0.14),0,0,1,0.0,0,0.13515196705615196,0.0,0.0,2025-11-12 07:01:00,巡检,中,华北
TK000848,0.1485,low,0.1492,0.2453,0.0536,compliance(0.25); quality(0.25); cost(0.24),0,0,1,0.25,0,0.24226114512816965,0.25,0.0,2025-09-09 09:43:00,巡检,中,华东
TK000849,0.2686,low,0.1519,0.14,0.0637,compliance(0.50); equipment(0.40); quality(0.25),0,0,1,0.5,0,0.23067303347164048,0.25,0.4,2025-01-16 15:26:00,保养,紧急,华南
TK000850,0.2644,low,0.5858,0.7517,0.6954,quality(0.75); equipment(0.40); compliance(0.25),0,0,1,0.25,0,0.1470834885229927,0.75,0.4,2025-03-24 13:18:00,抢修,中,华南
TK000851,0.0225,low,0.0178,0.0191,0.0125,cost(0.11),0,0,1,0.0,0,0.11231821797931585,0.0,0.0,2025-06-03 15:44:00,抢修,高,西北
TK000852,0.1452,low,0.0464,0.007,0.0011,compliance(0.50); cost(0.10),0,0,1,0.5,0,0.10109069701610118,0.0,0.0,2025-10-19 16:45:00,巡检,紧急,华北
TK000853,0.0504,low,0.0339,0.0465,0.0072,cost(0.25),0,0,1,0.0,0,0.25216150926469727,0.0,0.0,2025-04-17 10:31:00,保养,中,华东
TK000854,0.2791,low,0.1244,0.1121,0.0042,equipment(0.60); compliance(0.50); quality(0.25),0,0,1,0.5,0,0.13311517699326414,0.25,0.6,2025-05-14 17:16:00,改造,高,华中
TK000855,0.1955,low,0.3873,0.5438,0.3953,equipment(0.60); cost(0.34); quality(0.25),0,0,1,0.0,0,0.34019500231533084,0.25,0.6,2025-10-06 08:40:00,抢修,高,华南
TK000856,0.0811,low,0.0596,0.0964,0.0043,cost(0.41),0,0,1,0.0,0,0.4054949864943471,0.0,0.0,2025-07-05 16:38:00,抢修,低,华中
TK000857,0.2495,low,0.1106,0.0918,0.0103,compliance(0.50); quality(0.50); cost(0.25),0,0,1,0.5,0,0.24748090519190502,0.5,0.0,2025-05-03 20:09:00,抢修,高,西南
TK000858,0.2836,low,0.1783,0.1713,0.0951,compliance(0.75); cost(0.29); quality(0.25),0,0,1,0.75,0,0.2931821893201242,0.25,0.0,2025-01-22 13:37:00,抢修,中,华东
TK000859,0.2156,low,0.4053,0.5829,0.3903,quality(0.50); cost(0.39); compliance(0.25),0,0,1,0.25,0,0.39051604578349686,0.5,0.0,2025-03-17 11:11:00,巡检,高,西北
TK000860,0.2196,low,0.3864,0.5714,0.3444,compliance(0.50); equipment(0.40); cost(0.17),0,0,1,0.5,0,0.17283011774356183,0.0,0.4,2025-03-03 13:49:00,改造,高,华中
TK000861,0.2173,low,0.2006,0.1767,0.2101,compliance(0.50); equipment(0.40); cost(0.16),0,0,1,0.5,0,0.16128692790448496,0.0,0.4,2025-05-02 18:49:00,巡检,紧急,西北
TK000862,0.2315,low,0.35,0.4307,0.3709,equipment(1.00); compliance(0.25),0,0,1,0.25,0,0.0948357534238804,0.0,1.0,2025-10-23 11:25:00,抢修,紧急,西南
TK000863,0.0165,low,0.0255,0.0507,0.0079,,0,0,1,0.0,0,0.0825265718030922,0.0,0.0,2025-04-11 09:31:00,保养,中,西南
TK000864,0.1607,low,0.2617,0.4569,0.1531,equipment(0.40); compliance(0.25); cost(0.19),0,0,1,0.25,0,0.1909935205183585,0.0,0.4,2025-07-01 20:52:00,改造,高,华南
TK000865,0.0629,low,0.0259,0.0191,0.001,equipment(0.20); cost(0.16),0,0,1,0.0,0,0.16465114440928175,0.0,0.2,2025-12-02 15:19:00,抢修,高,华中
TK000866,0.0322,low,0.0149,0.0112,0.0038,cost(0.16),0,0,1,0.0,0,0.16117311025977954,0.0,0.0,2025-07-11 10:15:00,巡检,高,华中
TK000867,0.2113,low,0.133,0.1456,0.0533,compliance(0.50); equipment(0.40); cost(0.13),0,0,1,0.5,0,0.13173230441724315,0.0,0.4,2025-06-16 14:44:00,保养,中,西南
TK000868,0.0249,low,0.0119,0.0078,0.0049,cost(0.12),0,0,1,0.0,0,0.1243026883923225,0.0,0.0,2025-04-11 10:36:00,抢修,中,华中
TK000869,0.2716,low,0.4866,0.8308,0.3267,equipment(0.80); quality(0.50); compliance(0.25),0,0,1,0.25,0,0.07041406193659061,0.5,0.8,2025-07-09 14:20:00,抢修,高,西南
TK000870,0.2169,low,0.4638,0.6482,0.491,equipment(0.40); cost(0.28); compliance(0.25),0,0,1,0.25,0,0.28438491896226215,0.25,0.4,2025-01-03 14:53:00,保养,中,华南
TK000871,0.2693,low,0.4866,0.5508,0.6086,equipment(0.80); quality(0.50); cost(0.37),0,0,1,0.0,0,0.37173555295857297,0.5,0.8,2025-11-07 12:27:00,抢修,低,西南
TK000872,0.3481,low,0.4079,0.4078,0.4592,equipment(0.80); compliance(0.50); cost(0.33),0,0,1,0.5,0,0.32803179749604483,0.25,0.8,2025-10-20 16:58:00,巡检,中,华北
TK000873,0.1521,low,0.121,0.1862,0.0291,equipment(0.60); cost(0.31),0,0,1,0.0,0,0.31039125109537236,0.0,0.6,2025-12-20 15:09:00,巡检,低,西南
TK000874,0.141,low,0.0668,0.0538,0.0161,cost(0.39); compliance(0.25),0,0,1,0.25,0,0.3922632199145678,0.0,0.0,2025-05-09 13:11:00,改造,中,华东
TK000875,0.1009,low,0.1546,0.3039,0.0514,compliance(0.25); cost(0.19),0,0,1,0.25,0,0.19197799938908533,0.0,0.0,2025-02-08 07:28:00,保养,高,华北
TK000876,0.0537,low,0.0394,0.0507,0.0159,equipment(0.20); cost(0.12),0,0,1,0.0,0,0.11869133584080171,0.0,0.2,2025-12-25 09:14:00,巡检,高,西南
TK000877,0.0676,low,0.0348,0.0337,0.0079,equipment(0.20); cost(0.19),0,0,1,0.0,0,0.1881373716414566,0.0,0.2,2025-01-04 20:30:00,改造,低,华东
TK000878,0.1568,low,0.0497,0.007,0.0007,compliance(0.50); cost(0.16),0,0,1,0.5,0,0.15891377241479843,0.0,0.0,2025-02-21 10:52:00,保养,高,华东
TK000879,0.1684,low,0.4138,0.7014,0.3365,quality(0.50); equipment(0.40); cost(0.17),0,0,1,0.0,0,0.16704758828161292,0.5,0.4,2025-09-15 19:51:00,巡检,低,华东
TK000880,0.2098,low,0.3966,0.3908,0.5624,quality(0.75); equipment(0.40); cost(0.19),0,0,1,0.0,0,0.1865300268836957,0.75,0.4,2025-05-03 08:57:00,抢修,中,华中
TK000881,0.1508,low,0.176,0.2986,0.0749,equipment(0.60); cost(0.30),0,0,1,0.0,0,0.3042125688092744,0.0,0.6,2025-09-30 14:41:00,保养,高,华东
TK000882,0.2477,low,0.1828,0.2852,0.0247,equipment(0.60); compliance(0.50); cost(0.16),0,0,1,0.5,0,0.16337692666978043,0.0,0.6,2025-03-17 17:43:00,抢修,高,华北
TK000883,0.021,low,0.0153,0.023,0.0027,cost(0.10),0,0,1,0.0,0,0.10486715652273892,0.0,0.0,2025-11-11 14:41:00,巡检,高,华北
TK000884,0.1961,low,0.3202,0.6357,0.111,equipment(0.80); compliance(0.25),0,0,1,0.25,0,0.06811499092311502,0.0,0.8,2025-10-19 08:49:00,改造,中,华南
TK000885,0.0157,low,0.0638,0.0804,0.0884,,0,0,1,0.0,0,0.07862322316134285,0.0,0.0,2025-04-23 17:20:00,抢修,低,华东
TK000886,0.2086,low,0.1062,0.1036,0.0209,equipment(0.60); cost(0.28); compliance(0.25),0,0,1,0.25,0,0.28056482721403875,0.0,0.6,2025-05-24 08:56:00,抢修,中,华北
TK000887,0.1044,low,0.1273,0.0861,0.1881,compliance(0.25); cost(0.21),0,0,1,0.25,0,0.20941259233204357,0.0,0.0,2025-12-04 13:49:00,巡检,低,华中
TK000888,0.1292,low,0.1861,0.2954,0.1255,quality(0.50); equipment(0.20); cost(0.12),0,0,1,0.0,0,0.12104713409061241,0.5,0.2,2025-05-07 08:52:00,抢修,中,华中
TK000889,0.4413,medium,0.7873,0.8963,0.9748,equipment(1.00); compliance(0.75); quality(0.50),0,1,0,0.75,0,0.14403457186135604,0.5,1.0,2025-02-28 16:53:00,改造,紧急,华南
TK000890,0.2929,low,0.3184,0.5792,0.0794,compliance(0.50); quality(0.50); cost(0.31),0,0,1,0.5,0,0.31427845699405854,0.5,0.2,2025-12-26 08:34:00,抢修,低,华北
TK000891,0.1449,low,0.1252,0.1627,0.0707,quality(0.75); cost(0.16),0,0,1,0.0,0,0.16176596047206027,0.75,0.0,2025-10-27 17:56:00,保养,低,华南
TK000892,0.3594,low,0.7193,0.8414,0.9057,equipment(0.80); compliance(0.50); cost(0.38),0,0,1,0.5,0,0.3845905493799098,0.25,0.8,2025-10-15 12:57:00,保养,高,华中
TK000893,0.2137,low,0.1708,0.2216,0.0831,compliance(0.50); quality(0.25); equipment(0.20),0,0,1,0.5,0,0.10589559142308802,0.25,0.2,2025-03-09 12:03:00,巡检,高,西北
TK000894,0.1671,low,0.118,0.1249,0.0691,quality(0.75); cost(0.27),0,0,1,0.0,0,0.27295253522369145,0.75,0.0,2025-09-28 10:08:00,保养,低,华北
TK000895,0.1136,low,0.0504,0.0455,0.0011,compliance(0.25); equipment(0.20); cost(0.11),0,0,1,0.25,0,0.10559214326978628,0.0,0.2,2025-03-28 19:59:00,巡检,中,华南
TK000896,0.0277,low,0.0276,0.0509,0.0042,cost(0.14),0,0,1,0.0,0,0.13869798556663337,0.0,0.0,2025-10-19 17:50:00,巡检,中,华北
TK000897,0.1907,low,0.1331,0.1131,0.1036,quality(0.75); equipment(0.40),0,0,1,0.0,0,0.09112566298260683,0.75,0.4,2025-11-07 17:53:00,保养,紧急,华南
TK000898,0.166,low,0.1018,0.1195,0.0292,equipment(0.60); compliance(0.25),0,0,1,0.25,0,0.06728780864197537,0.0,0.6,2025-08-17 19:39:00,抢修,高,华东
TK000899,0.3882,low,0.7583,0.9066,0.9273,quality(1.00); compliance(0.75); cost(0.25),0,0,1,0.75,0,0.25371118523042224,1.0,0.0,2025-07-31 16:18:00,保养,高,华南
TK000900,0.1138,low,0.1336,0.2062,0.0781,cost(0.26); compliance(0.25),0,0,1,0.25,0,0.2564750036259694,0.0,0.0,2025-09-30 12:28:00,抢修,紧急,华东
TK000901,0.13,low,0.1832,0.2999,0.1122,equipment(0.60); cost(0.20),0,0,1,0.0,0,0.19991877892542997,0.0,0.6,2025-07-19 12:04:00,保养,低,华北
TK000902,0.143,low,0.1677,0.2815,0.0751,equipment(0.60); quality(0.25),0,0,1,0.0,0,0.07759116530541821,0.25,0.6,2025-07-08 10:09:00,保养,高,华中
TK000903,0.054,low,0.0198,0.0092,0.0012,cost(0.27),0,0,1,0.0,0,0.2700608190761703,0.0,0.0,2025-08-07 07:01:00,巡检,低,华东
TK000904,0.1528,low,0.1579,0.2632,0.057,equipment(0.60); quality(0.25); cost(0.13),0,0,1,0.0,0,0.12650286363835095,0.25,0.6,2025-08-08 08:33:00,抢修,中,西北
TK000905,0.1411,low,0.2664,0.349,0.2912,equipment(0.40); compliance(0.25),0,0,1,0.25,0,0.09295179504645945,0.0,0.4,2025-05-29 18:17:00,改造,高,华北
TK000906,0.2003,low,0.0955,0.0919,0.0093,compliance(0.50); quality(0.25); cost(0.19),0,0,1,0.5,0,0.18923004283779166,0.25,0.0,2025-03-06 07:32:00,保养,低,西北
TK000907,0.2371,low,0.2594,0.4045,0.1333,equipment(0.80); cost(0.40); quality(0.25),0,0,1,0.0,0,0.3977711011738402,0.25,0.8,2025-07-14 19:30:00,抢修,中,华中
TK000908,0.17,low,0.0938,0.089,0.0334,compliance(0.50); equipment(0.20),0,0,1,0.5,0,0.07480960637154355,0.0,0.2,2025-07-30 16:29:00,改造,高,西北
TK000909,0.0689,low,0.0957,0.1669,0.0475,equipment(0.20); cost(0.19),0,0,1,0.0,0,0.19460251710493226,0.0,0.2,2025-08-10 09:16:00,保养,低,华北
TK000910,0.2054,low,0.3284,0.5558,0.2063,quality(0.75); cost(0.31); equipment(0.20),0,0,1,0.0,0,0.314326741173521,0.75,0.2,2025-10-04 17:29:00,抢修,低,华东
TK000911,0.2006,low,0.1038,0.1222,0.0023,compliance(0.75),0,0,1,0.75,0,0.065507888730857,0.0,0.0,2025-11-26 14:20:00,巡检,低,西南
TK000912,0.1944,low,0.2358,0.4027,0.1043,quality(0.75); cost(0.26); equipment(0.20),0,0,1,0.0,0,0.2593084012623321,0.75,0.2,2025-05-01 17:21:00,保养,高,华南
TK000913,0.2688,low,0.2649,0.2161,0.3104,equipment(0.60); compliance(0.50); quality(0.25),0,0,1,0.5,0,0.08166786738071363,0.25,0.6,2025-04-17 11:53:00,保养,中,西南
TK000914,0.1443,low,0.0503,0.0198,0.0001,compliance(0.50),0,0,1,0.5,0,0.09644590363931571,0.0,0.0,2025-02-15 13:43:00,抢修,高,西北
TK000915,0.0996,low,0.0342,0.0099,0.0024,equipment(0.40); cost(0.20),0,0,1,0.0,0,0.19779180890292003,0.0,0.4,2025-12-09 14:06:00,抢修,低,华南
TK000916,0.1096,low,0.0464,0.038,0.0007,equipment(0.60),0,0,1,0.0,0,0.09811779089782979,0.0,0.6,2025-02-03 12:18:00,保养,中,华北
TK000917,0.1041,low,0.0422,0.0252,0.0062,cost(0.37); equipment(0.20),0,0,1,0.0,0,0.37027041688139095,0.0,0.2,2025-02-15 07:36:00,抢修,低,华南
TK000918,0.0949,low,0.0458,0.0485,0.001,equipment(0.40); cost(0.17),0,0,1,0.0,0,0.17474578973836896,0.0,0.4,2025-03-27 16:40:00,巡检,紧急,西北
TK000919,0.1834,low,0.1183,0.1452,0.0357,equipment(1.00); cost(0.17),0,0,1,0.0,0,0.16684200604464772,0.0,1.0,2025-12-17 20:00:00,保养,中,华北
TK000920,0.1364,low,0.0675,0.0727,0.0033,equipment(0.40); cost(0.38),0,0,1,0.0,0,0.3820431982828011,0.0,0.4,2025-01-29 18:43:00,抢修,高,西北
TK000921,0.2078,low,0.1491,0.207,0.0408,equipment(0.60); cost(0.28); compliance(0.25),0,0,1,0.25,0,0.2767003829503829,0.0,0.6,2025-02-12 15:27:00,巡检,高,华东
TK000922,0.2518,low,0.0852,0.0242,0.0033,compliance(0.75); cost(0.32),0,0,1,0.75,0,0.32130572546893266,0.0,0.0,2025-04-03 07:00:00,巡检,高,华东
TK000923,0.075,low,0.1032,0.2103,0.0203,equipment(0.40),0,0,1,0.0,0,0.07497638125896633,0.0,0.4,2025-12-02 16:40:00,改造,中,华中
TK000924,0.077,low,0.0516,0.0462,0.0352,equipment(0.40),0,0,1,0.0,0,0.08503356213735824,0.0,0.4,2025-11-16 10:42:00,改造,中,华东
TK000925,0.1115,low,0.0585,0.0639,0.0076,compliance(0.25); equipment(0.20),0,0,1,0.25,0,0.09504793523152544,0.0,0.2,2025-10-16 12:46:00,抢修,中,西北
TK000926,0.0416,low,0.0187,0.016,0.0019,cost(0.21),0,0,1,0.0,0,0.20791167023473145,0.0,0.0,2025-05-25 17:00:00,巡检,高,西南
TK000927,0.2348,low,0.1565,0.1829,0.063,equipment(0.40); cost(0.37); compliance(0.25),0,0,1,0.25,0,0.3739364332558429,0.25,0.4,2025-02-13 14:57:00,抢修,高,西北
TK000928,0.282,low,0.3548,0.5047,0.2673,compliance(0.50); quality(0.50); cost(0.26),0,0,1,0.5,0,0.2601482338856502,0.5,0.2,2025-08-24 07:42:00,巡检,中,华中
TK000929,0.2668,low,0.2459,0.2412,0.2326,compliance(0.75); quality(0.25); equipment(0.20),0,0,1,0.75,0,0.05877675259734638,0.25,0.2,2025-05-18 16:25:00,保养,紧急,华东
TK000930,0.1967,low,0.5199,0.7154,0.6013,quality(0.50); equipment(0.40); cost(0.31),0,0,1,0.0,0,0.3085298190280208,0.5,0.4,2025-03-31 14:10:00,巡检,低,华南
TK000931,0.25,low,0.2354,0.377,0.0812,quality(0.75); compliance(0.25); cost(0.23),0,0,1,0.25,0,0.22524256485973426,0.75,0.2,2025-08-31 10:21:00,改造,低,华南
TK000932,0.0926,low,0.1383,0.2792,0.0365,compliance(0.25); cost(0.15),0,0,1,0.25,0,0.15027166521822788,0.0,0.0,2025-05-29 09:05:00,抢修,中,华北
TK000933,0.127,low,0.0968,0.1401,0.0277,cost(0.30); quality(0.25); equipment(0.20),0,0,1,0.0,0,0.29734139237457013,0.25,0.2,2025-08-14 18:13:00,巡检,中,西南
TK000934,0.3425,low,0.411,0.5965,0.2843,quality(0.75); equipment(0.60); compliance(0.50),0,0,1,0.5,0,0.07497897956448096,0.75,0.6,2025-03-28 11:13:00,保养,低,西北
TK000935,0.208,low,0.132,0.1643,0.0346,quality(0.50); equipment(0.40); cost(0.37),0,0,1,0.0,0,0.36507960342009416,0.5,0.4,2025-04-08 08:26:00,抢修,低,华东
TK000936,0.1022,low,0.0352,0.0089,0.004,equipment(0.60),0,0,1,0.0,0,0.06094680092154048,0.0,0.6,2025-07-20 07:41:00,巡检,低,华南
TK000937,0.0501,low,0.0705,0.1137,0.0449,equipment(0.20); cost(0.10),0,0,1,0.0,0,0.1002616759917927,0.0,0.2,2025-01-09 14:19:00,保养,紧急,华北
TK000938,0.0212,low,0.017,0.024,0.0064,cost(0.11),0,0,1,0.0,0,0.1059419329356871,0.0,0.0,2025-02-14 07:05:00,巡检,高,华南
TK000939,0.326,low,0.3558,0.6606,0.0766,compliance(1.00); quality(0.25); cost(0.19),0,0,1,1.0,0,0.19240083105161054,0.25,0.0,2025-09-06 20:16:00,巡检,中,西北
TK000940,0.0879,low,0.0312,0.0108,0.0029,compliance(0.25); cost(0.13),0,0,1,0.25,0,0.12695361633827373,0.0,0.0,2025-12-07 15:21:00,抢修,中,华东
TK000941,0.2075,low,0.1826,0.3079,0.036,quality(0.50); equipment(0.40); cost(0.36),0,0,1,0.0,0,0.36242103117994706,0.5,0.4,2025-02-09 08:33:00,巡检,中,华南
TK000942,0.2668,low,0.1066,0.0596,0.0163,equipment(0.60); compliance(0.50); cost(0.26),0,0,1,0.5,0,0.2588359547640713,0.0,0.6,2025-10-11 15:03:00,保养,中,华东
TK000943,0.1641,low,0.1289,0.1988,0.0288,equipment(0.40); cost(0.33); quality(0.25),0,0,1,0.0,0,0.333140484856135,0.25,0.4,2025-04-16 10:52:00,抢修,中,华南
TK000944,0.0607,low,0.0265,0.0201,0.0036,cost(0.30),0,0,1,0.0,0,0.3036172738970703,0.0,0.0,2025-12-05 09:29:00,保养,低,西南
TK000945,0.076,low,0.0251,0.0048,0.0018,equipment(0.40),0,0,1,0.0,0,0.08024691358024694,0.0,0.4,2025-07-21 17:18:00,改造,中,华北
TK000946,0.2663,low,0.2751,0.4306,0.1272,equipment(0.60); quality(0.50); compliance(0.25),0,0,1,0.25,0,0.1938994547718198,0.5,0.6,2025-09-15 18:01:00,抢修,中,西北
TK000947,0.2059,low,0.1068,0.0759,0.0529,compliance(0.50); quality(0.25); cost(0.22),0,0,1,0.5,0,0.21715216821286332,0.25,0.0,2025-07-20 15:59:00,巡检,高,西北
TK000948,0.1154,low,0.052,0.0274,0.0223,compliance(0.25); equipment(0.20); cost(0.11),0,0,1,0.25,0,0.1144153502704377,0.0,0.2,2025-07-11 13:38:00,巡检,中,华东
TK000949,0.1185,low,0.0597,0.0567,0.0124,equipment(0.60); cost(0.14),0,0,1,0.0,0,0.1426284325437267,0.0,0.6,2025-03-10 10:00:00,改造,高,华北
TK000950,0.0607,low,0.0334,0.034,0.0093,cost(0.30),0,0,1,0.0,0,0.30326899563982035,0.0,0.0,2025-02-03 07:51:00,抢修,紧急,西北
TK000951,0.4257,medium,0.7235,0.9037,0.7987,equipment(0.80); compliance(0.75); quality(0.50),0,1,0,0.75,0,0.2159579216660782,0.5,0.8,2025-12-05 08:35:00,巡检,低,西北
TK000952,0.2561,low,0.2352,0.3877,0.0647,compliance(0.50); equipment(0.40); cost(0.36),0,0,1,0.5,0,0.35565149194652235,0.0,0.4,2025-01-16 20:14:00,巡检,高,西北
TK000953,0.171,low,0.2276,0.3271,0.1765,equipment(0.60); compliance(0.25),0,0,1,0.25,0,0.09262690225449466,0.0,0.6,2025-11-03 15:15:00,巡检,低,华东
TK000954,0.1019,low,0.0448,0.0371,0.0037,cost(0.36); equipment(0.20),0,0,1,0.0,0,0.359637332681661,0.0,0.2,2025-08-23 14:53:00,保养,中,华中
TK000955,0.2021,low,0.5076,0.6655,0.6116,quality(0.50); compliance(0.25); equipment(0.20),0,0,1,0.25,0,0.17321700925427397,0.5,0.2,2025-01-16 13:24:00,抢修,中,西北
TK000956,0.243,low,0.5138,0.7355,0.5242,quality(0.50); equipment(0.40); compliance(0.25),0,0,1,0.25,0,0.22741462757296382,0.5,0.4,2025-01-01 14:40:00,抢修,中,华东
TK000957,0.3225,low,0.7966,0.9999,0.9998,cost(1.00); equipment(0.40); compliance(0.25),0,0,1,0.25,0,1.0,0.0,0.4,2025-08-05 20:56:00,巡检,高,华中
TK000958,0.0598,low,0.0245,0.0182,0.0006,equipment(0.20); cost(0.15),0,0,1,0.0,0,0.1488528941737317,0.0,0.2,2025-02-23 10:06:00,巡检,高,西南
TK000959,0.0839,low,0.0887,0.1586,0.0228,compliance(0.25); cost(0.11),0,0,1,0.25,0,0.1072491220083247,0.0,0.0,2025-03-13 10:35:00,巡检,中,华中
TK000960,0.1995,low,0.5053,0.6543,0.6184,compliance(0.50); cost(0.22); equipment(0.20),0,0,1,0.5,0,0.22244154951696904,0.0,0.2,2025-04-03 13:48:00,巡检,中,华东
TK000961,0.0934,low,0.167,0.3066,0.0906,quality(0.50),0,0,1,0.0,0,0.09204234699589009,0.5,0.0,2025-08-02 07:24:00,巡检,中,华东
TK000962,0.1039,low,0.0727,0.1156,0.003,equipment(0.40); cost(0.22),0,0,1,0.0,0,0.21963671441311905,0.0,0.4,2025-02-23 19:59:00,抢修,高,西北
TK000963,0.1338,low,0.0678,0.0577,0.0213,equipment(0.80),0,0,1,0.0,0,0.0691525923995634,0.0,0.8,2025-12-19 10:54:00,抢修,中,华南
TK000964,0.0546,low,0.0286,0.0251,0.0097,quality(0.25),0,0,1,0.0,0,0.08566146219768345,0.25,0.0,2025-05-09 14:26:00,保养,高,华南
TK000965,0.1927,low,0.1667,0.2928,0.0182,equipment(0.60); cost(0.33); quality(0.25),0,0,1,0.0,0,0.3257916408555914,0.25,0.6,2025-05-21 12:23:00,抢修,低,西南
TK000966,0.1728,low,0.0636,0.0317,0.0019,compliance(0.50); cost(0.24),0,0,1,0.5,0,0.23907222864747535,0.0,0.0,2025-01-31 15:26:00,抢修,中,西南
TK000967,0.0887,low,0.049,0.0471,0.0169,cost(0.29); equipment(0.20),0,0,1,0.0,0,0.29357751482574534,0.0,0.2,2025-05-01 10:44:00,保养,高,华东
TK000968,0.2894,low,0.1985,0.2407,0.0783,compliance(0.50); quality(0.50); equipment(0.40),0,0,1,0.5,0,0.1468308617724724,0.5,0.4,2025-02-08 19:53:00,抢修,紧急,华北
TK000969,0.1056,low,0.1116,0.1677,0.0606,quality(0.50); cost(0.15),0,0,1,0.0,0,0.15291939921426212,0.5,0.0,2025-03-17 08:27:00,巡检,低,西北
TK000970,0.1324,low,0.2136,0.431,0.0659,compliance(0.25); quality(0.25); cost(0.16),0,0,1,0.25,0,0.1620020672656437,0.25,0.0,2025-07-02 11:47:00,保养,高,西南
TK000971,0.1116,low,0.0668,0.0906,0.0047,equipment(0.40); quality(0.25),0,0,1,0.0,0,0.07073274289712417,0.25,0.4,2025-05-03 07:15:00,保养,中,华南
TK000972,0.2603,low,0.1453,0.1837,0.0083,compliance(0.50); quality(0.50); cost(0.30),0,0,1,0.5,0,0.3012932776505456,0.5,0.0,2025-12-02 10:53:00,抢修,中,西南
TK000973,0.0857,low,0.0467,0.0525,0.0076,cost(0.28); equipment(0.20),0,0,1,0.0,0,0.27862079180520205,0.0,0.2,2025-09-29 13:21:00,保养,中,华南
TK000974,0.1484,low,0.063,0.0419,0.0108,cost(0.28); compliance(0.25); equipment(0.20),0,0,1,0.25,0,0.27934058640877957,0.0,0.2,2025-03-12 13:38:00,保养,高,华中
TK000975,0.1071,low,0.0482,0.0332,0.0126,equipment(0.60),0,0,1,0.0,0,0.08527509047790616,0.0,0.6,2025-04-07 09:38:00,保养,低,华南
TK000976,0.1217,low,0.0559,0.0418,0.0136,compliance(0.25); equipment(0.20); cost(0.15),0,0,1,0.25,0,0.14624958576376368,0.0,0.2,2025-12-18 11:01:00,巡检,高,华中
TK000977,0.1341,low,0.1287,0.1743,0.0786,cost(0.33); quality(0.25); equipment(0.20),0,0,1,0.0,0,0.33298561513522484,0.25,0.2,2025-04-03 10:26:00,抢修,中,华东
TK000978,0.0852,low,0.0479,0.0319,0.032,equipment(0.40); cost(0.13),0,0,1,0.0,0,0.12617781307654508,0.0,0.4,2025-07-08 10:29:00,保养,紧急,华北
TK000979,0.0804,low,0.0887,0.1516,0.033,compliance(0.25),0,0,1,0.25,0,0.08931491751990905,0.0,0.0,2025-09-26 18:10:00,抢修,中,西北
TK000980,0.2312,low,0.5205,0.8141,0.4749,quality(0.75); cost(0.28); compliance(0.25),0,0,1,0.25,0,0.281232587141682,0.75,0.0,2025-10-28 18:44:00,抢修,中,西南
TK000981,0.0444,low,0.0523,0.0865,0.0249,cost(0.22),0,0,1,0.0,0,0.22200048858953092,0.0,0.0,2025-08-13 13:13:00,保养,高,华中
TK000982,0.2046,low,0.2041,0.2734,0.1344,cost(0.37); compliance(0.25); quality(0.25),0,0,1,0.25,0,0.3731572706693974,0.25,0.2,2025-01-28 20:18:00,巡检,中,西南
TK000983,0.1782,low,0.4156,0.6324,0.4022,equipment(0.60); quality(0.50),0,0,1,0.0,0,0.0657714014316827,0.5,0.6,2025-12-21 20:26:00,改造,高,华北
TK000984,0.0638,low,0.0212,0.0059,0.0001,cost(0.32),0,0,1,0.0,0,0.3187775093490419,0.0,0.0,2025-01-05 12:10:00,巡检,中,西南
TK000985,0.0951,low,0.0533,0.0596,0.0111,cost(0.33); equipment(0.20),0,0,1,0.0,0,0.32531966687047353,0.0,0.2,2025-10-27 10:30:00,保养,高,华北
TK000986,0.0577,low,0.0281,0.0279,0.003,equipment(0.20); cost(0.14),0,0,1,0.0,0,0.13847928781272345,0.0,0.2,2025-01-02 08:17:00,巡检,高,西南
TK000987,0.0882,low,0.0356,0.0238,0.0024,equipment(0.40); cost(0.14),0,0,1,0.0,0,0.1409825069283861,0.0,0.4,2025-10-07 08:17:00,抢修,高,西北
TK000988,0.1355,low,0.0566,0.0421,0.0035,equipment(0.80),0,0,1,0.0,0,0.07769462072631816,0.0,0.8,2025-03-15 15:07:00,抢修,中,西北
TK000989,0.117,low,0.1423,0.2592,0.0471,compliance(0.25); equipment(0.20); cost(0.12),0,0,1,0.25,0,0.12232408822212959,0.0,0.2,2025-09-20 17:06:00,抢修,高,西南
TK000990,0.1385,low,0.0777,0.0724,0.0308,equipment(0.60); cost(0.24),0,0,1,0.0,0,0.24238526605935573,0.0,0.6,2025-06-14 15:25:00,抢修,中,西北
TK000991,0.1925,low,0.3904,0.6392,0.3113,compliance(0.50); cost(0.34),0,0,1,0.5,0,0.33756174754384183,0.0,0.0,2025-04-29 11:07:00,巡检,中,西南
TK000992,0.0988,low,0.0665,0.0805,0.0249,equipment(0.40); cost(0.19),0,0,1,0.0,0,0.19422953759446648,0.0,0.4,2025-11-25 11:44:00,抢修,紧急,西北
TK000993,0.1009,low,0.0394,0.0212,0.005,equipment(0.40); cost(0.20),0,0,1,0.0,0,0.20462695609931825,0.0,0.4,2025-12-31 14:50:00,巡检,高,华南
TK000994,0.1454,low,0.2223,0.3837,0.1269,equipment(0.40); compliance(0.25); cost(0.11),0,0,1,0.25,0,0.11464001634741283,0.0,0.4,2025-10-05 20:32:00,保养,高,华东
TK000995,0.1137,low,0.0588,0.0692,0.0014,compliance(0.25); equipment(0.20); cost(0.11),0,0,1,0.25,0,0.10619638697949207,0.0,0.2,2025-07-30 18:28:00,巡检,中,华东
TK000996,0.1989,low,0.2297,0.3962,0.0897,quality(0.75); cost(0.28); equipment(0.20),0,0,1,0.0,0,0.28194327816453124,0.75,0.2,2025-06-30 11:49:00,改造,低,华中
TK000997,0.3372,low,0.2515,0.2641,0.1655,compliance(1.00); quality(0.25); equipment(0.20),0,0,1,1.0,0,0.09834427033910764,0.25,0.2,2025-01-01 18:16:00,巡检,中,西北
TK000998,0.045,low,0.0316,0.0514,0.0004,equipment(0.20),0,0,1,0.0,0,0.07513152126260414,0.0,0.2,2025-04-19 11:57:00,保养,低,华中
TK000999,0.077,low,0.033,0.0218,0.0066,cost(0.24); equipment(0.20),0,0,1,0.0,0,0.23518562674932753,0.0,0.2,2025-02-16 14:07:00,保养,高,华南
TK001000,0.0928,low,0.0764,0.1324,0.0063,equipment(0.40); cost(0.16),0,0,1,0.0,0,0.16398235619414725,0.0,0.4,2025-12-14 08:11:00,保养,紧急,西南
TK001001,0.149,low,0.2872,0.1957,0.4971,equipment(0.40); compliance(0.25); cost(0.13),0,0,1,0.25,0,0.13231931919217577,0.0,0.4,2025-08-17 15:29:00,保养,低,西北
TK001002,0.1607,low,0.4021,0.5203,0.4909,equipment(0.60); quality(0.25); cost(0.17),0,0,1,0.0,0,0.16590461258981115,0.25,0.6,2025-09-22 16:37:00,保养,紧急,华东
TK001003,0.0888,low,0.0802,0.1444,0.0085,compliance(0.25); cost(0.13),0,0,1,0.25,0,0.13148748940687038,0.0,0.0,2025-09-27 11:11:00,保养,中,华东
TK001004,0.2076,low,0.5561,0.7859,0.625,compliance(0.50); equipment(0.40); cost(0.11),0,0,1,0.5,0,0.11322202760984612,0.0,0.4,2025-06-29 19:57:00,巡检,中,华中
TK001005,0.1196,low,0.0763,0.0726,0.0429,equipment(0.40); cost(0.30),0,0,1,0.0,0,0.29777830124350657,0.0,0.4,2025-09-07 16:31:00,保养,高,华中
TK001006,0.1069,low,0.0357,0.0096,0.0007,quality(0.50); cost(0.16),0,0,1,0.0,0,0.15936025548882993,0.5,0.0,2025-04-16 15:56:00,巡检,高,华北
TK001007,0.0809,low,0.0609,0.0848,0.0199,equipment(0.40); cost(0.10),0,0,1,0.0,0,0.10428403526804497,0.0,0.4,2025-04-15 16:28:00,巡检,中,西南
TK001008,0.1588,low,0.0705,0.0646,0.0006,quality(0.50); cost(0.27); equipment(0.20),0,0,1,0.0,0,0.26884325672887777,0.5,0.2,2025-10-08 19:36:00,保养,中,华北
TK001009,0.1124,low,0.0773,0.1154,0.0092,equipment(0.40); quality(0.25),0,0,1,0.0,0,0.0742636350466257,0.25,0.4,2025-06-22 10:12:00,巡检,中,西北
TK001010,0.2785,low,0.1351,0.145,0.0023,compliance(0.75); equipment(0.40); cost(0.15),0,0,1,0.75,0,0.15493869928005533,0.0,0.4,2025-01-14 16:31:00,保养,低,西南
TK001011,0.0779,low,0.0301,0.0128,0.0063,cost(0.39),0,0,1,0.0,0,0.38967317003164814,0.0,0.0,2025-09-13 08:04:00,巡检,高,西南
TK001012,0.2636,low,0.5734,0.6182,0.7942,equipment(1.00); compliance(0.25); quality(0.25),0,0,1,0.25,0,0.06784689259300147,0.25,1.0,2025-12-24 07:22:00,抢修,高,华东
TK001013,0.0487,low,0.0233,0.0205,0.0044,cost(0.24),0,0,1,0.0,0,0.2435343733292713,0.0,0.0,2025-07-28 15:16:00,保养,中,华中
TK001014,0.2889,low,0.452,0.5538,0.4901,quality(1.00); compliance(0.50),0,0,1,0.5,0,0.06966300606407516,1.0,0.0,2025-06-16 15:28:00,抢修,高,西南
TK001015,0.1287,low,0.121,0.1921,0.0432,compliance(0.25); quality(0.25); cost(0.14),0,0,1,0.25,0,0.1433414296145077,0.25,0.0,2025-06-09 12:35:00,巡检,低,西南
TK001016,0.2485,low,0.1024,0.0684,0.0112,compliance(0.50); cost(0.28); quality(0.25),0,0,1,0.5,0,0.280094865866118,0.25,0.2,2025-09-26 18:14:00,抢修,紧急,华北
TK001017,0.0942,low,0.0336,0.0146,0.0006,cost(0.28); quality(0.25),0,0,1,0.0,0,0.283287963072553,0.25,0.0,2025-01-08 16:32:00,改造,低,华中
TK001018,0.2395,low,0.3987,0.6366,0.2973,compliance(0.50); equipment(0.40); cost(0.27),0,0,1,0.5,0,0.27255571778836885,0.0,0.4,2025-11-24 16:19:00,巡检,中,西南
TK001019,0.1069,low,0.0744,0.1007,0.0202,quality(0.50); cost(0.16),0,0,1,0.0,0,0.15964850268867048,0.5,0.0,2025-07-08 11:05:00,保养,低,华东
TK001020,0.2899,low,0.37,0.4846,0.3242,compliance(0.50); quality(0.50); equipment(0.40),0,0,1,0.5,0,0.14939300517094456,0.5,0.4,2025-06-30 12:24:00,抢修,高,华中
TK001021,0.0775,low,0.0405,0.0332,0.016,equipment(0.40),0,0,1,0.0,0,0.0875633882083936,0.0,0.4,2025-09-29 08:46:00,保养,高,华中
TK001022,0.1357,low,0.1252,0.201,0.0405,quality(0.50); cost(0.30),0,0,1,0.0,0,0.30355213670615977,0.5,0.0,2025-07-26 13:32:00,抢修,低,华东
TK001023,0.0947,low,0.0401,0.0299,0.0034,cost(0.29); quality(0.25),0,0,1,0.0,0,0.2860089602783513,0.25,0.0,2025-03-03 20:38:00,抢修,中,西北
TK001024,0.4231,medium,0.5745,0.5039,0.7749,equipment(0.80); compliance(0.75); cost(0.39),0,1,0,0.75,0,0.3903008110198226,0.25,0.8,2025-10-10 17:38:00,抢修,低,华北
TK001025,0.1782,low,0.0919,0.0868,0.023,cost(0.40); equipment(0.40); quality(0.25),0,0,1,0.0,0,0.40333761232349163,0.25,0.4,2025-08-03 15:05:00,保养,中,西北
TK001026,0.2242,low,0.4953,0.6917,0.5312,quality(0.50); equipment(0.40); compliance(0.25),0,0,1,0.25,0,0.1334107953945285,0.5,0.4,2025-08-25 10:34:00,抢修,高,华南
TK001027,0.105,low,0.0699,0.0955,0.0141,compliance(0.25); equipment(0.20),0,0,1,0.25,0,0.062267223413234984,0.0,0.2,2025-08-08 10:25:00,巡检,中,西南
TK001028,0.0716,low,0.1017,0.2203,0.0089,equipment(0.40),0,0,1,0.0,0,0.057791912084832586,0.0,0.4,2025-05-16 07:07:00,抢修,高,华东
TK001029,0.1081,low,0.1012,0.1843,0.0121,equipment(0.40); cost(0.24),0,0,1,0.0,0,0.24036848921807952,0.0,0.4,2025-01-24 12:48:00,抢修,中,西南
TK001030,0.1106,low,0.1599,0.2765,0.0856,compliance(0.25); equipment(0.20),0,0,1,0.25,0,0.09069293693689129,0.0,0.2,2025-03-28 11:37:00,抢修,高,华中
TK001031,0.3342,low,0.6102,0.7935,0.6635,compliance(0.75); quality(0.50); cost(0.36),0,0,1,0.75,0,0.3586014283021435,0.5,0.0,2025-02-04 11:10:00,保养,高,华北
TK001032,0.2764,low,0.1422,0.1252,0.0442,compliance(0.50); quality(0.50); cost(0.23),0,0,1,0.5,0,0.23181001674531898,0.5,0.2,2025-02-23 10:41:00,保养,高,西北
TK001033,0.0777,low,0.2112,0.2877,0.2491,compliance(0.25),0,0,1,0.25,0,0.0758040034490376,0.0,0.0,2025-02-08 08:26:00,保养,高,西北
TK001034,0.2376,low,0.3552,0.485,0.3261,equipment(0.80); cost(0.28); compliance(0.25),0,0,1,0.25,0,0.2756531896145413,0.0,0.8,2025-11-18 18:21:00,巡检,高,西北
TK001035,0.1587,low,0.0689,0.0513,0.0095,equipment(0.80); cost(0.19),0,0,1,0.0,0,0.19352057633050967,0.0,0.8,2025-11-24 14:34:00,巡检,低,西北
TK001036,0.223,low,0.1566,0.1829,0.0733,quality(0.75); equipment(0.40); cost(0.25),0,0,1,0.0,0,0.25228493530280804,0.75,0.4,2025-06-13 07:16:00,改造,中,华南
TK001037,0.1037,low,0.0582,0.0695,0.008,compliance(0.25); equipment(0.20),0,0,1,0.25,0,0.0562273675968854,0.0,0.2,2025-11-22 08:05:00,巡检,低,华东
TK001038,0.3086,low,0.234,0.3504,0.0536,compliance(0.75); equipment(0.40); cost(0.31),0,0,1,0.75,0,0.30574566164786576,0.0,0.4,2025-06-27 07:52:00,保养,低,西南
TK001039,0.0911,low,0.0546,0.0721,0.0058,equipment(0.40); cost(0.16),0,0,1,0.0,0,0.15554202892492885,0.0,0.4,2025-11-13 18:39:00,抢修,高,西北
TK001040,0.1842,low,0.0829,0.0664,0.0127,equipment(0.40); compliance(0.25); quality(0.25),0,0,1,0.25,0,0.12092511944526652,0.25,0.4,2025-05-03 17:13:00,抢修,紧急,华北
TK001041,0.2439,low,0.1977,0.2571,0.0986,quality(0.75); equipment(0.60); cost(0.21),0,0,1,0.0,0,0.2070152770388386,0.75,0.6,2025-09-23 10:30:00,巡检,高,华东
TK001042,0.2943,low,0.159,0.1895,0.0124,compliance(0.50); quality(0.50); equipment(0.40),0,0,1,0.5,0,0.17169054441260745,0.5,0.4,2025-07-07 12:19:00,抢修,低,华东
TK001043,0.1632,low,0.1516,0.2336,0.0596,compliance(0.25); quality(0.25); equipment(0.20),0,0,1,0.25,0,0.16615642718066148,0.25,0.2,2025-07-10 13:49:00,抢修,高,华南
TK001044,0.1487,low,0.2721,0.5226,0.1274,equipment(0.40); compliance(0.25); cost(0.13),0,0,1,0.25,0,0.13093833191536075,0.0,0.4,2025-10-20 17:41:00,抢修,中,西南
TK001045,0.1538,low,0.1411,0.2571,0.0143,equipment(0.40); compliance(0.25); cost(0.16),0,0,1,0.25,0,0.1565399799790793,0.0,0.4,2025-03-08 07:52:00,巡检,高,西北
TK001046,0.3132,low,0.6849,0.8508,0.8375,quality(1.00); equipment(0.60); cost(0.37),0,0,1,0.0,0,0.3658712653965819,1.0,0.6,2025-08-03 14:51:00,改造,紧急,华南
TK001047,0.2677,low,0.1821,0.2213,0.0696,compliance(0.50); equipment(0.40); quality(0.25),0,0,1,0.5,0,0.22599418857175557,0.25,0.4,2025-07-31 11:54:00,巡检,中,华中
TK001048,0.2072,low,0.6281,0.8351,0.7819,compliance(0.50); equipment(0.40); cost(0.11),0,0,1,0.5,0,0.11110973801285229,0.0,0.4,2025-07-08 16:21:00,巡检,高,华东
TK001049,0.1671,low,0.2901,0.3448,0.3409,quality(0.50); compliance(0.25); cost(0.15),0,0,1,0.25,0,0.14813017225777791,0.5,0.0,2025-05-30 11:24:00,巡检,高,西北
TK001050,0.1198,low,0.1464,0.201,0.1145,compliance(0.25); equipment(0.20); cost(0.14),0,0,1,0.25,0,0.13633422874654766,0.0,0.2,2025-06-23 20:48:00,保养,高,华中
TK001051,0.1773,low,0.2616,0.3686,0.2268,equipment(0.40); compliance(0.25); quality(0.25),0,0,1,0.25,0,0.08641696347644034,0.25,0.4,2025-08-10 13:44:00,改造,中,西北
TK001052,0.0766,low,0.0498,0.0695,0.0071,equipment(0.40),0,0,1,0.0,0,0.08321234104620878,0.0,0.4,2025-05-20 07:22:00,保养,低,华中
TK001053,0.0873,low,0.0389,0.0316,0.0047,equipment(0.40); cost(0.14),0,0,1,0.0,0,0.1367095273620924,0.0,0.4,2025-04-05 07:45:00,改造,高,西南
TK001054,0.1463,low,0.0855,0.1061,0.0127,equipment(0.60); cost(0.28),0,0,1,0.0,0,0.2817169952128724,0.0,0.6,2025-05-16 15:11:00,巡检,中,华北
TK001055,0.2008,low,0.1365,0.2003,0.0176,quality(0.50); cost(0.32); compliance(0.25),0,0,1,0.25,0,0.3166645837238852,0.5,0.0,2025-09-29 07:30:00,巡检,高,华东
TK001056,0.1289,low,0.082,0.0951,0.0287,equipment(0.40); quality(0.25); cost(0.16),0,0,1,0.0,0,0.15706601868248515,0.25,0.4,2025-05-07 08:06:00,巡检,中,西南
TK001057,0.2706,low,0.1384,0.1404,0.0232,compliance(0.50); equipment(0.40); quality(0.25),0,0,1,0.5,0,0.2405063291139241,0.25,0.4,2025-09-03 10:19:00,巡检,中,华北
TK001058,0.1855,low,0.3652,0.4817,0.4028,equipment(0.40); compliance(0.25); quality(0.25),0,0,1,0.25,0,0.12756031045620708,0.25,0.4,2025-09-19 17:33:00,巡检,高,西南
TK001059,0.2856,low,0.3055,0.5395,0.0886,equipment(1.00); cost(0.37); compliance(0.25),0,0,1,0.25,0,0.36560546477196176,0.0,1.0,2025-10-18 08:08:00,巡检,低,华南
TK001060,0.2263,low,0.2346,0.3761,0.1001,quality(1.00); equipment(0.40),0,0,1,0.0,0,0.08141448308174015,1.0,0.4,2025-10-18 10:05:00,改造,中,华中
TK001061,0.1952,low,0.0932,0.0614,0.0377,equipment(0.40); cost(0.36); compliance(0.25),0,0,1,0.25,0,0.3635340502846719,0.0,0.4,2025-01-28 09:58:00,保养,低,华北
TK001062,0.1512,low,0.0906,0.1033,0.026,compliance(0.50); cost(0.13),0,0,1,0.5,0,0.13108404577735555,0.0,0.0,2025-11-07 13:26:00,抢修,高,西南
TK001063,0.1744,low,0.1114,0.1069,0.062,equipment(0.80); cost(0.27),0,0,1,0.0,0,0.27202490167037086,0.0,0.8,2025-02-08 16:31:00,保养,低,华北
TK001064,0.362,low,0.786,0.9832,0.9523,quality(1.00); equipment(0.60); cost(0.30),0,0,1,0.25,0,0.29746404245893276,1.0,0.6,2025-11-13 14:02:00,抢修,高,华中
TK001065,0.1371,low,0.0635,0.0331,0.0308,equipment(0.40); compliance(0.25),0,0,1,0.25,0,0.07316940583833154,0.0,0.4,2025-12-19 20:55:00,巡检,中,华东
TK001066,0.0899,low,0.0579,0.0691,0.0193,equipment(0.40); cost(0.15),0,0,1,0.0,0,0.14950401688325787,0.0,0.4,2025-11-15 14:34:00,抢修,中,华中
TK001067,0.1586,low,0.0626,0.0409,0.0019,equipment(0.60); cost(0.34),0,0,1,0.0,0,0.3429761092150171,0.0,0.6,2025-07-03 14:52:00,保养,中,华中
TK001068,0.1006,low,0.0595,0.068,0.0158,compliance(0.25); cost(0.19),0,0,1,0.25,0,0.19031541239236416,0.0,0.0,2025-03-15 19:03:00,巡检,高,华北
TK001069,0.3544,low,0.232,0.3434,0.0158,equipment(0.80); compliance(0.75); cost(0.23),0,0,1,0.75,0,0.2347153245080259,0.0,0.8,2025-01-03 11:27:00,抢修,中,华北
TK001070,0.1531,low,0.0797,0.0708,0.0256,equipment(0.60); cost(0.32),0,0,1,0.0,0,0.3156831401802762,0.0,0.6,2025-07-08 08:12:00,抢修,低,华东
TK001071,0.2625,low,0.7777,0.9998,0.9972,cost(1.00); compliance(0.25),0,0,1,0.25,0,1.0,0.0,0.0,2025-03-22 11:29:00,抢修,低,西南
TK001072,0.2614,low,0.1354,0.1097,0.053,compliance(0.50); quality(0.50); cost(0.31),0,0,1,0.5,0,0.30704603819792853,0.5,0.0,2025-07-15 15:36:00,保养,中,华中
TK001073,0.2063,low,0.4169,0.5769,0.4375,equipment(0.40); compliance(0.25); quality(0.25),0,0,1,0.25,0,0.2315118366115103,0.25,0.4,2025-08-07 12:43:00,保养,紧急,华北
TK001074,0.1353,low,0.1483,0.2016,0.1061,compliance(0.25); cost(0.21); equipment(0.20),0,0,1,0.25,0,0.21422539212148672,0.0,0.2,2025-02-23 17:36:00,巡检,中,华北
TK001075,0.165,low,0.0937,0.09,0.0362,equipment(0.60); quality(0.25); cost(0.19),0,0,1,0.0,0,0.18734019147291436,0.25,0.6,2025-04-14 10:56:00,保养,中,华东
TK001076,0.0309,low,0.0186,0.0224,0.0043,cost(0.15),0,0,1,0.0,0,0.1545320365250532,0.0,0.0,2025-03-23 14:37:00,抢修,中,华南
TK001077,0.1788,low,0.2174,0.2872,0.1806,quality(0.50); equipment(0.40); cost(0.22),0,0,1,0.0,0,0.2191581891972455,0.5,0.4,2025-05-20 15:15:00,抢修,中,华北
TK001078,0.1365,low,0.0742,0.0844,0.0107,cost(0.34); quality(0.25); equipment(0.20),0,0,1,0.0,0,0.34487327898755094,0.25,0.2,2025-08-03 18:56:00,保养,中,华东
TK001079,0.0684,low,0.0281,0.0178,0.0038,cost(0.34),0,0,1,0.0,0,0.3419979853679068,0.0,0.0,2025-01-08 14:33:00,抢修,低,华北
TK001080,0.0866,low,0.0438,0.0416,0.0092,cost(0.28); equipment(0.20),0,0,1,0.0,0,0.28307361080177507,0.0,0.2,2025-02-23 10:33:00,抢修,中,华南
TK001081,0.3725,low,0.8109,0.9999,0.9976,cost(1.00); quality(0.75); equipment(0.40),0,0,1,0.0,0,1.0,0.75,0.4,2025-03-16 14:14:00,巡检,紧急,华中
TK001082,0.1628,low,0.1203,0.189,0.0151,cost(0.35); compliance(0.25); equipment(0.20),0,0,1,0.25,0,0.35165053692164927,0.0,0.2,2025-11-28 12:11:00,保养,高,西北
TK001083,0.0999,low,0.0878,0.1496,0.0155,compliance(0.25); cost(0.19),0,0,1,0.25,0,0.18687671341729906,0.0,0.0,2025-06-08 20:36:00,巡检,中,华中
TK001084,0.1519,low,0.1199,0.1369,0.0756,cost(0.26); compliance(0.25); quality(0.25),0,0,1,0.25,0,0.2596715097915351,0.25,0.0,2025-04-27 07:51:00,保养,中,华北
TK001085,0.1065,low,0.0376,0.0137,0.0025,equipment(0.40); cost(0.23),0,0,1,0.0,0,0.2323382141383502,0.0,0.4,2025-12-05 19:18:00,抢修,中,华中
TK001086,0.1638,low,0.4126,0.4345,0.6041,quality(1.00),0,0,1,0.0,0,0.0688303159215441,1.0,0.0,2025-04-28 11:43:00,改造,低,华北
TK001087,0.2978,low,0.7264,0.9242,0.896,quality(0.75); compliance(0.50); equipment(0.20),0,0,1,0.5,0,0.15138042781238548,0.75,0.2,2025-06-07 17:09:00,抢修,中,华东
TK001088,0.0802,low,0.0661,0.0993,0.0209,equipment(0.40); cost(0.10),0,0,1,0.0,0,0.1010059077598171,0.0,0.4,2025-09-04 15:39:00,改造,中,西北
TK001089,0.2693,low,0.4434,0.4909,0.5451,compliance(0.75); equipment(0.40); cost(0.11),0,0,1,0.75,0,0.10907152265267295,0.0,0.4,2025-06-30 08:20:00,巡检,中,华南
TK001090,0.0587,low,0.0266,0.0234,0.0022,quality(0.25); cost(0.11),0,0,1,0.0,0,0.10609679073360778,0.25,0.0,2025-09-28 13:19:00,保养,中,华北
TK001091,0.0939,low,0.0559,0.054,0.0252,compliance(0.25); cost(0.16),0,0,1,0.25,0,0.157110149595452,0.0,0.0,2025-04-06 09:25:00,改造,中,华中
TK001092,0.0572,low,0.0211,0.0101,0.0011,equipment(0.20); cost(0.14),0,0,1,0.0,0,0.1362384418650403,0.0,0.2,2025-12-09 10:35:00,抢修,低,西北
TK001093,0.2498,low,0.4636,0.775,0.3355,quality(0.50); equipment(0.40); cost(0.26),0,0,1,0.25,0,0.2616917303488131,0.5,0.4,2025-02-09 16:26:00,保养,中,西北
TK001094,0.0812,low,0.0684,0.1195,0.0063,compliance(0.25),0,0,1,0.25,0,0.09356430149618133,0.0,0.0,2025-11-10 19:19:00,保养,中,西北
TK001095,0.279,low,0.7202,0.8748,0.9437,quality(0.75); equipment(0.40); compliance(0.25),0,0,1,0.25,0,0.22010503721702357,0.75,0.4,2025-04-23 13:54:00,保养,紧急,西南
TK001096,0.1257,low,0.1497,0.2479,0.0722,quality(0.50); cost(0.25),0,0,1,0.0,0,0.2535146451065672,0.5,0.0,2025-05-12 19:13:00,巡检,中,西南
TK001097,0.0443,low,0.0196,0.0115,0.0066,cost(0.22),0,0,1,0.0,0,0.22159480053075264,0.0,0.0,2025-07-27 11:38:00,巡检,低,华东
TK001098,0.2116,low,0.0945,0.0724,0.0163,compliance(0.50); equipment(0.40); cost(0.13),0,0,1,0.5,0,0.13292050054468196,0.0,0.4,2025-11-03 11:03:00,保养,中,西南
TK001099,0.0567,low,0.0417,0.0664,0.0041,equipment(0.20); cost(0.13),0,0,1,0.0,0,0.13334630310352946,0.0,0.2,2025-08-27 17:09:00,保养,高,华东
TK001100,0.1227,low,0.0927,0.1185,0.0412,cost(0.30); compliance(0.25),0,0,1,0.25,0,0.30091225256209564,0.0,0.0,2025-11-21 14:26:00,抢修,低,西南
TK001101,0.16,low,0.0652,0.0452,0.0039,compliance(0.50); cost(0.17),0,0,1,0.5,0,0.17477969696789153,0.0,0.0,2025-05-12 15:50:00,抢修,高,西北
TK001102,0.1059,low,0.041,0.0259,0.0006,equipment(0.60),0,0,1,0.0,0,0.07962086174432847,0.0,0.6,2025-09-05 19:36:00,保养,高,华中
TK001103,0.1968,low,0.1,0.1117,0.0053,equipment(0.60); compliance(0.25); cost(0.22),0,0,1,0.25,0,0.221429693412729,0.0,0.6,2025-11-19 17:23:00,保养,低,西北
TK001104,0.248,low,0.7244,0.8983,0.9588,compliance(0.50); equipment(0.40); quality(0.25),0,0,1,0.5,0,0.12769936739567977,0.25,0.4,2025-04-19 18:31:00,抢修,低,西南
TK001105,0.2242,low,0.1,0.0862,0.0074,compliance(0.50); quality(0.50); cost(0.12),0,0,1,0.5,0,0.12103038722679871,0.5,0.0,2025-01-07 15:56:00,保养,中,华中
TK001106,0.2629,low,0.0942,0.0429,0.001,compliance(0.50); equipment(0.40); cost(0.39),0,0,1,0.5,0,0.38952509444144623,0.0,0.4,2025-09-06 15:23:00,保养,中,华东
TK001107,0.0488,low,0.0383,0.0664,0.0013,equipment(0.20),0,0,1,0.0,0,0.09422637547027446,0.0,0.2,2025-05-25 16:47:00,抢修,低,西北
TK001108,0.0937,low,0.0877,0.0894,0.0808,quality(0.25); equipment(0.20); cost(0.13),0,0,1,0.0,0,0.13101349015396013,0.25,0.2,2025-10-19 14:21:00,改造,中,西北
TK001109,0.0162,low,0.0096,0.0134,0.0001,,0,0,1,0.0,0,0.08081260454324724,0.0,0.0,2025-03-13 14:54:00,巡检,中,华东
TK001110,0.2609,low,0.0952,0.032,0.0164,equipment(0.80); compliance(0.50),0,0,1,0.5,0,0.0793276725292057,0.0,0.8,2025-04-01 07:54:00,巡检,低,华东
TK001111,0.1382,low,0.1207,0.1968,0.0297,cost(0.38); compliance(0.25),0,0,1,0.25,0,0.37828776922779483,0.0,0.0,2025-02-04 07:19:00,保养,中,华中
TK001112,0.2401,low,0.3662,0.5707,0.2699,equipment(0.80); cost(0.29); compliance(0.25),0,0,1,0.25,0,0.28813571413284644,0.0,0.8,2025-09-04 11:12:00,抢修,高,华北
TK001113,0.3832,low,0.4584,0.2295,0.7518,equipment(1.00); compliance(0.75); cost(0.23),0,0,1,0.75,0,0.22837565016132166,0.0,1.0,2025-04-20 09:00:00,抢修,低,华东
TK001114,0.1977,low,0.4002,0.5565,0.4174,quality(0.75); equipment(0.40); cost(0.13),0,0,1,0.0,0,0.1259832974832743,0.75,0.4,2025-01-06 09:56:00,抢修,低,西南
TK001115,0.1818,low,0.2524,0.314,0.2513,quality(0.75); cost(0.35),0,0,1,0.0,0,0.3463818906325039,0.75,0.0,2025-06-06 14:12:00,改造,中,华北
TK001116,0.2274,low,0.1562,0.2288,0.0226,equipment(0.60); quality(0.50); cost(0.31),0,0,1,0.0,0,0.31198377763489793,0.5,0.6,2025-08-19 13:11:00,改造,中,西南
TK001117,0.1272,low,0.1253,0.1412,0.1079,quality(0.50); cost(0.26),0,0,1,0.0,0,0.26103996722677125,0.5,0.0,2025-05-23 18:26:00,保养,低,华中
TK001118,0.3228,low,0.754,0.957,0.9205,quality(1.00); compliance(0.50); equipment(0.20),0,0,1,0.5,0,0.08890285620079952,1.0,0.2,2025-09-28 17:54:00,抢修,中,华南
TK001119,0.3229,low,0.4439,0.6319,0.3595,quality(0.75); compliance(0.50); equipment(0.40),0,0,1,0.5,0,0.12709011529037773,0.75,0.4,2025-07-25 16:09:00,保养,低,西南
TK001120,0.1445,low,0.1773,0.3348,0.0479,compliance(0.25); quality(0.25); cost(0.22),0,0,1,0.25,0,0.2226223374856512,0.25,0.0,2025-11-03 14:39:00,抢修,中,西北
TK001121,0.336,low,0.3287,0.5286,0.1225,compliance(0.75); quality(0.50); cost(0.37),0,0,1,0.75,0,0.36764510448852106,0.5,0.0,2025-10-26 08:30:00,保养,高,华北
TK001122,0.1146,low,0.0406,0.017,0.0009,equipment(0.40); quality(0.25),0,0,1,0.0,0,0.08556953179594695,0.25,0.4,2025-05-24 20:20:00,改造,中,华中
TK001123,0.1957,low,0.0896,0.0609,0.0275,equipment(0.40); cost(0.37); compliance(0.25),0,0,1,0.25,0,0.36599975605873614,0.0,0.4,2025-12-10 09:18:00,抢修,中,西北
TK001124,0.1465,low,0.127,0.139,0.0982,compliance(0.50); cost(0.11),0,0,1,0.5,0,0.10728834989572933,0.0,0.0,2025-12-02 08:25:00,抢修,中,西南
TK001125,0.1797,low,0.147,0.1681,0.0978,quality(0.75); equipment(0.20); cost(0.19),0,0,1,0.0,0,0.18609920480293252,0.75,0.2,2025-07-26 07:09:00,巡检,高,华东
TK001126,0.1026,low,0.1305,0.2751,0.0099,equipment(0.40); cost(0.21),0,0,1,0.0,0,0.21313333974632054,0.0,0.4,2025-05-08 16:20:00,抢修,中,西南
TK001127,0.1363,low,0.1161,0.1718,0.0431,compliance(0.25); cost(0.22); equipment(0.20),0,0,1,0.25,0,0.21878908379565787,0.0,0.2,2025-08-03 09:18:00,巡检,高,华北
TK001128,0.1364,low,0.1684,0.221,0.1432,compliance(0.25); cost(0.22); equipment(0.20),0,0,1,0.25,0,0.21952899492277989,0.0,0.2,2025-09-01 18:53:00,保养,中,华东
TK001129,0.1768,low,0.0817,0.0815,0.0005,equipment(0.60); compliance(0.25); cost(0.12),0,0,1,0.25,0,0.12174952444282483,0.0,0.6,2025-03-03 14:51:00,巡检,中,西南
TK001130,0.1776,low,0.0591,0.0141,0.0026,compliance(0.50); cost(0.26),0,0,1,0.5,0,0.2628382248493597,0.0,0.0,2025-11-16 19:13:00,保养,高,西南
TK001131,0.0322,low,0.0124,0.0074,0.0005,cost(0.16),0,0,1,0.0,0,0.16097717506557285,0.0,0.0,2025-01-04 19:01:00,保养,低,华东
TK001132,0.1002,low,0.0903,0.1669,0.0053,equipment(0.40); cost(0.20),0,0,1,0.0,0,0.20107526881720428,0.0,0.4,2025-04-10 10:55:00,巡检,高,西北
TK001133,0.0918,low,0.0592,0.0857,0.0048,equipment(0.40); cost(0.16),0,0,1,0.0,0,0.15893703852232788,0.0,0.4,2025-03-26 09:41:00,保养,中,华东
TK001134,0.1034,low,0.0543,0.0645,0.0021,equipment(0.40); cost(0.22),0,0,1,0.0,0,0.21676055307630404,0.0,0.4,2025-02-20 10:25:00,巡检,中,华中
TK001135,0.1504,low,0.126,0.1396,0.0915,equipment(0.40); cost(0.26); quality(0.25),0,0,1,0.0,0,0.2645772210879822,0.25,0.4,2025-10-20 11:07:00,抢修,中,华中
TK001136,0.0744,low,0.0848,0.165,0.0135,compliance(0.25),0,0,1,0.25,0,0.05956381080999362,0.0,0.0,2025-02-02 07:38:00,巡检,中,西北
TK001137,0.0864,low,0.0875,0.0865,0.0894,compliance(0.25); cost(0.12),0,0,1,0.25,0,0.11943514609160799,0.0,0.0,2025-07-21 14:53:00,巡检,低,华中
TK001138,0.0806,low,0.0628,0.1074,0.003,compliance(0.25),0,0,1,0.25,0,0.09049624167928405,0.0,0.0,2025-05-22 16:31:00,巡检,中,华南
TK001139,0.0747,low,0.1087,0.1886,0.058,compliance(0.25),0,0,1,0.25,0,0.060776985032438224,0.0,0.0,2025-01-20 08:38:00,抢修,高,华东
TK001140,0.1626,low,0.3038,0.4158,0.3128,quality(0.50); equipment(0.40); cost(0.14),0,0,1,0.0,0,0.13781375055898903,0.5,0.4,2025-02-12 13:55:00,保养,中,华南
TK001141,0.0588,low,0.0484,0.0596,0.0282,equipment(0.20); cost(0.14),0,0,1,0.0,0,0.14409628896869142,0.0,0.2,2025-12-28 15:57:00,巡检,低,西北
TK001142,0.116,low,0.229,0.3254,0.2294,quality(0.50); cost(0.21),0,0,1,0.0,0,0.20520152406436554,0.5,0.0,2025-12-09 11:03:00,保养,中,华北
TK001143,0.2501,low,0.1655,0.2403,0.0183,compliance(0.75); cost(0.31),0,0,1,0.75,0,0.31278720268200344,0.0,0.0,2025-04-18 08:36:00,巡检,低,华中
TK001144,0.1077,low,0.0421,0.0222,0.0058,equipment(0.60),0,0,1,0.0,0,0.08866424541207218,0.0,0.6,2025-11-01 10:38:00,巡检,高,华东
TK001145,0.1228,low,0.0418,0.0133,0.001,equipment(0.60); cost(0.16),0,0,1,0.0,0,0.1640795581732446,0.0,0.6,2025-05-30 12:55:00,巡检,中,西北
TK001146,0.1227,low,0.0832,0.1275,0.005,compliance(0.25); quality(0.25); cost(0.11),0,0,1,0.25,0,0.11345739982833047,0.25,0.0,2025-09-11 10:39:00,抢修,高,西北
TK001147,0.4044,medium,0.7535,0.911,0.8952,quality(1.00); equipment(0.80); cost(0.36),0,1,0,0.25,0,0.3595439134001758,1.0,0.8,2025-06-27 09:28:00,巡检,中,西北
TK001148,0.2089,low,0.0843,0.0579,0.0039,equipment(0.60); cost(0.28); compliance(0.25),0,0,1,0.25,0,0.2818917612949987,0.0,0.6,2025-03-08 20:19:00,巡检,中,华北
TK001149,0.1996,low,0.107,0.1202,0.0144,compliance(0.75),0,0,1,0.75,0,0.06053309494972803,0.0,0.0,2025-06-19 15:40:00,巡检,中,华中
TK001150,0.0799,low,0.0317,0.0197,0.0024,equipment(0.40),0,0,1,0.0,0,0.09926612463239692,0.0,0.4,2025-06-11 20:13:00,抢修,低,华东
TK001151,0.22,low,0.6168,0.8659,0.7077,quality(0.50); cost(0.26); compliance(0.25),0,0,1,0.25,0,0.26230599065718296,0.5,0.2,2025-01-15 15:49:00,改造,中,西北
TK001152,0.1298,low,0.0399,0.0024,0.0004,equipment(0.60); cost(0.20),0,0,1,0.0,0,0.19888021078385243,0.0,0.6,2025-04-30 12:08:00,抢修,高,华中
TK001153,0.3182,low,0.4862,0.6401,0.4762,quality(0.75); compliance(0.50); equipment(0.40),0,0,1,0.5,0,0.1034220224307536,0.75,0.4,2025-02-15 13:40:00,改造,紧急,西北
TK001154,0.2642,low,0.126,0.1239,0.0096,equipment(1.00); compliance(0.25); quality(0.25),0,0,1,0.25,0,0.07107170240656913,0.25,1.0,2025-02-16 13:08:00,改造,低,西南
TK001155,0.1036,low,0.0483,0.0461,0.0032,quality(0.25); equipment(0.20); cost(0.18),0,0,1,0.0,0,0.18037103910562968,0.25,0.2,2025-03-16 11:57:00,保养,紧急,华中
TK001156,0.0417,low,0.0282,0.0314,0.0133,equipment(0.20),0,0,1,0.0,0,0.058311048898993856,0.0,0.2,2025-04-25 08:55:00,改造,高,华东
TK001157,0.184,low,0.0878,0.079,0.0142,compliance(0.50); cost(0.29),0,0,1,0.5,0,0.2948553414918593,0.0,0.0,2025-06-17 11:41:00,巡检,中,华北
TK001158,0.148,low,0.0535,0.0251,0.0008,equipment(0.80); cost(0.14),0,0,1,0.0,0,0.14007359387102425,0.0,0.8,2025-06-08 08:31:00,巡检,低,华北
TK001159,0.1105,low,0.0927,0.148,0.0222,quality(0.50); cost(0.18),0,0,1,0.0,0,0.17727671359335329,0.5,0.0,2025-11-28 15:21:00,抢修,低,华东
TK001160,0.2335,low,0.0843,0.038,0.0027,equipment(0.60); cost(0.41); compliance(0.25),0,0,1,0.25,0,0.4051014277329573,0.0,0.6,2025-03-08 15:00:00,改造,高,华中
TK001161,0.1675,low,0.1,0.1087,0.0335,cost(0.34); compliance(0.25); quality(0.25),0,0,1,0.25,0,0.33761693179608676,0.25,0.0,2025-04-15 20:45:00,巡检,中,西北
TK001162,0.0599,low,0.0361,0.0397,0.0121,cost(0.30),0,0,1,0.0,0,0.2994360002587154,0.0,0.0,2025-11-12 12:22:00,巡检,紧急,华南
TK001163,0.1281,low,0.0918,0.1272,0.0254,equipment(0.40); quality(0.25); cost(0.15),0,0,1,0.0,0,0.15308903971753174,0.25,0.4,2025-08-08 14:36:00,巡检,中,西北
TK001164,0.1306,low,0.0648,0.046,0.0272,compliance(0.25); quality(0.25); cost(0.15),0,0,1,0.25,0,0.15281219235659027,0.25,0.0,2025-09-10 17:11:00,改造,低,西南
TK001165,0.0397,low,0.0197,0.0204,0.002,cost(0.20),0,0,1,0.0,0,0.1987499505586443,0.0,0.0,2025-11-14 17:43:00,抢修,中,华东
TK001166,0.1792,low,0.0757,0.056,0.0068,equipment(0.80); quality(0.25); cost(0.11),0,0,1,0.0,0,0.1082681528864119,0.25,0.8,2025-05-17 17:29:00,巡检,中,华东
TK001167,0.2248,low,0.1458,0.2175,0.0064,compliance(0.75); cost(0.19),0,0,1,0.75,0,0.18643513931095967,0.0,0.0,2025-07-16 11:32:00,巡检,高,华中
TK001168,0.3209,low,0.2899,0.4462,0.1071,compliance(0.75); equipment(0.40); cost(0.37),0,0,1,0.75,0,0.366860530831595,0.0,0.4,2025-10-30 13:41:00,抢修,中,华中
TK001169,0.0719,low,0.0319,0.0158,0.0137,cost(0.36),0,0,1,0.0,0,0.35949168632027895,0.0,0.0,2025-08-13 08:16:00,抢修,中,华北
TK001170,0.141,low,0.1269,0.1829,0.0588,equipment(0.60); cost(0.25),0,0,1,0.0,0,0.2548892570550614,0.0,0.6,2025-12-06 08:08:00,改造,紧急,华北
TK001171,0.037,low,0.0313,0.0566,0.0012,cost(0.18),0,0,1,0.0,0,0.18491863484968896,0.0,0.0,2025-04-14 09:51:00,巡检,中,西北
TK001172,0.224,low,0.1159,0.0786,0.0606,equipment(0.60); cost(0.36); compliance(0.25),0,0,1,0.25,0,0.3574496604164694,0.0,0.6,2025-04-03 17:56:00,保养,低,华南
TK001173,0.167,low,0.2196,0.4369,0.0475,equipment(0.40); compliance(0.25); cost(0.22),0,0,1,0.25,0,0.22258541172256296,0.0,0.4,2025-03-28 13:03:00,巡检,中,西北
TK001174,0.1312,low,0.188,0.2881,0.1365,compliance(0.25); equipment(0.20); cost(0.19),0,0,1,0.25,0,0.19356257466284088,0.0,0.2,2025-07-03 13:15:00,巡检,中,华东
TK001175,0.1236,low,0.0537,0.0452,0.0023,cost(0.31); compliance(0.25),0,0,1,0.25,0,0.30556150649128067,0.0,0.0,2025-06-20 13:43:00,保养,高,华北
TK001176,0.1512,low,0.1142,0.1751,0.0215,equipment(0.60); quality(0.25); cost(0.12),0,0,1,0.0,0,0.11851477396255383,0.25,0.6,2025-01-26 20:09:00,巡检,高,华南
TK001177,0.1682,low,0.0775,0.0653,0.0119,equipment(0.60); compliance(0.25),0,0,1,0.25,0,0.07844575674570975,0.0,0.6,2025-06-21 10:48:00,抢修,高,华中
TK001178,0.0773,low,0.1099,0.2062,0.0416,equipment(0.40),0,0,1,0.0,0,0.08634818008056389,0.0,0.4,2025-03-04 18:21:00,巡检,低,华南
TK001179,0.0872,low,0.0358,0.0229,0.0047,equipment(0.40); cost(0.14),0,0,1,0.0,0,0.13583026897492045,0.0,0.4,2025-07-17 09:31:00,保养,中,西北
TK001180,0.2965,low,0.5406,0.7813,0.5091,compliance(0.75); equipment(0.40); cost(0.25),0,0,1,0.75,0,0.24521519189022323,0.0,0.4,2025-04-17 18:33:00,巡检,中,西南
TK001181,0.2388,low,0.1064,0.0566,0.0427,compliance(0.75); quality(0.25),0,0,1,0.75,0,0.06911907137291451,0.25,0.0,2025-12-15 14:18:00,巡检,中,华北
TK001182,0.0807,low,0.2418,0.3638,0.2578,cost(0.25); equipment(0.20),0,0,1,0.0,0,0.25333154352211096,0.0,0.2,2025-08-17 13:57:00,巡检,紧急,西北
TK001183,0.2197,low,0.0828,0.0455,0.0027,compliance(0.50); equipment(0.40); cost(0.17),0,0,1,0.5,0,0.1737096465919744,0.0,0.4,2025-06-21 17:53:00,改造,中,西北
TK001184,0.254,low,0.4029,0.7129,0.2206,equipment(0.80); quality(0.75); cost(0.11),0,0,1,0.0,0,0.10772121609580165,0.75,0.8,2025-05-31 20:18:00,巡检,紧急,华中
TK001185,0.3064,low,0.2337,0.3073,0.0978,compliance(0.75); quality(0.50); equipment(0.20),0,0,1,0.75,0,0.06945562314771492,0.5,0.2,2025-06-28 12:50:00,抢修,紧急,西北
TK001186,0.0755,low,0.07,0.118,0.0172,quality(0.25); cost(0.19),0,0,1,0.0,0,0.18990008983747586,0.25,0.0,2025-02-19 11:13:00,保养,中,华北
TK001187,0.0694,low,0.0585,0.0992,0.0084,quality(0.25); cost(0.16),0,0,1,0.0,0,0.1593895800933126,0.25,0.0,2025-04-28 20:15:00,巡检,紧急,华东
TK001188,0.355,low,0.8032,0.9981,0.9926,cost(1.00); compliance(0.50); equipment(0.20),0,0,1,0.5,0,1.0,0.0,0.2,2025-05-16 17:12:00,抢修,高,华东
TK001189,0.144,low,0.0509,0.0182,0.0039,compliance(0.50),0,0,1,0.5,0,0.09522369650085027,0.0,0.0,2025-05-09 07:32:00,巡检,高,华北
TK001190,0.1849,low,0.2097,0.2855,0.1552,quality(0.75); equipment(0.40),0,0,1,0.0,0,0.06207526543291497,0.75,0.4,2025-01-01 17:15:00,巡检,中,华南
TK001191,0.3371,low,0.3439,0.4429,0.2507,compliance(0.50); quality(0.50); equipment(0.40),0,0,1,0.5,0,0.3852557673019057,0.5,0.4,2025-06-29 12:57:00,巡检,高,华东
TK001192,0.0784,low,0.0888,0.1604,0.026,compliance(0.25),0,0,1,0.25,0,0.07964532778952649,0.0,0.0,2025-09-02 13:28:00,巡检,紧急,西北
TK001193,0.0953,low,0.0712,0.1153,0.0065,equipment(0.40); cost(0.18),0,0,1,0.0,0,0.17666288955274534,0.0,0.4,2025-06-16 08:56:00,巡检,高,西北
TK001194,0.1215,low,0.2618,0.5162,0.1277,quality(0.50); equipment(0.20),0,0,1,0.0,0,0.08238378212841158,0.5,0.2,2025-02-13 16:01:00,巡检,中,华北
TK001195,0.0918,low,0.1036,0.2087,0.0085,compliance(0.25); cost(0.15),0,0,1,0.25,0,0.14629013559151172,0.0,0.0,2025-10-04 15:51:00,巡检,高,西南
TK001196,0.1769,low,0.0941,0.0953,0.0218,equipment(0.60); compliance(0.25); cost(0.12),0,0,1,0.25,0,0.12223357030269888,0.0,0.6,2025-07-20 19:13:00,抢修,中,西北
TK001197,0.3998,low,0.44,0.4604,0.4541,equipment(0.80); compliance(0.50); quality(0.50),0,0,1,0.5,0,0.39892892415625103,0.5,0.8,2025-09-15 17:10:00,保养,高,华北
TK001198,0.286,low,0.2683,0.2606,0.2607,equipment(1.00); cost(0.37); compliance(0.25),0,0,1,0.25,0,0.3673084265867771,0.0,1.0,2025-12-18 15:45:00,保养,低,华北
TK001199,0.1104,low,0.0657,0.086,0.0072,quality(0.25); cost(0.21); equipment(0.20),0,0,1,0.0,0,0.21456112211843892,0.25,0.2,2025-06-05 17:31:00,保养,中,华南
TK001200,0.1325,low,0.0752,0.0799,0.0213,equipment(0.40); quality(0.25); cost(0.17),0,0,1,0.0,0,0.17477617443425142,0.25,0.4,2025-02-13 12:48:00,保养,低,西北
TK001201,0.2368,low,0.0903,0.0387,0.0162,compliance(0.50); cost(0.41); equipment(0.20),0,0,1,0.5,0,0.4090072845217205,0.0,0.2,2025-10-29 09:20:00,巡检,中,华南
TK001202,0.0481,low,0.018,0.0098,0.0003,cost(0.24),0,0,1,0.0,0,0.24040113705648058,0.0,0.0,2025-12-08 13:30:00,巡检,高,华北
TK001203,0.2562,low,0.4573,0.8779,0.2092,equipment(0.60); quality(0.50); compliance(0.25),0,0,1,0.25,0,0.14349129775289682,0.5,0.6,2025-07-17 19:44:00,保养,高,华中
TK001204,0.1334,low,0.2527,0.4939,0.1139,compliance(0.25); cost(0.20); equipment(0.20),0,0,1,0.25,0,0.20458537187659165,0.0,0.2,2025-12-26 18:56:00,巡检,中,西南
TK001205,0.0538,low,0.053,0.0982,0.007,equipment(0.20); cost(0.12),0,0,1,0.0,0,0.11897238901853846,0.0,0.2,2025-10-19 18:53:00,抢修,中,西北
TK001206,0.1913,low,0.3289,0.5061,0.2696,quality(0.50); cost(0.27); compliance(0.25),0,0,1,0.25,0,0.26913270681444645,0.5,0.0,2025-08-24 16:09:00,巡检,中,西北
TK001207,0.1823,low,0.102,0.109,0.0262,compliance(0.50); cost(0.29),0,0,1,0.5,0,0.28654774678111594,0.0,0.0,2025-12-01 13:42:00,巡检,低,华东
TK001208,0.1168,low,0.0734,0.0863,0.0232,compliance(0.25); quality(0.25),0,0,1,0.25,0,0.08399158541406049,0.25,0.0,2025-04-30 08:44:00,保养,紧急,华中
TK001209,0.1941,low,0.3901,0.7571,0.191,equipment(0.60); quality(0.50); cost(0.15),0,0,1,0.0,0,0.1453244583378247,0.5,0.6,2025-08-18 19:12:00,巡检,中,华中
TK001210,0.1868,low,0.2263,0.4268,0.0596,compliance(0.50); quality(0.25); cost(0.12),0,0,1,0.5,0,0.12143832202985849,0.25,0.0,2025-02-23 12:56:00,抢修,中,西北
TK001211,0.1365,low,0.1815,0.2422,0.1594,equipment(0.40); cost(0.38),0,0,1,0.0,0,0.38258533744959955,0.0,0.4,2025-03-03 12:17:00,巡检,中,西北
TK001212,0.3058,low,0.3155,0.5169,0.1225,quality(0.75); compliance(0.50); cost(0.34),0,0,1,0.5,0,0.34155971038156274,0.75,0.0,2025-02-24 19:05:00,巡检,低,西北
TK001213,0.2123,low,0.1521,0.1741,0.0785,compliance(0.50); equipment(0.40); cost(0.14),0,0,1,0.5,0,0.13671842341995877,0.0,0.4,2025-01-23 11:26:00,抢修,低,华北
TK001214,0.1132,low,0.0776,0.0877,0.0369,cost(0.25); compliance(0.25),0,0,1,0.25,0,0.25351134154714594,0.0,0.0,2025-12-13 15:54:00,改造,中,西北
TK001215,0.335,low,0.7983,0.9994,0.9942,cost(1.00); quality(0.50); equipment(0.40),0,0,1,0.0,0,1.0,0.5,0.4,2025-05-10 15:29:00,改造,紧急,华南
TK001216,0.2389,low,0.2405,0.4152,0.0671,quality(0.75); equipment(0.40); cost(0.33),0,0,1,0.0,0,0.33197537280614076,0.75,0.4,2025-03-16 12:53:00,巡检,紧急,华北
TK001217,0.1057,low,0.0575,0.0592,0.0146,equipment(0.40); cost(0.23),0,0,1,0.0,0,0.22825915252755613,0.0,0.4,2025-07-31 18:36:00,抢修,紧急,西北
TK001218,0.1507,low,0.1662,0.3398,0.006,quality(0.50); compliance(0.25),0,0,1,0.25,0,0.06598401197764892,0.5,0.0,2025-06-10 10:32:00,保养,低,西南
TK001219,0.029,low,0.0211,0.0259,0.0096,cost(0.15),0,0,1,0.0,0,0.1450871344382475,0.0,0.0,2025-02-16 15:19:00,巡检,中,华北
TK001220,0.1977,low,0.2773,0.4284,0.1944,quality(0.50); equipment(0.40); cost(0.31),0,0,1,0.0,0,0.31337813072693943,0.5,0.4,2025-02-24 11:23:00,改造,低,华南
TK001221,0.1514,low,0.2412,0.2137,0.3457,quality(0.50); cost(0.23); equipment(0.20),0,0,1,0.0,0,0.2319476448364195,0.5,0.2,2025-11-10 16:47:00,改造,低,西北
TK001222,0.142,low,0.0938,0.1375,0.0088,equipment(0.40); quality(0.25); cost(0.22),0,0,1,0.0,0,0.2223966219391218,0.25,0.4,2025-01-05 18:18:00,抢修,低,华北
TK001223,0.078,low,0.0557,0.0831,0.0093,equipment(0.40),0,0,1,0.0,0,0.08980566787534539,0.0,0.4,2025-06-14 17:23:00,改造,中,华东
TK001224,0.1043,low,0.0335,0.0062,0.0002,cost(0.37); equipment(0.20),0,0,1,0.0,0,0.37146572234825426,0.0,0.2,2025-09-18 16:16:00,抢修,高,华南
TK001225,0.1844,low,0.529,0.7108,0.6425,quality(0.75); cost(0.21); equipment(0.20),0,0,1,0.0,0,0.20953359868200438,0.75,0.2,2025-06-12 13:31:00,巡检,高,华南
TK001226,0.1198,low,0.0554,0.0425,0.0132,equipment(0.40); cost(0.30),0,0,1,0.0,0,0.2992210044674567,0.0,0.4,2025-05-13 07:23:00,巡检,中,西北
TK001227,0.0865,low,0.0636,0.0963,0.0113,compliance(0.25); cost(0.12),0,0,1,0.25,0,0.12006484836925424,0.0,0.0,2025-08-03 07:39:00,巡检,低,华中
TK001228,0.0819,low,0.0375,0.0143,0.0226,quality(0.25); cost(0.22),0,0,1,0.0,0,0.22180180005368466,0.25,0.0,2025-10-03 16:24:00,巡检,中,华北
TK001229,0.1201,low,0.0967,0.162,0.0113,compliance(0.25); equipment(0.20); cost(0.14),0,0,1,0.25,0,0.13800867573078468,0.0,0.2,2025-05-10 16:59:00,改造,低,西南
TK001230,0.2504,low,0.5731,0.7714,0.6514,quality(1.00); cost(0.35); equipment(0.20),0,0,1,0.0,0,0.35224095413584156,1.0,0.2,2025-01-23 11:18:00,保养,低,华中
TK001231,0.0408,low,0.0152,0.008,0.0006,cost(0.20),0,0,1,0.0,0,0.2037888939299619,0.0,0.0,2025-02-07 07:09:00,改造,低,西北
TK001232,0.2227,low,0.1616,0.1817,0.0892,equipment(0.60); compliance(0.25); quality(0.25),0,0,1,0.25,0,0.16348042425036013,0.25,0.6,2025-07-27 12:48:00,巡检,高,华南
TK001233,0.0578,low,0.0937,0.1903,0.0278,quality(0.25); cost(0.10),0,0,1,0.0,0,0.10173900288475646,0.25,0.0,2025-03-24 09:42:00,抢修,低,华北
TK001234,0.2143,low,0.1848,0.2884,0.056,compliance(0.75); cost(0.13),0,0,1,0.75,0,0.1338950461644507,0.0,0.0,2025-04-06 19:09:00,巡检,中,西南
TK001235,0.2,low,0.6114,0.9782,0.5971,cost(1.00),0,0,1,0.0,0,1.0,0.0,0.0,2025-05-07 13:46:00,巡检,低,华南
TK001236,0.1453,low,0.0915,0.0862,0.0507,compliance(0.25); quality(0.25); cost(0.23),0,0,1,0.25,0,0.2266158210463235,0.25,0.0,2025-04-02 09:57:00,抢修,低,华北
TK001237,0.2998,low,0.5964,0.7657,0.6812,equipment(1.00); quality(0.50); compliance(0.25),0,0,1,0.25,0,0.06136718429052668,0.5,1.0,2025-11-25 16:25:00,巡检,高,华中
TK001238,0.3429,low,0.6287,0.7968,0.7056,equipment(0.60); compliance(0.50); quality(0.50),0,0,1,0.5,0,0.2646833537644856,0.5,0.6,2025-10-27 14:25:00,抢修,高,华南
TK001239,0.1897,low,0.2268,0.2652,0.2202,quality(1.00); cost(0.20),0,0,1,0.0,0,0.19843607076724,1.0,0.0,2025-12-09 18:55:00,保养,中,华南
TK001240,0.082,low,0.0311,0.0169,0.0018,quality(0.25); equipment(0.20),0,0,1,0.0,0,0.07269781079829807,0.25,0.2,2025-12-26 12:55:00,抢修,低,华南
TK001241,0.2603,low,0.1958,0.2215,0.1147,compliance(0.75); cost(0.36),0,0,1,0.75,0,0.36414402129800993,0.0,0.0,2025-08-07 18:11:00,巡检,高,西南
TK001242,0.2346,low,0.5167,0.823,0.4521,equipment(0.40); cost(0.37); compliance(0.25),0,0,1,0.25,0,0.3728821426260729,0.25,0.4,2025-02-09 09:06:00,巡检,中,西南
TK001243,0.0984,low,0.0531,0.0572,0.0102,cost(0.34); equipment(0.20),0,0,1,0.0,0,0.34175745153760684,0.0,0.2,2025-06-26 10:56:00,抢修,低,华北
TK001244,0.2371,low,0.1276,0.1434,0.018,compliance(0.50); quality(0.50); cost(0.19),0,0,1,0.5,0,0.18560245906977346,0.5,0.0,2025-04-08 08:13:00,抢修,中,华中
TK001245,0.2325,low,0.1613,0.1453,0.1164,equipment(0.80); cost(0.38); quality(0.25),0,0,1,0.0,0,0.37504535730425137,0.25,0.8,2025-11-23 12:38:00,保养,高,华南
TK001246,0.1567,low,0.1084,0.1484,0.0271,cost(0.28); compliance(0.25); quality(0.25),0,0,1,0.25,0,0.28367214298609866,0.25,0.0,2025-01-17 16:25:00,巡检,中,华北
TK001247,0.0512,low,0.0337,0.0522,0.0002,cost(0.26),0,0,1,0.0,0,0.25620340387077345,0.0,0.0,2025-01-12 14:10:00,保养,低,华北
TK001248,0.0521,low,0.0268,0.03,0.002,cost(0.26),0,0,1,0.0,0,0.26029545573249546,0.0,0.0,2025-12-22 16:01:00,抢修,低,华中
TK001249,0.0826,low,0.0776,0.1243,0.0267,equipment(0.40); cost(0.11),0,0,1,0.0,0,0.11323965527536173,0.0,0.4,2025-04-14 12:40:00,保养,高,华北
TK001250,0.0747,low,0.0257,0.0086,0.0008,cost(0.37),0,0,1,0.0,0,0.3736046490244037,0.0,0.0,2025-03-20 20:15:00,改造,中,华中
TK001251,0.1983,low,0.269,0.3143,0.2843,compliance(0.50); equipment(0.40),0,0,1,0.5,0,0.06640037572763369,0.0,0.4,2025-09-01 17:22:00,巡检,高,华东
TK001252,0.1293,low,0.0519,0.0285,0.0089,cost(0.33); compliance(0.25),0,0,1,0.25,0,0.33413787023390895,0.0,0.0,2025-05-01 15:23:00,巡检,中,西北
TK001253,0.2469,low,0.1044,0.0772,0.0095,equipment(0.60); compliance(0.50); cost(0.16),0,0,1,0.5,0,0.15927962122952888,0.0,0.6,2025-10-21 08:01:00,改造,高,华东
TK001254,0.1364,low,0.0805,0.0509,0.0621,equipment(0.40); compliance(0.25),0,0,1,0.25,0,0.06956883403322811,0.0,0.4,2025-08-12 20:34:00,巡检,高,华南
TK001255,0.136,low,0.0729,0.0855,0.0063,equipment(0.40); cost(0.38),0,0,1,0.0,0,0.3798319971165357,0.0,0.4,2025-08-02 11:49:00,巡检,中,华北
TK001256,0.2817,low,0.3894,0.5665,0.3047,equipment(0.60); compliance(0.50); cost(0.33),0,0,1,0.5,0,0.3336408918735172,0.0,0.6,2025-01-24 20:46:00,巡检,中,华北
TK001257,0.2091,low,0.6412,0.8639,0.7888,compliance(0.50); equipment(0.40); cost(0.12),0,0,1,0.5,0,0.12069840957856293,0.0,0.4,2025-09-10 13:15:00,巡检,中,华北
TK001258,0.1957,low,0.16,0.1714,0.1179,equipment(0.60); compliance(0.25); cost(0.22),0,0,1,0.25,0,0.2161832214861683,0.0,0.6,2025-03-10 15:45:00,巡检,中,华东
TK001259,0.03,low,0.0111,0.0059,0.0002,cost(0.15),0,0,1,0.0,0,0.1497598905279851,0.0,0.0,2025-11-12 14:23:00,保养,高,西北
TK001260,0.1731,low,0.0537,0.0045,0.0005,compliance(0.50); equipment(0.20),0,0,1,0.5,0,0.0904998182090383,0.0,0.2,2025-10-24 13:42:00,改造,低,西北
TK001261,0.2349,low,0.1923,0.1518,0.1962,compliance(0.50); equipment(0.40); cost(0.25),0,0,1,0.5,0,0.24960927902163976,0.0,0.4,2025-01-11 20:33:00,巡检,中,华东
TK001262,0.2953,low,0.2547,0.3679,0.1066,compliance(0.50); equipment(0.40); cost(0.36),0,0,1,0.5,0,0.3642474133373612,0.25,0.4,2025-02-27 15:33:00,抢修,中,西北
TK001263,0.2246,low,0.6317,0.7043,0.9081,compliance(0.50); equipment(0.40); cost(0.20),0,0,1,0.5,0,0.19780377167114338,0.0,0.4,2025-01-26 20:32:00,改造,高,华东
TK001264,0.0884,low,0.0937,0.1638,0.0282,cost(0.29); equipment(0.20),0,0,1,0.0,0,0.29186009690929837,0.0,0.2,2025-05-03 14:31:00,保养,高,华东
TK001265,0.0852,low,0.1251,0.2764,0.0079,compliance(0.25); cost(0.11),0,0,1,0.25,0,0.11370566522227565,0.0,0.0,2025-03-26 07:32:00,抢修,高,华南
TK001266,0.1783,low,0.1711,0.2865,0.0495,equipment(0.40); cost(0.28); compliance(0.25),0,0,1,0.25,0,0.2788070975557614,0.0,0.4,2025-11-01 14:09:00,巡检,中,华南
TK001267,0.1825,low,0.1715,0.2304,0.1031,equipment(0.40); cost(0.30); compliance(0.25),0,0,1,0.25,0,0.2998344009317222,0.0,0.4,2025-01-09 15:39:00,抢修,紧急,华南
TK001268,0.1364,low,0.4354,0.7385,0.3885,equipment(0.40); compliance(0.25),0,0,1,0.25,0,0.06928028152882437,0.0,0.4,2025-08-22 09:02:00,巡检,低,西南
TK001269,0.1764,low,0.0936,0.0922,0.0241,equipment(0.40); cost(0.27); compliance(0.25),0,0,1,0.25,0,0.2693992499073876,0.0,0.4,2025-10-13 15:22:00,保养,中,西北
TK001270,0.454,medium,0.8083,0.9593,0.9611,quality(1.00); equipment(0.80); compliance(0.50),0,1,0,0.5,0,0.29524160765121976,1.0,0.8,2025-11-17 07:17:00,抢修,低,西南
TK001271,0.1936,low,0.1854,0.3223,0.0415,equipment(0.80); compliance(0.25),0,0,1,0.25,0,0.055647644914033956,0.0,0.8,2025-03-27 12:31:00,巡检,中,西南
TK001272,0.266,low,0.2347,0.3873,0.0554,equipment(0.80); compliance(0.25); quality(0.25),0,0,1,0.25,0,0.2298498888528111,0.25,0.8,2025-01-27 12:17:00,抢修,紧急,华南
TK001273,0.1833,low,0.0675,0.0305,0.0053,equipment(0.40); cost(0.30); compliance(0.25),0,0,1,0.25,0,0.30391904335675146,0.0,0.4,2025-04-27 20:03:00,改造,高,西南
TK001274,0.2887,low,0.3053,0.3353,0.2895,compliance(0.75); equipment(0.40); cost(0.21),0,0,1,0.75,0,0.20605135571915956,0.0,0.4,2025-07-12 10:51:00,抢修,中,华北
TK001275,0.3968,low,0.4619,0.2925,0.687,equipment(1.00); compliance(0.75); cost(0.30),0,0,1,0.75,0,0.2965072517301701,0.0,1.0,2025-05-14 09:23:00,抢修,中,华东
TK001276,0.2187,low,0.1468,0.2043,0.0278,compliance(0.50); equipment(0.40); cost(0.17),0,0,1,0.5,0,0.16862485536473282,0.0,0.4,2025-12-27 15:26:00,保养,紧急,西南
TK001277,0.2226,low,0.0952,0.071,0.0101,equipment(0.60); cost(0.35); compliance(0.25),0,0,1,0.25,0,0.35047154711777595,0.0,0.6,2025-12-21 14:33:00,保养,低,华中
TK001278,0.0892,low,0.1178,0.183,0.0771,cost(0.26); quality(0.25),0,0,1,0.0,0,0.2585907231053336,0.25,0.0,2025-11-15 19:23:00,保养,中,华南
TK001279,0.0894,low,0.0511,0.0677,0.0016,equipment(0.40); cost(0.15),0,0,1,0.0,0,0.14687958091808107,0.0,0.4,2025-08-22 08:53:00,抢修,紧急,华南
TK001280,0.1731,low,0.5371,0.6549,0.7314,quality(1.00); cost(0.12),0,0,1,0.0,0,0.11530617836003709,1.0,0.0,2025-07-09 17:43:00,保养,中,西北
TK001281,0.1862,low,0.0804,0.0631,0.0069,cost(0.28); compliance(0.25); quality(0.25),0,0,1,0.25,0,0.2811866043241954,0.25,0.2,2025-08-12 16:33:00,改造,低,华东
TK001282,0.0765,low,0.0376,0.0372,0.0048,equipment(0.40),0,0,1,0.0,0,0.08273113708820412,0.0,0.4,2025-12-28 11:59:00,保养,低,华东
TK001283,0.2108,low,0.1038,0.0908,0.0252,compliance(0.75); cost(0.12),0,0,1,0.75,0,0.1165619645916619,0.0,0.0,2025-01-09 13:05:00,保养,中,西北
TK001284,0.1052,low,0.0405,0.017,0.0085,equipment(0.60),0,0,1,0.0,0,0.07587053292840207,0.0,0.6,2025-11-30 11:54:00,巡检,紧急,西北
TK001285,0.2708,low,0.7566,0.9792,0.9503,quality(1.00); cost(0.29); compliance(0.25),0,0,1,0.25,0,0.2914047347272103,1.0,0.0,2025-06-14 11:48:00,保养,中,华南
TK001286,0.1707,low,0.164,0.2669,0.0553,equipment(0.40); cost(0.37); quality(0.25),0,0,1,0.0,0,0.3661061477299419,0.25,0.4,2025-07-06 19:30:00,保养,高,西北
TK001287,0.1314,low,0.1519,0.1774,0.144,compliance(0.25); quality(0.25); cost(0.16),0,0,1,0.25,0,0.1568057037322006,0.25,0.0,2025-07-27 12:02:00,巡检,紧急,华南
TK001288,0.2421,low,0.1638,0.077,0.1836,compliance(0.75); cost(0.27),0,0,1,0.75,0,0.2731416287619166,0.0,0.0,2025-07-15 20:12:00,改造,低,华中
TK001289,0.1274,low,0.0961,0.141,0.0245,equipment(0.60); cost(0.19),0,0,1,0.0,0,0.18690031861629486,0.0,0.6,2025-06-03 18:46:00,抢修,中,西南
TK001290,0.1986,low,0.1585,0.2427,0.0398,equipment(0.60); compliance(0.25); cost(0.23),0,0,1,0.25,0,0.23044189508345025,0.0,0.6,2025-01-05 08:19:00,巡检,中,华东
TK001291,0.0986,low,0.0673,0.1004,0.0075,equipment(0.40); cost(0.19),0,0,1,0.0,0,0.19282272246286902,0.0,0.4,2025-08-21 20:52:00,巡检,中,华东
TK001292,0.1656,low,0.3106,0.4749,0.2705,equipment(0.40); compliance(0.25); cost(0.22),0,0,1,0.25,0,0.21573089274647395,0.0,0.4,2025-12-17 16:13:00,巡检,中,西南
TK001293,0.2584,low,0.238,0.2338,0.2247,equipment(0.60); compliance(0.50); cost(0.22),0,0,1,0.5,0,0.21722654745917114,0.0,0.6,2025-12-21 16:28:00,保养,中,华北
TK001294,0.1229,low,0.0684,0.0685,0.0215,compliance(0.25); equipment(0.20); cost(0.15),0,0,1,0.25,0,0.1518552894618742,0.0,0.2,2025-03-28 10:43:00,巡检,高,华北
TK001295,0.1426,low,0.1308,0.2376,0.0139,cost(0.25); compliance(0.25); equipment(0.20),0,0,1,0.25,0,0.25032244877821863,0.0,0.2,2025-05-29 08:41:00,保养,低,西北
TK001296,0.2373,low,0.5852,0.7554,0.7131,quality(1.00); equipment(0.40); cost(0.14),0,0,1,0.0,0,0.13663940642357908,1.0,0.4,2025-12-31 09:27:00,抢修,紧急,西南
TK001297,0.2084,low,0.3377,0.5356,0.2505,compliance(0.50); equipment(0.40); cost(0.12),0,0,1,0.5,0,0.11685400078646024,0.0,0.4,2025-09-02 08:36:00,抢修,中,华南
TK001298,0.1496,low,0.1669,0.3002,0.0484,cost(0.29); compliance(0.25); equipment(0.20),0,0,1,0.25,0,0.2855922287228171,0.0,0.2,2025-02-11 14:31:00,抢修,高,西南
TK001299,0.042,low,0.017,0.0088,0.0039,cost(0.21),0,0,1,0.0,0,0.20988232828534015,0.0,0.0,2025-07-31 09:34:00,抢修,中,华南
TK001300,0.1028,low,0.0339,0.007,0.0018,equipment(0.40); cost(0.21),0,0,1,0.0,0,0.21419250815553637,0.0,0.4,2025-08-30 11:52:00,抢修,中,华东
TK001301,0.078,low,0.0298,0.0133,0.0051,cost(0.39),0,0,1,0.0,0,0.3901314108337487,0.0,0.0,2025-08-04 20:24:00,巡检,中,西北
TK001302,0.2028,low,0.0898,0.0749,0.0079,compliance(0.75),0,0,1,0.75,0,0.07664362726528273,0.0,0.0,2025-04-12 17:46:00,改造,低,华东
TK001303,0.0128,low,0.0093,0.0117,0.0038,,0,0,1,0.0,0,0.06385333109079128,0.0,0.0,2025-07-12 16:45:00,改造,高,华南
TK001304,0.2239,low,0.6051,0.88,0.6569,quality(0.50); equipment(0.40); compliance(0.25),0,0,1,0.25,0,0.1318933688220988,0.5,0.4,2025-05-20 19:10:00,抢修,中,华中
TK001305,0.0267,low,0.009,0.0027,0.0002,cost(0.13),0,0,1,0.0,0,0.13340515476887016,0.0,0.0,2025-07-12 09:07:00,改造,低,华南
TK001306,0.0391,low,0.03,0.0385,0.0136,cost(0.20),0,0,1,0.0,0,0.1955829313970141,0.0,0.0,2025-01-17 10:25:00,保养,高,华南
TK001307,0.0927,low,0.0465,0.0358,0.0176,compliance(0.25); cost(0.15),0,0,1,0.25,0,0.15120142032957862,0.0,0.0,2025-02-11 18:21:00,保养,低,华北
TK001308,0.0474,low,0.0159,0.0037,0.0012,equipment(0.20),0,0,1,0.0,0,0.08688854143399594,0.0,0.2,2025-12-23 19:28:00,巡检,中,华中
TK001309,0.055,low,0.0232,0.0188,0.0002,cost(0.28),0,0,1,0.0,0,0.2750630241613419,0.0,0.0,2025-09-14 17:48:00,抢修,低,华北
TK001310,0.3662,low,0.5925,0.6309,0.7482,compliance(1.00); equipment(0.60); cost(0.13),0,0,1,1.0,0,0.13109375052076222,0.0,0.6,2025-06-16 10:00:00,巡检,高,华中
TK001311,0.0914,low,0.0313,0.0105,0.0005,equipment(0.40); cost(0.16),0,0,1,0.0,0,0.15698457852972003,0.0,0.4,2025-04-14 15:09:00,保养,低,华东
TK001312,0.1293,low,0.0847,0.0975,0.0336,equipment(0.60); cost(0.20),0,0,1,0.0,0,0.19640570993205542,0.0,0.6,2025-06-26 15:07:00,改造,高,西北
TK001313,0.2016,low,0.1625,0.2091,0.0825,compliance(0.50); quality(0.25); cost(0.20),0,0,1,0.5,0,0.1956500355103158,0.25,0.0,2025-08-26 09:46:00,抢修,中,华中
TK001314,0.1568,low,0.0543,0.0205,0.0002,equipment(0.60); cost(0.33),0,0,1,0.0,0,0.3341302196050798,0.0,0.6,2025-07-18 08:03:00,保养,高,华北
TK001315,0.2646,low,0.3006,0.3192,0.313,equipment(0.60); cost(0.37); compliance(0.25),0,0,1,0.25,0,0.3730905449549381,0.25,0.6,2025-09-26 19:55:00,保养,紧急,西南
TK001316,0.362,low,0.6047,0.6567,0.7607,compliance(0.75); quality(0.50); equipment(0.40),0,0,1,0.75,0,0.19765284756098545,0.5,0.4,2025-08-22 09:09:00,抢修,中,华北
TK001317,0.1163,low,0.0645,0.0528,0.0318,equipment(0.40); cost(0.28),0,0,1,0.0,0,0.281679409447922,0.0,0.4,2025-01-20 14:21:00,保养,紧急,华中
TK001318,0.3322,low,0.5056,0.5749,0.5849,equipment(1.00); quality(0.75); cost(0.35),0,0,1,0.0,0,0.34862066890034704,0.75,1.0,2025-04-17 07:15:00,巡检,高,西南
TK001319,0.4272,medium,0.7245,0.9188,0.785,quality(1.00); equipment(0.60); compliance(0.50),0,1,0,0.5,0,0.3111301369863013,1.0,0.6,2025-09-23 16:38:00,保养,低,华中
TK001320,0.2015,low,0.3653,0.6485,0.2226,compliance(0.50); cost(0.38),0,0,1,0.5,0,0.38252780044161194,0.0,0.0,2025-06-30 11:29:00,抢修,中,华中
TK001321,0.2405,low,0.0753,0.0065,0.0024,compliance(0.50); equipment(0.40); cost(0.28),0,0,1,0.5,0,0.27725191649901826,0.0,0.4,2025-01-15 12:39:00,抢修,中,华北
TK001322,0.2111,low,0.1646,0.2586,0.0308,equipment(0.60); compliance(0.25); quality(0.25),0,0,1,0.25,0,0.10525097824714946,0.25,0.6,2025-12-12 17:14:00,抢修,高,西北
TK001323,0.1809,low,0.2554,0.3932,0.1815,quality(0.50); cost(0.38); equipment(0.20),0,0,1,0.0,0,0.3793562206537092,0.5,0.2,2025-09-30 07:47:00,保养,高,西南
TK001324,0.1207,low,0.0601,0.0566,0.0116,cost(0.29); compliance(0.25),0,0,1,0.25,0,0.2908516987253984,0.0,0.0,2025-06-01 11:27:00,巡检,低,西北
TK001325,0.1837,low,0.1486,0.2242,0.0428,equipment(0.40); cost(0.31); compliance(0.25),0,0,1,0.25,0,0.30610390744657967,0.0,0.4,2025-08-08 11:32:00,保养,中,华东
TK001326,0.0741,low,0.0792,0.0848,0.0779,equipment(0.40),0,0,1,0.0,0,0.07041846692426634,0.0,0.4,2025-03-29 18:11:00,抢修,中,西北
TK001327,0.0904,low,0.053,0.06,0.0138,compliance(0.25); cost(0.14),0,0,1,0.25,0,0.13948087975305978,0.0,0.0,2025-07-28 12:28:00,巡检,中,华东
TK001328,0.0845,low,0.0767,0.1358,0.0108,equipment(0.40); cost(0.12),0,0,1,0.0,0,0.12240053162498288,0.0,0.4,2025-12-19 12:53:00,抢修,紧急,华北
TK001329,0.2195,low,0.389,0.3623,0.5609,equipment(0.60); cost(0.33); compliance(0.25),0,0,1,0.25,0,0.33476266864100024,0.0,0.6,2025-10-05 14:54:00,抢修,中,华中
TK001330,0.1955,low,0.0864,0.0644,0.0148,equipment(0.60); compliance(0.25); cost(0.21),0,0,1,0.25,0,0.21494728900553395,0.0,0.6,2025-12-12 16:39:00,抢修,紧急,西南
TK001331,0.025,low,0.0097,0.0038,0.0024,cost(0.12),0,0,1,0.0,0,0.12480085411875208,0.0,0.0,2025-01-27 19:52:00,保养,低,西南
TK001332,0.0779,low,0.025,0.0042,0.0006,equipment(0.40),0,0,1,0.0,0,0.08974317653188935,0.0,0.4,2025-08-03 11:45:00,抢修,中,华南
TK001333,0.2932,low,0.3027,0.4102,0.2034,compliance(0.75); cost(0.34); quality(0.25),0,0,1,0.75,0,0.3408130618490376,0.25,0.0,2025-02-22 09:32:00,保养,低,西北
TK001334,0.0761,low,0.0751,0.1361,0.0132,quality(0.25); cost(0.19),0,0,1,0.0,0,0.19293868343700882,0.25,0.0,2025-11-13 13:56:00,巡检,高,西北
TK001335,0.0711,low,0.0485,0.0576,0.0201,cost(0.36),0,0,1,0.0,0,0.35535558699257064,0.0,0.0,2025-12-07 08:02:00,保养,低,华南
TK001336,0.1208,low,0.0636,0.0737,0.0046,compliance(0.25); quality(0.25); cost(0.10),0,0,1,0.25,0,0.10416896209784043,0.25,0.0,2025-09-10 15:32:00,保养,中,华东
TK001337,0.2369,low,0.2543,0.407,0.1165,equipment(0.60); compliance(0.25); quality(0.25),0,0,1,0.25,0,0.23467022569528406,0.25,0.6,2025-11-24 19:10:00,巡检,紧急,华南
TK001338,0.2201,low,0.2486,0.4382,0.0834,equipment(0.80); compliance(0.25); cost(0.19),0,0,1,0.25,0,0.18810151727917246,0.0,0.8,2025-12-04 08:38:00,保养,紧急,华南
TK001339,0.1237,low,0.1594,0.2476,0.1017,quality(0.75),0,0,1,0.0,0,0.05592542521068267,0.75,0.0,2025-12-25 16:16:00,保养,高,西南
TK001340,0.219,low,0.381,0.5911,0.3098,quality(0.75); cost(0.38); equipment(0.20),0,0,1,0.0,0,0.38228072603505103,0.75,0.2,2025-05-15 16:17:00,保养,高,华东
TK001341,0.1161,low,0.0526,0.0461,0.0047,cost(0.27); compliance(0.25),0,0,1,0.25,0,0.26777450567942784,0.0,0.0,2025-05-11 08:56:00,抢修,低,华北
TK001342,0.3076,low,0.3663,0.5928,0.1901,equipment(0.60); quality(0.50); cost(0.40),0,0,1,0.25,0,0.4003200842263219,0.5,0.6,2025-01-10 16:06:00,巡检,中,华南
TK001343,0.2045,low,0.138,0.1758,0.0432,equipment(0.60); compliance(0.25); quality(0.25),0,0,1,0.25,0,0.07225069310257914,0.25,0.6,2025-01-27 11:57:00,巡检,中,华中
TK001344,0.2397,low,0.6557,0.9065,0.7615,quality(0.50); cost(0.36); compliance(0.25),0,0,1,0.25,0,0.3609034963405875,0.5,0.2,2025-12-02 13:12:00,抢修,高,华南
TK001345,0.1416,low,0.0989,0.1471,0.0142,quality(0.50); cost(0.33),0,0,1,0.0,0,0.3329416168076663,0.5,0.0,2025-12-31 11:38:00,保养,中,华中
TK001346,0.1766,low,0.0855,0.0869,0.0061,compliance(0.50); cost(0.26),0,0,1,0.5,0,0.25797565873947814,0.0,0.0,2025-05-10 08:55:00,抢修,高,华中
TK001347,0.1966,low,0.0647,0.0153,0.0011,compliance(0.50); cost(0.36),0,0,1,0.5,0,0.3577698571988833,0.0,0.0,2025-09-07 16:49:00,巡检,低,西北
TK001348,0.1874,low,0.0743,0.046,0.0057,equipment(0.60); compliance(0.25); cost(0.17),0,0,1,0.25,0,0.1743024171814751,0.0,0.6,2025-10-17 12:45:00,巡检,高,华东
TK001349,0.1653,low,0.0673,0.0347,0.016,compliance(0.25); quality(0.25); equipment(0.20),0,0,1,0.25,0,0.17628646197577091,0.25,0.2,2025-11-23 16:53:00,巡检,低,华东
TK001350,0.3266,low,0.2501,0.3642,0.0704,compliance(0.75); equipment(0.40); cost(0.40),0,0,1,0.75,0,0.3956163644010873,0.0,0.4,2025-05-06 13:00:00,巡检,中,华南
TK001351,0.1922,low,0.2604,0.5112,0.0682,quality(0.75); cost(0.25); equipment(0.20),0,0,1,0.0,0,0.24831857106104605,0.75,0.2,2025-04-17 07:48:00,抢修,高,西北
TK001352,0.2377,low,0.1394,0.1373,0.0573,equipment(0.80); cost(0.40); quality(0.25),0,0,1,0.0,0,0.401094601835393,0.25,0.8,2025-12-12 13:37:00,抢修,中,华中
TK001353,0.1137,low,0.0603,0.0688,0.0061,equipment(0.40); quality(0.25),0,0,1,0.0,0,0.08100481311047825,0.25,0.4,2025-06-11 14:33:00,抢修,中,华中
TK001354,0.2815,low,0.1185,0.0727,0.0246,compliance(0.75); equipment(0.40); cost(0.17),0,0,1,0.75,0,0.1699340988911251,0.0,0.4,2025-09-18 09:32:00,巡检,紧急,华北
TK001355,0.2101,low,0.1452,0.2176,0.0172,equipment(0.80); cost(0.26); quality(0.25),0,0,1,0.0,0,0.2629945956820321,0.25,0.8,2025-01-07 17:52:00,保养,中,华中
TK001356,0.2256,low,0.1477,0.1844,0.0443,compliance(0.50); quality(0.50); cost(0.13),0,0,1,0.5,0,0.1281509315797713,0.5,0.0,2025-09-27 18:46:00,巡检,高,华北
TK001357,0.3,low,0.761,0.9944,0.9227,cost(1.00); compliance(0.25); quality(0.25),0,0,1,0.25,0,1.0,0.25,0.0,2025-10-01 13:36:00,巡检,高,华北
TK001358,0.1321,low,0.2407,0.328,0.2465,equipment(0.40); cost(0.36),0,0,1,0.0,0,0.3606989766933991,0.0,0.4,2025-02-21 18:34:00,保养,中,西南
TK001359,0.0846,low,0.115,0.2314,0.0247,equipment(0.40); cost(0.12),0,0,1,0.0,0,0.12305112371877247,0.0,0.4,2025-03-13 07:59:00,巡检,高,西北
TK001360,0.355,low,0.784,0.9706,0.9651,cost(1.00); compliance(0.50); equipment(0.20),0,0,1,0.5,0,1.0,0.0,0.2,2025-05-10 10:17:00,改造,高,西南
TK001361,0.0151,low,0.0157,0.028,0.004,,0,0,1,0.0,0,0.0756135684852085,0.0,0.0,2025-01-20 17:47:00,保养,中,西南
TK001362,0.1322,low,0.0817,0.0799,0.0403,equipment(0.40); cost(0.36),0,0,1,0.0,0,0.3609175693716179,0.0,0.4,2025-06-12 09:38:00,巡检,低,西南
TK001363,0.1122,low,0.2803,0.3524,0.3523,compliance(0.25); equipment(0.20),0,0,1,0.25,0,0.09848336880883579,0.0,0.2,2025-08-15 15:37:00,保养,低,华东
TK001364,0.2646,low,0.1682,0.1883,0.0654,equipment(0.60); compliance(0.50); quality(0.25),0,0,1,0.5,0,0.060671577012945455,0.25,0.6,2025-04-21 13:42:00,抢修,低,华南
TK001365,0.2155,low,0.6412,0.8392,0.8081,quality(0.50); cost(0.39); compliance(0.25),0,0,1,0.25,0,0.39001970257819907,0.5,0.0,2025-02-04 14:01:00,巡检,中,华东
TK001366,0.2314,low,0.118,0.0919,0.047,quality(0.75); equipment(0.40); cost(0.29),0,0,1,0.0,0,0.29441701927597563,0.75,0.4,2025-07-11 18:28:00,保养,中,华中
TK001367,0.1045,low,0.086,0.0572,0.0988,compliance(0.25); cost(0.21),0,0,1,0.25,0,0.20976568171194176,0.0,0.0,2025-11-10 11:59:00,巡检,低,华北
TK001368,0.2566,low,0.1152,0.0906,0.0186,compliance(0.50); equipment(0.40); quality(0.25),0,0,1,0.5,0,0.17030810370887106,0.25,0.4,2025-12-01 16:42:00,巡检,中,华中
TK001369,0.2006,low,0.3798,0.4779,0.4354,equipment(0.60); quality(0.50); cost(0.18),0,0,1,0.0,0,0.17819884477519676,0.5,0.6,2025-10-19 13:03:00,保养,中,西南
TK001370,0.3207,low,0.7759,0.9835,0.9585,equipment(0.60); compliance(0.50); quality(0.50),0,0,1,0.5,0,0.1536558098951588,0.5,0.6,2025-11-16 07:34:00,保养,中,西北
TK001371,0.2303,low,0.1259,0.1467,0.0157,equipment(0.80); cost(0.36); quality(0.25),0,0,1,0.0,0,0.3638729656717401,0.25,0.8,2025-10-15 14:50:00,改造,高,华北
TK001372,0.0629,low,0.0385,0.0521,0.004,equipment(0.20); cost(0.16),0,0,1,0.0,0,0.1647439311166028,0.0,0.2,2025-10-09 19:52:00,巡检,中,西南
TK001373,0.0526,low,0.0528,0.0694,0.0363,cost(0.26),0,0,1,0.0,0,0.2631438217420662,0.0,0.0,2025-07-24 20:01:00,巡检,中,华南
TK001374,0.0817,low,0.0317,0.0194,0.0011,cost(0.41),0,0,1,0.0,0,0.408382960898942,0.0,0.0,2025-02-07 12:41:00,抢修,高,西北
TK001375,0.1879,low,0.3553,0.3363,0.5178,equipment(0.60); compliance(0.25); cost(0.18),0,0,1,0.25,0,0.17721228125205168,0.0,0.6,2025-08-05 11:40:00,抢修,中,华南
TK001376,0.1527,low,0.3148,0.4666,0.3019,cost(0.26); compliance(0.25); quality(0.25),0,0,1,0.25,0,0.2633056435480752,0.25,0.0,2025-11-12 09:44:00,抢修,中,华东
TK001377,0.1424,low,0.3831,0.665,0.3075,quality(0.50); cost(0.34),0,0,1,0.0,0,0.33705265514796423,0.5,0.0,2025-06-12 16:46:00,保养,低,西南
TK001378,0.1396,low,0.0746,0.0734,0.0202,equipment(0.80),0,0,1,0.0,0,0.0980349087636212,0.0,0.8,2025-09-08 10:27:00,改造,低,西北
TK001379,0.2305,low,0.2683,0.3123,0.2566,quality(0.50); cost(0.32); compliance(0.25),0,0,1,0.25,0,0.31503161072600205,0.5,0.2,2025-03-27 07:34:00,巡检,中,华北
TK001380,0.2736,low,0.1541,0.1496,0.0563,compliance(0.75); equipment(0.40); cost(0.13),0,0,1,0.75,0,0.13031970861999198,0.0,0.4,2025-01-20 09:29:00,改造,高,华中
TK001381,0.2174,low,0.6716,0.8985,0.8341,quality(0.50); equipment(0.40); compliance(0.25),0,0,1,0.25,0,0.09944493811091226,0.5,0.4,2025-05-23 09:45:00,巡检,紧急,华东
TK001382,0.208,low,0.0957,0.0518,0.0433,compliance(0.50); equipment(0.40); cost(0.11),0,0,1,0.5,0,0.11481384961741992,0.0,0.4,2025-07-08 14:34:00,改造,低,华中
TK001383,0.2361,low,0.1422,0.1747,0.0292,compliance(0.50); equipment(0.40); cost(0.26),0,0,1,0.5,0,0.2554130897469903,0.0,0.4,2025-07-09 14:49:00,巡检,高,西北
TK001384,0.2555,low,0.315,0.3605,0.3204,compliance(0.50); equipment(0.40); quality(0.25),0,0,1,0.5,0,0.1647515558891317,0.25,0.4,2025-02-03 14:55:00,保养,低,华中
TK001385,0.0759,low,0.0353,0.0327,0.0032,quality(0.25); cost(0.19),0,0,1,0.0,0,0.19196988707653695,0.25,0.0,2025-11-09 12:24:00,巡检,低,华东
TK001386,0.3302,low,0.4008,0.5764,0.2856,quality(1.00); equipment(0.40); cost(0.29),0,0,1,0.25,0,0.2883823141609775,1.0,0.4,2025-05-09 12:42:00,抢修,中,华中
TK001387,0.2485,low,0.759,0.9779,0.9776,quality(1.00); equipment(0.40); cost(0.19),0,0,1,0.0,0,0.19263933430234792,1.0,0.4,2025-08-14 18:10:00,改造,低,华中
TK001388,0.3708,low,0.4803,0.3108,0.7437,compliance(0.75); quality(0.50); equipment(0.40),0,0,1,0.75,0,0.24147703661840725,0.5,0.4,2025-02-01 07:48:00,抢修,低,华南
TK001389,0.3042,low,0.151,0.1625,0.0083,equipment(0.80); compliance(0.50); cost(0.30),0,0,1,0.5,0,0.29621313948979444,0.0,0.8,2025-04-16 13:21:00,巡检,中,华中
TK001390,0.0152,low,0.0138,0.0167,0.0098,,0,0,1,0.0,0,0.07578728421722025,0.0,0.0,2025-08-23 20:28:00,保养,中,西南
TK001391,0.3634,low,0.5886,0.8472,0.5231,compliance(1.00); equipment(0.60); cost(0.12),0,0,1,1.0,0,0.11713794215675732,0.0,0.6,2025-08-28 19:18:00,保养,低,西北
TK001392,0.1857,low,0.0692,0.0342,0.0044,quality(0.50); cost(0.40); equipment(0.20),0,0,1,0.0,0,0.4032543510554404,0.5,0.2,2025-06-20 19:48:00,保养,中,西南
TK001393,0.2471,low,0.2846,0.3099,0.2914,equipment(0.80); cost(0.32); compliance(0.25),0,0,1,0.25,0,0.32320218549963853,0.0,0.8,2025-10-27 13:15:00,抢修,中,西北
TK001394,0.1896,low,0.2971,0.4643,0.222,equipment(0.40); compliance(0.25); quality(0.25),0,0,1,0.25,0,0.1477551712747628,0.25,0.4,2025-01-24 14:51:00,抢修,中,西南
TK001395,0.2992,low,0.188,0.1878,0.093,compliance(0.75); cost(0.41); equipment(0.20),0,0,1,0.75,0,0.4082580959420946,0.0,0.2,2025-06-28 17:26:00,巡检,紧急,华南
TK001396,0.1967,low,0.3389,0.4563,0.3434,equipment(0.60); quality(0.50); cost(0.16),0,0,1,0.0,0,0.15832743146198858,0.5,0.6,2025-10-08 13:17:00,保养,紧急,华北
TK001397,0.3486,low,0.5266,0.7428,0.4631,compliance(1.00); equipment(0.40); cost(0.19),0,0,1,1.0,0,0.1931352313727962,0.0,0.4,2025-10-22 19:10:00,巡检,中,西南
TK001398,0.0135,low,0.0078,0.0105,0.0001,,0,0,1,0.0,0,0.06748776151975999,0.0,0.0,2025-07-06 08:26:00,巡检,紧急,华中
TK001399,0.1093,low,0.0531,0.0545,0.0036,compliance(0.25); cost(0.23),0,0,1,0.25,0,0.23379740074773003,0.0,0.0,2025-02-23 11:50:00,巡检,中,华中
TK001400,0.0541,low,0.0303,0.0367,0.0035,cost(0.27),0,0,1,0.0,0,0.2703421109066898,0.0,0.0,2025-04-13 14:55:00,巡检,高,西南
TK001401,0.0787,low,0.0667,0.1013,0.0217,cost(0.39),0,0,1,0.0,0,0.3934067358540979,0.0,0.0,2025-05-23 18:23:00,抢修,低,华北
TK001402,0.2119,low,0.4968,0.5202,0.7175,quality(1.00); equipment(0.20); cost(0.16),0,0,1,0.0,0,0.15972659709653814,1.0,0.2,2025-03-01 12:11:00,改造,低,西北
TK001403,0.1136,low,0.097,0.1542,0.0257,compliance(0.25); equipment(0.20); cost(0.11),0,0,1,0.25,0,0.10526085373665328,0.0,0.2,2025-10-28 20:37:00,抢修,高,华东
TK001404,0.2212,low,0.5735,0.8474,0.6016,quality(0.75); compliance(0.25); cost(0.23),0,0,1,0.25,0,0.23087082646038337,0.75,0.0,2025-10-05 12:09:00,抢修,紧急,西南
TK001405,0.289,low,0.5675,0.7719,0.6018,quality(0.75); equipment(0.60); compliance(0.25),0,0,1,0.25,0,0.12015040437761848,0.75,0.6,2025-11-05 16:27:00,巡检,中,华南
TK001406,0.0196,low,0.007,0.0031,0.0,,0,0,1,0.0,0,0.09786402016976037,0.0,0.0,2025-04-23 13:52:00,抢修,高,华南
TK001407,0.1767,low,0.0945,0.1134,0.0052,quality(0.50); cost(0.36); equipment(0.20),0,0,1,0.0,0,0.35840486707225605,0.5,0.2,2025-06-16 17:37:00,巡检,中,华南
TK001408,0.4775,medium,0.7727,0.8814,0.917,cost(1.00); compliance(0.75); equipment(0.60),0,1,0,0.75,0,1.0,0.0,0.6,2025-06-16 08:28:00,巡检,高,华南
TK001409,0.3465,low,0.3496,0.4729,0.2289,quality(0.75); equipment(0.60); compliance(0.50),0,0,1,0.5,0,0.09496974707076355,0.75,0.6,2025-01-02 12:36:00,保养,中,西北
TK001410,0.1724,low,0.13,0.2051,0.0186,quality(0.75); equipment(0.20); cost(0.15),0,0,1,0.0,0,0.14967684626458777,0.75,0.2,2025-03-17 19:26:00,巡检,中,华东
TK001411,0.2025,low,0.3945,0.6067,0.3469,quality(0.50); compliance(0.25); equipment(0.20),0,0,1,0.25,0,0.17497187046406426,0.5,0.2,2025-09-15 20:17:00,巡检,高,华中
TK001412,0.0756,low,0.0626,0.0808,0.0333,equipment(0.40),0,0,1,0.0,0,0.07787907456781629,0.0,0.4,2025-03-29 17:47:00,改造,高,华东
TK001413,0.3057,low,0.1209,0.0737,0.0096,equipment(0.80); compliance(0.50); cost(0.30),0,0,1,0.5,0,0.3035846747623081,0.0,0.8,2025-05-23 12:48:00,抢修,中,西南
TK001414,0.052,low,0.025,0.0266,0.0002,cost(0.26),0,0,1,0.0,0,0.2597583291267037,0.0,0.0,2025-01-03 08:42:00,改造,低,西南
TK001415,0.14,low,0.0516,0.0263,0.0012,equipment(0.40); quality(0.25); cost(0.21),0,0,1,0.0,0,0.21233820877579646,0.25,0.4,2025-05-02 13:18:00,巡检,高,华南
TK001416,0.1993,low,0.0705,0.022,0.0086,compliance(0.50); equipment(0.40),0,0,1,0.5,0,0.07157314430155137,0.0,0.4,2025-02-23 15:34:00,抢修,低,华南
TK001417,0.0483,low,0.0377,0.0526,0.0136,cost(0.24),0,0,1,0.0,0,0.24133609038787085,0.0,0.0,2025-11-13 18:11:00,抢修,紧急,华南
TK001418,0.1626,low,0.4409,0.5225,0.5978,cost(0.31); compliance(0.25); quality(0.25),0,0,1,0.25,0,0.31290383659558363,0.25,0.0,2025-01-25 17:45:00,保养,高,华东
TK001419,0.1526,low,0.0564,0.0237,0.0067,cost(0.30); compliance(0.25); equipment(0.20),0,0,1,0.25,0,0.300425374153642,0.0,0.2,2025-11-04 07:10:00,巡检,高,华北
TK001420,0.0963,low,0.0331,0.0089,0.003,equipment(0.40); cost(0.18),0,0,1,0.0,0,0.18134722149315208,0.0,0.4,2025-01-18 18:32:00,抢修,低,西南
TK001421,0.0772,low,0.0582,0.0948,0.0053,compliance(0.25),0,0,1,0.25,0,0.07327203146336947,0.0,0.0,2025-04-14 19:37:00,抢修,高,西南
TK001422,0.1221,low,0.0971,0.1116,0.0612,equipment(0.40); quality(0.25); cost(0.12),0,0,1,0.0,0,0.1231065917813079,0.25,0.4,2025-07-24 15:25:00,抢修,中,华北
TK001423,0.0792,low,0.0876,0.0928,0.0896,equipment(0.40),0,0,1,0.0,0,0.09597837935703857,0.0,0.4,2025-07-22 19:40:00,巡检,紧急,西北
TK001424,0.1431,low,0.0578,0.0319,0.0107,compliance(0.25); quality(0.25); equipment(0.20),0,0,1,0.25,0,0.06556100842010859,0.25,0.2,2025-10-14 08:13:00,抢修,低,华北
TK001425,0.0968,low,0.1087,0.2073,0.0204,cost(0.30); quality(0.25),0,0,1,0.0,0,0.29667157453263726,0.25,0.0,2025-09-07 10:20:00,保养,高,西北
TK001426,0.1793,low,0.2587,0.3577,0.2278,equipment(0.40); compliance(0.25); quality(0.25),0,0,1,0.25,0,0.09642662872923546,0.25,0.4,2025-12-24 14:11:00,抢修,低,华北
TK001427,0.1473,low,0.061,0.0424,0.0055,compliance(0.50); cost(0.11),0,0,1,0.5,0,0.11133748767878049,0.0,0.0,2025-09-16 16:33:00,抢修,紧急,西北
TK001428,0.164,low,0.27,0.4035,0.2273,equipment(0.40); compliance(0.25); cost(0.21),0,0,1,0.25,0,0.2077242585257948,0.0,0.4,2025-11-05 14:30:00,保养,中,华东
TK001429,0.2788,low,0.1372,0.0996,0.0533,equipment(0.60); compliance(0.50); quality(0.25),0,0,1,0.5,0,0.13126899634948452,0.25,0.6,2025-03-10 16:07:00,改造,高,西北
TK001430,0.0824,low,0.1943,0.3353,0.1493,compliance(0.25),0,0,1,0.25,0,0.09966251779323088,0.0,0.0,2025-05-24 13:47:00,巡检,低,西南
TK001431,0.156,low,0.0543,0.0198,0.0017,equipment(0.40); compliance(0.25); cost(0.17),0,0,1,0.25,0,0.16752803792345938,0.0,0.4,2025-12-22 08:50:00,抢修,中,华东
TK001432,0.0793,low,0.039,0.0317,0.0118,equipment(0.40),0,0,1,0.0,0,0.09640045036521916,0.0,0.4,2025-08-25 15:41:00,保养,中,西北
TK001433,0.2741,low,0.0992,0.0399,0.0086,compliance(0.50); quality(0.50); equipment(0.40),0,0,1,0.5,0,0.07033492077708159,0.5,0.4,2025-05-22 12:14:00,巡检,低,华东
TK001434,0.0345,low,0.0154,0.0108,0.0035,cost(0.17),0,0,1,0.0,0,0.17268131675329512,0.0,0.0,2025-07-25 17:01:00,保养,中,西南
TK001435,0.1244,low,0.0599,0.0514,0.0131,equipment(0.40); cost(0.32),0,0,1,0.0,0,0.32187789974963665,0.0,0.4,2025-03-27 14:09:00,抢修,高,华北
TK001436,0.294,low,0.1211,0.0866,0.0074,equipment(0.80); compliance(0.50); quality(0.25),0,0,1,0.5,0,0.05760873302170655,0.25,0.8,2025-03-17 08:15:00,巡检,中,西北
TK001437,0.1408,low,0.2219,0.3543,0.159,compliance(0.25); cost(0.24); equipment(0.20),0,0,1,0.25,0,0.24128454416396605,0.0,0.2,2025-05-18 20:14:00,抢修,紧急,华东
TK001438,0.0485,low,0.024,0.0262,0.0009,cost(0.24),0,0,1,0.0,0,0.24226775485713337,0.0,0.0,2025-11-01 18:18:00,保养,中,华东
TK001439,0.131,low,0.082,0.1172,0.0047,cost(0.34); compliance(0.25),0,0,1,0.25,0,0.34236996396105634,0.0,0.0,2025-08-24 20:18:00,巡检,中,华东
TK001440,0.1604,low,0.0951,0.1264,0.0078,equipment(0.60); cost(0.35),0,0,1,0.0,0,0.3519333769170331,0.0,0.6,2025-10-01 14:51:00,改造,中,西北
TK001441,0.2071,low,0.2233,0.3367,0.1237,equipment(0.60); cost(0.27); compliance(0.25),0,0,1,0.25,0,0.27309391432627717,0.0,0.6,2025-11-25 16:08:00,保养,中,华东
TK001442,0.0377,low,0.0219,0.0267,0.0036,cost(0.19),0,0,1,0.0,0,0.18860405191934604,0.0,0.0,2025-10-28 08:07:00,巡检,紧急,华东
TK001443,0.1694,low,0.3175,0.5389,0.2231,compliance(0.50); cost(0.22),0,0,1,0.5,0,0.22193114537414926,0.0,0.0,2025-03-03 18:17:00,抢修,紧急,华中
TK001444,0.2925,low,0.7822,0.9995,0.9846,cost(1.00); compliance(0.25); equipment(0.20),0,0,1,0.25,0,1.0,0.0,0.2,2025-02-18 13:44:00,抢修,低,华南
TK001445,0.015,low,0.0226,0.0438,0.008,,0,0,1,0.0,0,0.07486109215189618,0.0,0.0,2025-09-21 08:39:00,抢修,中,华南
TK001446,0.0941,low,0.0501,0.0396,0.0228,compliance(0.25); cost(0.16),0,0,1,0.25,0,0.1578621960917712,0.0,0.0,2025-03-03 10:30:00,巡检,低,华南
TK001447,0.2305,low,0.1233,0.0987,0.056,quality(0.75); cost(0.28); compliance(0.25),0,0,1,0.25,0,0.27774419729206967,0.75,0.0,2025-04-09 12:26:00,抢修,低,西南
TK001448,0.0498,low,0.0556,0.0624,0.0537,equipment(0.20),0,0,1,0.0,0,0.09908634776417935,0.0,0.2,2025-09-01 12:05:00,抢修,中,西北
TK001449,0.1798,low,0.4599,0.7147,0.4451,compliance(0.25); quality(0.25); cost(0.25),0,0,1,0.25,0,0.2488229879011047,0.25,0.2,2025-01-28 08:03:00,保养,中,华南
TK001450,0.1678,low,0.3844,0.4482,0.5064,quality(0.50); compliance(0.25); cost(0.15),0,0,1,0.25,0,0.15143883226400623,0.5,0.0,2025-05-09 19:27:00,巡检,中,华南
TK001451,0.1186,low,0.0621,0.0576,0.0181,compliance(0.25); quality(0.25),0,0,1,0.25,0,0.09313766951422364,0.25,0.0,2025-12-14 18:11:00,巡检,低,西南
TK001452,0.2168,low,0.388,0.4781,0.4446,quality(0.50); equipment(0.40); compliance(0.25),0,0,1,0.25,0,0.0963923581458056,0.5,0.4,2025-07-20 07:30:00,抢修,低,华北
TK001453,0.0838,low,0.0539,0.0739,0.0084,cost(0.27); equipment(0.20),0,0,1,0.0,0,0.2691826031794643,0.0,0.2,2025-08-31 16:38:00,保养,低,西南
TK001454,0.0491,low,0.0221,0.0195,0.0017,cost(0.25),0,0,1,0.0,0,0.24571317443574592,0.0,0.0,2025-06-09 15:50:00,巡检,中,西北
TK001455,0.1811,low,0.3247,0.5194,0.253,equipment(0.60); compliance(0.25); cost(0.14),0,0,1,0.25,0,0.1428372133577469,0.0,0.6,2025-01-21 13:43:00,巡检,高,华南
TK001456,0.1551,low,0.3002,0.3873,0.3374,compliance(0.50); cost(0.15),0,0,1,0.5,0,0.15042208115475586,0.0,0.0,2025-01-11 09:54:00,巡检,紧急,华东
TK001457,0.1072,low,0.0844,0.1137,0.0357,quality(0.25); equipment(0.20); cost(0.20),0,0,1,0.0,0,0.19828247257080345,0.25,0.2,2025-06-17 16:57:00,抢修,中,西南
TK001458,0.2339,low,0.1102,0.0748,0.0397,equipment(1.00); quality(0.25); cost(0.23),0,0,1,0.0,0,0.23215265628884063,0.25,1.0,2025-04-15 10:07:00,保养,低,华南
TK001459,0.1705,low,0.0985,0.1207,0.0145,quality(0.75); cost(0.29),0,0,1,0.0,0,0.2901153663349225,0.75,0.0,2025-07-02 17:42:00,改造,紧急,华东
TK001460,0.2326,low,0.1299,0.157,0.0148,equipment(0.80); cost(0.38); quality(0.25),0,0,1,0.0,0,0.3754000176154546,0.25,0.8,2025-01-01 17:28:00,抢修,低,西北
TK001461,0.1202,low,0.2138,0.3872,0.1206,cost(0.29); compliance(0.25),0,0,1,0.25,0,0.28850047641734156,0.0,0.0,2025-06-27 20:24:00,巡检,中,华南
TK001462,0.1603,low,0.1601,0.2675,0.0524,cost(0.30); compliance(0.25); quality(0.25),0,0,1,0.25,0,0.3015153271866635,0.25,0.0,2025-08-25 10:56:00,抢修,高,西南
TK001463,0.1897,low,0.1267,0.1454,0.0541,quality(0.75); cost(0.39),0,0,1,0.0,0,0.38596036378736454,0.75,0.0,2025-12-22 09:03:00,抢修,中,华东
TK001464,0.0544,low,0.0322,0.0422,0.0031,cost(0.27),0,0,1,0.0,0,0.27189009947891996,0.0,0.0,2025-08-28 12:23:00,保养,低,华北
TK001465,0.0829,low,0.0347,0.0268,0.0012,cost(0.26); equipment(0.20),0,0,1,0.0,0,0.26436049801924166,0.0,0.2,2025-09-13 14:39:00,抢修,高,华东
TK001466,0.1039,low,0.0488,0.0373,0.0132,quality(0.25); equipment(0.20); cost(0.18),0,0,1,0.0,0,0.18175040593428338,0.25,0.2,2025-12-13 17:56:00,巡检,中,西北
TK001467,0.2225,low,0.2285,0.2133,0.2488,compliance(0.50); equipment(0.40); cost(0.19),0,0,1,0.5,0,0.1873286014291028,0.0,0.4,2025-11-07 20:24:00,保养,紧急,西南
TK001468,0.0789,low,0.0419,0.047,0.0052,equipment(0.40),0,0,1,0.0,0,0.09444138776665145,0.0,0.4,2025-02-04 16:52:00,保养,中,华东
TK001469,0.1168,low,0.0841,0.1188,0.0213,equipment(0.60); cost(0.13),0,0,1,0.0,0,0.13379066265586403,0.0,0.6,2025-01-30 17:41:00,抢修,低,华南
TK001470,0.1486,low,0.1305,0.1344,0.1111,quality(0.50); equipment(0.40),0,0,1,0.0,0,0.06819837064503553,0.5,0.4,2025-08-19 20:26:00,抢修,低,华东
TK001471,0.0138,low,0.0116,0.0166,0.0048,,0,0,1,0.0,0,0.06908745687214768,0.0,0.0,2025-07-13 17:00:00,抢修,中,华东
TK001472,0.1511,low,0.246,0.467,0.1064,equipment(0.40); compliance(0.25); cost(0.14),0,0,1,0.25,0,0.14288559658973843,0.0,0.4,2025-06-19 14:56:00,保养,高,华北
TK001473,0.1245,low,0.0819,0.1196,0.0078,equipment(0.40); quality(0.25); cost(0.14),0,0,1,0.0,0,0.1351125834412673,0.25,0.4,2025-12-18 18:31:00,保养,高,华南
TK001474,0.161,low,0.2442,0.3323,0.2275,equipment(0.40); compliance(0.25); cost(0.19),0,0,1,0.25,0,0.19246201802608376,0.0,0.4,2025-11-15 11:39:00,抢修,中,西南
TK001475,0.2401,low,0.1024,0.0759,0.0108,compliance(0.50); equipment(0.40); cost(0.28),0,0,1,0.5,0,0.27568227381491306,0.0,0.4,2025-06-23 11:46:00,抢修,中,华北
TK001476,0.1665,low,0.0592,0.0211,0.0052,compliance(0.50); cost(0.21),0,0,1,0.5,0,0.20760011297631176,0.0,0.0,2025-10-17 10:14:00,巡检,中,华中
TK001477,0.3289,low,0.7708,0.9703,0.9502,quality(1.00); equipment(0.60); compliance(0.25),0,0,1,0.25,0,0.13215885786965254,1.0,0.6,2025-07-10 17:10:00,保养,高,华北
TK001478,0.1346,low,0.0448,0.0109,0.0017,equipment(0.40); cost(0.37),0,0,1,0.0,0,0.3732070513522391,0.0,0.4,2025-07-21 19:38:00,巡检,低,华东
TK001479,0.1701,low,0.1253,0.1757,0.0364,cost(0.39); compliance(0.25); equipment(0.20),0,0,1,0.25,0,0.388157394568881,0.0,0.2,2025-03-27 15:43:00,巡检,低,西南
TK001480,0.0479,low,0.0206,0.0174,0.0005,equipment(0.20),0,0,1,0.0,0,0.08941975855725193,0.0,0.2,2025-08-12 14:53:00,抢修,低,华南
TK001481,0.1732,low,0.2895,0.4724,0.2064,quality(0.50); compliance(0.25); cost(0.18),0,0,1,0.25,0,0.17861181000499127,0.5,0.0,2025-01-18 12:38:00,保养,高,华中
TK001482,0.1872,low,0.0847,0.0727,0.0088,equipment(0.80); cost(0.34),0,0,1,0.0,0,0.33612380881224235,0.0,0.8,2025-09-21 10:51:00,保养,低,西北
TK001483,0.1589,low,0.263,0.3921,0.2231,quality(0.50); cost(0.27); equipment(0.20),0,0,1,0.0,0,0.2695606379777311,0.5,0.2,2025-08-13 17:50:00,改造,低,西北
TK001484,0.1587,low,0.0528,0.013,0.0018,equipment(0.40); cost(0.31); quality(0.25),0,0,1,0.0,0,0.30605180507243923,0.25,0.4,2025-05-26 19:11:00,抢修,高,西南
TK001485,0.1219,low,0.0506,0.0312,0.009,quality(0.50); equipment(0.20),0,0,1,0.0,0,0.08440418536968453,0.5,0.2,2025-08-16 07:47:00,抢修,低,华北
TK001486,0.2285,low,0.7184,0.9761,0.8806,quality(0.50); equipment(0.40); compliance(0.25),0,0,1,0.25,0,0.15501482786859366,0.5,0.4,2025-02-05 11:46:00,改造,高,西北
TK001487,0.1144,low,0.0721,0.0711,0.0368,cost(0.26); compliance(0.25),0,0,1,0.25,0,0.2597129406556735,0.0,0.0,2025-12-15 15:38:00,保养,中,华东
TK001488,0.0831,low,0.0288,0.0092,0.0019,quality(0.25); equipment(0.20),0,0,1,0.0,0,0.07797079848923738,0.25,0.2,2025-09-17 17:40:00,抢修,紧急,华东
TK001489,0.2764,low,0.4896,0.3769,0.785,equipment(1.00); compliance(0.25); quality(0.25),0,0,1,0.25,0,0.13212787499883583,0.25,1.0,2025-02-14 18:30:00,改造,中,华中
TK001490,0.2808,low,0.6774,0.9135,0.7813,quality(1.00); cost(0.34); compliance(0.25),0,0,1,0.25,0,0.3417268963388077,1.0,0.0,2025-01-22 11:38:00,改造,低,华北
TK001491,0.0985,low,0.072,0.0936,0.0278,quality(0.50); cost(0.12),0,0,1,0.0,0,0.11761141927642582,0.5,0.0,2025-03-31 17:59:00,抢修,高,西北
TK001492,0.1778,low,0.6218,0.8616,0.7625,quality(1.00); cost(0.14),0,0,1,0.0,0,0.1387575279899761,1.0,0.0,2025-11-28 18:32:00,巡检,低,华北
TK001493,0.1482,low,0.0852,0.0766,0.0397,equipment(0.80); cost(0.14),0,0,1,0.0,0,0.1408699428240573,0.0,0.8,2025-11-10 08:36:00,保养,中,华南
TK001494,0.0569,low,0.0182,0.003,0.0001,quality(0.25),0,0,1,0.0,0,0.09694835680751179,0.25,0.0,2025-02-08 15:12:00,保养,低,西南
TK001495,0.1951,low,0.0798,0.0542,0.0065,equipment(0.40); cost(0.36); compliance(0.25),0,0,1,0.25,0,0.36315328543393677,0.0,0.4,2025-06-14 10:06:00,巡检,高,西南
TK001496,0.2514,low,0.3565,0.6027,0.2003,quality(0.50); equipment(0.40); cost(0.27),0,0,1,0.25,0,0.26933665374229,0.5,0.4,2025-11-18 15:59:00,保养,中,华南
TK001497,0.0828,low,0.0329,0.0211,0.0019,quality(0.25); equipment(0.20),0,0,1,0.0,0,0.07651260646781355,0.25,0.2,2025-07-01 20:45:00,抢修,中,华东
TK001498,0.0794,low,0.0778,0.1294,0.0249,cost(0.40),0,0,1,0.0,0,0.3970724487708617,0.0,0.0,2025-10-03 19:27:00,抢修,低,华南
TK001499,0.1192,low,0.1372,0.1956,0.0941,equipment(0.40); cost(0.30),0,0,1,0.0,0,0.2961518845121852,0.0,0.4,2025-06-07 13:14:00,巡检,高,西南
TK001500,0.1412,low,0.0896,0.0809,0.0542,equipment(0.40); compliance(0.25),0,0,1,0.25,0,0.09325608428510801,0.0,0.4,2025-03-03 07:32:00,抢修,中,华北
TK001501,0.0791,low,0.1713,0.28,0.1416,compliance(0.25),0,0,1,0.25,0,0.08310191919459065,0.0,0.0,2025-04-21 12:16:00,巡检,中,华南
TK001502,0.2446,low,0.5342,0.8491,0.4676,quality(0.75); compliance(0.25); equipment(0.20),0,0,1,0.25,0,0.19806266423062346,0.75,0.2,2025-09-20 19:53:00,改造,中,华中
TK001503,0.1106,low,0.0412,0.0205,0.0024,equipment(0.40); cost(0.25),0,0,1,0.0,0,0.2530033507588837,0.0,0.4,2025-05-12 09:49:00,保养,中,华中
TK001504,0.1214,low,0.0867,0.0964,0.0473,equipment(0.40); quality(0.25); cost(0.12),0,0,1,0.0,0,0.11949067975891114,0.25,0.4,2025-07-06 10:39:00,保养,低,华中
TK001505,0.23,low,0.0946,0.0719,0.0011,equipment(0.60); cost(0.39); compliance(0.25),0,0,1,0.25,0,0.3872872512143666,0.0,0.6,2025-04-26 10:28:00,保养,中,华中
TK001506,0.089,low,0.0323,0.0151,0.0009,quality(0.25); equipment(0.20); cost(0.11),0,0,1,0.0,0,0.10733445649557849,0.25,0.2,2025-10-11 19:06:00,保养,高,西北
TK001507,0.2736,low,0.1233,0.1102,0.0077,equipment(0.60); compliance(0.50); cost(0.29),0,0,1,0.5,0,0.2928912996347065,0.0,0.6,2025-03-20 18:44:00,改造,低,西南
TK001508,0.3725,low,0.7695,0.997,0.8824,cost(1.00); quality(0.75); equipment(0.40),0,0,1,0.0,0,1.0,0.75,0.4,2025-11-25 14:38:00,抢修,中,西北
TK001509,0.1825,low,0.2179,0.3272,0.139,quality(0.50); equipment(0.40); cost(0.24),0,0,1,0.0,0,0.23760313369963826,0.5,0.4,2025-10-06 19:33:00,抢修,中,华南
TK001510,0.2081,low,0.1869,0.3499,0.0057,quality(0.50); equipment(0.40); cost(0.37),0,0,1,0.0,0,0.3654710131905258,0.5,0.4,2025-10-28 13:29:00,保养,低,华中
TK001511,0.3147,low,0.7036,0.8684,0.8721,quality(1.00); equipment(0.80); cost(0.22),0,0,1,0.0,0,0.22363783917823254,1.0,0.8,2025-02-21 09:16:00,改造,中,华中
TK001512,0.1541,low,0.1019,0.1476,0.0115,equipment(0.40); compliance(0.25); cost(0.16),0,0,1,0.25,0,0.15798143581565216,0.0,0.4,2025-03-20 07:46:00,保养,高,华东
TK001513,0.158,low,0.0809,0.0712,0.0245,equipment(0.80); cost(0.19),0,0,1,0.0,0,0.18979817874737515,0.0,0.8,2025-07-17 18:34:00,保养,中,华北
TK001514,0.1866,low,0.3502,0.6159,0.2247,quality(0.75); equipment(0.40),0,0,1,0.0,0,0.0706978081488181,0.75,0.4,2025-12-08 20:12:00,抢修,低,西北
TK001515,0.1922,low,0.2401,0.5066,0.0146,equipment(0.60); compliance(0.25); cost(0.20),0,0,1,0.25,0,0.19852430691492973,0.0,0.6,2025-12-26 12:05:00,保养,高,华北
TK001516,0.0908,low,0.0499,0.0642,0.0005,equipment(0.40); cost(0.15),0,0,1,0.0,0,0.15388054206623314,0.0,0.4,2025-05-15 08:14:00,改造,高,华南
TK001517,0.1955,low,0.127,0.1354,0.0599,cost(0.33); compliance(0.25); quality(0.25),0,0,1,0.25,0,0.32774745698634167,0.25,0.2,2025-04-07 19:17:00,巡检,高,华北
TK001518,0.0712,low,0.0253,0.0095,0.0018,equipment(0.40),0,0,1,0.0,0,0.05612058242481888,0.0,0.4,2025-03-22 08:06:00,抢修,低,华北
TK001519,0.2061,low,0.1281,0.1368,0.0525,equipment(0.60); cost(0.27); compliance(0.25),0,0,1,0.25,0,0.26804482549253605,0.0,0.6,2025-06-15 11:34:00,巡检,高,西南
TK001520,0.2107,low,0.1576,0.2556,0.0141,equipment(0.60); cost(0.29); compliance(0.25),0,0,1,0.25,0,0.29123544465113416,0.0,0.6,2025-08-27 14:12:00,抢修,低,西南
TK001521,0.385,low,0.8039,0.9855,0.9815,cost(1.00); compliance(0.50); equipment(0.40),0,0,1,0.5,0,1.0,0.0,0.4,2025-08-05 09:31:00,抢修,高,华南
TK001522,0.0163,low,0.0114,0.0162,0.0024,,0,0,1,0.0,0,0.08173360214518421,0.0,0.0,2025-04-08 20:31:00,抢修,高,华南
TK001523,0.2031,low,0.1829,0.3011,0.0475,quality(0.75); compliance(0.25); cost(0.14),0,0,1,0.25,0,0.14027361306017516,0.75,0.0,2025-07-24 16:51:00,保养,中,华南
TK001524,0.182,low,0.1357,0.1134,0.1183,compliance(0.50); equipment(0.20); cost(0.14),0,0,1,0.5,0,0.13513065374649402,0.0,0.2,2025-05-24 09:21:00,保养,中,西南
TK001525,0.0924,low,0.0451,0.0408,0.0088,compliance(0.25); cost(0.15),0,0,1,0.25,0,0.14933286615841257,0.0,0.0,2025-10-29 20:58:00,抢修,中,华北
TK001526,0.1347,low,0.0654,0.0411,0.0304,quality(0.50); cost(0.30),0,0,1,0.0,0,0.2983837283582579,0.5,0.0,2025-07-12 09:27:00,抢修,中,华北
TK001527,0.1235,low,0.1518,0.2936,0.0344,compliance(0.25); equipment(0.20); cost(0.16),0,0,1,0.25,0,0.1550996235856723,0.0,0.2,2025-12-21 08:11:00,保养,中,西北
TK001528,0.291,low,0.2764,0.1953,0.3451,equipment(1.00); compliance(0.50),0,0,1,0.5,0,0.07977764727324277,0.0,1.0,2025-09-24 13:32:00,改造,中,华东
TK001529,0.2642,low,0.2099,0.3157,0.0577,equipment(1.00); compliance(0.25); quality(0.25),0,0,1,0.25,0,0.07084624984902765,0.25,1.0,2025-04-09 13:08:00,巡检,紧急,华北
TK001530,0.2306,low,0.1438,0.1444,0.0687,compliance(0.50); cost(0.38); equipment(0.20),0,0,1,0.5,0,0.3777654633287931,0.0,0.2,2025-07-28 07:23:00,巡检,紧急,华北
TK001531,0.0892,low,0.0532,0.0702,0.0053,equipment(0.40); cost(0.15),0,0,1,0.0,0,0.14618926177526004,0.0,0.4,2025-09-04 15:07:00,改造,低,华北
TK001532,0.1014,low,0.0393,0.0216,0.0038,cost(0.36); equipment(0.20),0,0,1,0.0,0,0.35678927346647094,0.0,0.2,2025-07-29 07:38:00,改造,高,华东
TK001533,0.2099,low,0.0749,0.0294,0.0047,compliance(0.50); cost(0.27); equipment(0.20),0,0,1,0.5,0,0.27426968316925227,0.0,0.2,2025-02-24 14:18:00,保养,中,华北
TK001534,0.0989,low,0.1519,0.1765,0.1728,compliance(0.25); cost(0.18),0,0,1,0.25,0,0.18194365143430913,0.0,0.0,2025-06-26 13:05:00,抢修,紧急,西北
TK001535,0.1045,low,0.0329,0.0039,0.0006,equipment(0.60),0,0,1,0.0,0,0.07259753862267615,0.0,0.6,2025-09-06 12:26:00,改造,低,华北
TK001536,0.3164,low,0.6641,0.9174,0.7089,compliance(0.50); quality(0.50); equipment(0.40),0,0,1,0.5,0,0.2819374662625088,0.5,0.4,2025-08-09 14:35:00,保养,中,华中
TK001537,0.1737,low,0.183,0.2807,0.0933,equipment(0.40); compliance(0.25); quality(0.25),0,0,1,0.25,0,0.06871792053635206,0.25,0.4,2025-03-18 09:55:00,抢修,中,华东
TK001538,0.1413,low,0.093,0.0663,0.0782,equipment(0.40); quality(0.25); cost(0.22),0,0,1,0.0,0,0.21911912875726858,0.25,0.4,2025-11-09 13:09:00,抢修,低,华中
TK001539,0.0263,low,0.0197,0.0284,0.0053,cost(0.13),0,0,1,0.0,0,0.13157617179260006,0.0,0.0,2025-05-01 16:36:00,抢修,中,华北
TK001540,0.2751,low,0.4702,0.6224,0.4853,compliance(0.75); cost(0.25); quality(0.25),0,0,1,0.75,0,0.25053039047372405,0.25,0.0,2025-02-28 17:54:00,巡检,低,华东
TK001541,0.3273,low,0.1077,0.0266,0.0005,compliance(0.75); equipment(0.60); cost(0.25),0,0,1,0.75,0,0.24920687803325636,0.0,0.6,2025-01-17 08:35:00,巡检,紧急,华北
TK001542,0.0895,low,0.0619,0.097,0.0032,cost(0.30); equipment(0.20),0,0,1,0.0,0,0.29772456210097986,0.0,0.2,2025-10-21 17:11:00,保养,高,西南
TK001543,0.225,low,0.081,0.0337,0.0048,compliance(0.50); cost(0.31); quality(0.25),0,0,1,0.5,0,0.31247797652337805,0.25,0.0,2025-04-25 15:45:00,巡检,低,华南
TK001544,0.2847,low,0.2072,0.3387,0.0093,compliance(1.00); cost(0.17),0,0,1,1.0,0,0.17352873465728036,0.0,0.0,2025-12-26 13:46:00,抢修,中,华中
TK001545,0.2274,low,0.4624,0.5273,0.599,equipment(0.60); compliance(0.25); quality(0.25),0,0,1,0.25,0,0.1871788836223961,0.25,0.6,2025-04-28 07:30:00,保养,紧急,西南
TK001546,0.0688,low,0.0674,0.1249,0.0087,cost(0.34),0,0,1,0.0,0,0.3438731442032251,0.0,0.0,2025-03-18 12:15:00,保养,中,西南
TK001547,0.1523,low,0.5572,0.7597,0.7019,quality(0.50); equipment(0.40),0,0,1,0.0,0,0.08654541924780712,0.5,0.4,2025-09-25 17:28:00,抢修,高,华东
TK001548,0.1365,low,0.0536,0.0355,0.0006,equipment(0.40); cost(0.38),0,0,1,0.0,0,0.3826198551654596,0.0,0.4,2025-11-08 15:36:00,保养,中,华北
TK001549,0.1707,low,0.2346,0.2854,0.2386,quality(0.50); equipment(0.40); cost(0.18),0,0,1,0.0,0,0.17868822615355606,0.5,0.4,2025-03-24 11:54:00,巡检,低,华中
TK001550,0.237,low,0.1004,0.0527,0.031,compliance(0.50); equipment(0.40); quality(0.25),0,0,1,0.5,0,0.07247900280674036,0.25,0.4,2025-04-11 09:15:00,抢修,中,华南
TK001551,0.0969,low,0.098,0.1487,0.0483,equipment(0.40); cost(0.18),0,0,1,0.0,0,0.18463002126619266,0.0,0.4,2025-01-10 20:13:00,改造,中,西南
TK001552,0.3502,low,0.5312,0.4152,0.8023,equipment(0.80); compliance(0.75); cost(0.21),0,0,1,0.75,0,0.21335285623054667,0.0,0.8,2025-08-18 20:10:00,保养,中,西北
TK001553,0.1218,low,0.0852,0.1212,0.0177,equipment(0.40); quality(0.25); cost(0.12),0,0,1,0.0,0,0.12137798360024066,0.25,0.4,2025-10-28 14:53:00,抢修,中,华南
TK001554,0.1075,low,0.0709,0.0788,0.0317,equipment(0.60),0,0,1,0.0,0,0.08766313388427804,0.0,0.6,2025-12-08 07:45:00,巡检,高,华南
TK001555,0.1521,low,0.1274,0.2144,0.0191,equipment(0.60); quality(0.25); cost(0.12),0,0,1,0.0,0,0.12276463810568772,0.25,0.6,2025-11-30 09:23:00,抢修,中,华东
TK001556,0.2605,low,0.3869,0.6725,0.2096,equipment(0.60); quality(0.50); compliance(0.25),0,0,1,0.25,0,0.16488814747145775,0.5,0.6,2025-05-01 12:15:00,保养,中,华北
TK001557,0.1018,low,0.112,0.2015,0.0313,equipment(0.60),0,0,1,0.0,0,0.059121877365632125,0.0,0.6,2025-01-04 15:16:00,巡检,中,西北
TK001558,0.0631,low,0.0312,0.0295,0.0056,quality(0.25); cost(0.13),0,0,1,0.0,0,0.12814145652266995,0.25,0.0,2025-04-06 07:33:00,改造,高,华东
TK001559,0.3355,low,0.6899,0.8379,0.8458,compliance(0.75); quality(0.50); cost(0.22),0,0,1,0.75,0,0.21513910157252014,0.5,0.2,2025-11-22 18:39:00,巡检,高,华北
TK001560,0.1169,low,0.3307,0.4828,0.3619,compliance(0.25); equipment(0.20); cost(0.12),0,0,1,0.25,0,0.12195362972051038,0.0,0.2,2025-08-08 10:36:00,巡检,高,华北
TK001561,0.0753,low,0.0328,0.0229,0.0062,cost(0.23); equipment(0.20),0,0,1,0.0,0,0.22662167595822602,0.0,0.2,2025-04-01 16:21:00,抢修,中,华中
TK001562,0.1812,low,0.0936,0.0983,0.0138,quality(0.75); equipment(0.20); cost(0.19),0,0,1,0.0,0,0.19330662182949943,0.75,0.2,2025-07-03 12:40:00,抢修,中,华南
TK001563,0.1229,low,0.0657,0.0716,0.0107,quality(0.50); cost(0.24),0,0,1,0.0,0,0.23967002406074556,0.5,0.0,2025-04-13 20:12:00,改造,中,华东
TK001564,0.0774,low,0.0343,0.0225,0.0091,equipment(0.40),0,0,1,0.0,0,0.08703939319495424,0.0,0.4,2025-06-22 19:14:00,保养,中,华北
TK001565,0.1957,low,0.1536,0.2549,0.0162,equipment(0.80); compliance(0.25),0,0,1,0.25,0,0.06581054408679576,0.0,0.8,2025-09-02 19:45:00,抢修,高,西北
TK001566,0.2886,low,0.7219,0.9588,0.8565,quality(1.00); equipment(0.40); cost(0.39),0,0,1,0.0,0,0.3931341991740597,1.0,0.4,2025-04-12 11:12:00,保养,中,西南
TK001567,0.1627,low,0.0512,0.0065,0.0004,compliance(0.50); cost(0.19),0,0,1,0.5,0,0.1884184202152398,0.0,0.0,2025-01-29 17:47:00,保养,低,华中
TK001568,0.0757,low,0.0393,0.0317,0.0156,cost(0.23); equipment(0.20),0,0,1,0.0,0,0.22837673707443984,0.0,0.2,2025-01-24 10:54:00,改造,高,华北
TK001569,0.1822,low,0.0905,0.0865,0.0158,equipment(0.80); quality(0.25); cost(0.12),0,0,1,0.0,0,0.1234192438730255,0.25,0.8,2025-10-04 15:04:00,抢修,中,西北
TK001570,0.2385,low,0.6879,0.9114,0.8495,quality(0.50); equipment(0.40); compliance(0.25),0,0,1,0.25,0,0.20477613684746587,0.5,0.4,2025-04-03 10:28:00,巡检,低,西北
TK001571,0.2684,low,0.121,0.1024,0.0133,equipment(0.60); compliance(0.50); cost(0.27),0,0,1,0.5,0,0.2672126395129729,0.0,0.6,2025-06-05 14:58:00,保养,低,华南
TK001572,0.1367,low,0.0772,0.0792,0.0242,equipment(0.40); compliance(0.25),0,0,1,0.25,0,0.0709714613752489,0.0,0.4,2025-11-19 16:29:00,巡检,中,华中
TK001573,0.262,low,0.3986,0.8429,0.0714,quality(0.75); equipment(0.40); compliance(0.25),0,0,1,0.25,0,0.13496630445021018,0.75,0.4,2025-08-28 16:19:00,保养,紧急,华北
TK001574,0.222,low,0.1058,0.0945,0.0176,compliance(0.50); quality(0.25); equipment(0.20),0,0,1,0.5,0,0.14743579582740252,0.25,0.2,2025-01-13 09:12:00,抢修,中,华南
TK001575,0.1235,low,0.1316,0.1454,0.1246,cost(0.31); compliance(0.25),0,0,1,0.25,0,0.30506854576943543,0.0,0.0,2025-06-01 18:29:00,巡检,低,华北
TK001576,0.136,low,0.1175,0.1743,0.0448,equipment(0.40); cost(0.38),0,0,1,0.0,0,0.38019395591634086,0.0,0.4,2025-01-09 10:29:00,巡检,高,华北
TK001577,0.3018,low,0.7323,0.9742,0.8593,equipment(0.60); compliance(0.50); quality(0.50),0,0,1,0.5,0,0.058912845184569296,0.5,0.6,2025-12-21 18:33:00,改造,中,华南
TK001578,0.0521,low,0.0172,0.0045,0.0,cost(0.26),0,0,1,0.0,0,0.2604386667637705,0.0,0.0,2025-10-29 15:13:00,抢修,低,华东
TK001579,0.1975,low,0.3952,0.555,0.4049,compliance(0.50); equipment(0.40),0,0,1,0.5,0,0.06262848553470857,0.0,0.4,2025-10-03 13:16:00,抢修,高,华北
TK001580,0.2538,low,0.3595,0.6833,0.1263,quality(0.50); equipment(0.40); cost(0.28),0,0,1,0.25,0,0.2813683200269994,0.5,0.4,2025-11-09 17:58:00,保养,中,华南
TK001581,0.1363,low,0.0718,0.0759,0.0123,quality(0.50); cost(0.31),0,0,1,0.0,0,0.306468143523394,0.5,0.0,2025-12-12 10:04:00,巡检,中,华中
TK001582,0.3,low,0.6841,0.9034,0.794,cost(1.00); compliance(0.25); quality(0.25),0,0,1,0.25,0,1.0,0.25,0.0,2025-10-16 11:11:00,巡检,低,华南
TK001583,0.014,low,0.0065,0.0056,0.0009,,0,0,1,0.0,0,0.06984802609446084,0.0,0.0,2025-07-17 10:15:00,巡检,低,华北
TK001584,0.1628,low,0.0532,0.0117,0.0008,compliance(0.50); cost(0.19),0,0,1,0.5,0,0.18892103438026353,0.0,0.0,2025-12-26 09:55:00,保养,中,华北
TK001585,0.1278,low,0.1977,0.2386,0.2168,quality(0.50); cost(0.26),0,0,1,0.0,0,0.26403654691263,0.5,0.0,2025-05-11 08:01:00,巡检,中,华东
TK001586,0.3287,low,0.3921,0.5161,0.3225,quality(0.75); compliance(0.50); cost(0.31),0,0,1,0.5,0,0.3059539956201657,0.75,0.2,2025-05-18 08:38:00,保养,高,华中
TK001587,0.1839,low,0.4578,0.5639,0.5865,equipment(0.40); cost(0.31); compliance(0.25),0,0,1,0.25,0,0.3069840412969399,0.0,0.4,2025-04-02 13:07:00,抢修,高,华东
TK001588,0.0765,low,0.03,0.0166,0.0035,compliance(0.25),0,0,1,0.25,0,0.07018920450821098,0.0,0.0,2025-06-21 10:37:00,抢修,低,华东
TK001589,0.1622,low,0.1102,0.1431,0.0327,equipment(0.60); cost(0.36),0,0,1,0.0,0,0.36076823076564757,0.0,0.6,2025-06-29 08:32:00,抢修,紧急,西北
TK001590,0.1756,low,0.0679,0.0288,0.0148,compliance(0.50); equipment(0.20); cost(0.10),0,0,1,0.5,0,0.10277354656057514,0.0,0.2,2025-02-20 10:48:00,巡检,中,华南
TK001591,0.2459,low,0.1492,0.1425,0.0729,compliance(0.75); cost(0.29),0,0,1,0.75,0,0.2922349990044435,0.0,0.0,2025-01-28 09:35:00,保养,高,华中
TK001592,0.2835,low,0.4166,0.6729,0.2744,quality(0.75); equipment(0.60); compliance(0.25),0,0,1,0.25,0,0.09269277191156589,0.75,0.6,2025-11-03 09:37:00,抢修,低,西北
TK001593,0.144,low,0.1261,0.177,0.0598,equipment(0.60); cost(0.27),0,0,1,0.0,0,0.27020876630078616,0.0,0.6,2025-10-17 18:46:00,巡检,紧急,西北
TK001594,0.2143,low,0.7107,0.9047,0.9422,compliance(0.50); equipment(0.40); cost(0.15),0,0,1,0.5,0,0.14645796196843808,0.0,0.4,2025-03-02 17:51:00,巡检,紧急,华北
TK001595,0.1918,low,0.1952,0.3311,0.0623,equipment(0.60); quality(0.50); cost(0.13),0,0,1,0.0,0,0.13392424016714988,0.5,0.6,2025-07-12 19:32:00,抢修,中,华南
TK001596,0.1162,low,0.0515,0.0398,0.0077,quality(0.50); cost(0.21),0,0,1,0.0,0,0.20595351515772264,0.5,0.0,2025-11-04 09:39:00,巡检,中,华南
TK001597,0.2136,low,0.2441,0.2838,0.2305,equipment(0.80); quality(0.50),0,0,1,0.0,0,0.09295977913032571,0.5,0.8,2025-02-13 16:55:00,保养,低,华北
TK001598,0.2122,low,0.2611,0.4421,0.122,compliance(0.50); cost(0.29); equipment(0.20),0,0,1,0.5,0,0.28608377577900024,0.0,0.2,2025-01-11 12:14:00,改造,紧急,西北
TK001599,0.0929,low,0.0323,0.0112,0.0015,cost(0.31); equipment(0.20),0,0,1,0.0,0,0.3145521975407707,0.0,0.2,2025-01-11 16:30:00,抢修,高,西北
TK001600,0.2729,low,0.6684,0.8996,0.7762,equipment(0.80); quality(0.50); compliance(0.25),0,0,1,0.25,0,0.07706316005031744,0.5,0.8,2025-02-26 08:49:00,巡检,中,西北
TK001601,0.1237,low,0.2327,0.3456,0.2132,compliance(0.25); quality(0.25); cost(0.12),0,0,1,0.25,0,0.11840112246687606,0.25,0.0,2025-04-02 15:46:00,抢修,低,西北
TK001602,0.0753,low,0.0628,0.0981,0.0169,compliance(0.25),0,0,1,0.25,0,0.06415235699305166,0.0,0.0,2025-06-17 17:11:00,巡检,中,西北
TK001603,0.2403,low,0.3647,0.5605,0.2754,cost(0.40); equipment(0.40); compliance(0.25),0,0,1,0.25,0,0.4015793387137435,0.25,0.4,2025-05-09 16:41:00,保养,中,华南
TK001604,0.289,low,0.7746,0.9868,0.9786,quality(1.00); equipment(0.40); compliance(0.25),0,0,1,0.25,0,0.08248542922058677,1.0,0.4,2025-09-18 17:41:00,抢修,中,华北
TK001605,0.3396,low,0.6027,0.6791,0.7518,compliance(0.75); equipment(0.60); quality(0.25),0,0,1,0.75,0,0.12314244322443435,0.25,0.6,2025-06-07 10:29:00,保养,高,华南
TK001606,0.078,low,0.0366,0.0305,0.0072,equipment(0.40),0,0,1,0.0,0,0.08983714396047782,0.0,0.4,2025-12-04 12:54:00,改造,高,华北
TK001607,0.1345,low,0.1361,0.2271,0.0466,quality(0.50); equipment(0.20); cost(0.15),0,0,1,0.0,0,0.147683072906152,0.5,0.2,2025-01-24 11:09:00,巡检,中,华中
TK001608,0.1,low,0.0588,0.0696,0.0128,compliance(0.25); cost(0.19),0,0,1,0.25,0,0.1875440700180463,0.0,0.0,2025-09-26 16:55:00,抢修,低,华南
TK001609,0.1339,low,0.0602,0.0515,0.0056,cost(0.36); compliance(0.25),0,0,1,0.25,0,0.3571550178194448,0.0,0.0,2025-01-08 11:19:00,巡检,高,华北
TK001610,0.1528,low,0.0888,0.1068,0.016,compliance(0.25); quality(0.25); equipment(0.20),0,0,1,0.25,0,0.11404831361237677,0.25,0.2,2025-08-03 16:59:00,抢修,高,西南
TK001611,0.051,low,0.0299,0.0346,0.007,cost(0.26),0,0,1,0.0,0,0.25523257835041446,0.0,0.0,2025-01-19 07:33:00,巡检,中,华北
TK001612,0.1971,low,0.0867,0.0666,0.0123,compliance(0.50); equipment(0.40),0,0,1,0.5,0,0.060250809215839585,0.0,0.4,2025-05-07 10:08:00,保养,中,西北
TK001613,0.1219,low,0.0625,0.065,0.009,equipment(0.40); cost(0.31),0,0,1,0.0,0,0.30966232853478837,0.0,0.4,2025-07-13 08:01:00,保养,紧急,西北
TK001614,0.3599,low,0.4548,0.344,0.6468,equipment(0.80); compliance(0.50); cost(0.39),0,0,1,0.5,0,0.3871197767572132,0.25,0.8,2025-02-19 15:38:00,保养,高,华东
TK001615,0.1175,low,0.1162,0.1888,0.0425,compliance(0.25); equipment(0.20); cost(0.13),0,0,1,0.25,0,0.1250530913371659,0.0,0.2,2025-09-03 09:49:00,巡检,低,西北
TK001616,0.0771,low,0.0654,0.0769,0.0439,equipment(0.40),0,0,1,0.0,0,0.0855178942876953,0.0,0.4,2025-05-01 10:47:00,抢修,中,华东
TK001617,0.1332,low,0.0938,0.1382,0.0157,quality(0.50); equipment(0.20); cost(0.14),0,0,1,0.0,0,0.14102747839639573,0.5,0.2,2025-04-23 10:02:00,巡检,低,华南
TK001618,0.0544,low,0.0266,0.0215,0.008,equipment(0.20); cost(0.12),0,0,1,0.0,0,0.12193531559728743,0.0,0.2,2025-09-14 07:29:00,巡检,中,华东
TK001619,0.1408,low,0.1556,0.2943,0.0297,equipment(0.40); compliance(0.25),0,0,1,0.25,0,0.09172970828976301,0.0,0.4,2025-06-21 16:25:00,巡检,中,华中
TK001620,0.1091,low,0.0667,0.093,0.004,compliance(0.25); cost(0.23),0,0,1,0.25,0,0.23318718692057894,0.0,0.0,2025-10-27 07:33:00,保养,低,西北
TK001621,0.0757,low,0.0482,0.0546,0.0183,compliance(0.25),0,0,1,0.25,0,0.06612230753273296,0.0,0.0,2025-09-30 08:31:00,抢修,中,华北
TK001622,0.2357,low,0.1173,0.1121,0.0211,compliance(0.75); cost(0.24),0,0,1,0.75,0,0.2411106623647521,0.0,0.0,2025-02-26 18:43:00,保养,高,华北
TK001623,0.084,low,0.0722,0.1273,0.0069,compliance(0.25); cost(0.11),0,0,1,0.25,0,0.10741402411790968,0.0,0.0,2025-08-31 15:44:00,巡检,中,华东
TK001624,0.0918,low,0.0371,0.0128,0.0144,cost(0.27); quality(0.25),0,0,1,0.0,0,0.27157043287722327,0.25,0.0,2025-10-03 15:48:00,抢修,中,华南
TK001625,0.1873,low,0.263,0.416,0.1748,quality(0.50); compliance(0.25); cost(0.25),0,0,1,0.25,0,0.248863874711599,0.5,0.0,2025-09-20 08:43:00,抢修,高,华北
TK001626,0.2183,low,0.095,0.0645,0.0197,compliance(0.50); equipment(0.40); cost(0.17),0,0,1,0.5,0,0.16639458327673828,0.0,0.4,2025-01-08 11:09:00,抢修,紧急,西北
TK001627,0.3254,low,0.4246,0.8071,0.1271,compliance(0.75); quality(0.75); cost(0.13),0,0,1,0.75,0,0.12704006482993446,0.75,0.0,2025-09-13 17:57:00,保养,中,华南
TK001628,0.209,low,0.0776,0.0159,0.0266,compliance(0.50); cost(0.27); equipment(0.20),0,0,1,0.5,0,0.2698264280239845,0.0,0.2,2025-07-11 16:21:00,抢修,高,华东
TK001629,0.1712,low,0.6337,0.8291,0.8347,equipment(0.40); compliance(0.25); quality(0.25),0,0,1,0.25,0,0.0562364710951353,0.25,0.4,2025-02-25 09:59:00,抢修,中,华东
TK001630,0.1524,low,0.06,0.0378,0.0031,equipment(0.60); cost(0.31),0,0,1,0.0,0,0.3117673210566956,0.0,0.6,2025-12-19 18:46:00,巡检,中,华北
TK001631,0.1181,low,0.155,0.2966,0.045,compliance(0.25); quality(0.25),0,0,1,0.25,0,0.09067087583976119,0.25,0.0,2025-10-04 12:59:00,保养,中,华东
TK001632,0.4098,medium,0.5948,0.5509,0.7974,compliance(0.75); quality(0.75); equipment(0.60),0,1,0,0.75,0,0.09890812696152773,0.75,0.6,2025-11-16 20:36:00,巡检,中,西南
TK001633,0.1236,low,0.0642,0.0489,0.0287,quality(0.50); cost(0.24),0,0,1,0.0,0,0.24319575801920457,0.5,0.0,2025-11-20 09:45:00,巡检,中,华北
TK001634,0.0812,low,0.0404,0.0294,0.0164,quality(0.25); equipment(0.20),0,0,1,0.0,0,0.06839222921513988,0.25,0.2,2025-04-14 10:41:00,保养,高,西北
TK001635,0.1083,low,0.1248,0.1671,0.0966,equipment(0.60),0,0,1,0.0,0,0.09157813124644143,0.0,0.6,2025-09-23 08:39:00,保养,中,华北
TK001636,0.1647,low,0.1435,0.1699,0.0989,equipment(0.40); compliance(0.25); cost(0.21),0,0,1,0.25,0,0.2112469411937934,0.0,0.4,2025-04-18 08:03:00,改造,高,华东
TK001637,0.2151,low,0.3213,0.4566,0.277,compliance(0.50); equipment(0.40); cost(0.15),0,0,1,0.5,0,0.1506900631933572,0.0,0.4,2025-05-24 12:23:00,抢修,中,华南
TK001638,0.2168,low,0.5573,0.822,0.5845,compliance(0.50); quality(0.50),0,0,1,0.5,0,0.08382419706514477,0.5,0.0,2025-12-30 11:04:00,保养,高,西南
TK001639,0.0495,low,0.107,0.2034,0.0599,cost(0.25),0,0,1,0.0,0,0.2473039502110993,0.0,0.0,2025-02-10 12:25:00,保养,紧急,西北
TK001640,0.0928,low,0.0376,0.0247,0.0031,cost(0.31); equipment(0.20),0,0,1,0.0,0,0.31395212359177604,0.0,0.2,2025-06-11 14:25:00,巡检,中,华南
TK001641,0.2054,low,0.1229,0.1087,0.0665,compliance(0.50); cost(0.25); equipment(0.20),0,0,1,0.5,0,0.2520075451360818,0.0,0.2,2025-02-05 14:47:00,抢修,中,华中
TK001642,0.1528,low,0.0896,0.1027,0.0224,equipment(0.40); compliance(0.25); cost(0.15),0,0,1,0.25,0,0.15139368731761316,0.0,0.4,2025-09-25 17:23:00,保养,低,华北
TK001643,0.2057,low,0.5342,0.7764,0.5736,quality(0.50); cost(0.34); compliance(0.25),0,0,1,0.25,0,0.3410251786398575,0.5,0.0,2025-12-31 14:26:00,抢修,高,西北
TK001644,0.1795,low,0.0722,0.0426,0.0099,equipment(0.40); cost(0.28); compliance(0.25),0,0,1,0.25,0,0.2849859801172572,0.0,0.4,2025-11-27 14:32:00,保养,低,华南
TK001645,0.1189,low,0.0472,0.0317,0.0012,cost(0.41); quality(0.25),0,0,1,0.0,0,0.40702783067722437,0.25,0.0,2025-10-05 20:58:00,巡检,低,西南
TK001646,0.019,low,0.0113,0.0119,0.0041,,0,0,1,0.0,0,0.0952111746556008,0.0,0.0,2025-07-04 15:45:00,改造,中,华东
TK001647,0.2679,low,0.1027,0.0599,0.0038,equipment(0.80); compliance(0.50); cost(0.11),0,0,1,0.5,0,0.11427773987471324,0.0,0.8,2025-06-01 12:46:00,巡检,中,华中
TK001648,0.0464,low,0.0171,0.009,0.0002,cost(0.23),0,0,1,0.0,0,0.23210420518878216,0.0,0.0,2025-04-13 18:20:00,巡检,高,华南
TK001649,0.1452,low,0.0808,0.0922,0.0142,equipment(0.40); quality(0.25); cost(0.24),0,0,1,0.0,0,0.23861855019794853,0.25,0.4,2025-12-11 16:24:00,抢修,中,华中
TK001650,0.2408,low,0.1361,0.1766,0.0059,compliance(0.75); cost(0.27),0,0,1,0.75,0,0.2666979645750116,0.0,0.0,2025-04-28 07:34:00,抢修,中,华东
TK001651,0.0957,low,0.0527,0.0432,0.0254,quality(0.50); cost(0.10),0,0,1,0.0,0,0.10367853574268138,0.5,0.0,2025-04-30 10:51:00,保养,低,华中
TK001652,0.2289,low,0.301,0.4844,0.1795,equipment(0.40); cost(0.34); compliance(0.25),0,0,1,0.25,0,0.34463168645474274,0.25,0.4,2025-11-18 11:11:00,抢修,中,华南
TK001653,0.1149,low,0.107,0.1469,0.0603,quality(0.25); cost(0.24); equipment(0.20),0,0,1,0.0,0,0.23691445881153672,0.25,0.2,2025-04-03 14:02:00,巡检,高,华中
TK001654,0.184,low,0.1751,0.1769,0.1656,equipment(0.60); compliance(0.25); cost(0.16),0,0,1,0.25,0,0.15747397058479184,0.0,0.6,2025-05-15 16:06:00,抢修,紧急,华中
TK001655,0.1516,low,0.2409,0.369,0.1894,compliance(0.25); quality(0.25); equipment(0.20),0,0,1,0.25,0,0.10781402216480107,0.25,0.2,2025-08-05 10:59:00,改造,高,华北
TK001656,0.1405,low,0.152,0.2442,0.0698,cost(0.40); equipment(0.40),0,0,1,0.0,0,0.40262413288149457,0.0,0.4,2025-11-03 16:26:00,巡检,中,华中
TK001657,0.0664,low,0.0254,0.0115,0.0041,equipment(0.20); cost(0.18),0,0,1,0.0,0,0.18188247973594984,0.0,0.2,2025-03-10 12:36:00,巡检,中,西北
TK001658,0.1883,low,0.5778,0.7604,0.729,quality(0.50); compliance(0.25); equipment(0.20),0,0,1,0.25,0,0.10389053690962458,0.5,0.2,2025-08-11 17:45:00,保养,中,华南
TK001659,0.1315,low,0.2261,0.3958,0.1376,compliance(0.25); quality(0.25); cost(0.16),0,0,1,0.25,0,0.15768072999257998,0.25,0.0,2025-06-09 12:41:00,抢修,中,华南
TK001660,0.1178,low,0.0578,0.0624,0.0019,equipment(0.60); cost(0.14),0,0,1,0.0,0,0.1389982833484802,0.0,0.6,2025-10-16 13:05:00,保养,紧急,华北
TK001661,0.2372,low,0.1104,0.0874,0.0246,compliance(0.75); quality(0.25),0,0,1,0.75,0,0.06092699205217034,0.25,0.0,2025-04-08 14:03:00,巡检,紧急,华东
TK001662,0.2792,low,0.7414,0.9413,0.9376,compliance(0.75); quality(0.50),0,0,1,0.75,0,0.08328251167716205,0.5,0.0,2025-10-09 16:50:00,抢修,中,华中
TK001663,0.2405,low,0.2335,0.3778,0.0833,equipment(0.80); cost(0.29); compliance(0.25),0,0,1,0.25,0,0.28995294261443494,0.0,0.8,2025-10-05 13:56:00,抢修,低,华中
TK001664,0.3401,low,0.4694,0.5602,0.4893,compliance(0.75); quality(0.50); cost(0.24),0,0,1,0.75,0,0.23784257913610296,0.5,0.2,2025-03-14 20:06:00,抢修,中,华中
TK001665,0.1395,low,0.4956,0.6543,0.6421,compliance(0.25); cost(0.23); equipment(0.20),0,0,1,0.25,0,0.23490696994788363,0.0,0.2,2025-04-20 16:07:00,保养,高,华南
TK001666,0.158,low,0.2332,0.3423,0.1886,quality(0.50); equipment(0.40); cost(0.12),0,0,1,0.0,0,0.11515635935405721,0.5,0.4,2025-05-23 17:06:00,抢修,中,华东
TK001667,0.2109,low,0.1948,0.2602,0.1156,equipment(1.00); quality(0.25); cost(0.12),0,0,1,0.0,0,0.11685496939783946,0.25,1.0,2025-07-13 16:20:00,改造,高,西北
TK001668,0.1467,low,0.3045,0.2583,0.4859,quality(0.50); equipment(0.40),0,0,1,0.0,0,0.05847666292500997,0.5,0.4,2025-08-08 20:14:00,改造,中,华南
TK001669,0.1401,low,0.1345,0.1189,0.1454,equipment(0.40); compliance(0.25),0,0,1,0.25,0,0.08790466264101449,0.0,0.4,2025-05-06 14:09:00,巡检,紧急,华中
TK001670,0.0145,low,0.0058,0.0036,0.0005,,0,0,1,0.0,0,0.07232198262488365,0.0,0.0,2025-10-10 19:08:00,保养,中,西北
TK001671,0.2509,low,0.0884,0.0359,0.0016,compliance(0.75); cost(0.32),0,0,1,0.75,0,0.31722718787124526,0.0,0.0,2025-03-30 16:32:00,抢修,中,西南
TK001672,0.2323,low,0.1631,0.252,0.0148,quality(0.75); cost(0.29); compliance(0.25),0,0,1,0.25,0,0.28671816310361276,0.75,0.0,2025-09-29 10:27:00,抢修,中,华东
TK001673,0.201,low,0.2334,0.434,0.0607,equipment(0.80); compliance(0.25),0,0,1,0.25,0,0.09262348191590097,0.0,0.8,2025-02-04 16:40:00,保养,高,西南
TK001674,0.288,low,0.5235,0.7437,0.5052,quality(0.75); equipment(0.40); cost(0.27),0,0,1,0.25,0,0.26505715650007766,0.75,0.4,2025-09-10 08:38:00,抢修,高,华东
TK001675,0.1125,low,0.0686,0.093,0.0065,quality(0.50); cost(0.19),0,0,1,0.0,0,0.18766517763173274,0.5,0.0,2025-01-07 19:49:00,保养,中,华东
TK001676,0.1928,low,0.516,0.7133,0.5956,quality(1.00); cost(0.21),0,0,1,0.0,0,0.21417690257606736,1.0,0.0,2025-04-16 18:46:00,巡检,中,西南
TK001677,0.1005,low,0.0914,0.1544,0.0206,equipment(0.40); cost(0.20),0,0,1,0.0,0,0.20249043265533728,0.0,0.4,2025-10-27 18:33:00,抢修,低,西南
TK001678,0.1187,low,0.0553,0.0315,0.0247,cost(0.41); quality(0.25),0,0,1,0.0,0,0.40600845829435217,0.25,0.0,2025-10-04 14:42:00,巡检,中,西北
TK001679,0.132,low,0.0552,0.0284,0.0161,equipment(0.60); cost(0.21),0,0,1,0.0,0,0.21007841732150767,0.0,0.6,2025-04-12 14:40:00,巡检,紧急,西北
TK001680,0.1406,low,0.109,0.112,0.079,cost(0.40); equipment(0.40),0,0,1,0.0,0,0.40296080066722273,0.0,0.4,2025-02-12 10:49:00,巡检,低,西北
TK001681,0.0548,low,0.0458,0.0761,0.0078,equipment(0.20); cost(0.12),0,0,1,0.0,0,0.12414360061418883,0.0,0.2,2025-12-31 19:31:00,巡检,中,西北
TK001682,0.1586,low,0.2589,0.456,0.1477,compliance(0.25); quality(0.25); equipment(0.20),0,0,1,0.25,0,0.14306719753082742,0.25,0.2,2025-10-30 18:12:00,保养,中,西北
TK001683,0.1117,low,0.0444,0.0305,0.0005,cost(0.41); equipment(0.20),0,0,1,0.0,0,0.40851447300528343,0.0,0.2,2025-04-17 11:03:00,抢修,中,华北
TK001684,0.1225,low,0.0708,0.0779,0.0194,equipment(0.40); quality(0.25); cost(0.13),0,0,1,0.0,0,0.12518000626108738,0.25,0.4,2025-09-26 16:29:00,巡检,高,西南
TK001685,0.1997,low,0.1001,0.076,0.0387,compliance(0.75),0,0,1,0.75,0,0.06077873742975648,0.0,0.0,2025-07-02 20:26:00,巡检,高,华北
TK001686,0.0965,low,0.0781,0.1215,0.019,quality(0.25); equipment(0.20); cost(0.15),0,0,1,0.0,0,0.1450863490265959,0.25,0.2,2025-05-07 16:24:00,巡检,高,西南
TK001687,0.0651,low,0.0566,0.1012,0.0047,equipment(0.20); cost(0.18),0,0,1,0.0,0,0.1754829333994966,0.0,0.2,2025-05-29 12:28:00,抢修,低,华北
TK001688,0.1322,low,0.0458,0.0094,0.0082,compliance(0.25); equipment(0.20); cost(0.20),0,0,1,0.25,0,0.19842544707377807,0.0,0.2,2025-06-14 18:45:00,抢修,低,华东
TK001689,0.1611,low,0.1136,0.1694,0.017,equipment(0.40); compliance(0.25); cost(0.19),0,0,1,0.25,0,0.19286229271809663,0.0,0.4,2025-08-02 20:18:00,保养,低,华东
TK001690,0.1941,low,0.1967,0.385,0.0107,equipment(0.40); cost(0.36); compliance(0.25),0,0,1,0.25,0,0.357978915818304,0.0,0.4,2025-11-10 15:20:00,改造,中,华东
TK001691,0.0672,low,0.0775,0.1542,0.0095,quality(0.25); cost(0.15),0,0,1,0.0,0,0.14856638395129929,0.25,0.0,2025-12-02 15:31:00,抢修,中,华东
TK001692,0.2852,low,0.6696,0.7461,0.9225,quality(0.75); equipment(0.60); compliance(0.25),0,0,1,0.25,0,0.10111244755617987,0.75,0.6,2025-12-18 17:13:00,抢修,高,华中
TK001693,0.0847,low,0.1685,0.3448,0.064,cost(0.27); equipment(0.20),0,0,1,0.0,0,0.2734476169273298,0.0,0.2,2025-09-20 18:32:00,抢修,紧急,西南
TK001694,0.1064,low,0.0712,0.1023,0.0098,compliance(0.25); equipment(0.20),0,0,1,0.25,0,0.06927573527845354,0.0,0.2,2025-09-06 17:22:00,巡检,中,西北
TK001695,0.0569,low,0.0249,0.0209,0.0014,quality(0.25),0,0,1,0.0,0,0.09692596825664967,0.25,0.0,2025-07-22 09:49:00,巡检,中,华北
TK001696,0.1525,low,0.0668,0.0497,0.0105,compliance(0.25); quality(0.25); equipment(0.20),0,0,1,0.25,0,0.112423021805647,0.25,0.2,2025-04-28 07:48:00,巡检,中,华中
TK001697,0.1312,low,0.0587,0.052,0.0033,equipment(0.40); cost(0.36),0,0,1,0.0,0,0.35585861681479214,0.0,0.4,2025-04-08 20:43:00,保养,紧急,华东
TK001698,0.0938,low,0.0412,0.0324,0.005,equipment(0.40); cost(0.17),0,0,1,0.0,0,0.16923566796199785,0.0,0.4,2025-08-10 16:01:00,抢修,紧急,华北
TK001699,0.3153,low,0.7865,0.9857,0.9912,quality(0.75); compliance(0.50); cost(0.24),0,0,1,0.5,0,0.23892168034518524,0.75,0.2,2025-08-09 07:48:00,抢修,中,西南
TK001700,0.2836,low,0.7382,0.961,0.9051,equipment(0.80); quality(0.50); compliance(0.25),0,0,1,0.25,0,0.13054954106647576,0.5,0.8,2025-01-26 16:19:00,巡检,紧急,西北
TK001701,0.1408,low,0.0687,0.0707,0.0048,cost(0.39); compliance(0.25),0,0,1,0.25,0,0.3915346283531763,0.0,0.0,2025-09-11 19:50:00,改造,低,西北
TK001702,0.1903,low,0.2393,0.4554,0.0652,equipment(0.40); cost(0.34); compliance(0.25),0,0,1,0.25,0,0.3390739976110776,0.0,0.4,2025-08-15 15:33:00,抢修,低,华南
TK001703,0.0432,low,0.0331,0.0572,0.0004,equipment(0.20),0,0,1,0.0,0,0.06605047058382396,0.0,0.2,2025-06-04 09:07:00,抢修,高,西南
TK001704,0.1145,low,0.1773,0.2956,0.1128,equipment(0.40); cost(0.27),0,0,1,0.0,0,0.27253940655018105,0.0,0.4,2025-12-20 16:29:00,巡检,高,华中
TK001705,0.1557,low,0.2457,0.4889,0.0796,quality(0.50); equipment(0.40); cost(0.10),0,0,1,0.0,0,0.10361664228004319,0.5,0.4,2025-05-01 14:08:00,保养,高,华东
TK001706,0.4926,medium,0.8338,0.9682,0.992,quality(1.00); equipment(0.80); compliance(0.75),0,1,0,0.75,0,0.17554497456319773,1.0,0.8,2025-04-03 10:32:00,巡检,紧急,西南
TK001707,0.1506,low,0.3983,0.6275,0.3815,quality(0.50); cost(0.38),0,0,1,0.0,0,0.37780523721108905,0.5,0.0,2025-01-20 11:10:00,保养,紧急,华北
TK001708,0.2133,low,0.2267,0.3222,0.1427,quality(0.50); equipment(0.40); compliance(0.25),0,0,1,0.25,0,0.07884470604339189,0.5,0.4,2025-03-08 17:51:00,抢修,中,华中
TK001709,0.0296,low,0.0243,0.0424,0.0016,cost(0.15),0,0,1,0.0,0,0.14785875437252916,0.0,0.0,2025-10-14 14:39:00,保养,低,华中
TK001710,0.0714,low,0.0855,0.1025,0.0807,cost(0.36),0,0,1,0.0,0,0.3567838188843815,0.0,0.0,2025-05-30 12:50:00,保养,中,华北
TK001711,0.4725,medium,0.8413,0.9999,0.9988,cost(1.00); quality(1.00); equipment(0.40),0,1,0,0.25,0,1.0,1.0,0.4,2025-03-13 12:28:00,保养,中,华南
TK001712,0.0822,low,0.2317,0.449,0.1426,compliance(0.25),0,0,1,0.25,0,0.09852541033968232,0.0,0.0,2025-06-08 13:26:00,抢修,中,西南
TK001713,0.2596,low,0.1437,0.0909,0.0972,compliance(0.75); equipment(0.40),0,0,1,0.75,0,0.06034839262005476,0.0,0.4,2025-06-22 17:35:00,改造,低,西北
TK001714,0.0852,low,0.0331,0.0202,0.0014,quality(0.25); cost(0.24),0,0,1,0.0,0,0.23869992441421006,0.25,0.0,2025-09-20 08:46:00,巡检,中,华南
TK001715,0.1176,low,0.0983,0.1273,0.0528,cost(0.28); compliance(0.25),0,0,1,0.25,0,0.27564771022409995,0.0,0.0,2025-12-05 07:20:00,保养,中,华北
TK001716,0.0705,low,0.0358,0.0279,0.0141,cost(0.35),0,0,1,0.0,0,0.35230979094147896,0.0,0.0,2025-03-17 19:36:00,抢修,高,华东
TK001717,0.0737,low,0.0279,0.0157,0.0008,cost(0.37),0,0,1,0.0,0,0.36843287628786103,0.0,0.0,2025-01-26 19:09:00,巡检,低,华东
TK001718,0.1948,low,0.0916,0.0874,0.0074,equipment(0.60); compliance(0.25); cost(0.21),0,0,1,0.25,0,0.21140641408837546,0.0,0.6,2025-07-25 17:06:00,巡检,中,华东
TK001719,0.2601,low,0.4309,0.7344,0.2737,compliance(0.50); quality(0.50); equipment(0.20),0,0,1,0.5,0,0.15050096478284647,0.5,0.2,2025-09-06 09:22:00,保养,中,华东
TK001720,0.187,low,0.151,0.1717,0.0994,compliance(0.50); cost(0.31),0,0,1,0.5,0,0.310031369398169,0.0,0.0,2025-06-24 20:43:00,巡检,中,西南
TK001721,0.049,low,0.0385,0.0633,0.0046,quality(0.25),0,0,1,0.0,0,0.057409926801553324,0.25,0.0,2025-10-04 10:13:00,保养,中,华中
TK001722,0.3173,low,0.5096,0.7812,0.4027,compliance(0.75); cost(0.31); quality(0.25),0,0,1,0.75,0,0.31135629010290833,0.25,0.2,2025-08-20 11:00:00,抢修,低,华北
TK001723,0.1144,low,0.0809,0.1231,0.0099,compliance(0.25); quality(0.25),0,0,1,0.25,0,0.0718132159430046,0.25,0.0,2025-03-18 20:56:00,保养,中,华东
TK001724,0.1061,low,0.039,0.0163,0.0041,compliance(0.25); equipment(0.20),0,0,1,0.25,0,0.06816435078737748,0.0,0.2,2025-08-26 13:09:00,巡检,中,西北
TK001725,0.1032,low,0.1498,0.2633,0.0761,cost(0.37); equipment(0.20),0,0,1,0.0,0,0.36622300743061165,0.0,0.2,2025-02-19 08:05:00,保养,中,西北
TK001726,0.2007,low,0.3405,0.536,0.2649,quality(0.75); compliance(0.25); cost(0.13),0,0,1,0.25,0,0.128297559600013,0.75,0.0,2025-02-25 15:30:00,巡检,中,华东
TK001727,0.1986,low,0.2797,0.1971,0.4317,equipment(0.40); compliance(0.25); quality(0.25),0,0,1,0.25,0,0.19311192905578844,0.25,0.4,2025-02-23 19:05:00,抢修,中,华中
TK001728,0.2026,low,0.1059,0.1224,0.0065,equipment(1.00); cost(0.26),0,0,1,0.0,0,0.2632460732984293,0.0,1.0,2025-03-20 14:14:00,抢修,中,华南
TK001729,0.0814,low,0.0427,0.031,0.0213,cost(0.26); equipment(0.20),0,0,1,0.0,0,0.25685530796086375,0.0,0.2,2025-09-10 15:51:00,抢修,中,西北
TK001730,0.2208,low,0.2646,0.3543,0.2123,equipment(0.60); compliance(0.25); quality(0.25),0,0,1,0.25,0,0.15384757325572807,0.25,0.6,2025-11-17 17:29:00,抢修,低,华中
TK001731,0.2771,low,0.1037,0.0518,0.0069,equipment(0.80); compliance(0.50); cost(0.16),0,0,1,0.5,0,0.16031097111453652,0.0,0.8,2025-05-09 08:14:00,抢修,紧急,华中
TK001732,0.0873,low,0.0817,0.0799,0.0788,quality(0.25); equipment(0.20),0,0,1,0.0,0,0.0988747456608291,0.25,0.2,2025-01-12 12:47:00,保养,高,华南
TK001733,0.2121,low,0.1546,0.1341,0.1257,compliance(0.50); cost(0.29); equipment(0.20),0,0,1,0.5,0,0.2853361673926924,0.0,0.2,2025-12-11 09:18:00,保养,中,华中
TK001734,0.1629,low,0.0848,0.0999,0.0029,equipment(0.40); compliance(0.25); cost(0.20),0,0,1,0.25,0,0.2020007062748871,0.0,0.4,2025-11-24 09:45:00,抢修,中,华北
TK001735,0.4525,medium,0.8321,0.9989,0.9906,cost(1.00); equipment(0.60); compliance(0.50),0,1,0,0.5,0,1.0,0.25,0.6,2025-07-05 14:17:00,改造,高,华南
TK001736,0.1154,low,0.0756,0.1115,0.0057,compliance(0.25); equipment(0.20); cost(0.11),0,0,1,0.25,0,0.11473738074159356,0.0,0.2,2025-04-28 12:13:00,巡检,中,华北
TK001737,0.2092,low,0.1833,0.2567,0.0878,compliance(0.50); quality(0.25); equipment(0.20),0,0,1,0.5,0,0.08350400920980416,0.25,0.2,2025-06-09 12:08:00,保养,中,华中
TK001738,0.2043,low,0.1279,0.1534,0.0368,compliance(0.50); equipment(0.40),0,0,1,0.5,0,0.0965567180800978,0.0,0.4,2025-09-16 07:11:00,巡检,中,西南
TK001739,0.1641,low,0.2521,0.2887,0.291,quality(0.75); equipment(0.20); cost(0.11),0,0,1,0.0,0,0.10789923859599404,0.75,0.2,2025-02-16 10:24:00,抢修,中,华东
TK001740,0.2673,low,0.1341,0.1252,0.0289,compliance(0.75); cost(0.40),0,0,1,0.75,0,0.3989690022383504,0.0,0.0,2025-06-22 14:32:00,保养,中,西北
TK001741,0.2632,low,0.5996,0.7263,0.7612,equipment(0.80); quality(0.75); cost(0.15),0,0,1,0.0,0,0.1536587777800399,0.75,0.8,2025-09-05 14:26:00,保养,中,西南
TK001742,0.1052,low,0.1551,0.2297,0.1234,quality(0.50); cost(0.15),0,0,1,0.0,0,0.150843820680856,0.5,0.0,2025-09-10 17:02:00,巡检,中,西北
TK001743,0.0417,low,0.0162,0.0097,0.0008,equipment(0.20),0,0,1,0.0,0,0.05842107816973163,0.0,0.2,2025-04-19 18:14:00,保养,紧急,华北
TK001744,0.2451,low,0.1766,0.1568,0.1377,quality(0.50); equipment(0.40); compliance(0.25),0,0,1,0.25,0,0.23813393291829643,0.5,0.4,2025-05-29 09:50:00,抢修,高,华东
TK001745,0.2627,low,0.6101,0.7894,0.7287,quality(1.00); equipment(0.40); cost(0.26),0,0,1,0.0,0,0.2633963446794524,1.0,0.4,2025-06-04 12:15:00,巡检,中,华东
TK001746,0.277,low,0.2358,0.3154,0.121,equipment(1.00); cost(0.32); compliance(0.25),0,0,1,0.25,0,0.32246663371230844,0.0,1.0,2025-11-19 07:30:00,巡检,紧急,华东
TK001747,0.0725,low,0.028,0.016,0.0019,equipment(0.40),0,0,1,0.0,0,0.06247665028594418,0.0,0.4,2025-12-22 08:34:00,保养,中,华中
TK001748,0.2023,low,0.2915,0.3685,0.291,compliance(0.50); cost(0.39),0,0,1,0.5,0,0.38654298039490764,0.0,0.0,2025-04-13 18:30:00,巡检,高,华南
TK001749,0.1385,low,0.2268,0.2555,0.2737,equipment(0.40); compliance(0.25),0,0,1,0.25,0,0.07998422054562171,0.0,0.4,2025-12-27 16:48:00,保养,高,华东
TK001750,0.2904,low,0.0953,0.0212,0.0022,equipment(0.60); compliance(0.50); cost(0.38),0,0,1,0.5,0,0.37713070160426954,0.0,0.6,2025-05-26 19:54:00,保养,中,西南
TK001751,0.1604,low,0.141,0.2252,0.0403,compliance(0.25); quality(0.25); equipment(0.20),0,0,1,0.25,0,0.15208138497373014,0.25,0.2,2025-10-21 12:17:00,巡检,高,华北
TK001752,0.0976,low,0.0571,0.0764,0.003,equipment(0.40); cost(0.19),0,0,1,0.0,0,0.18795521949394822,0.0,0.4,2025-10-09 11:02:00,巡检,低,西南
TK001753,0.2008,low,0.2289,0.4572,0.0247,compliance(0.50); equipment(0.40),0,0,1,0.5,0,0.0788814049954315,0.0,0.4,2025-04-14 13:28:00,保养,中,西南
TK001754,0.1148,low,0.0745,0.0701,0.0444,compliance(0.25); equipment(0.20); cost(0.11),0,0,1,0.25,0,0.11129726661207595,0.0,0.2,2025-03-04 15:34:00,抢修,中,西北
TK001755,0.1216,low,0.23,0.4963,0.0566,equipment(0.40); cost(0.31),0,0,1,0.0,0,0.3077738413986377,0.0,0.4,2025-04-13 18:30:00,保养,紧急,华南
TK001756,0.407,medium,0.7849,0.947,0.9468,quality(1.00); equipment(1.00); compliance(0.25),0,1,0,0.25,0,0.22230020775345516,1.0,1.0,2025-08-10 20:02:00,保养,高,华中
TK001757,0.314,low,0.7028,0.9518,0.7872,quality(1.00); equipment(1.00),0,0,1,0.0,0,0.07008932298188486,1.0,1.0,2025-08-30 13:20:00,保养,高,西南
TK001758,0.0888,low,0.1296,0.1929,0.1014,equipment(0.40); cost(0.14),0,0,1,0.0,0,0.14407525409149557,0.0,0.4,2025-03-02 18:39:00,改造,低,华南
TK001759,0.289,low,0.412,0.6133,0.3161,equipment(0.80); quality(0.50); compliance(0.25),0,0,1,0.25,0,0.15771393222398733,0.5,0.8,2025-07-26 08:09:00,巡检,中,华中
TK001760,0.0968,low,0.132,0.166,0.1283,equipment(0.40); cost(0.18),0,0,1,0.0,0,0.184078417623048,0.0,0.4,2025-09-08 15:06:00,抢修,中,西南
TK001761,0.2316,low,0.587,0.8487,0.6299,quality(0.75); cost(0.28); compliance(0.25),0,0,1,0.25,0,0.28278693392136767,0.75,0.0,2025-05-26 09:05:00,改造,中,华东
TK001762,0.1469,low,0.1009,0.0957,0.0666,compliance(0.25); quality(0.25); cost(0.23),0,0,1,0.25,0,0.2342703368329424,0.25,0.0,2025-08-14 14:53:00,抢修,中,华北
TK001763,0.0138,low,0.0048,0.0018,0.0001,,0,0,1,0.0,0,0.06875173978891336,0.0,0.0,2025-12-26 09:56:00,保养,中,华中
TK001764,0.2408,low,0.2504,0.2333,0.2756,quality(0.75); compliance(0.25); equipment(0.20),0,0,1,0.25,0,0.1788523887194573,0.75,0.2,2025-02-12 14:28:00,抢修,高,华北
TK001765,0.1374,low,0.3282,0.4484,0.3715,equipment(0.40); compliance(0.25),0,0,1,0.25,0,0.07425622179587643,0.0,0.4,2025-08-19 19:13:00,巡检,紧急,西北
TK001766,0.2161,low,0.0909,0.0693,0.0052,compliance(0.50); quality(0.50),0,0,1,0.5,0,0.08050505101195882,0.5,0.0,2025-12-15 15:22:00,巡检,中,华北
TK001767,0.2092,low,0.0831,0.0473,0.0109,compliance(0.50); equipment(0.40); cost(0.12),0,0,1,0.5,0,0.12085454538545237,0.0,0.4,2025-05-20 10:20:00,改造,中,华南
TK001768,0.1726,low,0.5355,0.6385,0.7436,compliance(0.50); cost(0.24),0,0,1,0.5,0,0.2379201054450305,0.0,0.0,2025-05-13 11:29:00,改造,低,西南
TK001769,0.1618,low,0.1902,0.1923,0.2125,cost(0.31); compliance(0.25); quality(0.25),0,0,1,0.25,0,0.3087507338960319,0.25,0.0,2025-09-04 19:46:00,抢修,中,西南
TK001770,0.2395,low,0.3675,0.6787,0.1659,quality(0.75); compliance(0.25); equipment(0.20),0,0,1,0.25,0,0.17255295498054724,0.75,0.2,2025-10-27 17:45:00,保养,中,华北
TK001771,0.0901,low,0.0799,0.1304,0.0207,compliance(0.25); cost(0.14),0,0,1,0.25,0,0.13775812723795844,0.0,0.0,2025-05-20 07:43:00,巡检,低,西北
TK001772,0.19,low,0.125,0.1664,0.0279,equipment(0.40); compliance(0.25); quality(0.25),0,0,1,0.25,0,0.1500692429041075,0.25,0.4,2025-06-29 12:26:00,巡检,中,华南
TK001773,0.331,low,0.6918,0.8059,0.887,compliance(0.75); cost(0.38); quality(0.25),0,0,1,0.75,0,0.3798629013358331,0.25,0.2,2025-01-05 10:29:00,巡检,紧急,华北
TK001774,0.1757,low,0.5308,0.5995,0.7666,compliance(0.50); equipment(0.20); cost(0.10),0,0,1,0.5,0,0.10359855490753311,0.0,0.2,2025-08-10 20:01:00,保养,紧急,华北
TK001775,0.084,low,0.0343,0.0174,0.0085,equipment(0.40); cost(0.12),0,0,1,0.0,0,0.12015652288288559,0.0,0.4,2025-01-26 14:46:00,巡检,低,华南
TK001776,0.2565,low,0.4146,0.6366,0.3282,equipment(0.60); quality(0.50); compliance(0.25),0,0,1,0.25,0,0.14487694055282085,0.5,0.6,2025-04-13 19:33:00,改造,高,华中
TK001777,0.2157,low,0.0859,0.0546,0.006,equipment(0.60); cost(0.32); compliance(0.25),0,0,1,0.25,0,0.31589446005984223,0.0,0.6,2025-11-06 15:19:00,抢修,低,华南
TK001778,0.131,low,0.0573,0.0479,0.0035,equipment(0.40); quality(0.25); cost(0.17),0,0,1,0.0,0,0.16727327873824693,0.25,0.4,2025-02-08 10:25:00,巡检,高,华东
TK001779,0.099,low,0.0504,0.0516,0.0075,cost(0.34); equipment(0.20),0,0,1,0.0,0,0.3449241034908652,0.0,0.2,2025-09-24 19:27:00,抢修,中,西南
TK001780,0.1643,low,0.1136,0.1507,0.0331,compliance(0.25); quality(0.25); equipment(0.20),0,0,1,0.25,0,0.1713950153571424,0.25,0.2,2025-03-31 07:01:00,抢修,紧急,西南
TK001781,0.1975,low,0.5487,0.7922,0.6063,equipment(0.40); compliance(0.25); quality(0.25),0,0,1,0.25,0,0.18732997569120347,0.25,0.4,2025-10-09 14:14:00,保养,高,华南
TK001782,0.1534,low,0.1319,0.1785,0.0669,compliance(0.25); quality(0.25); equipment(0.20),0,0,1,0.25,0,0.11680699609575262,0.25,0.2,2025-10-22 20:01:00,改造,中,华北
TK001783,0.1047,low,0.0941,0.1409,0.0381,equipment(0.40); cost(0.22),0,0,1,0.0,0,0.22349685353756488,0.0,0.4,2025-09-26 11:06:00,保养,低,华中
TK001784,0.2467,low,0.3969,0.3537,0.5689,equipment(0.60); cost(0.28); compliance(0.25),0,0,1,0.25,0,0.28372868161615816,0.25,0.6,2025-11-29 15:27:00,巡检,紧急,华东
TK001785,0.1518,low,0.095,0.0993,0.042,quality(0.50); cost(0.23); equipment(0.20),0,0,1,0.0,0,0.23399348400502806,0.5,0.2,2025-10-25 07:51:00,抢修,中,华中
TK001786,0.0914,low,0.0384,0.0291,0.0024,equipment(0.40); cost(0.16),0,0,1,0.0,0,0.1568810623944149,0.0,0.4,2025-03-14 15:23:00,抢修,低,华南
TK001787,0.1781,low,0.3575,0.4998,0.369,equipment(0.40); compliance(0.25); quality(0.25),0,0,1,0.25,0,0.0907133999391656,0.25,0.4,2025-04-06 09:16:00,抢修,高,华东
TK001788,0.1819,low,0.3156,0.5138,0.232,compliance(0.50); equipment(0.20); cost(0.13),0,0,1,0.5,0,0.13426702508704735,0.0,0.2,2025-06-23 18:44:00,保养,中,华东
TK001789,0.1796,low,0.1041,0.0974,0.0461,compliance(0.50); equipment(0.20); cost(0.12),0,0,1,0.5,0,0.12304335500070873,0.0,0.2,2025-03-28 10:25:00,保养,中,华中
TK001790,0.1551,low,0.2794,0.5163,0.1491,compliance(0.50); cost(0.15),0,0,1,0.5,0,0.15032200357781744,0.0,0.0,2025-08-22 17:35:00,抢修,高,华南
TK001791,0.0876,low,0.0406,0.0311,0.0098,equipment(0.40); cost(0.14),0,0,1,0.0,0,0.13811989858016538,0.0,0.4,2025-02-07 19:37:00,抢修,中,华中
TK001792,0.1554,low,0.1967,0.3278,0.1009,equipment(0.40); compliance(0.25); cost(0.16),0,0,1,0.25,0,0.16465772637420162,0.0,0.4,2025-07-15 11:22:00,抢修,中,华中
TK001793,0.2435,low,0.4862,0.5834,0.597,quality(0.75); equipment(0.40); cost(0.35),0,0,1,0.0,0,0.3548319414160531,0.75,0.4,2025-07-03 12:19:00,改造,中,西北
TK001794,0.1869,low,0.1505,0.1594,0.1105,equipment(0.40); cost(0.32); compliance(0.25),0,0,1,0.25,0,0.322076194997285,0.0,0.4,2025-04-09 19:35:00,改造,低,华东
TK001795,0.1558,low,0.0513,0.0091,0.0039,compliance(0.50); cost(0.15),0,0,1,0.5,0,0.1539732502513136,0.0,0.0,2025-05-01 08:34:00,保养,低,华中
TK001796,0.2303,low,0.4503,0.7147,0.3746,quality(0.75); equipment(0.40); cost(0.29),0,0,1,0.0,0,0.2889475454588417,0.75,0.4,2025-05-18 20:58:00,保养,紧急,华东
TK001797,0.0662,low,0.0418,0.0432,0.0195,quality(0.25); cost(0.14),0,0,1,0.0,0,0.1436508259253536,0.25,0.0,2025-07-07 07:59:00,巡检,低,华中
TK001798,0.1773,low,0.1238,0.1478,0.0539,equipment(0.60); quality(0.25); cost(0.25),0,0,1,0.0,0,0.24915260027868413,0.25,0.6,2025-03-28 09:07:00,巡检,低,华中
TK001799,0.142,low,0.1247,0.2001,0.0346,cost(0.37); quality(0.25); equipment(0.20),0,0,1,0.0,0,0.3722606018266966,0.25,0.2,2025-04-18 15:59:00,巡检,紧急,华南
TK001800,0.2344,low,0.2739,0.2403,0.3414,equipment(0.80); cost(0.26); compliance(0.25),0,0,1,0.25,0,0.2596858205870195,0.0,0.8,2025-10-15 16:28:00,抢修,紧急,华中
TK001801,0.1793,low,0.112,0.1483,0.018,quality(0.50); equipment(0.40); cost(0.22),0,0,1,0.0,0,0.22158367788350575,0.5,0.4,2025-11-30 19:34:00,巡检,中,华北
TK001802,0.0894,low,0.0507,0.0514,0.0168,compliance(0.25); cost(0.13),0,0,1,0.25,0,0.13464138089219224,0.0,0.0,2025-06-23 17:12:00,巡检,中,西南
TK001803,0.23,low,0.7195,0.9985,0.8601,cost(1.00); equipment(0.20),0,0,1,0.0,0,1.0,0.0,0.2,2025-09-15 07:29:00,抢修,中,华南
TK001804,0.3232,low,0.4241,0.3604,0.5744,compliance(0.75); equipment(0.40); quality(0.25),0,0,1,0.75,0,0.19102144273194654,0.25,0.4,2025-08-03 09:28:00,抢修,低,华北
TK001805,0.1782,low,0.4521,0.6679,0.4712,compliance(0.25); quality(0.25); cost(0.24),0,0,1,0.25,0,0.24107368497057657,0.25,0.2,2025-07-22 07:50:00,抢修,中,西北
TK001806,0.2103,low,0.0941,0.0606,0.0281,compliance(0.75); cost(0.11),0,0,1,0.75,0,0.11423770504059694,0.0,0.0,2025-05-29 09:42:00,巡检,中,华东
TK001807,0.2343,low,0.3902,0.374,0.5401,equipment(0.60); compliance(0.50),0,0,1,0.5,0,0.09655089753789403,0.0,0.6,2025-05-02 20:14:00,改造,中,华北
TK001808,0.2017,low,0.6728,0.9091,0.8404,compliance(0.50); equipment(0.40),0,0,1,0.5,0,0.08353557429729641,0.0,0.4,2025-02-18 20:43:00,巡检,中,华中
TK001809,0.0346,low,0.0401,0.0655,0.0193,cost(0.17),0,0,1,0.0,0,0.17294209407569938,0.0,0.0,2025-03-23 15:39:00,巡检,高,华中
TK001810,0.1558,low,0.1077,0.1053,0.069,equipment(0.60); quality(0.25); cost(0.14),0,0,1,0.0,0,0.14153850240390997,0.25,0.6,2025-11-06 17:52:00,抢修,中,华中
TK001811,0.1266,low,0.2196,0.3768,0.142,compliance(0.25); quality(0.25); cost(0.13),0,0,1,0.25,0,0.13307932458289973,0.25,0.0,2025-11-16 11:33:00,巡检,高,华南
TK001812,0.1256,low,0.1727,0.2104,0.1755,cost(0.32); compliance(0.25),0,0,1,0.25,0,0.3153965595918258,0.0,0.0,2025-02-22 20:57:00,抢修,中,华东
TK001813,0.263,low,0.2245,0.2742,0.1419,equipment(0.80); quality(0.50); cost(0.34),0,0,1,0.0,0,0.34001284471212967,0.5,0.8,2025-12-30 16:50:00,抢修,低,华北
TK001814,0.1899,low,0.2356,0.3903,0.1202,equipment(0.60); compliance(0.25); cost(0.19),0,0,1,0.25,0,0.1870994723973749,0.0,0.6,2025-01-11 18:36:00,巡检,中,华南
TK001815,0.0769,low,0.0314,0.0215,0.0023,cost(0.23); equipment(0.20),0,0,1,0.0,0,0.2343963583114982,0.0,0.2,2025-03-23 11:08:00,巡检,中,华东
TK001816,0.1419,low,0.0661,0.0635,0.0037,compliance(0.25); quality(0.25); cost(0.21),0,0,1,0.25,0,0.20927454659161981,0.25,0.0,2025-11-23 14:05:00,保养,低,西南
TK001817,0.2495,low,0.7398,0.9557,0.9441,compliance(0.50); equipment(0.40); cost(0.32),0,0,1,0.5,0,0.3225011197609242,0.0,0.4,2025-09-13 19:45:00,巡检,高,华北
TK001818,0.1885,low,0.0596,0.0085,0.0001,compliance(0.50); cost(0.32),0,0,1,0.5,0,0.31766010368905284,0.0,0.0,2025-12-11 07:46:00,保养,低,华南
TK001819,0.1632,low,0.436,0.5773,0.5284,quality(1.00),0,0,1,0.0,0,0.06594612219000873,1.0,0.0,2025-12-25 15:03:00,保养,紧急,西北
TK001820,0.1463,low,0.378,0.6864,0.2681,quality(0.50); cost(0.36),0,0,1,0.0,0,0.356516357556921,0.5,0.0,2025-12-16 11:53:00,巡检,中,西北
TK001821,0.106,low,0.1532,0.3136,0.0333,equipment(0.40); cost(0.23),0,0,1,0.0,0,0.22994620322780635,0.0,0.4,2025-12-04 14:25:00,保养,中,西北
TK001822,0.2514,low,0.1387,0.1277,0.053,equipment(0.60); compliance(0.50); cost(0.18),0,0,1,0.5,0,0.18206194412817855,0.0,0.6,2025-04-05 17:19:00,保养,高,华东
TK001823,0.3359,low,0.3836,0.4232,0.3849,equipment(0.80); compliance(0.50); quality(0.50),0,0,1,0.5,0,0.07941027783796051,0.5,0.8,2025-01-06 18:40:00,抢修,高,西北
TK001824,0.3408,low,0.1245,0.0617,0.0019,equipment(1.00); compliance(0.50); cost(0.33),0,0,1,0.5,0,0.32921868246421404,0.0,1.0,2025-01-30 19:54:00,巡检,中,西南
TK001825,0.181,low,0.1119,0.0953,0.0692,equipment(0.40); cost(0.29); compliance(0.25),0,0,1,0.25,0,0.2922647224463082,0.0,0.4,2025-05-06 15:46:00,改造,中,华北
TK001826,0.1196,low,0.0624,0.0534,0.0223,cost(0.29); compliance(0.25),0,0,1,0.25,0,0.28548415112203995,0.0,0.0,2025-09-07 07:15:00,抢修,低,华北
TK001827,0.0698,low,0.0298,0.0246,0.0007,cost(0.35),0,0,1,0.0,0,0.34919785707006745,0.0,0.0,2025-10-30 09:16:00,保养,中,西南
TK001828,0.1723,low,0.2606,0.4291,0.1677,equipment(0.40); compliance(0.25); quality(0.25),0,0,1,0.25,0,0.06149062680963313,0.25,0.4,2025-03-25 17:40:00,保养,中,华北
TK001829,0.1906,low,0.2886,0.4249,0.2364,quality(0.75); equipment(0.40),0,0,1,0.0,0,0.09026947690907527,0.75,0.4,2025-09-27 13:22:00,抢修,高,华东
TK001830,0.2336,low,0.2074,0.2344,0.1578,equipment(0.60); cost(0.41); compliance(0.25),0,0,1,0.25,0,0.4052671658839956,0.0,0.6,2025-09-29 09:49:00,改造,高,西南
TK001831,0.1903,low,0.3679,0.5138,0.3743,equipment(0.40); cost(0.34); compliance(0.25),0,0,1,0.25,0,0.3390938255967275,0.0,0.4,2025-04-06 07:03:00,保养,中,华北
TK001832,0.2196,low,0.2508,0.3742,0.1541,equipment(0.60); compliance(0.25); quality(0.25),0,0,1,0.25,0,0.14807322953700297,0.25,0.6,2025-07-24 17:04:00,抢修,高,华中
TK001833,0.3243,low,0.7342,0.9145,0.9051,equipment(0.80); compliance(0.50); cost(0.40),0,0,1,0.5,0,0.39656733618702666,0.0,0.8,2025-05-05 12:43:00,保养,中,华南
TK001834,0.2677,low,0.1113,0.0747,0.0138,compliance(0.75); cost(0.40),0,0,1,0.75,0,0.40101271302287433,0.0,0.0,2025-05-06 11:42:00,保养,低,华东
TK001835,0.3366,low,0.6747,0.9085,0.7307,quality(0.75); equipment(0.60); cost(0.36),0,0,1,0.25,0,0.35811845048863755,0.75,0.6,2025-11-07 17:33:00,保养,中,华中
TK001836,0.1217,low,0.0527,0.0272,0.019,cost(0.27); quality(0.25); equipment(0.20),0,0,1,0.0,0,0.2709840546871706,0.25,0.2,2025-01-13 19:28:00,巡检,紧急,西北
TK001837,0.2058,low,0.1616,0.1304,0.155,quality(1.00); equipment(0.20); cost(0.13),0,0,1,0.0,0,0.1292441118126031,1.0,0.2,2025-10-09 15:05:00,抢修,中,华北
TK001838,0.2298,low,0.3768,0.5019,0.3777,equipment(0.80); compliance(0.25); cost(0.24),0,0,1,0.25,0,0.23663539575804804,0.0,0.8,2025-12-11 10:32:00,抢修,中,华北
TK001839,0.2441,low,0.1512,0.2166,0.0062,compliance(0.75); equipment(0.20); cost(0.13),0,0,1,0.75,0,0.13310035856479108,0.0,0.2,2025-11-13 11:00:00,抢修,低,华中
TK001840,0.0311,low,0.0224,0.035,0.0024,cost(0.16),0,0,1,0.0,0,0.15526879526675508,0.0,0.0,2025-01-22 12:37:00,巡检,低,华北
TK001841,0.1183,low,0.1155,0.1209,0.1076,compliance(0.25); equipment(0.20); cost(0.13),0,0,1,0.25,0,0.12903108558759124,0.0,0.2,2025-10-16 16:51:00,巡检,中,华东
TK001842,0.147,low,0.1333,0.172,0.0828,equipment(0.40); compliance(0.25); cost(0.12),0,0,1,0.25,0,0.12241523252605813,0.0,0.4,2025-04-19 19:57:00,保养,中,华北
TK001843,0.2772,low,0.4473,0.7186,0.3219,quality(0.75); equipment(0.60); compliance(0.25),0,0,1,0.25,0,0.06095330134953236,0.75,0.6,2025-12-29 13:49:00,保养,中,华南
TK001844,0.0897,low,0.0509,0.0427,0.0257,cost(0.26); quality(0.25),0,0,1,0.0,0,0.26093871573069705,0.25,0.0,2025-11-04 18:06:00,保养,高,华东
TK001845,0.0464,low,0.0274,0.0379,0.0007,equipment(0.20),0,0,1,0.0,0,0.08179510629164422,0.0,0.2,2025-05-25 16:18:00,抢修,高,华南
TK001846,0.1292,low,0.0705,0.0882,0.0024,equipment(0.40); cost(0.35),0,0,1,0.0,0,0.3460302347723103,0.0,0.4,2025-02-18 09:48:00,巡检,高,华南
TK001847,0.2128,low,0.2412,0.3137,0.193,compliance(0.50); quality(0.25); equipment(0.20),0,0,1,0.5,0,0.10154244370059307,0.25,0.2,2025-11-28 07:18:00,保养,中,华中
TK001848,0.1444,low,0.0679,0.0648,0.0054,quality(0.50); cost(0.35),0,0,1,0.0,0,0.3467834496238551,0.5,0.0,2025-06-13 11:30:00,保养,中,华南
TK001849,0.3336,low,0.5269,0.8698,0.3498,compliance(0.50); quality(0.50); equipment(0.40),0,0,1,0.5,0,0.3678323300465074,0.5,0.4,2025-07-16 16:47:00,抢修,紧急,华北
TK001850,0.1413,low,0.0474,0.0136,0.0008,cost(0.41); equipment(0.40),0,0,1,0.0,0,0.4063662758520864,0.0,0.4,2025-09-03 16:38:00,巡检,紧急,华南
TK001851,0.2654,low,0.2118,0.2703,0.1073,compliance(0.50); equipment(0.40); quality(0.25),0,0,1,0.5,0,0.2147159886310609,0.25,0.4,2025-01-12 16:57:00,改造,中,西南
TK001852,0.1874,low,0.2466,0.3591,0.1848,equipment(0.60); compliance(0.25); cost(0.17),0,0,1,0.25,0,0.17442797830105772,0.0,0.6,2025-11-23 12:01:00,保养,低,西北
TK001853,0.2106,low,0.1197,0.1518,0.0096,quality(0.50); equipment(0.40); cost(0.38),0,0,1,0.0,0,0.37782236565174687,0.5,0.4,2025-09-14 19:37:00,保养,低,华中
TK001854,0.2184,low,0.1085,0.1084,0.0143,compliance(0.50); equipment(0.40); cost(0.17),0,0,1,0.5,0,0.16688703187191123,0.0,0.4,2025-07-23 08:17:00,改造,低,西北
TK001855,0.1554,low,0.1449,0.1833,0.0976,cost(0.31); compliance(0.25); equipment(0.20),0,0,1,0.25,0,0.3142635736426358,0.0,0.2,2025-10-21 19:20:00,保养,中,西南
TK001856,0.2578,low,0.3944,0.7507,0.1552,quality(0.75); equipment(0.40); compliance(0.25),0,0,1,0.25,0,0.11391344328429043,0.75,0.4,2025-01-21 18:29:00,抢修,中,华东
TK001857,0.2294,low,0.4325,0.7422,0.2969,compliance(0.50); equipment(0.40); cost(0.22),0,0,1,0.5,0,0.221983769290524,0.0,0.4,2025-07-01 07:08:00,改造,中,华北
TK001858,0.1727,low,0.321,0.3538,0.4152,equipment(0.40); compliance(0.25); quality(0.25),0,0,1,0.25,0,0.06368823978078475,0.25,0.4,2025-08-28 11:45:00,巡检,低,华东
TK001859,0.2467,low,0.5451,0.7922,0.5539,quality(0.75); equipment(0.40); cost(0.37),0,0,1,0.0,0,0.37081838081520724,0.75,0.4,2025-11-24 10:12:00,保养,高,华东
TK001860,0.1339,low,0.2043,0.2861,0.1829,equipment(0.40); compliance(0.25),0,0,1,0.25,0,0.05714642767879452,0.0,0.4,2025-02-04 12:10:00,保养,低,华东
TK001861,0.1867,low,0.4851,0.643,0.5829,equipment(0.60); compliance(0.25); cost(0.17),0,0,1,0.25,0,0.1710486727408167,0.0,0.6,2025-12-25 11:41:00,抢修,紧急,西北
TK001862,0.1439,low,0.1876,0.352,0.0607,compliance(0.25); quality(0.25); equipment(0.20),0,0,1,0.25,0,0.06930574800516032,0.25,0.2,2025-02-12 10:31:00,抢修,高,西南
TK001863,0.1096,low,0.0906,0.1366,0.0283,equipment(0.40); quality(0.25),0,0,1,0.0,0,0.06063313543120008,0.25,0.4,2025-08-18 09:22:00,抢修,低,西南
TK001864,0.0685,low,0.0623,0.1042,0.015,equipment(0.20); cost(0.19),0,0,1,0.0,0,0.19251752958841906,0.0,0.2,2025-01-23 17:08:00,巡检,低,华东
TK001865,0.2206,low,0.6056,0.7033,0.838,compliance(0.50); quality(0.25); equipment(0.20),0,0,1,0.5,0,0.14027295852981625,0.25,0.2,2025-05-09 12:16:00,保养,紧急,华北
TK001866,0.2593,low,0.251,0.3193,0.1757,compliance(0.75); equipment(0.40),0,0,1,0.75,0,0.05918918198580636,0.0,0.4,2025-08-10 14:29:00,保养,高,华东
TK001867,0.3684,low,0.1958,0.2353,0.0083,quality(0.75); compliance(0.50); equipment(0.40),0,0,1,0.5,0,0.3544058249927985,0.75,0.4,2025-03-23 08:10:00,抢修,高,华中
TK001868,0.1991,low,0.0869,0.0547,0.023,compliance(0.50); equipment(0.40),0,0,1,0.5,0,0.07035513592244247,0.0,0.4,2025-05-07 16:12:00,保养,中,华北
TK001869,0.2919,low,0.2969,0.4026,0.1955,compliance(0.75); cost(0.37); equipment(0.20),0,0,1,0.75,0,0.3719375763843189,0.0,0.2,2025-12-12 11:00:00,保养,高,华中
TK001870,0.0498,low,0.0193,0.0116,0.0008,cost(0.25),0,0,1,0.0,0,0.24899021361252338,0.0,0.0,2025-08-12 08:09:00,抢修,中,西北
TK001871,0.2217,low,0.1588,0.2401,0.0235,equipment(0.60); quality(0.50); cost(0.28),0,0,1,0.0,0,0.28373564146820496,0.5,0.6,2025-03-27 13:16:00,抢修,中,西北
TK001872,0.092,low,0.1819,0.2913,0.1495,quality(0.50),0,0,1,0.0,0,0.08509500821583527,0.5,0.0,2025-03-04 08:13:00,保养,中,华东
TK001873,0.1759,low,0.273,0.4066,0.2225,equipment(0.40); cost(0.27); compliance(0.25),0,0,1,0.25,0,0.2671942247591821,0.0,0.4,2025-10-01 12:19:00,抢修,中,西北
TK001874,0.2465,low,0.6393,0.7609,0.8544,equipment(0.80); compliance(0.25); quality(0.25),0,0,1,0.25,0,0.13256881019143119,0.25,0.8,2025-07-20 08:02:00,抢修,紧急,华东
TK001875,0.2687,low,0.1427,0.1582,0.0191,equipment(0.60); compliance(0.50); cost(0.27),0,0,1,0.5,0,0.26871162729607456,0.0,0.6,2025-10-25 13:42:00,改造,中,西北
TK001876,0.1757,low,0.0605,0.0149,0.0073,compliance(0.50); quality(0.25),0,0,1,0.5,0,0.0660676923904926,0.25,0.0,2025-08-02 12:56:00,抢修,低,华中
TK001877,0.1257,low,0.0462,0.0238,0.0004,equipment(0.60); cost(0.18),0,0,1,0.0,0,0.1784638713545157,0.0,0.6,2025-04-01 20:19:00,抢修,中,华南
TK001878,0.2244,low,0.1577,0.1477,0.1105,equipment(1.00); compliance(0.25),0,0,1,0.25,0,0.059717113273442424,0.0,1.0,2025-03-06 14:23:00,巡检,高,西北
TK001879,0.1935,low,0.4056,0.5361,0.4569,quality(0.75); cost(0.41),0,0,1,0.0,0,0.4051932277859337,0.75,0.0,2025-05-28 16:04:00,巡检,低,西南
TK001880,0.0981,low,0.0447,0.0405,0.0031,equipment(0.40); cost(0.19),0,0,1,0.0,0,0.19058521223362113,0.0,0.4,2025-08-20 14:09:00,巡检,低,华南
TK001881,0.1196,low,0.0508,0.0337,0.0089,cost(0.29); compliance(0.25),0,0,1,0.25,0,0.2854887123066835,0.0,0.0,2025-09-26 09:49:00,保养,中,华北
TK001882,0.1235,low,0.1274,0.2105,0.0475,equipment(0.60); cost(0.17),0,0,1,0.0,0,0.16760493468443916,0.0,0.6,2025-02-01 17:07:00,巡检,高,华南
TK001883,0.0816,low,0.0266,0.0044,0.0016,cost(0.26); equipment(0.20),0,0,1,0.0,0,0.2580628322356687,0.0,0.2,2025-08-13 10:21:00,改造,中,华东
TK001884,0.0406,low,0.0171,0.0107,0.0034,cost(0.20),0,0,1,0.0,0,0.20279377126406706,0.0,0.0,2025-10-17 13:08:00,保养,中,华北
TK001885,0.2175,low,0.1993,0.2953,0.0876,quality(0.75); compliance(0.25); cost(0.21),0,0,1,0.25,0,0.21272208929389602,0.75,0.0,2025-02-15 13:13:00,巡检,高,华东
TK001886,0.3195,low,0.4614,0.5095,0.5349,quality(1.00); equipment(0.80); cost(0.25),0,0,1,0.0,0,0.24758344986869385,1.0,0.8,2025-10-08 16:47:00,抢修,中,华南
TK001887,0.1715,low,0.2357,0.3292,0.1973,equipment(0.60); quality(0.25); cost(0.22),0,0,1,0.0,0,0.220178912608198,0.25,0.6,2025-09-08 11:00:00,保养,低,华北
TK001888,0.0753,low,0.1443,0.1841,0.1637,equipment(0.40),0,0,1,0.0,0,0.07635631206633753,0.0,0.4,2025-08-03 09:38:00,保养,中,西北
TK001889,0.0814,low,0.1583,0.2305,0.152,equipment(0.40); cost(0.11),0,0,1,0.0,0,0.10686101415749405,0.0,0.4,2025-04-17 18:22:00,保养,中,华中
TK001890,0.0899,low,0.1145,0.1773,0.0727,cost(0.30); equipment(0.20),0,0,1,0.0,0,0.2995953470392617,0.0,0.2,2025-03-02 20:52:00,抢修,中,西北
TK001891,0.2813,low,0.1951,0.2983,0.018,equipment(0.60); compliance(0.50); quality(0.25),0,0,1,0.5,0,0.14403235230802347,0.25,0.6,2025-01-22 18:17:00,抢修,低,西北
TK001892,0.0989,low,0.07,0.1068,0.0084,quality(0.50); cost(0.12),0,0,1,0.0,0,0.1193107958958427,0.5,0.0,2025-11-06 16:23:00,改造,中,华北
TK001893,0.1158,low,0.0468,0.0219,0.0125,quality(0.25); cost(0.24); equipment(0.20),0,0,1,0.0,0,0.24154756407678835,0.25,0.2,2025-08-16 17:57:00,改造,中,西北
TK001894,0.2598,low,0.2074,0.2993,0.0707,equipment(0.80); quality(0.75); cost(0.14),0,0,1,0.0,0,0.13641576826031387,0.75,0.8,2025-06-16 18:21:00,巡检,高,华北
TK001895,0.1881,low,0.286,0.4055,0.2504,equipment(0.60); compliance(0.25); cost(0.18),0,0,1,0.25,0,0.17776244826288723,0.0,0.6,2025-06-04 11:26:00,保养,紧急,华中
TK001896,0.2202,low,0.1588,0.2231,0.0419,equipment(1.00); quality(0.25); cost(0.16),0,0,1,0.0,0,0.1632856200982712,0.25,1.0,2025-02-03 07:56:00,改造,中,西南
TK001897,0.1732,low,0.0716,0.0435,0.0127,equipment(1.00); cost(0.12),0,0,1,0.0,0,0.11609205715439319,0.0,1.0,2025-03-06 09:51:00,保养,高,华东
TK001898,0.2773,low,0.3659,0.4778,0.3299,equipment(0.80); quality(0.75); cost(0.22),0,0,1,0.0,0,0.22396995480142867,0.75,0.8,2025-02-04 14:33:00,保养,中,华南
TK001899,0.1974,low,0.1775,0.1951,0.1428,equipment(0.80); quality(0.25); cost(0.20),0,0,1,0.0,0,0.1995199668125205,0.25,0.8,2025-06-19 13:44:00,保养,高,西南
TK001900,0.2521,low,0.1465,0.1305,0.0719,compliance(0.50); equipment(0.40); cost(0.34),0,0,1,0.5,0,0.33529134191385845,0.0,0.4,2025-05-14 08:34:00,巡检,低,华北
TK001901,0.0336,low,0.0127,0.0067,0.0009,cost(0.17),0,0,1,0.0,0,0.16778051575031783,0.0,0.0,2025-04-11 16:28:00,抢修,中,西北
TK001902,0.2874,low,0.1922,0.1701,0.1328,compliance(1.00); cost(0.19),0,0,1,1.0,0,0.18691006855134373,0.0,0.0,2025-04-25 10:44:00,巡检,低,华北
TK001903,0.2405,low,0.2454,0.3615,0.1334,equipment(1.00); compliance(0.25); cost(0.14),0,0,1,0.25,0,0.1399948231309529,0.0,1.0,2025-10-25 20:05:00,抢修,低,华北
TK001904,0.154,low,0.0666,0.0352,0.0231,equipment(0.60); cost(0.32),0,0,1,0.0,0,0.3201473885888908,0.0,0.6,2025-01-28 18:51:00,巡检,低,华中
TK001905,0.2595,low,0.2593,0.3689,0.1495,compliance(0.50); equipment(0.40); cost(0.37),0,0,1,0.5,0,0.3726637579799422,0.0,0.4,2025-03-28 18:18:00,巡检,高,西北
TK001906,0.2528,low,0.1201,0.0875,0.039,equipment(1.00); compliance(0.25); cost(0.20),0,0,1,0.25,0,0.2012776860061356,0.0,1.0,2025-01-31 11:42:00,抢修,中,华北
TK001907,0.0172,low,0.0265,0.0576,0.0034,,0,0,1,0.0,0,0.08608859474268715,0.0,0.0,2025-12-03 12:16:00,保养,高,华中
TK001908,0.3605,low,0.5535,0.6934,0.5789,compliance(1.00); equipment(0.60); cost(0.10),0,0,1,1.0,0,0.1024465030467604,0.0,0.6,2025-09-19 14:17:00,巡检,低,华南
TK001909,0.2127,low,0.1079,0.0971,0.0288,compliance(0.50); cost(0.29); equipment(0.20),0,0,1,0.5,0,0.2886647389924659,0.0,0.2,2025-01-05 16:28:00,巡检,紧急,西北
TK001910,0.1409,low,0.0995,0.1279,0.0357,equipment(0.80); cost(0.10),0,0,1,0.0,0,0.10446780746980122,0.0,0.8,2025-06-05 10:13:00,保养,中,华南
TK001911,0.1429,low,0.1641,0.3136,0.0327,equipment(0.40); compliance(0.25); cost(0.10),0,0,1,0.25,0,0.10223702967870119,0.0,0.4,2025-06-22 11:22:00,巡检,高,华北
TK001912,0.1488,low,0.0661,0.0507,0.0107,equipment(0.40); compliance(0.25); cost(0.13),0,0,1,0.25,0,0.13163309484170738,0.0,0.4,2025-11-21 18:25:00,保养,低,华北
TK001913,0.0417,low,0.0213,0.0205,0.0045,cost(0.21),0,0,1,0.0,0,0.2086115118938502,0.0,0.0,2025-10-27 09:03:00,抢修,低,华中
TK001914,0.0644,low,0.0254,0.0127,0.0047,equipment(0.20); cost(0.17),0,0,1,0.0,0,0.17216774615239294,0.0,0.2,2025-11-17 14:40:00,抢修,中,华东
TK001915,0.1349,low,0.0732,0.074,0.0194,equipment(0.80),0,0,1,0.0,0,0.07451272218267768,0.0,0.8,2025-05-17 14:19:00,抢修,高,西北
TK001916,0.29,low,0.7379,0.963,0.8967,cost(1.00); equipment(0.60),0,0,1,0.0,0,1.0,0.0,0.6,2025-08-30 08:31:00,保养,低,西北
TK001917,0.1514,low,0.196,0.2604,0.1697,quality(0.50); compliance(0.25),0,0,1,0.25,0,0.06925360399594715,0.5,0.0,2025-12-02 19:44:00,巡检,高,华东
TK001918,0.2166,low,0.1691,0.1742,0.1234,equipment(1.00); cost(0.33),0,0,1,0.0,0,0.3331708457588537,0.0,1.0,2025-02-07 20:33:00,巡检,中,华北
TK001919,0.2594,low,0.1086,0.0653,0.0227,compliance(0.50); equipment(0.40); cost(0.37),0,0,1,0.5,0,0.37204368158639645,0.0,0.4,2025-07-29 14:09:00,抢修,紧急,西北
TK001920,0.1664,low,0.0774,0.0572,0.0213,equipment(0.40); cost(0.34); quality(0.25),0,0,1,0.0,0,0.34462496149036814,0.25,0.4,2025-09-06 10:29:00,抢修,中,华东
TK001921,0.0405,low,0.0151,0.008,0.0004,cost(0.20),0,0,1,0.0,0,0.2026344296264333,0.0,0.0,2025-08-18 18:14:00,巡检,高,西南
TK001922,0.1545,low,0.0709,0.0684,0.0017,equipment(0.40); compliance(0.25); cost(0.16),0,0,1,0.25,0,0.1598195634404045,0.0,0.4,2025-06-16 14:31:00,巡检,中,华南
TK001923,0.1512,low,0.1747,0.3298,0.0397,quality(0.75); cost(0.19),0,0,1,0.0,0,0.19344781196913285,0.75,0.0,2025-10-13 15:09:00,抢修,高,华南
TK001924,0.0189,low,0.0163,0.0211,0.0093,,0,0,1,0.0,0,0.09431511141088522,0.0,0.0,2025-02-12 11:48:00,抢修,中,华北
TK001925,0.1915,low,0.1168,0.0925,0.077,equipment(0.40); cost(0.35); compliance(0.25),0,0,1,0.25,0,0.34505548928927676,0.0,0.4,2025-09-21 16:43:00,保养,高,华中
TK001926,0.1024,low,0.0392,0.0152,0.0089,equipment(0.40); cost(0.21),0,0,1,0.0,0,0.21185590208625382,0.0,0.4,2025-08-20 07:14:00,巡检,中,华东
TK001927,0.1565,low,0.0968,0.1327,0.0098,quality(0.50); cost(0.41),0,0,1,0.0,0,0.40768279840666644,0.5,0.0,2025-03-03 08:29:00,抢修,高,西北
TK001928,0.0228,low,0.0253,0.0449,0.0078,cost(0.11),0,0,1,0.0,0,0.11391149006299672,0.0,0.0,2025-04-08 11:40:00,巡检,中,华南
TK001929,0.319,low,0.7195,0.9371,0.8451,equipment(0.80); quality(0.75); compliance(0.25),0,0,1,0.25,0,0.11982819852614757,0.75,0.8,2025-09-25 08:31:00,保养,中,华南
TK001930,0.1785,low,0.0621,0.0187,0.0058,compliance(0.50); quality(0.25),0,0,1,0.5,0,0.07993021670614753,0.25,0.0,2025-03-20 12:37:00,保养,中,华北
TK001931,0.2092,low,0.2073,0.2925,0.1206,equipment(0.60); quality(0.50); cost(0.22),0,0,1,0.0,0,0.2210162942607613,0.5,0.6,2025-09-20 12:04:00,巡检,低,华北
TK001932,0.1738,low,0.3084,0.6076,0.1245,compliance(0.50); cost(0.24),0,0,1,0.5,0,0.24419287238205845,0.0,0.0,2025-07-18 08:34:00,保养,中,西南
TK001933,0.1155,low,0.1606,0.2446,0.1153,equipment(0.60); cost(0.13),0,0,1,0.0,0,0.12770346860122417,0.0,0.6,2025-02-12 20:10:00,保养,中,华北
TK001934,0.1312,low,0.0938,0.1093,0.0462,quality(0.50); equipment(0.20); cost(0.13),0,0,1,0.0,0,0.13087980090972273,0.5,0.2,2025-09-04 11:38:00,保养,高,华南
TK001935,0.1679,low,0.0661,0.0289,0.0161,compliance(0.50); equipment(0.20),0,0,1,0.5,0,0.06438895966029723,0.0,0.2,2025-07-18 14:49:00,保养,低,西北
TK001936,0.0754,low,0.029,0.0175,0.0007,cost(0.23); equipment(0.20),0,0,1,0.0,0,0.2270164718214882,0.0,0.2,2025-12-22 16:36:00,巡检,中,华南
TK001937,0.1427,low,0.2773,0.443,0.227,equipment(0.40); compliance(0.25); cost(0.10),0,0,1,0.25,0,0.10096227553699866,0.0,0.4,2025-01-22 18:42:00,改造,低,华东
TK001938,0.2261,low,0.496,0.7512,0.4722,equipment(0.60); compliance(0.25); quality(0.25),0,0,1,0.25,0,0.18047648280675788,0.25,0.6,2025-03-30 17:32:00,巡检,低,华中
TK001939,0.0723,low,0.0469,0.066,0.0059,cost(0.21); equipment(0.20),0,0,1,0.0,0,0.21160503413245335,0.0,0.2,2025-05-15 09:33:00,巡检,中,西南
TK001940,0.0605,low,0.024,0.015,0.0017,cost(0.30),0,0,1,0.0,0,0.3025013870908082,0.0,0.0,2025-11-01 16:22:00,抢修,高,西南
TK001941,0.1661,low,0.0827,0.0749,0.0191,equipment(1.00),0,0,1,0.0,0,0.08036880632943633,0.0,1.0,2025-03-06 11:54:00,保养,紧急,华中
TK001942,0.2762,low,0.1302,0.1187,0.0166,compliance(0.75); cost(0.29); equipment(0.20),0,0,1,0.75,0,0.29348940899452236,0.0,0.2,2025-10-07 15:30:00,巡检,低,华北
TK001943,0.2413,low,0.183,0.1979,0.1181,quality(0.75); equipment(0.40); cost(0.34),0,0,1,0.0,0,0.34378883799374516,0.75,0.4,2025-01-11 19:21:00,保养,中,华南
TK001944,0.0769,low,0.046,0.0406,0.0248,equipment(0.40),0,0,1,0.0,0,0.08460881431811262,0.0,0.4,2025-01-18 18:30:00,巡检,高,华南
TK001945,0.0742,low,0.0498,0.0723,0.0064,compliance(0.25),0,0,1,0.25,0,0.05850970436444547,0.0,0.0,2025-12-25 12:46:00,巡检,高,西北
TK001946,0.2005,low,0.1606,0.2344,0.0527,quality(0.75); equipment(0.40); cost(0.14),0,0,1,0.0,0,0.14001914512353852,0.75,0.4,2025-08-23 12:37:00,改造,高,华南
TK001947,0.233,low,0.1386,0.1406,0.0558,equipment(0.60); cost(0.40); compliance(0.25),0,0,1,0.25,0,0.40243537893441184,0.0,0.6,2025-10-09 07:46:00,巡检,高,西南
TK001948,0.1225,low,0.0605,0.0544,0.0135,cost(0.28); quality(0.25); equipment(0.20),0,0,1,0.0,0,0.2751614974072766,0.25,0.2,2025-11-02 15:47:00,巡检,中,华北
TK001949,0.1051,low,0.0608,0.0584,0.0253,quality(0.25); equipment(0.20); cost(0.19),0,0,1,0.0,0,0.1882188527225367,0.25,0.2,2025-08-27 16:35:00,保养,紧急,华北
TK001950,0.2417,low,0.593,0.7368,0.7502,cost(0.41); equipment(0.40); compliance(0.25),0,0,1,0.25,0,0.40842441159043696,0.25,0.4,2025-10-07 15:01:00,巡检,中,华北
TK001951,0.2793,low,0.1021,0.0517,0.0005,equipment(0.80); compliance(0.50); cost(0.17),0,0,1,0.5,0,0.17162032598274213,0.0,0.8,2025-03-17 16:32:00,巡检,中,华北
TK001952,0.0461,low,0.0264,0.0288,0.0071,cost(0.23),0,0,1,0.0,0,0.23034668463232577,0.0,0.0,2025-10-27 11:39:00,抢修,中,华南
TK001953,0.2164,low,0.2073,0.3358,0.0709,equipment(0.40); cost(0.28); compliance(0.25),0,0,1,0.25,0,0.28197386656107704,0.25,0.4,2025-04-11 20:53:00,巡检,高,华东
TK001954,0.2807,low,0.6286,0.8744,0.681,quality(1.00); cost(0.34); compliance(0.25),0,0,1,0.25,0,0.34113089607108205,1.0,0.0,2025-05-24 17:41:00,抢修,紧急,华南
TK001955,0.0582,low,0.0539,0.0763,0.0277,equipment(0.20); cost(0.14),0,0,1,0.0,0,0.14110727180960525,0.0,0.2,2025-03-07 10:04:00,保养,中,华中
TK001956,0.3243,low,0.676,0.9153,0.7382,quality(1.00); equipment(0.60); compliance(0.25),0,0,1,0.25,0,0.10888020346487459,1.0,0.6,2025-07-09 10:16:00,保养,高,西北
TK001957,0.1927,low,0.1668,0.236,0.0755,equipment(0.40); cost(0.35); compliance(0.25),0,0,1,0.25,0,0.35123924287204444,0.0,0.4,2025-03-25 20:33:00,保养,中,西北
TK001958,0.2956,low,0.2658,0.3873,0.1188,quality(1.00); compliance(0.50); cost(0.10),0,0,1,0.5,0,0.1031266239390265,1.0,0.0,2025-09-28 08:11:00,保养,中,华南
TK001959,0.4067,medium,0.63,0.6793,0.7721,compliance(0.75); quality(0.75); equipment(0.60),0,1,0,0.75,0,0.08332351503453117,0.75,0.6,2025-10-08 11:27:00,抢修,高,华东
TK001960,0.0378,low,0.0327,0.0348,0.0262,cost(0.19),0,0,1,0.0,0,0.18903066890104792,0.0,0.0,2025-08-15 09:55:00,抢修,中,华北
TK001961,0.1418,low,0.056,0.0328,0.0057,equipment(0.60); cost(0.26),0,0,1,0.0,0,0.25909822806669713,0.0,0.6,2025-01-15 19:43:00,抢修,低,西北
TK001962,0.1373,low,0.0738,0.0763,0.017,compliance(0.25); quality(0.25); cost(0.19),0,0,1,0.25,0,0.18634728289876845,0.25,0.0,2025-10-10 19:17:00,巡检,高,西北
TK001963,0.4692,medium,0.8348,0.991,0.9921,quality(1.00); equipment(0.80); compliance(0.75),0,1,0,0.75,0,0.05834001352739293,1.0,0.8,2025-05-13 08:27:00,巡检,中,西南
TK001964,0.1687,low,0.2707,0.4127,0.2161,equipment(0.40); compliance(0.25); cost(0.23),0,0,1,0.25,0,0.2311141101414641,0.0,0.4,2025-03-14 18:25:00,保养,高,西南
TK001965,0.3249,low,0.4495,0.6416,0.3643,compliance(1.00); equipment(0.40),0,0,1,1.0,0,0.07445820289639671,0.0,0.4,2025-01-27 18:12:00,抢修,中,华北
TK001966,0.3163,low,0.1225,0.042,0.0368,equipment(0.60); compliance(0.50); cost(0.32),0,0,1,0.5,0,0.3191360366593021,0.25,0.6,2025-12-26 09:09:00,巡检,中,华中
TK001967,0.2176,low,0.4226,0.4205,0.6003,equipment(0.60); cost(0.33); compliance(0.25),0,0,1,0.25,0,0.325606427555453,0.0,0.6,2025-11-11 15:02:00,保养,高,西北
TK001968,0.1301,low,0.1995,0.3046,0.154,quality(0.50); cost(0.28),0,0,1,0.0,0,0.2755426151402859,0.5,0.0,2025-05-15 16:43:00,抢修,中,西南
TK001969,0.2016,low,0.4055,0.468,0.5179,equipment(0.60); compliance(0.25); quality(0.25),0,0,1,0.25,0,0.05798879123678513,0.25,0.6,2025-07-28 15:26:00,巡检,中,华北
TK001970,0.0379,low,0.0601,0.0683,0.0709,cost(0.19),0,0,1,0.0,0,0.18927502418572129,0.0,0.0,2025-04-22 10:22:00,抢修,中,西北
TK001971,0.2558,low,0.1491,0.1655,0.0411,compliance(0.75); quality(0.25); cost(0.15),0,0,1,0.75,0,0.15375223623614653,0.25,0.0,2025-04-22 20:15:00,巡检,中,华东
TK001972,0.1036,low,0.1086,0.0906,0.1309,equipment(0.40); cost(0.22),0,0,1,0.0,0,0.21787554317633528,0.0,0.4,2025-05-21 09:02:00,改造,中,西南
TK001973,0.2082,low,0.1952,0.3243,0.055,quality(0.75); compliance(0.25); cost(0.17),0,0,1,0.25,0,0.16601613350023647,0.75,0.0,2025-02-25 15:35:00,改造,中,华中
TK001974,0.1727,low,0.1382,0.16,0.0867,quality(0.50); equipment(0.40); cost(0.19),0,0,1,0.0,0,0.18841505590250296,0.5,0.4,2025-03-29 15:44:00,巡检,高,华北
TK001975,0.1604,low,0.1565,0.247,0.0627,quality(0.50); cost(0.28); equipment(0.20),0,0,1,0.0,0,0.2772094790145021,0.5,0.2,2025-11-15 09:29:00,巡检,低,西南
TK001976,0.2975,low,0.783,0.9995,0.9825,cost(1.00); equipment(0.40); quality(0.25),0,0,1,0.0,0,1.0,0.25,0.4,2025-07-19 17:20:00,改造,低,华北
TK001977,0.147,low,0.3845,0.4085,0.5642,compliance(0.25); quality(0.25); equipment(0.20),0,0,1,0.25,0,0.08521763182110731,0.25,0.2,2025-05-08 08:40:00,保养,中,西北
TK001978,0.0372,low,0.0146,0.0072,0.0025,cost(0.19),0,0,1,0.0,0,0.18578485111318555,0.0,0.0,2025-12-10 07:13:00,巡检,低,华东
TK001979,0.0503,low,0.0216,0.0152,0.0033,cost(0.25),0,0,1,0.0,0,0.25156579623334463,0.0,0.0,2025-01-26 16:30:00,改造,紧急,西北
TK001980,0.2788,low,0.2745,0.4969,0.0483,compliance(0.50); quality(0.50); cost(0.24),0,0,1,0.5,0,0.2441294294951889,0.5,0.2,2025-05-30 10:50:00,改造,低,华东
TK001981,0.0187,low,0.0151,0.0233,0.0037,,0,0,1,0.0,0,0.09362935812891493,0.0,0.0,2025-10-18 18:56:00,巡检,高,华中
TK001982,0.2131,low,0.7195,0.9368,0.9364,quality(0.50); compliance(0.25); cost(0.23),0,0,1,0.25,0,0.22806136549000056,0.5,0.2,2025-10-31 12:56:00,巡检,中,西北
TK001983,0.2071,low,0.0881,0.0599,0.0144,compliance(0.50); cost(0.26); equipment(0.20),0,0,1,0.5,0,0.2605796070035846,0.0,0.2,2025-12-17 20:10:00,巡检,中,华北
TK001984,0.2008,low,0.133,0.1706,0.0374,equipment(1.00); cost(0.25),0,0,1,0.0,0,0.25385321013253315,0.0,1.0,2025-12-05 14:21:00,抢修,高,华东
TK001985,0.0993,low,0.0908,0.159,0.0154,cost(0.31); quality(0.25),0,0,1,0.0,0,0.3088800562364923,0.25,0.0,2025-11-24 20:34:00,改造,中,西北
TK001986,0.1786,low,0.4727,0.4618,0.7358,compliance(0.50); equipment(0.20); cost(0.12),0,0,1,0.5,0,0.11819013705753256,0.0,0.2,2025-02-01 10:26:00,保养,低,华东
TK001987,0.2189,low,0.3019,0.4184,0.2565,quality(0.50); cost(0.41); compliance(0.25),0,0,1,0.25,0,0.40717082559065565,0.5,0.0,2025-05-12 11:49:00,抢修,紧急,华南
TK001988,0.565,medium,0.8675,0.9997,0.9945,cost(1.00); quality(1.00); equipment(0.60),0,1,0,0.5,0,1.0,1.0,0.6,2025-02-27 20:38:00,保养,中,华东
TK001989,0.0502,low,0.0297,0.0395,0.0024,cost(0.25),0,0,1,0.0,0,0.2511709027325524,0.0,0.0,2025-07-23 07:44:00,抢修,中,华南
TK001990,0.1151,low,0.2247,0.3544,0.1889,equipment(0.40); cost(0.28),0,0,1,0.0,0,0.2757311544929443,0.0,0.4,2025-01-14 18:40:00,巡检,高,西北
TK001991,0.3192,low,0.121,0.0658,0.0063,equipment(0.60); compliance(0.50); cost(0.33),0,0,1,0.5,0,0.3334128695385623,0.25,0.6,2025-03-18 15:16:00,抢修,低,华中
TK001992,0.2396,low,0.2158,0.3087,0.1026,quality(0.50); cost(0.36); compliance(0.25),0,0,1,0.25,0,0.36069933676345367,0.5,0.2,2025-01-25 16:54:00,改造,中,西北
TK001993,0.1758,low,0.0863,0.0667,0.0293,equipment(0.80); cost(0.28),0,0,1,0.0,0,0.27895629695451973,0.0,0.8,2025-09-17 07:41:00,改造,中,华东
TK001994,0.1732,low,0.0536,0.0037,0.0009,compliance(0.50); equipment(0.20),0,0,1,0.5,0,0.09109676654632382,0.0,0.2,2025-03-01 14:55:00,巡检,中,西北
TK001995,0.0326,low,0.0132,0.0075,0.0023,cost(0.16),0,0,1,0.0,0,0.16293886963502824,0.0,0.0,2025-12-07 10:05:00,巡检,中,华南
TK001996,0.0884,low,0.0431,0.045,0.0024,compliance(0.25); cost(0.13),0,0,1,0.25,0,0.12955954355453547,0.0,0.0,2025-01-17 14:43:00,保养,中,西北
TK001997,0.1372,low,0.2477,0.2829,0.3071,quality(0.50); equipment(0.20); cost(0.16),0,0,1,0.0,0,0.16105546345014266,0.5,0.2,2025-07-19 13:37:00,巡检,低,华北
TK001998,0.1207,low,0.0675,0.0814,0.0081,equipment(0.60); cost(0.15),0,0,1,0.0,0,0.15357837482687686,0.0,0.6,2025-12-05 20:46:00,抢修,高,西南
TK001999,0.1533,low,0.3743,0.5202,0.4178,equipment(0.40); compliance(0.25); cost(0.15),0,0,1,0.25,0,0.1538263293536002,0.0,0.4,2025-05-22 09:03:00,巡检,紧急,华中
TK002000,0.0696,low,0.0413,0.0572,0.0012,equipment(0.20); cost(0.20),0,0,1,0.0,0,0.19788861689106485,0.0,0.2,2025-01-16 19:10:00,保养,高,华北
TK002001,0.2305,low,0.081,0.0268,0.0071,compliance(0.50); cost(0.38); equipment(0.20),0,0,1,0.5,0,0.377417822900489,0.0,0.2,2025-06-04 17:19:00,改造,高,华东
TK002002,0.1566,low,0.154,0.2132,0.0925,equipment(0.40); compliance(0.25); cost(0.17),0,0,1,0.25,0,0.1707007726119707,0.0,0.4,2025-08-08 16:51:00,巡检,高,华南
TK002003,0.1371,low,0.0695,0.0628,0.0183,equipment(0.60); cost(0.24),0,0,1,0.0,0,0.23570183908811415,0.0,0.6,2025-02-04 10:18:00,巡检,中,华北
TK002004,0.0782,low,0.1044,0.2026,0.0286,quality(0.25); cost(0.20),0,0,1,0.0,0,0.20345173017197238,0.25,0.0,2025-06-03 14:06:00,抢修,中,华北
TK002005,0.1291,low,0.0731,0.0934,0.0049,equipment(0.40); cost(0.35),0,0,1,0.0,0,0.34530750010958666,0.0,0.4,2025-09-03 17:19:00,巡检,中,华北
TK002006,0.0487,low,0.0279,0.0273,0.0106,equipment(0.20),0,0,1,0.0,0,0.09357016145042807,0.0,0.2,2025-02-11 07:26:00,巡检,低,西南
TK002007,0.0282,low,0.0347,0.0613,0.0136,cost(0.14),0,0,1,0.0,0,0.14105928760370423,0.0,0.0,2025-11-28 14:50:00,保养,低,华南
TK002008,0.0485,low,0.0567,0.1003,0.0202,equipment(0.20),0,0,1,0.0,0,0.09271707036659615,0.0,0.2,2025-06-08 15:55:00,保养,低,华北
TK002009,0.2552,low,0.4899,0.8541,0.327,equipment(0.80); quality(0.75); cost(0.11),0,0,1,0.0,0,0.11373294470493811,0.75,0.8,2025-11-14 12:59:00,保养,中,华东
TK002010,0.1277,low,0.0553,0.0371,0.0115,equipment(0.40); cost(0.34),0,0,1,0.0,0,0.33845536670253873,0.0,0.4,2025-10-16 08:13:00,巡检,低,华中
TK002011,0.2072,low,0.4724,0.6194,0.5526,equipment(0.40); compliance(0.25); quality(0.25),0,0,1,0.25,0,0.23577286540943343,0.25,0.4,2025-04-13 11:00:00,巡检,紧急,华中
TK002012,0.2401,low,0.1256,0.0974,0.0556,equipment(1.00); cost(0.26); quality(0.25),0,0,1,0.0,0,0.26305932217991357,0.25,1.0,2025-03-30 16:59:00,保养,高,华中
TK002013,0.2182,low,0.2759,0.4352,0.166,quality(0.75); equipment(0.40); cost(0.23),0,0,1,0.0,0,0.22872193970724575,0.75,0.4,2025-01-22 13:08:00,抢修,中,华南
TK002014,0.1185,low,0.0449,0.0237,0.003,cost(0.28); compliance(0.25),0,0,1,0.25,0,0.2798953146837314,0.0,0.0,2025-02-11 16:00:00,抢修,中,西北
TK002015,0.1856,low,0.0765,0.047,0.0124,compliance(0.50); equipment(0.20); cost(0.15),0,0,1,0.5,0,0.1530499280416251,0.0,0.2,2025-01-11 17:53:00,巡检,低,华北
TK002016,0.1199,low,0.0575,0.0554,0.0061,equipment(0.60); cost(0.15),0,0,1,0.0,0,0.1496848298080964,0.0,0.6,2025-01-01 13:42:00,保养,低,华南
TK002017,0.1689,low,0.0986,0.1283,0.0085,equipment(0.60); compliance(0.25),0,0,1,0.25,0,0.08213538835223444,0.0,0.6,2025-08-24 07:39:00,巡检,高,西南
TK002018,0.1337,low,0.1405,0.2114,0.0754,equipment(0.40); cost(0.37),0,0,1,0.0,0,0.3683849668232895,0.0,0.4,2025-03-22 13:34:00,保养,中,西北
TK002019,0.1655,low,0.1555,0.2016,0.1007,equipment(0.40); compliance(0.25); cost(0.21),0,0,1,0.25,0,0.21476519140939243,0.0,0.4,2025-07-03 10:18:00,抢修,中,华北
TK002020,0.1531,low,0.2877,0.5213,0.1695,compliance(0.25); quality(0.25); equipment(0.20),0,0,1,0.25,0,0.11532143353176993,0.25,0.2,2025-06-06 08:00:00,抢修,低,华东
TK002021,0.2134,low,0.2396,0.3914,0.1102,compliance(0.50); cost(0.29); equipment(0.20),0,0,1,0.5,0,0.29206790130354243,0.0,0.2,2025-04-30 20:12:00,保养,高,华北
TK002022,0.293,low,0.18,0.2548,0.0084,compliance(1.00); equipment(0.20),0,0,1,1.0,0,0.06524824932180939,0.0,0.2,2025-05-15 15:20:00,抢修,中,华东
TK002023,0.2462,low,0.0821,0.0219,0.0016,compliance(0.75); cost(0.29),0,0,1,0.75,0,0.2932695530300723,0.0,0.0,2025-06-12 08:04:00,巡检,中,西北
TK002024,0.1035,low,0.1752,0.1977,0.2143,equipment(0.40); cost(0.22),0,0,1,0.0,0,0.2175995495133135,0.0,0.4,2025-02-16 12:32:00,巡检,高,华东
TK002025,0.0906,low,0.0634,0.09,0.0134,cost(0.30); equipment(0.20),0,0,1,0.0,0,0.3028017145086872,0.0,0.2,2025-08-17 13:38:00,抢修,中,西北
TK002026,0.13,low,0.0406,0.0045,0.0001,equipment(0.40); cost(0.35),0,0,1,0.0,0,0.3500603948648331,0.0,0.4,2025-01-23 18:16:00,巡检,紧急,华东
TK002027,0.3163,low,0.4914,0.6798,0.4532,quality(0.75); cost(0.41); equipment(0.40),0,0,1,0.25,0,0.40646568397907035,0.75,0.4,2025-02-13 16:52:00,巡检,中,华南
TK002028,0.1962,low,0.2515,0.3189,0.2314,quality(0.75); compliance(0.25); cost(0.11),0,0,1,0.25,0,0.10598405570242786,0.75,0.0,2025-04-04 17:37:00,抢修,中,西南
TK002029,0.135,low,0.0503,0.0199,0.0082,equipment(0.40); cost(0.38),0,0,1,0.0,0,0.3751178713459883,0.0,0.4,2025-12-08 13:10:00,抢修,中,华南
TK002030,0.2484,low,0.3704,0.4979,0.3476,equipment(0.60); cost(0.29); compliance(0.25),0,0,1,0.25,0,0.29182578588324026,0.25,0.6,2025-12-30 08:06:00,巡检,紧急,西北
TK002031,0.3072,low,0.1504,0.1467,0.0198,equipment(0.80); compliance(0.50); quality(0.25),0,0,1,0.5,0,0.12348003679053299,0.25,0.8,2025-08-02 17:21:00,改造,中,华中
TK002032,0.2683,low,0.4323,0.6963,0.3089,equipment(0.80); compliance(0.25); quality(0.25),0,0,1,0.25,0,0.24144681644448585,0.25,0.8,2025-04-08 09:48:00,抢修,高,华南
TK002033,0.2653,low,0.1148,0.0508,0.0498,equipment(0.60); compliance(0.50); quality(0.25),0,0,1,0.5,0,0.06414883483713218,0.25,0.6,2025-05-16 20:58:00,巡检,中,华北
TK002034,0.32,low,0.2262,0.2143,0.1578,equipment(1.00); compliance(0.50); cost(0.22),0,0,1,0.5,0,0.2249020044162201,0.0,1.0,2025-03-17 10:21:00,保养,中,华中
TK002035,0.1111,low,0.0741,0.1085,0.0079,compliance(0.25); cost(0.24),0,0,1,0.25,0,0.24294498829933453,0.0,0.0,2025-09-04 19:38:00,保养,高,西南
TK002036,0.2466,low,0.689,0.8621,0.8951,compliance(0.50); equipment(0.40); quality(0.25),0,0,1,0.5,0,0.12063453671668789,0.25,0.4,2025-02-08 13:44:00,巡检,紧急,西北
TK002037,0.0803,low,0.0419,0.0344,0.0165,equipment(0.40); cost(0.10),0,0,1,0.0,0,0.10155848874775864,0.0,0.4,2025-05-18 16:28:00,改造,高,华北
TK002038,0.1495,low,0.1805,0.1703,0.2172,equipment(0.60); quality(0.25); cost(0.11),0,0,1,0.0,0,0.10997351824810953,0.25,0.6,2025-09-18 19:21:00,巡检,低,华北
TK002039,0.1685,low,0.0824,0.0806,0.0105,equipment(0.40); compliance(0.25); cost(0.23),0,0,1,0.25,0,0.23011032822152488,0.0,0.4,2025-01-26 14:24:00,保养,高,华东
TK002040,0.3967,low,0.6772,0.7283,0.8665,equipment(0.80); compliance(0.75); quality(0.50),0,0,1,0.75,0,0.07124265480150094,0.5,0.8,2025-12-23 18:01:00,巡检,中,华东
TK002041,0.2634,low,0.6987,0.9051,0.8653,quality(1.00); compliance(0.25); equipment(0.20),0,0,1,0.25,0,0.10428583993913965,1.0,0.2,2025-09-08 07:08:00,保养,低,华南
TK002042,0.1348,low,0.123,0.1714,0.0646,quality(0.50); cost(0.30),0,0,1,0.0,0,0.29888328802295727,0.5,0.0,2025-09-16 17:37:00,改造,中,华中
TK002043,0.0875,low,0.0328,0.0153,0.0034,equipment(0.40); cost(0.14),0,0,1,0.0,0,0.13750295422914316,0.0,0.4,2025-04-04 13:14:00,巡检,中,华北
TK002044,0.2327,low,0.0762,0.0159,0.0025,compliance(0.50); quality(0.25); cost(0.20),0,0,1,0.5,0,0.20078951416439217,0.25,0.2,2025-01-04 20:47:00,巡检,中,华南
TK002045,0.2552,low,0.26,0.421,0.1031,equipment(0.80); quality(0.50); cost(0.30),0,0,1,0.0,0,0.3010052888959762,0.5,0.8,2025-09-20 12:23:00,保养,低,华北
TK002046,0.349,low,0.743,0.9308,0.8929,quality(0.75); equipment(0.60); compliance(0.50),0,0,1,0.5,0,0.1072887043742713,0.75,0.6,2025-03-04 19:02:00,巡检,低,西南
TK002047,0.2625,low,0.5859,0.6772,0.7717,equipment(0.80); compliance(0.25); quality(0.25),0,0,1,0.25,0,0.2126869056438323,0.25,0.8,2025-10-31 13:41:00,巡检,高,华北
TK002048,0.1391,low,0.1116,0.1783,0.0212,equipment(0.80),0,0,1,0.0,0,0.09550285679179216,0.0,0.8,2025-01-11 18:42:00,保养,中,西南
TK002049,0.1109,low,0.1476,0.2202,0.1064,compliance(0.25); equipment(0.20),0,0,1,0.25,0,0.09213840845526855,0.0,0.2,2025-08-11 13:10:00,巡检,中,华中
TK002050,0.1963,low,0.1628,0.1816,0.1154,compliance(0.50); quality(0.25); cost(0.17),0,0,1,0.5,0,0.1691879799476711,0.25,0.0,2025-01-05 15:38:00,巡检,紧急,华东
TK002051,0.0624,low,0.0259,0.019,0.0015,equipment(0.20); cost(0.16),0,0,1,0.0,0,0.16207840949434504,0.0,0.2,2025-02-10 16:48:00,抢修,中,西北
TK002052,0.1405,low,0.0495,0.0193,0.0016,equipment(0.40); quality(0.25); cost(0.21),0,0,1,0.0,0,0.21492943344538007,0.25,0.4,2025-04-23 07:06:00,抢修,紧急,华中
TK002053,0.2075,low,0.3722,0.6446,0.2411,compliance(0.50); quality(0.25); equipment(0.20),0,0,1,0.5,0,0.07496414994891187,0.25,0.2,2025-07-27 12:41:00,保养,高,西北
TK002054,0.1597,low,0.305,0.6757,0.0589,equipment(0.40); compliance(0.25); cost(0.19),0,0,1,0.25,0,0.18580999778597085,0.0,0.4,2025-06-11 19:31:00,抢修,中,西北
TK002055,0.2698,low,0.3038,0.44,0.1968,compliance(0.50); equipment(0.40); quality(0.25),0,0,1,0.5,0,0.2363039285706935,0.25,0.4,2025-07-20 11:08:00,巡检,中,西北
TK002056,0.0479,low,0.0185,0.0079,0.004,equipment(0.20),0,0,1,0.0,0,0.0893862670681902,0.0,0.2,2025-08-30 20:42:00,巡检,高,西北
TK002057,0.3242,low,0.2704,0.2617,0.233,equipment(0.80); compliance(0.50); cost(0.40),0,0,1,0.5,0,0.3958305189416601,0.0,0.8,2025-10-16 20:26:00,巡检,低,西北
TK002058,0.0822,low,0.0579,0.0731,0.022,quality(0.25); equipment(0.20),0,0,1,0.0,0,0.07344835930043414,0.25,0.2,2025-03-06 09:15:00,保养,低,华北
TK002059,0.1328,low,0.0502,0.0279,0.0016,quality(0.50); cost(0.29),0,0,1,0.0,0,0.2891569572713396,0.5,0.0,2025-11-13 11:23:00,抢修,中,华东
TK002060,0.3642,low,0.6982,0.8628,0.8198,compliance(1.00); equipment(0.40); cost(0.27),0,0,1,1.0,0,0.2711037501520476,0.0,0.4,2025-03-16 11:34:00,巡检,中,华中
TK002061,0.1716,low,0.1034,0.1405,0.0077,equipment(0.80); cost(0.26),0,0,1,0.0,0,0.258095652804993,0.0,0.8,2025-08-19 18:56:00,抢修,中,华南
TK002062,0.1347,low,0.0556,0.0411,0.0024,compliance(0.25); cost(0.21); equipment(0.20),0,0,1,0.25,0,0.2110744002675612,0.0,0.2,2025-07-27 08:51:00,保养,高,西南
TK002063,0.1357,low,0.1761,0.3415,0.0454,equipment(0.40); cost(0.38),0,0,1,0.0,0,0.37839457605448545,0.0,0.4,2025-07-13 10:58:00,改造,高,西南
TK002064,0.1153,low,0.0882,0.1358,0.0174,equipment(0.40); cost(0.28),0,0,1,0.0,0,0.2767157230815438,0.0,0.4,2025-09-10 10:37:00,抢修,中,西北
TK002065,0.1204,low,0.0635,0.053,0.0251,cost(0.26); quality(0.25); equipment(0.20),0,0,1,0.0,0,0.26437699200493603,0.25,0.2,2025-01-16 14:15:00,保养,中,西南
TK002066,0.1682,low,0.1333,0.2202,0.0165,equipment(0.40); compliance(0.25); cost(0.23),0,0,1,0.25,0,0.22851288699198724,0.0,0.4,2025-01-09 19:09:00,巡检,低,西北
TK002067,0.1401,low,0.1599,0.1547,0.182,quality(0.50); equipment(0.20); cost(0.18),0,0,1,0.0,0,0.17550078924252532,0.5,0.2,2025-03-10 16:43:00,巡检,中,华南
TK002068,0.0898,low,0.1691,0.3033,0.1029,compliance(0.25); cost(0.14),0,0,1,0.25,0,0.13666340214142736,0.0,0.0,2025-01-18 19:12:00,巡检,中,西北
TK002069,0.1102,low,0.1701,0.1832,0.2083,equipment(0.40); quality(0.25),0,0,1,0.0,0,0.06338297680296057,0.25,0.4,2025-09-10 18:08:00,保养,高,华东
TK002070,0.2435,low,0.4443,0.5084,0.5523,quality(1.00); cost(0.32); equipment(0.20),0,0,1,0.0,0,0.3176905149467443,1.0,0.2,2025-05-10 16:22:00,抢修,高,华中
TK002071,0.2875,low,0.7076,0.9278,0.8475,quality(0.75); equipment(0.60); compliance(0.25),0,0,1,0.25,0,0.11226594254582323,0.75,0.6,2025-02-13 18:30:00,巡检,高,西南
TK002072,0.1676,low,0.0709,0.0417,0.0173,equipment(0.40); cost(0.35); quality(0.25),0,0,1,0.0,0,0.3506387841984224,0.25,0.4,2025-02-12 11:26:00,改造,低,华东
TK002073,0.1806,low,0.1534,0.2414,0.0421,equipment(0.40); cost(0.29); compliance(0.25),0,0,1,0.25,0,0.2904034107908646,0.0,0.4,2025-11-13 09:59:00,改造,高,华南
TK002074,0.2101,low,0.084,0.0302,0.0298,compliance(0.50); equipment(0.40); cost(0.13),0,0,1,0.5,0,0.1254673184783467,0.0,0.4,2025-01-20 20:13:00,巡检,低,西南
TK002075,0.2013,low,0.1738,0.1383,0.1858,compliance(0.50); equipment(0.40),0,0,1,0.5,0,0.08141397395425953,0.0,0.4,2025-04-18 13:34:00,保养,中,西南
TK002076,0.2464,low,0.1078,0.0686,0.0283,compliance(0.50); equipment(0.40); quality(0.25),0,0,1,0.5,0,0.11943999210329637,0.25,0.4,2025-06-22 20:34:00,保养,紧急,西北
TK002077,0.1997,low,0.0808,0.0553,0.0043,equipment(0.60); compliance(0.25); cost(0.24),0,0,1,0.25,0,0.23607535074352382,0.0,0.6,2025-08-24 13:39:00,巡检,中,西南
TK002078,0.0839,low,0.0609,0.096,0.0062,equipment(0.40); cost(0.12),0,0,1,0.0,0,0.11968191996325439,0.0,0.4,2025-07-08 12:38:00,保养,中,西北
TK002079,0.0596,low,0.032,0.0383,0.0019,quality(0.25); cost(0.11),0,0,1,0.0,0,0.11035119686493777,0.25,0.0,2025-07-22 17:40:00,保养,高,华东
TK002080,0.1878,low,0.0993,0.1112,0.0115,equipment(0.60); compliance(0.25); cost(0.18),0,0,1,0.25,0,0.17667149500648016,0.0,0.6,2025-12-07 12:05:00,抢修,低,华南
TK002081,0.2315,low,0.0771,0.0201,0.0017,compliance(0.50); equipment(0.40); cost(0.23),0,0,1,0.5,0,0.2323200477881392,0.0,0.4,2025-08-18 17:16:00,保养,中,西北
TK002082,0.1824,low,0.5518,0.7843,0.636,equipment(0.40); compliance(0.25); quality(0.25),0,0,1,0.25,0,0.11198275201335328,0.25,0.4,2025-07-07 10:52:00,保养,高,西北
TK002083,0.2212,low,0.1859,0.2856,0.0559,quality(0.50); equipment(0.40); compliance(0.25),0,0,1,0.25,0,0.11866934327502154,0.5,0.4,2025-01-24 20:25:00,巡检,中,华北
TK002084,0.0923,low,0.0529,0.0692,0.0029,cost(0.31); equipment(0.20),0,0,1,0.0,0,0.3117451260104612,0.0,0.2,2025-07-01 18:39:00,巡检,低,西北
TK002085,0.1086,low,0.0393,0.0182,0.0009,cost(0.36); quality(0.25),0,0,1,0.0,0,0.35539911515902645,0.25,0.0,2025-09-25 09:57:00,保养,高,华北
TK002086,0.1312,low,0.0758,0.0686,0.0354,equipment(0.80),0,0,1,0.0,0,0.05593537168526308,0.0,0.8,2025-10-09 16:15:00,抢修,中,华北
TK002087,0.3164,low,0.1037,0.0184,0.0066,compliance(0.50); quality(0.50); equipment(0.40),0,0,1,0.5,0,0.2818762047298202,0.5,0.4,2025-05-05 10:02:00,巡检,中,华东
TK002088,0.1658,low,0.2234,0.3023,0.1939,quality(0.50); equipment(0.40); cost(0.15),0,0,1,0.0,0,0.15386375065697178,0.5,0.4,2025-06-10 17:26:00,抢修,低,西南
TK002089,0.1342,low,0.1956,0.2307,0.213,quality(0.75); cost(0.11),0,0,1,0.0,0,0.10848286129310292,0.75,0.0,2025-03-28 08:40:00,保养,中,华中
TK002090,0.2425,low,0.7258,0.9553,0.9107,quality(0.75); equipment(0.60); cost(0.20),0,0,1,0.0,0,0.20003198342424278,0.75,0.6,2025-03-19 11:08:00,巡检,高,华北
TK002091,0.1947,low,0.3447,0.4487,0.3693,equipment(0.40); cost(0.36); compliance(0.25),0,0,1,0.25,0,0.3609917915423375,0.0,0.4,2025-08-28 18:11:00,保养,中,西南
TK002092,0.0864,low,0.0422,0.0322,0.0142,equipment(0.40); cost(0.13),0,0,1,0.0,0,0.1321835439696768,0.0,0.4,2025-03-06 17:05:00,改造,高,西南
TK002093,0.3225,low,0.7336,0.9808,0.8387,cost(1.00); equipment(0.40); compliance(0.25),0,0,1,0.25,0,1.0,0.0,0.4,2025-04-15 10:12:00,保养,低,华东
TK002094,0.1207,low,0.0653,0.0724,0.0108,equipment(0.40); cost(0.30),0,0,1,0.0,0,0.30360903866062194,0.0,0.4,2025-02-12 10:14:00,抢修,中,华南
TK002095,0.2485,low,0.4301,0.717,0.2989,quality(0.75); equipment(0.40); compliance(0.25),0,0,1,0.25,0,0.06754823580540892,0.75,0.4,2025-02-14 13:38:00,巡检,低,华南
TK002096,0.1597,low,0.1446,0.1694,0.107,equipment(0.40); cost(0.31); quality(0.25),0,0,1,0.0,0,0.31114716329726044,0.25,0.4,2025-06-16 14:18:00,巡检,高,华中
TK002097,0.1692,low,0.1337,0.194,0.043,equipment(0.80); quality(0.25),0,0,1,0.0,0,0.05857705286839143,0.25,0.8,2025-03-31 07:24:00,巡检,低,西北
TK002098,0.1374,low,0.0528,0.0321,0.0011,equipment(0.40); cost(0.39),0,0,1,0.0,0,0.386906177107497,0.0,0.4,2025-09-08 18:19:00,抢修,高,西南
TK002099,0.0222,low,0.0235,0.0433,0.0048,cost(0.11),0,0,1,0.0,0,0.11091103332481322,0.0,0.0,2025-03-18 09:34:00,巡检,高,华东
TK002100,0.3034,low,0.1229,0.0769,0.0141,compliance(0.50); quality(0.50); equipment(0.40),0,0,1,0.5,0,0.21702571147719596,0.5,0.4,2025-04-11 09:52:00,巡检,中,华中
TK002101,0.1095,low,0.0406,0.017,0.005,equipment(0.40); cost(0.25),0,0,1,0.0,0,0.24757783773959485,0.0,0.4,2025-03-16 07:41:00,保养,低,华北
TK002102,0.1761,low,0.057,0.0085,0.0034,compliance(0.50); quality(0.25),0,0,1,0.5,0,0.06799778709012327,0.25,0.0,2025-08-09 18:24:00,保养,中,西北
TK002103,0.1975,low,0.2723,0.3155,0.2931,equipment(0.40); compliance(0.25); quality(0.25),0,0,1,0.25,0,0.18744851302862253,0.25,0.4,2025-09-21 10:36:00,保养,中,华东
TK002104,0.231,low,0.1456,0.2109,0.007,equipment(0.60); cost(0.39); compliance(0.25),0,0,1,0.25,0,0.3923634229740557,0.0,0.6,2025-09-20 19:42:00,改造,低,西南
TK002105,0.2733,low,0.2795,0.3328,0.2315,compliance(0.50); quality(0.50); cost(0.37),0,0,1,0.5,0,0.36626156840233537,0.5,0.0,2025-08-02 08:29:00,巡检,紧急,西北
TK002106,0.1791,low,0.1213,0.1538,0.0394,equipment(0.40); cost(0.28); compliance(0.25),0,0,1,0.25,0,0.28292828289517247,0.0,0.4,2025-12-18 17:52:00,抢修,中,华东
TK002107,0.2547,low,0.4539,0.6287,0.4498,equipment(0.60); cost(0.32); compliance(0.25),0,0,1,0.25,0,0.3233035809930578,0.25,0.6,2025-10-25 19:41:00,抢修,紧急,华北
TK002108,0.0854,low,0.0278,0.0052,0.0011,equipment(0.40); cost(0.13),0,0,1,0.0,0,0.1270999424992617,0.0,0.4,2025-05-16 17:08:00,巡检,中,华中
TK002109,0.0438,low,0.023,0.0176,0.0107,cost(0.22),0,0,1,0.0,0,0.21880826557518118,0.0,0.0,2025-07-23 16:50:00,保养,中,西北
TK002110,0.1046,low,0.0993,0.1605,0.0337,equipment(0.60),0,0,1,0.0,0,0.07316258577298573,0.0,0.6,2025-12-13 17:34:00,保养,高,西南
TK002111,0.063,low,0.0346,0.0383,0.0067,quality(0.25); cost(0.13),0,0,1,0.0,0,0.12767726322374595,0.25,0.0,2025-08-19 10:02:00,抢修,中,华中
TK002112,0.1547,low,0.07,0.0557,0.0117,cost(0.27); compliance(0.25); quality(0.25),0,0,1,0.25,0,0.27328528863275126,0.25,0.0,2025-03-20 15:59:00,抢修,中,华北
TK002113,0.1483,low,0.1329,0.2462,0.0064,compliance(0.50); cost(0.12),0,0,1,0.5,0,0.11670998574662539,0.0,0.0,2025-12-18 18:56:00,抢修,中,西北
TK002114,0.1735,low,0.1817,0.2735,0.097,equipment(0.40); cost(0.26); compliance(0.25),0,0,1,0.25,0,0.25511343222296357,0.0,0.4,2025-12-10 07:28:00,巡检,高,西南
TK002115,0.2312,low,0.5422,0.6254,0.7257,quality(0.75); compliance(0.25); equipment(0.20),0,0,1,0.25,0,0.1310251244277717,0.75,0.2,2025-01-17 10:27:00,改造,紧急,华南
TK002116,0.1315,low,0.1122,0.1535,0.0545,equipment(0.40); quality(0.25); cost(0.17),0,0,1,0.0,0,0.1700715744517074,0.25,0.4,2025-04-28 15:29:00,巡检,高,华北
TK002117,0.1815,low,0.2867,0.4064,0.2573,quality(0.50); equipment(0.40); cost(0.23),0,0,1,0.0,0,0.2326902230077148,0.5,0.4,2025-09-05 07:28:00,抢修,低,华中
TK002118,0.1133,low,0.0706,0.101,0.0037,compliance(0.25); equipment(0.20); cost(0.10),0,0,1,0.25,0,0.10403238714664387,0.0,0.2,2025-10-12 14:16:00,改造,低,西南
TK002119,0.1134,low,0.0761,0.1,0.0201,compliance(0.25); quality(0.25),0,0,1,0.25,0,0.0671874193896359,0.25,0.0,2025-04-27 17:42:00,改造,中,华东
TK002120,0.2399,low,0.1458,0.1605,0.0505,compliance(0.50); quality(0.25); cost(0.24),0,0,1,0.5,0,0.2371346830674229,0.25,0.2,2025-04-17 11:57:00,改造,中,华北
TK002121,0.0134,low,0.0084,0.0122,0.0003,,0,0,1,0.0,0,0.06697330751094643,0.0,0.0,2025-06-24 07:16:00,巡检,低,华东
TK002122,0.1574,low,0.1009,0.1427,0.0107,quality(0.50); cost(0.26); equipment(0.20),0,0,1,0.0,0,0.26224539003834924,0.5,0.2,2025-02-09 16:08:00,巡检,高,华南
TK002123,0.062,low,0.0249,0.0149,0.0032,equipment(0.20); cost(0.16),0,0,1,0.0,0,0.16020912483609584,0.0,0.2,2025-04-14 18:40:00,抢修,中,西北
TK002124,0.3148,low,0.1319,0.0783,0.0287,compliance(0.75); equipment(0.60); cost(0.19),0,0,1,0.75,0,0.18627816806236264,0.0,0.6,2025-07-27 19:22:00,巡检,低,华北
TK002125,0.214,low,0.4678,0.5892,0.564,quality(0.50); cost(0.38); compliance(0.25),0,0,1,0.25,0,0.3824936193561438,0.5,0.0,2025-04-18 17:00:00,巡检,低,西南
TK002126,0.1284,low,0.3534,0.4473,0.4524,quality(0.75),0,0,1,0.0,0,0.07946632707016099,0.75,0.0,2025-10-31 16:32:00,巡检,高,西北
TK002127,0.1102,low,0.1198,0.208,0.0398,quality(0.50); cost(0.18),0,0,1,0.0,0,0.17609473789850472,0.5,0.0,2025-11-16 12:13:00,巡检,低,华中
TK002128,0.0494,low,0.0306,0.0373,0.0077,cost(0.25),0,0,1,0.0,0,0.24692993579561384,0.0,0.0,2025-04-12 12:37:00,保养,中,华北
TK002129,0.2356,low,0.3129,0.3726,0.3195,equipment(1.00); compliance(0.25); cost(0.12),0,0,1,0.25,0,0.11528234503005508,0.0,1.0,2025-07-29 17:40:00,抢修,紧急,西北
TK002130,0.1627,low,0.5974,0.8543,0.7132,equipment(0.40); compliance(0.25); cost(0.20),0,0,1,0.25,0,0.20124536616907185,0.0,0.4,2025-11-19 07:11:00,保养,紧急,西南
TK002131,0.0505,low,0.0235,0.0217,0.0022,equipment(0.20); cost(0.10),0,0,1,0.0,0,0.10270334960642014,0.0,0.2,2025-01-16 15:25:00,巡检,中,华北
TK002132,0.0866,low,0.0384,0.0283,0.0072,compliance(0.25); cost(0.12),0,0,1,0.25,0,0.12026715727957205,0.0,0.0,2025-05-07 14:59:00,改造,高,西北
TK002133,0.1338,low,0.0618,0.0487,0.0133,equipment(0.40); cost(0.37),0,0,1,0.0,0,0.36882762006712644,0.0,0.4,2025-12-16 18:43:00,巡检,中,西南
TK002134,0.0737,low,0.0331,0.0288,0.0027,equipment(0.40),0,0,1,0.0,0,0.06863189922066826,0.0,0.4,2025-10-16 16:12:00,巡检,中,华北
TK002135,0.3581,low,0.5296,0.521,0.6851,compliance(1.00); equipment(0.60),0,0,1,1.0,0,0.09062131317968902,0.0,0.6,2025-12-22 08:43:00,巡检,中,西北
TK002136,0.0811,low,0.043,0.045,0.0083,equipment(0.40); cost(0.11),0,0,1,0.0,0,0.105623915650502,0.0,0.4,2025-02-03 13:59:00,巡检,高,西南
TK002137,0.1365,low,0.1028,0.1003,0.0763,cost(0.34); quality(0.25); equipment(0.20),0,0,1,0.0,0,0.3449592735739613,0.25,0.2,2025-08-02 08:50:00,抢修,低,华东
TK002138,0.2187,low,0.2332,0.4376,0.0413,equipment(0.60); compliance(0.25); quality(0.25),0,0,1,0.25,0,0.14373829089142864,0.25,0.6,2025-07-28 17:38:00,抢修,低,西南
TK002139,0.2039,low,0.0948,0.0549,0.0412,compliance(0.50); equipment(0.40),0,0,1,0.5,0,0.0945662077001479,0.0,0.4,2025-04-14 14:27:00,巡检,中,西南
TK002140,0.1711,low,0.0818,0.079,0.0081,compliance(0.50); equipment(0.20),0,0,1,0.5,0,0.08050853400277691,0.0,0.2,2025-10-16 15:57:00,巡检,中,华东
TK002141,0.0869,low,0.0579,0.0888,0.0022,quality(0.25); cost(0.25),0,0,1,0.0,0,0.24716635366284423,0.25,0.0,2025-11-02 15:29:00,抢修,高,华东
TK002142,0.2022,low,0.3187,0.4855,0.2518,quality(0.75); compliance(0.25); cost(0.14),0,0,1,0.25,0,0.13590252160291072,0.75,0.0,2025-12-22 19:31:00,抢修,低,华北
TK002143,0.2687,low,0.1053,0.0521,0.0185,compliance(0.75); cost(0.26); equipment(0.20),0,0,1,0.75,0,0.2557879471808332,0.0,0.2,2025-03-10 15:22:00,巡检,中,华东
TK002144,0.196,low,0.1094,0.1264,0.0183,equipment(0.60); compliance(0.25); cost(0.22),0,0,1,0.25,0,0.21773841383533343,0.0,0.6,2025-07-03 09:45:00,巡检,中,西北
TK002145,0.239,low,0.1466,0.1506,0.0633,equipment(0.60); compliance(0.25); quality(0.25),0,0,1,0.25,0,0.24493195975702686,0.25,0.6,2025-05-17 09:17:00,巡检,中,华北
TK002146,0.0982,low,0.0586,0.0798,0.0034,cost(0.34); equipment(0.20),0,0,1,0.0,0,0.3410122519371953,0.0,0.2,2025-09-15 20:53:00,抢修,中,西南
TK002147,0.3988,low,0.7314,0.8395,0.9085,compliance(0.75); equipment(0.60); quality(0.50),0,0,1,0.75,0,0.2313122565290504,0.5,0.6,2025-10-16 20:11:00,抢修,高,华南
TK002148,0.037,low,0.0247,0.0375,0.0014,cost(0.19),0,0,1,0.0,0,0.18523032431315845,0.0,0.0,2025-08-12 14:19:00,改造,低,华东
TK002149,0.1666,low,0.0905,0.1039,0.012,equipment(0.80); cost(0.23),0,0,1,0.0,0,0.2328991671096935,0.0,0.8,2025-10-30 17:59:00,保养,高,华北
TK002150,0.2432,low,0.0853,0.031,0.0043,compliance(0.50); quality(0.50); equipment(0.20),0,0,1,0.5,0,0.06576022797860348,0.5,0.2,2025-08-28 16:59:00,巡检,低,西北
TK002151,0.1597,low,0.2143,0.3866,0.0887,compliance(0.50); cost(0.17),0,0,1,0.5,0,0.17360907502567602,0.0,0.0,2025-04-05 11:16:00,巡检,低,华南
TK002152,0.2607,low,0.4863,0.6361,0.5299,compliance(0.50); equipment(0.40); quality(0.25),0,0,1,0.5,0,0.19096790412394293,0.25,0.4,2025-10-24 16:27:00,抢修,中,华北
TK002153,0.1454,low,0.0478,0.0114,0.0006,equipment(0.80); cost(0.13),0,0,1,0.0,0,0.1268627075874761,0.0,0.8,2025-09-12 17:29:00,巡检,中,西北
TK002154,0.2895,low,0.3504,0.4939,0.2591,compliance(0.50); equipment(0.40); cost(0.33),0,0,1,0.5,0,0.3349785538948049,0.25,0.4,2025-05-21 18:43:00,改造,紧急,西南
TK002155,0.2288,low,0.212,0.1757,0.2339,compliance(0.50); cost(0.33); quality(0.25),0,0,1,0.5,0,0.331268621608907,0.25,0.0,2025-04-21 07:35:00,巡检,紧急,华南
TK002156,0.099,low,0.1075,0.1391,0.0833,equipment(0.40); cost(0.20),0,0,1,0.0,0,0.1952497957878646,0.0,0.4,2025-09-03 10:47:00,巡检,中,西南
TK002157,0.1261,low,0.1707,0.2879,0.0918,quality(0.50); equipment(0.20); cost(0.11),0,0,1,0.0,0,0.10550117919434676,0.5,0.2,2025-04-15 09:52:00,巡检,中,西南
TK002158,0.0793,low,0.0368,0.0283,0.009,compliance(0.25),0,0,1,0.25,0,0.08383468780289172,0.0,0.0,2025-02-15 14:16:00,保养,中,华北
TK002159,0.1273,low,0.3601,0.645,0.2748,quality(0.50); equipment(0.20); cost(0.11),0,0,1,0.0,0,0.11148362433502401,0.5,0.2,2025-12-12 09:16:00,巡检,高,华东
TK002160,0.2666,low,0.4117,0.7496,0.1982,compliance(0.50); cost(0.41); equipment(0.40),0,0,1,0.5,0,0.4077802231377735,0.0,0.4,2025-07-29 14:19:00,抢修,紧急,华北
TK002161,0.1409,low,0.0774,0.0911,0.0093,cost(0.40); equipment(0.40),0,0,1,0.0,0,0.40470435069856014,0.0,0.4,2025-08-28 08:00:00,巡检,中,西北
TK002162,0.0762,low,0.091,0.1345,0.0602,equipment(0.40),0,0,1,0.0,0,0.08092420037614945,0.0,0.4,2025-08-07 08:28:00,巡检,低,华中
TK002163,0.2509,low,0.0964,0.0473,0.0132,compliance(0.75); quality(0.25); cost(0.13),0,0,1,0.75,0,0.12953844148953486,0.25,0.0,2025-10-08 20:00:00,巡检,中,华东
TK002164,0.2331,low,0.3251,0.4692,0.2598,quality(0.75); equipment(0.40); cost(0.30),0,0,1,0.0,0,0.3031845240622637,0.75,0.4,2025-12-28 19:08:00,抢修,中,华东
TK002165,0.188,low,0.2674,0.3712,0.2316,quality(0.75); compliance(0.25),0,0,1,0.25,0,0.06508535122013259,0.75,0.0,2025-11-13 17:19:00,抢修,紧急,西北
TK002166,0.2514,low,0.4809,0.5449,0.6136,equipment(0.80); cost(0.34); compliance(0.25),0,0,1,0.25,0,0.34434486314659185,0.0,0.8,2025-01-09 13:41:00,保养,低,华中
TK002167,0.2123,low,0.0815,0.0452,0.0056,quality(0.50); equipment(0.40); cost(0.39),0,0,1,0.0,0,0.3862880600226235,0.5,0.4,2025-05-25 12:51:00,改造,高,华南
TK002168,0.1513,low,0.1734,0.2643,0.1013,quality(0.50); compliance(0.25),0,0,1,0.25,0,0.06922989365507815,0.5,0.0,2025-06-30 17:52:00,巡检,中,华北
TK002169,0.0755,low,0.0331,0.0183,0.0116,compliance(0.25),0,0,1,0.25,0,0.06477014982589524,0.0,0.0,2025-06-16 09:19:00,巡检,低,华北
TK002170,0.1844,low,0.1952,0.376,0.0238,equipment(0.40); cost(0.31); compliance(0.25),0,0,1,0.25,0,0.30946603357560354,0.0,0.4,2025-03-21 10:16:00,巡检,低,华南
TK002171,0.1977,low,0.6952,0.9082,0.9085,compliance(0.50); equipment(0.40),0,0,1,0.5,0,0.06332254377915514,0.0,0.4,2025-10-16 07:53:00,巡检,高,华中
TK002172,0.1868,low,0.3396,0.5898,0.2204,quality(0.75); compliance(0.25),0,0,1,0.25,0,0.05889303830372472,0.75,0.0,2025-06-12 10:47:00,抢修,高,华中
TK002173,0.135,low,0.1046,0.1294,0.0536,cost(0.36); compliance(0.25),0,0,1,0.25,0,0.36238079301984594,0.0,0.0,2025-11-10 07:21:00,保养,高,华东
TK002174,0.1281,low,0.1323,0.1728,0.0954,cost(0.30); quality(0.25); equipment(0.20),0,0,1,0.0,0,0.3028116133876767,0.25,0.2,2025-10-09 09:11:00,巡检,高,华北
TK002175,0.1069,low,0.0674,0.0939,0.007,quality(0.25); equipment(0.20); cost(0.20),0,0,1,0.0,0,0.1972019433114235,0.25,0.2,2025-02-10 11:05:00,巡检,高,华北
TK002176,0.155,low,0.2156,0.3218,0.1614,quality(0.50); cost(0.25); equipment(0.20),0,0,1,0.0,0,0.250192512192439,0.5,0.2,2025-04-03 10:25:00,保养,高,西南
TK002177,0.1064,low,0.0647,0.0685,0.0252,quality(0.50); cost(0.16),0,0,1,0.0,0,0.1571546901893287,0.5,0.0,2025-10-09 08:32:00,抢修,紧急,华东
TK002178,0.1213,low,0.051,0.0409,0.0008,equipment(0.60); cost(0.16),0,0,1,0.0,0,0.156604680394839,0.0,0.6,2025-06-02 15:30:00,抢修,高,西南
TK002179,0.0798,low,0.0345,0.0274,0.0028,cost(0.40),0,0,1,0.0,0,0.39896188850966996,0.0,0.0,2025-05-30 15:22:00,抢修,中,西南
TK002180,0.2029,low,0.0933,0.0565,0.0363,equipment(0.60); compliance(0.25); quality(0.25),0,0,1,0.25,0,0.06474529113506988,0.25,0.6,2025-03-09 16:58:00,改造,中,华北
TK002181,0.2533,low,0.3483,0.5054,0.2727,compliance(0.50); cost(0.30); quality(0.25),0,0,1,0.5,0,0.30398791051791163,0.25,0.2,2025-10-28 18:13:00,巡检,高,华北
TK002182,0.1283,low,0.0733,0.0933,0.0063,compliance(0.25); quality(0.25); cost(0.14),0,0,1,0.25,0,0.14154494525847072,0.25,0.0,2025-12-04 11:15:00,抢修,紧急,西北
TK002183,0.1142,low,0.0848,0.0897,0.0546,equipment(0.60); cost(0.12),0,0,1,0.0,0,0.12123353279250726,0.0,0.6,2025-10-10 14:09:00,改造,中,华中
TK002184,0.1537,low,0.2358,0.4471,0.0948,cost(0.31); compliance(0.25); equipment(0.20),0,0,1,0.25,0,0.30601740388456433,0.0,0.2,2025-08-09 19:41:00,抢修,中,西南
TK002185,0.1182,low,0.0991,0.1419,0.04,cost(0.25); quality(0.25); equipment(0.20),0,0,1,0.0,0,0.2532516294249597,0.25,0.2,2025-04-11 08:32:00,改造,高,西北
TK002186,0.204,low,0.4469,0.6066,0.4953,equipment(0.60); compliance(0.25); quality(0.25),0,0,1,0.25,0,0.07023954947307387,0.25,0.6,2025-04-06 08:43:00,巡检,中,华东
TK002187,0.1861,low,0.1608,0.2014,0.0984,equipment(0.80); cost(0.33),0,0,1,0.0,0,0.3306506948761354,0.0,0.8,2025-06-02 13:00:00,巡检,中,西北
TK002188,0.2113,low,0.1078,0.0885,0.0383,compliance(0.50); equipment(0.40); cost(0.13),0,0,1,0.5,0,0.1315905999534298,0.0,0.4,2025-11-19 20:31:00,巡检,中,华南
TK002189,0.3398,low,0.2948,0.433,0.1181,compliance(0.75); quality(0.50); equipment(0.40),0,0,1,0.75,0,0.08643622118473204,0.5,0.4,2025-10-20 07:28:00,巡检,低,华北
TK002190,0.0966,low,0.0636,0.0941,0.0049,cost(0.30); quality(0.25),0,0,1,0.0,0,0.295467550222545,0.25,0.0,2025-07-26 14:36:00,巡检,低,西南
TK002191,0.1473,low,0.0954,0.1222,0.0241,equipment(0.60); cost(0.29),0,0,1,0.0,0,0.2864505019798117,0.0,0.6,2025-04-04 19:00:00,巡检,中,西北
TK002192,0.1619,low,0.1474,0.2585,0.0238,cost(0.35); compliance(0.25); equipment(0.20),0,0,1,0.25,0,0.34695640903788827,0.0,0.2,2025-10-30 08:08:00,保养,中,华东
TK002193,0.2542,low,0.6318,0.8691,0.7182,compliance(0.75); cost(0.33),0,0,1,0.75,0,0.3334129349000984,0.0,0.0,2025-11-02 19:05:00,保养,中,华东
TK002194,0.093,low,0.058,0.0674,0.0185,quality(0.25); equipment(0.20); cost(0.13),0,0,1,0.0,0,0.12727780223570684,0.25,0.2,2025-03-07 15:55:00,巡检,中,华东
TK002195,0.0358,low,0.0309,0.0538,0.0038,cost(0.18),0,0,1,0.0,0,0.17881966473515776,0.0,0.0,2025-05-26 11:30:00,保养,中,华中
TK002196,0.2262,low,0.4989,0.628,0.6036,equipment(0.60); compliance(0.50),0,0,1,0.5,0,0.05594399937441519,0.0,0.6,2025-06-12 15:31:00,抢修,高,西北
TK002197,0.2396,low,0.1856,0.2564,0.0686,equipment(0.60); quality(0.50); compliance(0.25),0,0,1,0.25,0,0.0607184231518455,0.5,0.6,2025-06-02 10:09:00,抢修,低,华东
TK002198,0.0756,low,0.0875,0.1072,0.0781,compliance(0.25),0,0,1,0.25,0,0.0654571862349842,0.0,0.0,2025-12-09 10:17:00,改造,中,华东
TK002199,0.0825,low,0.0875,0.1242,0.0551,quality(0.25); equipment(0.20),0,0,1,0.0,0,0.07487894733032718,0.25,0.2,2025-06-09 08:55:00,保养,中,华北
TK002200,0.0799,low,0.0466,0.0558,0.0089,quality(0.25); equipment(0.20),0,0,1,0.0,0,0.06212635454566173,0.25,0.2,2025-05-15 14:58:00,保养,中,华北
TK002201,0.1856,low,0.2466,0.4015,0.1439,cost(0.28); compliance(0.25); quality(0.25),0,0,1,0.25,0,0.27810346150053145,0.25,0.2,2025-09-22 13:15:00,保养,中,华北
TK002202,0.1062,low,0.0496,0.0389,0.0119,quality(0.25); equipment(0.20); cost(0.19),0,0,1,0.0,0,0.19340270622982347,0.25,0.2,2025-01-03 10:12:00,抢修,低,华中
TK002203,0.0735,low,0.0476,0.069,0.0041,equipment(0.40),0,0,1,0.0,0,0.06742793462420626,0.0,0.4,2025-12-04 09:20:00,改造,低,西北
TK002204,0.2006,low,0.0921,0.0842,0.0069,equipment(0.40); cost(0.39); compliance(0.25),0,0,1,0.25,0,0.39056539218202047,0.0,0.4,2025-02-13 15:02:00,保养,紧急,西南
TK002205,0.2049,low,0.3179,0.6673,0.0655,compliance(0.50); quality(0.25); equipment(0.20),0,0,1,0.5,0,0.06177677063334697,0.25,0.2,2025-03-19 09:18:00,巡检,高,华北
TK002206,0.26,low,0.1383,0.142,0.0303,cost(1.00); equipment(0.40),0,0,1,0.0,0,1.0,0.0,0.4,2025-03-15 16:43:00,改造,低,华北
TK002207,0.1542,low,0.0941,0.1193,0.0173,quality(0.50); cost(0.25); equipment(0.20),0,0,1,0.0,0,0.24606334934148477,0.5,0.2,2025-07-27 11:59:00,巡检,低,西北
TK002208,0.1553,low,0.1057,0.1172,0.0516,equipment(0.60); quality(0.25); cost(0.14),0,0,1,0.0,0,0.13900449355539035,0.25,0.6,2025-04-29 14:40:00,改造,中,华南
TK002209,0.1113,low,0.123,0.1948,0.0612,compliance(0.25); equipment(0.20),0,0,1,0.25,0,0.09406591821117538,0.0,0.2,2025-08-20 13:19:00,抢修,高,西南
TK002210,0.2224,low,0.1137,0.1154,0.0189,equipment(0.60); quality(0.50); cost(0.29),0,0,1,0.0,0,0.28680289004289905,0.5,0.6,2025-12-21 17:42:00,巡检,中,华东
TK002211,0.0993,low,0.0492,0.044,0.0115,equipment(0.40); cost(0.20),0,0,1,0.0,0,0.19657861452820014,0.0,0.4,2025-04-04 07:29:00,保养,紧急,华南
TK002212,0.0838,low,0.0871,0.117,0.0599,equipment(0.40); cost(0.12),0,0,1,0.0,0,0.11913319555515622,0.0,0.4,2025-02-06 15:32:00,巡检,中,华东
TK002213,0.3207,low,0.6023,0.6826,0.7634,quality(1.00); compliance(0.50); cost(0.23),0,0,1,0.5,0,0.22838143000634004,1.0,0.0,2025-12-09 18:28:00,保养,中,西南
TK002214,0.1146,low,0.1521,0.2322,0.1042,quality(0.25); cost(0.24); equipment(0.20),0,0,1,0.0,0,0.23548665110829203,0.25,0.2,2025-04-16 10:34:00,巡检,中,华北
TK002215,0.2091,low,0.6226,0.9273,0.6722,quality(0.50); equipment(0.40); compliance(0.25),0,0,1,0.25,0,0.05814990603000669,0.5,0.4,2025-11-14 07:43:00,巡检,低,华南
TK002216,0.2163,low,0.1643,0.2575,0.0266,compliance(0.50); cost(0.31); equipment(0.20),0,0,1,0.5,0,0.3066140379293104,0.0,0.2,2025-06-26 12:35:00,改造,中,西北
TK002217,0.1925,low,0.0825,0.0655,0.0052,quality(0.75); cost(0.25); equipment(0.20),0,0,1,0.0,0,0.2499171659342867,0.75,0.2,2025-04-22 16:26:00,巡检,低,华东
TK002218,0.1261,low,0.1058,0.1116,0.0826,compliance(0.25); equipment(0.20); cost(0.17),0,0,1,0.25,0,0.16817031219575518,0.0,0.2,2025-06-13 20:05:00,巡检,高,华中
TK002219,0.1125,low,0.084,0.1363,0.0073,compliance(0.25); equipment(0.20); cost(0.10),0,0,1,0.25,0,0.10014616595457615,0.0,0.2,2025-05-24 14:28:00,抢修,中,华中
TK002220,0.2056,low,0.0689,0.0178,0.0028,compliance(0.50); cost(0.40),0,0,1,0.5,0,0.40293972609173234,0.0,0.0,2025-12-21 19:30:00,抢修,中,西北
TK002221,0.2084,low,0.538,0.8141,0.5444,compliance(0.50); equipment(0.40); cost(0.12),0,0,1,0.5,0,0.11714816269685391,0.0,0.4,2025-11-11 09:01:00,巡检,高,华南
TK002222,0.1687,low,0.1576,0.268,0.0376,equipment(0.40); cost(0.36); quality(0.25),0,0,1,0.0,0,0.35613247936431824,0.25,0.4,2025-01-16 14:17:00,抢修,中,华东
TK002223,0.2041,low,0.0639,0.0075,0.0001,compliance(0.50); quality(0.25); equipment(0.20),0,0,1,0.5,0,0.05778810054088446,0.25,0.2,2025-07-15 12:25:00,改造,高,西南
TK002224,0.0624,low,0.0201,0.0036,0.0004,cost(0.31),0,0,1,0.0,0,0.3121585739171614,0.0,0.0,2025-09-20 11:35:00,巡检,中,西南
TK002225,0.1086,low,0.0503,0.0474,0.0032,cost(0.36); quality(0.25),0,0,1,0.0,0,0.3557037138803537,0.25,0.0,2025-01-29 11:55:00,巡检,低,西北
TK002226,0.0731,low,0.0472,0.046,0.0262,equipment(0.40),0,0,1,0.0,0,0.06539892879967879,0.0,0.4,2025-05-11 20:30:00,巡检,低,华中
TK002227,0.131,low,0.0796,0.0986,0.0166,cost(0.34); compliance(0.25),0,0,1,0.25,0,0.34248072451825795,0.0,0.0,2025-02-24 11:42:00,抢修,紧急,华南
TK002228,0.0818,low,0.0526,0.0701,0.01,quality(0.25); equipment(0.20),0,0,1,0.0,0,0.07134433677291507,0.25,0.2,2025-12-23 13:27:00,巡检,中,华北
TK002229,0.0425,low,0.0188,0.0145,0.0029,equipment(0.20),0,0,1,0.0,0,0.06243730221610977,0.0,0.2,2025-02-15 12:05:00,保养,中,华东
TK002230,0.2151,low,0.4289,0.561,0.4801,quality(0.50); equipment(0.40); compliance(0.25),0,0,1,0.25,0,0.08807702359174163,0.5,0.4,2025-09-28 16:47:00,巡检,中,华南
TK002231,0.0716,low,0.2832,0.3258,0.422,equipment(0.40),0,0,1,0.0,0,0.05803508701499427,0.0,0.4,2025-10-09 13:35:00,保养,中,华北
TK002232,0.2459,low,0.377,0.6801,0.1862,equipment(0.60); quality(0.50); compliance(0.25),0,0,1,0.25,0,0.09206265532043079,0.5,0.6,2025-07-05 14:22:00,保养,中,西南
TK002233,0.1172,low,0.1274,0.1953,0.0682,cost(0.27); compliance(0.25),0,0,1,0.25,0,0.2735444030388666,0.0,0.0,2025-10-30 15:08:00,巡检,中,西北
TK002234,0.1951,low,0.38,0.4643,0.4542,compliance(0.50); cost(0.20); equipment(0.20),0,0,1,0.5,0,0.20037206037206035,0.0,0.2,2025-06-23 10:31:00,巡检,低,西北
TK002235,0.0734,low,0.0557,0.0838,0.0125,equipment(0.40),0,0,1,0.0,0,0.06715343561216547,0.0,0.4,2025-12-13 12:17:00,抢修,中,华南
TK002236,0.1363,low,0.0642,0.0545,0.0121,equipment(0.40); cost(0.38),0,0,1,0.0,0,0.38156508564055824,0.0,0.4,2025-11-06 10:43:00,改造,紧急,华北
TK002237,0.2338,low,0.6421,0.8859,0.7483,quality(1.00); equipment(0.40); cost(0.12),0,0,1,0.0,0,0.1187687800849998,1.0,0.4,2025-10-11 20:18:00,巡检,中,华东
TK002238,0.1021,low,0.0463,0.0365,0.0083,cost(0.36); equipment(0.20),0,0,1,0.0,0,0.3604720981724021,0.0,0.2,2025-11-30 19:34:00,巡检,低,华中
TK002239,0.0843,low,0.0497,0.0548,0.0149,equipment(0.40); cost(0.12),0,0,1,0.0,0,0.12153838565381858,0.0,0.4,2025-04-25 14:10:00,改造,高,西南
TK002240,0.0564,low,0.0962,0.1082,0.1182,quality(0.25),0,0,1,0.0,0,0.09463500347582465,0.25,0.0,2025-08-28 09:31:00,保养,中,华南
TK002241,0.1797,low,0.2262,0.3918,0.1006,compliance(0.25); quality(0.25); cost(0.25),0,0,1,0.25,0,0.24866146423813107,0.25,0.2,2025-11-25 11:43:00,巡检,中,华南
TK002242,0.194,low,0.0712,0.0329,0.0042,equipment(0.80); cost(0.37),0,0,1,0.0,0,0.36989996333734876,0.0,0.8,2025-05-12 16:23:00,巡检,中,西北
TK002243,0.0739,low,0.0668,0.0871,0.0403,equipment(0.40),0,0,1,0.0,0,0.0696191569056227,0.0,0.4,2025-02-08 10:45:00,抢修,中,华东
TK002244,0.2357,low,0.4123,0.7814,0.1945,quality(0.75); cost(0.30); compliance(0.25),0,0,1,0.25,0,0.30333537957847345,0.75,0.0,2025-03-24 15:52:00,巡检,中,华中
TK002245,0.2255,low,0.5646,0.8176,0.6023,equipment(0.60); cost(0.36); compliance(0.25),0,0,1,0.25,0,0.3648775589530968,0.0,0.6,2025-12-16 07:39:00,抢修,高,西南
TK002246,0.0333,low,0.0117,0.0048,0.0001,cost(0.17),0,0,1,0.0,0,0.16625188013071812,0.0,0.0,2025-06-18 19:28:00,保养,紧急,西南
TK002247,0.1147,low,0.0393,0.0124,0.0015,quality(0.25); cost(0.24); equipment(0.20),0,0,1,0.0,0,0.2360578606255711,0.25,0.2,2025-04-08 12:07:00,巡检,低,华东
TK002248,0.1404,low,0.241,0.4758,0.0925,equipment(0.40); compliance(0.25),0,0,1,0.25,0,0.08942222601315697,0.0,0.4,2025-11-08 17:50:00,保养,高,华南
TK002249,0.1963,low,0.0783,0.0408,0.0147,equipment(0.60); compliance(0.25); cost(0.22),0,0,1,0.25,0,0.21891308578201574,0.0,0.6,2025-12-22 17:24:00,抢修,中,华中
TK002250,0.1516,low,0.0764,0.082,0.0063,equipment(0.40); compliance(0.25); cost(0.15),0,0,1,0.25,0,0.1455781762253613,0.0,0.4,2025-06-03 20:11:00,巡检,低,西北
TK002251,0.1156,low,0.0916,0.1248,0.0377,quality(0.50); cost(0.20),0,0,1,0.0,0,0.202801006357619,0.5,0.0,2025-01-29 09:17:00,巡检,高,华南
TK002252,0.3138,low,0.6659,0.9416,0.6921,quality(1.00); cost(0.36); compliance(0.25),0,0,1,0.25,0,0.3563173691156034,1.0,0.2,2025-04-07 18:27:00,保养,低,华中
TK002253,0.0802,low,0.0414,0.0251,0.0243,equipment(0.40); cost(0.10),0,0,1,0.0,0,0.10094732357349656,0.0,0.4,2025-12-10 08:46:00,保养,中,华东
TK002254,0.029,low,0.0545,0.0451,0.0857,cost(0.14),0,0,1,0.0,0,0.14497962039989953,0.0,0.0,2025-04-20 15:21:00,改造,高,华中
TK002255,0.1368,low,0.1398,0.2547,0.0275,equipment(0.40); compliance(0.25),0,0,1,0.25,0,0.07130228524962967,0.0,0.4,2025-06-21 17:33:00,巡检,高,华南
TK002256,0.1449,low,0.1088,0.1783,0.0083,equipment(0.40); quality(0.25); cost(0.24),0,0,1,0.0,0,0.23718312851277645,0.25,0.4,2025-02-21 07:04:00,巡检,中,华北
TK002257,0.1085,low,0.092,0.1618,0.0081,equipment(0.40); cost(0.24),0,0,1,0.0,0,0.2424668641049208,0.0,0.4,2025-03-27 18:48:00,抢修,中,西南
TK002258,0.1348,low,0.0967,0.146,0.0148,cost(0.36); compliance(0.25),0,0,1,0.25,0,0.3612583047604486,0.0,0.0,2025-07-17 14:52:00,巡检,中,华中
TK002259,0.0947,low,0.0969,0.1915,0.0043,quality(0.25); equipment(0.20); cost(0.14),0,0,1,0.0,0,0.13585719014064845,0.25,0.2,2025-05-05 11:35:00,巡检,高,华南
TK002260,0.1765,low,0.0687,0.0357,0.0094,equipment(0.60); compliance(0.25); cost(0.12),0,0,1,0.25,0,0.12000272256222067,0.0,0.6,2025-06-06 12:11:00,改造,低,西南
TK002261,0.2261,low,0.641,0.7594,0.8782,compliance(0.50); equipment(0.40); cost(0.21),0,0,1,0.5,0,0.20574128149044602,0.0,0.4,2025-04-19 09:22:00,巡检,低,西南
TK002262,0.1644,low,0.3935,0.5646,0.4187,equipment(0.40); compliance(0.25); cost(0.21),0,0,1,0.25,0,0.20926815515240893,0.0,0.4,2025-06-25 14:42:00,抢修,中,西北
TK002263,0.1948,low,0.4975,0.8055,0.449,quality(0.50); compliance(0.25); equipment(0.20),0,0,1,0.25,0,0.13658059013610213,0.5,0.2,2025-01-27 10:28:00,保养,高,华南
TK002264,0.1276,low,0.17,0.2235,0.1527,compliance(0.25); equipment(0.20); cost(0.18),0,0,1,0.25,0,0.1752877838534278,0.0,0.2,2025-05-22 18:32:00,巡检,高,华东
TK002265,0.219,low,0.1256,0.0977,0.0734,compliance(0.50); equipment(0.40); cost(0.17),0,0,1,0.5,0,0.1700708745711721,0.0,0.4,2025-10-05 12:59:00,巡检,中,西北
TK002266,0.1928,low,0.4762,0.7178,0.4774,equipment(0.60); quality(0.50); cost(0.14),0,0,1,0.0,0,0.13895530383203336,0.5,0.6,2025-03-20 09:28:00,保养,中,西北
TK002267,0.0425,low,0.0162,0.0088,0.0011,equipment(0.20),0,0,1,0.0,0,0.0623982244688811,0.0,0.2,2025-01-18 19:44:00,抢修,中,华南
TK002268,0.3989,low,0.6682,0.8177,0.7494,compliance(1.00); equipment(0.80); cost(0.14),0,0,1,1.0,0,0.14467735919433056,0.0,0.8,2025-10-04 14:43:00,巡检,高,华东
TK002269,0.0572,low,0.041,0.054,0.0141,cost(0.29),0,0,1,0.0,0,0.2857662104125417,0.0,0.0,2025-02-08 19:14:00,抢修,中,华东
TK002270,0.1345,low,0.111,0.1482,0.0538,equipment(0.40); compliance(0.25),0,0,1,0.25,0,0.0600474583864149,0.0,0.4,2025-05-19 16:27:00,巡检,中,西南
TK002271,0.097,low,0.0574,0.0773,0.0036,cost(0.34); equipment(0.20),0,0,1,0.0,0,0.3350114593258311,0.0,0.2,2025-12-26 16:21:00,改造,高,华北
TK002272,0.2331,low,0.2329,0.4043,0.0614,equipment(0.80); cost(0.25); compliance(0.25),0,0,1,0.25,0,0.25306897616895674,0.0,0.8,2025-06-22 08:20:00,巡检,高,华东
TK002273,0.1393,low,0.1438,0.2418,0.0496,quality(0.50); cost(0.32),0,0,1,0.0,0,0.32173966809289434,0.5,0.0,2025-02-24 14:26:00,抢修,中,西北
TK002274,0.1738,low,0.2574,0.446,0.1404,equipment(0.60); compliance(0.25); cost(0.11),0,0,1,0.25,0,0.10665150441817983,0.0,0.6,2025-12-07 10:02:00,巡检,高,西南
TK002275,0.1715,low,0.1516,0.1138,0.1722,compliance(0.25); quality(0.25); cost(0.21),0,0,1,0.25,0,0.20766443797145973,0.25,0.2,2025-08-18 07:30:00,抢修,中,华中
TK002276,0.1081,low,0.2048,0.315,0.1774,equipment(0.40); cost(0.24),0,0,1,0.0,0,0.24067233099371999,0.0,0.4,2025-02-15 13:09:00,抢修,高,华北
TK002277,0.09,low,0.0896,0.1276,0.0514,compliance(0.25); cost(0.14),0,0,1,0.25,0,0.13740266468083728,0.0,0.0,2025-01-31 18:55:00,巡检,高,西北
TK002278,0.2885,low,0.1038,0.0335,0.0158,compliance(0.50); equipment(0.40); cost(0.33),0,0,1,0.5,0,0.32992125984251963,0.25,0.4,2025-09-03 07:22:00,保养,中,西北
TK002279,0.1595,low,0.098,0.136,0.0073,equipment(0.40); compliance(0.25); cost(0.19),0,0,1,0.25,0,0.1851055238052507,0.0,0.4,2025-08-31 20:45:00,抢修,低,西南
TK002280,0.0841,low,0.0653,0.1013,0.0133,cost(0.27); equipment(0.20),0,0,1,0.0,0,0.2702505662327527,0.0,0.2,2025-10-15 15:27:00,抢修,紧急,华南
TK002281,0.0743,low,0.1029,0.2138,0.0165,equipment(0.40),0,0,1,0.0,0,0.0714921417009009,0.0,0.4,2025-04-17 13:51:00,抢修,中,华北
TK002282,0.1389,low,0.0493,0.0212,0.0005,cost(0.38); compliance(0.25),0,0,1,0.25,0,0.3821818240207242,0.0,0.0,2025-12-05 17:08:00,巡检,中,华南
TK002283,0.2304,low,0.4778,0.605,0.5626,compliance(0.50); quality(0.25); equipment(0.20),0,0,1,0.5,0,0.18958598952838912,0.25,0.2,2025-05-26 07:31:00,巡检,低,华中
TK002284,0.3356,low,0.262,0.3453,0.1155,quality(0.75); compliance(0.50); equipment(0.40),0,0,1,0.5,0,0.1905107888026759,0.75,0.4,2025-02-12 11:20:00,保养,中,华南
TK002285,0.1447,low,0.0957,0.1372,0.0122,compliance(0.25); quality(0.25); cost(0.22),0,0,1,0.25,0,0.22334450109249826,0.25,0.0,2025-05-14 18:16:00,巡检,中,西北
TK002286,0.1625,low,0.1229,0.1504,0.0615,compliance(0.50); cost(0.19),0,0,1,0.5,0,0.18737231648199448,0.0,0.0,2025-09-05 20:00:00,巡检,高,华北
TK002287,0.2507,low,0.2917,0.5789,0.0396,compliance(0.50); equipment(0.40); cost(0.33),0,0,1,0.5,0,0.3283316513517819,0.0,0.4,2025-05-18 13:19:00,改造,高,西北
TK002288,0.0488,low,0.0251,0.025,0.0048,cost(0.24),0,0,1,0.0,0,0.2440754924871824,0.0,0.0,2025-04-04 14:33:00,巡检,中,西北
TK002289,0.0727,low,0.0618,0.0869,0.0273,cost(0.36),0,0,1,0.0,0,0.36347632096827875,0.0,0.0,2025-05-01 20:46:00,巡检,紧急,西北
TK002290,0.1361,low,0.1441,0.2537,0.0413,equipment(0.40); cost(0.38),0,0,1,0.0,0,0.38064284943667837,0.0,0.4,2025-07-11 10:28:00,巡检,高,华中
TK002291,0.1822,low,0.1466,0.2357,0.0269,quality(0.50); equipment(0.40); cost(0.24),0,0,1,0.0,0,0.2359846443843331,0.5,0.4,2025-02-27 07:39:00,巡检,中,华南
TK002292,0.1065,low,0.0574,0.0504,0.0224,quality(0.50); cost(0.16),0,0,1,0.0,0,0.15756047898385617,0.5,0.0,2025-02-23 11:11:00,抢修,低,华南
TK002293,0.1121,low,0.0472,0.0348,0.0041,equipment(0.40); cost(0.26),0,0,1,0.0,0,0.26049803646990766,0.0,0.4,2025-03-30 09:32:00,巡检,高,华北
TK002294,0.1692,low,0.1825,0.1984,0.1779,equipment(0.40); compliance(0.25); cost(0.23),0,0,1,0.25,0,0.23373184756830512,0.0,0.4,2025-08-19 14:59:00,抢修,低,华中
TK002295,0.1284,low,0.0897,0.1259,0.0203,equipment(0.40); quality(0.25); cost(0.15),0,0,1,0.0,0,0.15426685361865744,0.25,0.4,2025-09-22 16:42:00,改造,紧急,华南
TK002296,0.093,low,0.202,0.2832,0.2143,quality(0.50),0,0,1,0.0,0,0.08993490367719792,0.5,0.0,2025-03-25 09:13:00,抢修,高,华东
TK002297,0.1039,low,0.1062,0.1585,0.0558,equipment(0.60),0,0,1,0.0,0,0.0695413773943202,0.0,0.6,2025-04-21 10:37:00,巡检,中,华北
TK002298,0.2615,low,0.6496,0.8745,0.7573,quality(1.00); cost(0.41); equipment(0.20),0,0,1,0.0,0,0.4074503570125605,1.0,0.2,2025-03-28 19:02:00,抢修,中,华北
TK002299,0.0919,low,0.0609,0.0793,0.016,cost(0.27); quality(0.25),0,0,1,0.0,0,0.27221031043162114,0.25,0.0,2025-11-17 18:22:00,巡检,低,华北
TK002300,0.0739,low,0.0302,0.0214,0.0014,equipment(0.40),0,0,1,0.0,0,0.06966854822504587,0.0,0.4,2025-02-09 14:46:00,保养,高,华中
TK002301,0.2633,low,0.1987,0.2416,0.1005,compliance(0.75); quality(0.25); cost(0.19),0,0,1,0.75,0,0.19142705762440937,0.25,0.0,2025-08-15 13:55:00,巡检,高,华中
TK002302,0.1334,low,0.0829,0.0671,0.0553,cost(0.33); quality(0.25); equipment(0.20),0,0,1,0.0,0,0.32930955117578786,0.25,0.2,2025-08-10 08:12:00,巡检,高,华东
TK002303,0.0859,low,0.0334,0.0181,0.0038,equipment(0.40); cost(0.13),0,0,1,0.0,0,0.12959115504209462,0.0,0.4,2025-12-01 10:04:00,保养,中,华东
TK002304,0.2,low,0.4012,0.7802,0.1946,cost(1.00),0,0,1,0.0,0,1.0,0.0,0.0,2025-04-27 10:55:00,改造,中,华中
TK002305,0.3785,low,0.6956,0.7875,0.8755,quality(0.75); equipment(0.60); compliance(0.50),0,0,1,0.5,0,0.2550772155122235,0.75,0.6,2025-05-16 09:02:00,巡检,高,华东
TK002306,0.0667,low,0.0352,0.0312,0.0121,equipment(0.20); cost(0.18),0,0,1,0.0,0,0.1834160189956796,0.0,0.2,2025-05-17 09:20:00,保养,高,华中
TK002307,0.0499,low,0.0166,0.0039,0.0007,cost(0.25),0,0,1,0.0,0,0.24949641248826726,0.0,0.0,2025-09-24 13:10:00,保养,中,西北
TK002308,0.0835,low,0.0489,0.0409,0.0273,quality(0.25); cost(0.23),0,0,1,0.0,0,0.22976675133907987,0.25,0.0,2025-08-10 16:41:00,巡检,低,华南
TK002309,0.3005,low,0.2622,0.437,0.0547,compliance(1.00); cost(0.25),0,0,1,1.0,0,0.2525126232267372,0.0,0.0,2025-08-28 18:45:00,巡检,低,西北
TK002310,0.0818,low,0.0888,0.1153,0.0683,equipment(0.40); cost(0.11),0,0,1,0.0,0,0.10910657495075049,0.0,0.4,2025-04-16 07:30:00,改造,中,华东
TK002311,0.0903,low,0.0408,0.0347,0.0044,quality(0.25); equipment(0.20); cost(0.11),0,0,1,0.0,0,0.11396779583776395,0.25,0.2,2025-04-07 16:55:00,保养,中,华东
TK002312,0.1293,low,0.075,0.1013,0.0023,equipment(0.40); quality(0.25); cost(0.16),0,0,1,0.0,0,0.1587741295853502,0.25,0.4,2025-11-09 18:08:00,巡检,低,西北
TK002313,0.1035,low,0.1083,0.199,0.0216,equipment(0.40); cost(0.22),0,0,1,0.0,0,0.21758928195852445,0.0,0.4,2025-11-25 20:12:00,保养,高,华东
TK002314,0.031,low,0.0187,0.023,0.0039,cost(0.15),0,0,1,0.0,0,0.15492180855095294,0.0,0.0,2025-11-26 19:13:00,抢修,高,华东
TK002315,0.2398,low,0.3551,0.4387,0.3704,equipment(0.60); quality(0.50); compliance(0.25),0,0,1,0.25,0,0.06134460760981719,0.5,0.6,2025-01-31 17:03:00,保养,高,华北
TK002316,0.1866,low,0.1115,0.1317,0.0268,equipment(0.80); cost(0.33),0,0,1,0.0,0,0.33286931277365317,0.0,0.8,2025-04-18 15:45:00,抢修,低,华北
TK002317,0.4625,medium,0.8382,0.9998,0.9986,cost(1.00); compliance(0.75); quality(0.50),0,1,0,0.75,0,1.0,0.5,0.0,2025-06-03 15:49:00,保养,低,西南
TK002318,0.2603,low,0.1275,0.1315,0.0097,compliance(0.75); cost(0.21); equipment(0.20),0,0,1,0.75,0,0.21377674303755045,0.0,0.2,2025-07-26 13:27:00,抢修,中,西南
TK002319,0.1506,low,0.0681,0.0573,0.0081,equipment(0.40); cost(0.27); quality(0.25),0,0,1,0.0,0,0.26565625109064206,0.25,0.4,2025-04-13 11:13:00,抢修,紧急,华南
TK002320,0.1369,low,0.0927,0.1259,0.0217,compliance(0.25); cost(0.22); equipment(0.20),0,0,1,0.25,0,0.22217207510746873,0.0,0.2,2025-03-02 20:25:00,保养,低,华北
TK002321,0.2138,low,0.2644,0.4821,0.09,quality(0.75); cost(0.36); equipment(0.20),0,0,1,0.0,0,0.3566359119943222,0.75,0.2,2025-12-18 16:03:00,巡检,中,西南
TK002322,0.1883,low,0.2915,0.4327,0.2388,compliance(0.50); quality(0.25); cost(0.13),0,0,1,0.5,0,0.12915041331624677,0.25,0.0,2025-03-03 20:08:00,抢修,紧急,西北
TK002323,0.0231,low,0.0101,0.0087,0.0004,cost(0.12),0,0,1,0.0,0,0.11546372943928906,0.0,0.0,2025-08-25 19:26:00,抢修,中,华南
TK002324,0.0936,low,0.053,0.0633,0.0078,compliance(0.25); cost(0.16),0,0,1,0.25,0,0.15537833315423477,0.0,0.0,2025-06-09 17:54:00,抢修,中,华东
TK002325,0.1233,low,0.0635,0.0638,0.0119,equipment(0.40); cost(0.32),0,0,1,0.0,0,0.31633532388267505,0.0,0.4,2025-02-05 20:35:00,保养,低,华东
TK002326,0.0403,low,0.0219,0.0265,0.0014,cost(0.20),0,0,1,0.0,0,0.2013179190751445,0.0,0.0,2025-03-25 15:34:00,改造,中,华北
TK002327,0.1952,low,0.345,0.6403,0.1782,quality(0.50); compliance(0.25); equipment(0.20),0,0,1,0.25,0,0.13848321295340904,0.5,0.2,2025-05-06 16:54:00,保养,中,西北
TK002328,0.0151,low,0.0143,0.0167,0.0113,,0,0,1,0.0,0,0.07551277617675312,0.0,0.0,2025-05-25 07:18:00,巡检,高,华东
TK002329,0.2419,low,0.0988,0.0689,0.006,compliance(0.75); equipment(0.20); cost(0.12),0,0,1,0.75,0,0.12210299935302549,0.0,0.2,2025-10-23 11:24:00,改造,中,华中
TK002330,0.0563,low,0.0298,0.0309,0.0059,cost(0.28),0,0,1,0.0,0,0.28155656360131276,0.0,0.0,2025-06-18 15:22:00,抢修,低,西南
TK002331,0.1258,low,0.0876,0.126,0.0164,cost(0.32); compliance(0.25),0,0,1,0.25,0,0.3164485718305896,0.0,0.0,2025-06-20 12:58:00,保养,低,西南
TK002332,0.3319,low,0.172,0.1817,0.0253,compliance(0.75); equipment(0.60); cost(0.27),0,0,1,0.75,0,0.2721531425304605,0.0,0.6,2025-07-22 09:17:00,保养,高,华东
TK002333,0.2258,low,0.4171,0.7853,0.2129,quality(0.50); equipment(0.40); compliance(0.25),0,0,1,0.25,0,0.14172328713029858,0.5,0.4,2025-06-13 14:23:00,保养,高,华北
TK002334,0.2394,low,0.1993,0.268,0.0962,compliance(0.75); equipment(0.20); cost(0.11),0,0,1,0.75,0,0.10928140521412888,0.0,0.2,2025-10-19 13:32:00,抢修,高,西南
TK002335,0.1362,low,0.4572,0.684,0.5056,equipment(0.40); compliance(0.25),0,0,1,0.25,0,0.06842366364876595,0.0,0.4,2025-07-09 17:51:00,巡检,高,华中
TK002336,0.1846,low,0.119,0.1379,0.044,equipment(0.60); compliance(0.25); cost(0.16),0,0,1,0.25,0,0.16049371081575203,0.0,0.6,2025-12-03 14:43:00,抢修,中,西南
TK002337,0.2119,low,0.4065,0.5859,0.3938,quality(0.75); compliance(0.25); cost(0.18),0,0,1,0.25,0,0.18457497490560948,0.75,0.0,2025-03-28 10:19:00,保养,中,华南
TK002338,0.3571,low,0.4587,0.3229,0.6817,equipment(1.00); compliance(0.75),0,0,1,0.75,0,0.09820413353198132,0.0,1.0,2025-04-29 18:02:00,保养,低,华北
TK002339,0.0783,low,0.0713,0.0692,0.0674,compliance(0.25),0,0,1,0.25,0,0.07914463172358632,0.0,0.0,2025-04-02 19:56:00,保养,高,西北
TK002340,0.229,low,0.2303,0.2365,0.2251,equipment(0.60); cost(0.38); compliance(0.25),0,0,1,0.25,0,0.38268041026791855,0.0,0.6,2025-08-25 19:03:00,抢修,低,华北
TK002341,0.0131,low,0.0167,0.0304,0.0061,,0,0,1,0.0,0,0.06572651887388603,0.0,0.0,2025-06-10 17:52:00,抢修,高,华东
TK002342,0.0824,low,0.0346,0.0211,0.0071,cost(0.26); equipment(0.20),0,0,1,0.0,0,0.2619752265358718,0.0,0.2,2025-06-01 16:18:00,抢修,紧急,华中
TK002343,0.4575,medium,0.8332,0.9978,0.9906,cost(1.00); equipment(0.80); quality(0.50),0,1,0,0.25,0,1.0,0.5,0.8,2025-09-26 10:52:00,巡检,中,西南
TK002344,0.148,low,0.0517,0.015,0.0059,compliance(0.50); cost(0.12),0,0,1,0.5,0,0.11516409343687839,0.0,0.0,2025-02-10 18:47:00,抢修,中,西南
TK002345,0.2036,low,0.1659,0.2134,0.0861,compliance(0.50); equipment(0.40),0,0,1,0.5,0,0.09315512540354254,0.0,0.4,2025-07-08 18:09:00,巡检,中,西南
TK002346,0.2576,low,0.3202,0.5403,0.1539,compliance(0.50); equipment(0.40); cost(0.36),0,0,1,0.5,0,0.36319638362614104,0.0,0.4,2025-04-21 09:46:00,抢修,高,西南
TK002347,0.069,low,0.0669,0.1055,0.0266,equipment(0.20); cost(0.20),0,0,1,0.0,0,0.1952293780022848,0.0,0.2,2025-04-11 09:27:00,改造,中,华南
TK002348,0.119,low,0.1507,0.2204,0.1081,quality(0.50); equipment(0.20),0,0,1,0.0,0,0.06976164628609272,0.5,0.2,2025-04-15 18:48:00,保养,中,华南
TK002349,0.3646,low,0.4778,0.3233,0.7293,compliance(0.75); equipment(0.40); cost(0.40),0,0,1,0.75,0,0.3979446349501644,0.25,0.4,2025-03-06 17:14:00,改造,高,华中
TK002350,0.094,low,0.0312,0.0076,0.0011,quality(0.25); equipment(0.20); cost(0.13),0,0,1,0.0,0,0.1324463772388884,0.25,0.2,2025-08-28 10:04:00,抢修,高,西北
TK002351,0.0542,low,0.057,0.0852,0.0312,cost(0.27),0,0,1,0.0,0,0.2712134045802127,0.0,0.0,2025-09-26 10:29:00,保养,中,华北
TK002352,0.2479,low,0.6799,0.8752,0.8548,quality(1.00); compliance(0.25); cost(0.18),0,0,1,0.25,0,0.17722334004024143,1.0,0.0,2025-04-04 19:32:00,抢修,高,华北
TK002353,0.1499,low,0.1954,0.3542,0.0757,compliance(0.25); quality(0.25); cost(0.25),0,0,1,0.25,0,0.24946382090053054,0.25,0.0,2025-04-22 15:10:00,保养,紧急,华北
TK002354,0.1614,low,0.1723,0.2266,0.1273,equipment(0.40); compliance(0.25); cost(0.19),0,0,1,0.25,0,0.1945822559670105,0.0,0.4,2025-07-06 09:59:00,抢修,中,西北
TK002355,0.1926,low,0.0841,0.0557,0.0195,compliance(0.50); quality(0.25); cost(0.15),0,0,1,0.5,0,0.15036597373802751,0.25,0.0,2025-10-31 15:09:00,抢修,高,华南
TK002356,0.2484,low,0.6677,0.8248,0.8699,quality(0.50); cost(0.40); compliance(0.25),0,0,1,0.25,0,0.4043754101947057,0.5,0.2,2025-06-21 14:23:00,改造,中,华中
TK002357,0.0577,low,0.0377,0.0293,0.0289,equipment(0.20); cost(0.14),0,0,1,0.0,0,0.13864554895237968,0.0,0.2,2025-12-08 19:14:00,抢修,低,华中
TK002358,0.1603,low,0.1021,0.1264,0.0279,equipment(0.60); quality(0.25); cost(0.16),0,0,1,0.0,0,0.16378663884451117,0.25,0.6,2025-02-12 14:58:00,保养,中,华中
TK002359,0.1693,low,0.1194,0.1112,0.0848,quality(0.50); cost(0.32); equipment(0.20),0,0,1,0.0,0,0.32167978199471525,0.5,0.2,2025-05-29 17:48:00,抢修,中,西南
TK002360,0.1004,low,0.056,0.0672,0.0067,equipment(0.40); cost(0.20),0,0,1,0.0,0,0.2018508461640075,0.0,0.4,2025-09-24 19:53:00,巡检,高,华南
TK002361,0.2084,low,0.1654,0.1988,0.095,equipment(0.80); compliance(0.25); cost(0.13),0,0,1,0.25,0,0.1295614682350218,0.0,0.8,2025-06-23 09:42:00,抢修,高,华北
TK002362,0.1832,low,0.3428,0.7059,0.1164,quality(0.50); cost(0.39); equipment(0.20),0,0,1,0.0,0,0.3908468769197909,0.5,0.2,2025-12-25 08:35:00,保养,中,华东
TK002363,0.1522,low,0.0906,0.1169,0.0114,cost(0.30); compliance(0.25); equipment(0.20),0,0,1,0.25,0,0.29842062852538276,0.0,0.2,2025-03-20 19:17:00,保养,中,华中
TK002364,0.1396,low,0.1468,0.1541,0.1457,quality(0.75); cost(0.14),0,0,1,0.0,0,0.13544215235674795,0.75,0.0,2025-07-01 13:47:00,保养,紧急,西南
TK002365,0.1459,low,0.2668,0.491,0.1463,cost(0.27); compliance(0.25); equipment(0.20),0,0,1,0.25,0,0.26698339006958294,0.0,0.2,2025-04-02 13:51:00,保养,高,西南
TK002366,0.2891,low,0.4152,0.5496,0.3889,compliance(0.75); cost(0.32); quality(0.25),0,0,1,0.75,0,0.3207449413755993,0.25,0.0,2025-04-28 08:14:00,保养,中,华南
TK002367,0.33,low,0.7889,0.9967,0.9744,cost(1.00); compliance(0.25); quality(0.25),0,0,1,0.25,0,1.0,0.25,0.2,2025-11-05 16:42:00,巡检,高,华南
TK002368,0.2264,low,0.15,0.2251,0.0093,equipment(0.60); cost(0.37); compliance(0.25),0,0,1,0.25,0,0.36944382564788003,0.0,0.6,2025-07-26 07:21:00,巡检,中,西北
TK002369,0.1025,low,0.0739,0.1207,0.0025,compliance(0.25); cost(0.20),0,0,1,0.25,0,0.19985976421372875,0.0,0.0,2025-08-13 17:48:00,巡检,中,西南
TK002370,0.2041,low,0.0651,0.0102,0.0009,compliance(0.50); quality(0.25); cost(0.21),0,0,1,0.5,0,0.20778910773524628,0.25,0.0,2025-07-31 16:42:00,改造,高,西北
TK002371,0.1344,low,0.1171,0.201,0.0183,cost(0.33); quality(0.25); equipment(0.20),0,0,1,0.0,0,0.3347122831684002,0.25,0.2,2025-11-27 15:52:00,保养,中,华东
TK002372,0.1058,low,0.3676,0.6348,0.3248,quality(0.50); cost(0.15),0,0,1,0.0,0,0.15409862405994412,0.5,0.0,2025-09-28 11:03:00,抢修,高,华中
TK002373,0.076,low,0.0455,0.0598,0.0052,equipment(0.40),0,0,1,0.0,0,0.07993499303070373,0.0,0.4,2025-10-13 17:15:00,抢修,中,华东
TK002374,0.1787,low,0.0695,0.0418,0.0037,compliance(0.50); equipment(0.20); cost(0.12),0,0,1,0.5,0,0.11829709336071792,0.0,0.2,2025-11-14 12:14:00,改造,中,西南
TK002375,0.0764,low,0.0315,0.0206,0.0039,cost(0.23); equipment(0.20),0,0,1,0.0,0,0.23201089200995195,0.0,0.2,2025-01-03 09:34:00,保养,中,华东
TK002376,0.056,low,0.0263,0.0192,0.008,equipment(0.20); cost(0.13),0,0,1,0.0,0,0.13022012088781376,0.0,0.2,2025-06-11 08:48:00,保养,中,华中
TK002377,0.1934,low,0.3374,0.5746,0.2236,quality(0.75); equipment(0.40); cost(0.10),0,0,1,0.0,0,0.10459316866568091,0.75,0.4,2025-06-21 14:45:00,抢修,低,华北
TK002378,0.1771,low,0.1352,0.2096,0.0248,quality(0.75); cost(0.32),0,0,1,0.0,0,0.3228430544395684,0.75,0.0,2025-02-13 14:04:00,抢修,中,华北
TK002379,0.2684,low,0.196,0.2108,0.1192,equipment(0.60); cost(0.39); compliance(0.25),0,0,1,0.25,0,0.3918811190095699,0.25,0.6,2025-05-05 16:06:00,巡检,高,西北
TK002380,0.2305,low,0.091,0.0526,0.0097,compliance(0.50); equipment(0.40); cost(0.23),0,0,1,0.5,0,0.22761723063252604,0.0,0.4,2025-02-26 11:40:00,抢修,高,西北
TK002381,0.0174,low,0.012,0.0185,0.0009,,0,0,1,0.0,0,0.08707893500707475,0.0,0.0,2025-05-11 17:26:00,巡检,中,华中
TK002382,0.1169,low,0.0693,0.0803,0.0174,equipment(0.40); cost(0.28),0,0,1,0.0,0,0.284392991313563,0.0,0.4,2025-08-30 20:04:00,巡检,中,华东
TK002383,0.2358,low,0.6718,0.95,0.7673,equipment(0.60); quality(0.50); cost(0.35),0,0,1,0.0,0,0.3539645604849977,0.5,0.6,2025-02-14 07:45:00,巡检,中,西南
TK002384,0.1317,low,0.1931,0.3928,0.0461,compliance(0.25); equipment(0.20); cost(0.20),0,0,1,0.25,0,0.1961041286388573,0.0,0.2,2025-06-24 14:49:00,保养,紧急,华南
TK002385,0.0165,low,0.0094,0.0123,0.0003,,0,0,1,0.0,0,0.08225194415815607,0.0,0.0,2025-08-26 19:04:00,抢修,中,华北
TK002386,0.1994,low,0.338,0.4382,0.3565,cost(0.35); compliance(0.25); quality(0.25),0,0,1,0.25,0,0.3468648169170738,0.25,0.2,2025-06-28 08:42:00,抢修,紧急,华东
TK002387,0.1083,low,0.0562,0.0648,0.0029,equipment(0.40); cost(0.24),0,0,1,0.0,0,0.24148611504102835,0.0,0.4,2025-06-07 07:06:00,保养,中,华中
TK002388,0.3234,low,0.6617,0.7619,0.8515,equipment(0.80); quality(0.50); cost(0.33),0,0,1,0.25,0,0.3292686642192332,0.5,0.8,2025-02-17 11:09:00,巡检,中,华东
TK002389,0.102,low,0.1014,0.1889,0.0134,equipment(0.40); cost(0.21),0,0,1,0.0,0,0.20976809557273368,0.0,0.4,2025-09-08 08:33:00,巡检,中,西南
TK002390,0.0468,low,0.0223,0.0222,0.0013,cost(0.23),0,0,1,0.0,0,0.23415501150898355,0.0,0.0,2025-04-19 11:22:00,保养,中,西南
TK002391,0.0983,low,0.1064,0.2065,0.0133,quality(0.50); cost(0.12),0,0,1,0.0,0,0.1163955796853785,0.5,0.0,2025-08-25 10:43:00,保养,中,华北
TK002392,0.1004,low,0.072,0.0971,0.0227,cost(0.35); equipment(0.20),0,0,1,0.0,0,0.35223940295595324,0.0,0.2,2025-11-04 13:20:00,保养,中,华北
TK002393,0.1023,low,0.0341,0.0088,0.0009,compliance(0.25); cost(0.20),0,0,1,0.25,0,0.19906013322383442,0.0,0.0,2025-12-23 17:28:00,保养,低,西南
TK002394,0.2079,low,0.4362,0.6081,0.4599,compliance(0.50); equipment(0.40); cost(0.11),0,0,1,0.5,0,0.11438561627631894,0.0,0.4,2025-08-18 10:01:00,保养,高,华中
TK002395,0.0727,low,0.0536,0.0859,0.0049,equipment(0.40),0,0,1,0.0,0,0.06348643006263055,0.0,0.4,2025-11-30 17:30:00,改造,紧急,西南
TK002396,0.1939,low,0.1603,0.2658,0.0259,equipment(0.40); compliance(0.25); quality(0.25),0,0,1,0.25,0,0.16961075851049667,0.25,0.4,2025-01-19 12:27:00,巡检,中,华南
TK002397,0.2341,low,0.0848,0.0352,0.0064,compliance(0.50); cost(0.40); equipment(0.20),0,0,1,0.5,0,0.395625026547169,0.0,0.2,2025-10-31 13:35:00,保养,中,西北
TK002398,0.0262,low,0.0224,0.0394,0.0022,cost(0.13),0,0,1,0.0,0,0.13123687092662084,0.0,0.0,2025-08-31 17:51:00,保养,高,西南
TK002399,0.1113,low,0.0533,0.0476,0.0094,quality(0.25); cost(0.22); equipment(0.20),0,0,1,0.0,0,0.21910842735897684,0.25,0.2,2025-02-13 13:22:00,巡检,高,华南
TK002400,0.2416,low,0.2971,0.4227,0.2192,equipment(0.80); compliance(0.25); quality(0.25),0,0,1,0.25,0,0.1080367453129254,0.25,0.8,2025-12-14 17:32:00,抢修,中,华中
TK002401,0.3176,low,0.119,0.0542,0.0137,equipment(0.80); compliance(0.50); cost(0.36),0,0,1,0.5,0,0.3631556757896216,0.0,0.8,2025-09-02 08:19:00,保养,中,西南
TK002402,0.1011,low,0.0595,0.0629,0.0204,cost(0.36); equipment(0.20),0,0,1,0.0,0,0.3553149341928551,0.0,0.2,2025-10-13 08:26:00,保养,高,华南
TK002403,0.0638,low,0.0431,0.0461,0.0223,equipment(0.20); cost(0.17),0,0,1,0.0,0,0.16885197575011857,0.0,0.2,2025-05-17 10:19:00,巡检,高,华北
TK002404,0.0543,low,0.0296,0.0342,0.0037,quality(0.25),0,0,1,0.0,0,0.08379628604944567,0.25,0.0,2025-06-11 07:14:00,巡检,中,华南
TK002405,0.0534,low,0.0412,0.0636,0.0083,quality(0.25),0,0,1,0.0,0,0.0794713791658751,0.25,0.0,2025-07-18 14:49:00,保养,低,西北
TK002406,0.2019,low,0.098,0.093,0.014,compliance(0.50); cost(0.23); equipment(0.20),0,0,1,0.5,0,0.23439576755253289,0.0,0.2,2025-05-08 19:32:00,巡检,中,华中
TK002407,0.2084,low,0.1013,0.102,0.0088,compliance(0.50); quality(0.25); equipment(0.20),0,0,1,0.5,0,0.07974804680198877,0.25,0.2,2025-10-10 19:54:00,巡检,中,华东
TK002408,0.3269,low,0.1891,0.2251,0.0349,compliance(0.75); equipment(0.60); quality(0.25),0,0,1,0.75,0,0.05927968944569606,0.25,0.6,2025-09-19 07:52:00,改造,低,西南
TK002409,0.1229,low,0.0504,0.0365,0.0023,equipment(0.40); quality(0.25); cost(0.13),0,0,1,0.0,0,0.12683639881797437,0.25,0.4,2025-10-31 17:25:00,抢修,中,华南
TK002410,0.165,low,0.2269,0.3913,0.1156,equipment(0.60); compliance(0.25),0,0,1,0.25,0,0.06270547394073156,0.0,0.6,2025-04-27 18:18:00,保养,高,华东
TK002411,0.0643,low,0.0545,0.0806,0.02,quality(0.25); cost(0.13),0,0,1,0.0,0,0.134063345925031,0.25,0.0,2025-10-08 17:17:00,巡检,高,华中
TK002412,0.116,low,0.0712,0.0779,0.0261,compliance(0.25); equipment(0.20); cost(0.12),0,0,1,0.25,0,0.11757470807494852,0.0,0.2,2025-09-27 12:01:00,巡检,中,华东
TK002413,0.1386,low,0.1463,0.2087,0.0906,equipment(0.80),0,0,1,0.0,0,0.09275132160027855,0.0,0.8,2025-06-05 18:27:00,保养,中,华北
TK002414,0.2987,low,0.3883,0.38,0.4733,compliance(0.50); quality(0.50); equipment(0.40),0,0,1,0.5,0,0.19352999392133907,0.5,0.4,2025-07-02 17:29:00,抢修,中,华南
TK002415,0.1174,low,0.0397,0.0121,0.0008,equipment(0.40); cost(0.29),0,0,1,0.0,0,0.28680257346761007,0.0,0.4,2025-11-06 14:25:00,抢修,中,西北
TK002416,0.186,low,0.0665,0.0229,0.0078,equipment(1.00); cost(0.18),0,0,1,0.0,0,0.179755204145448,0.0,1.0,2025-01-22 18:10:00,抢修,中,华中
TK002417,0.2136,low,0.082,0.0382,0.0131,compliance(0.50); cost(0.26); quality(0.25),0,0,1,0.5,0,0.2552723140070322,0.25,0.0,2025-09-02 13:06:00,改造,中,华南
TK002418,0.0756,low,0.0529,0.0733,0.013,compliance(0.25),0,0,1,0.25,0,0.06536727068677639,0.0,0.0,2025-03-05 18:57:00,巡检,高,华南
TK002419,0.1897,low,0.1152,0.1246,0.0418,quality(0.50); equipment(0.40); cost(0.27),0,0,1,0.0,0,0.2737211833382803,0.5,0.4,2025-11-20 13:58:00,改造,中,华南
TK002420,0.0461,low,0.0286,0.0154,0.0269,equipment(0.20),0,0,1,0.0,0,0.08062660947350297,0.0,0.2,2025-02-14 17:17:00,保养,低,西南
TK002421,0.0609,low,0.0342,0.0329,0.0125,equipment(0.20); cost(0.15),0,0,1,0.0,0,0.1544094127935931,0.0,0.2,2025-09-02 20:26:00,抢修,中,华南
TK002422,0.0689,low,0.1165,0.2496,0.0241,equipment(0.20); cost(0.19),0,0,1,0.0,0,0.19434765969483692,0.0,0.2,2025-04-04 18:31:00,抢修,低,西北
TK002423,0.2706,low,0.0903,0.0238,0.0022,equipment(0.60); compliance(0.50); quality(0.25),0,0,1,0.5,0,0.09049780282123521,0.25,0.6,2025-04-01 17:06:00,保养,高,华东
TK002424,0.1069,low,0.0545,0.0536,0.0106,cost(0.38); equipment(0.20),0,0,1,0.0,0,0.38454400048285853,0.0,0.2,2025-11-13 18:58:00,改造,中,西南
TK002425,0.2681,low,0.1517,0.1614,0.0422,quality(0.75); compliance(0.50); cost(0.15),0,0,1,0.5,0,0.1531525087503457,0.75,0.0,2025-07-28 17:00:00,抢修,高,华中
TK002426,0.1988,low,0.3295,0.5278,0.2431,quality(0.75); cost(0.28); equipment(0.20),0,0,1,0.0,0,0.28153818280641363,0.75,0.2,2025-06-20 11:11:00,巡检,低,西北
TK002427,0.1136,low,0.0611,0.0687,0.0085,compliance(0.25); equipment(0.20); cost(0.11),0,0,1,0.25,0,0.1052747526292862,0.0,0.2,2025-03-01 17:44:00,抢修,中,华中
TK002428,0.1516,low,0.2822,0.4473,0.229,equipment(0.40); compliance(0.25); cost(0.15),0,0,1,0.25,0,0.14568666488783066,0.0,0.4,2025-02-15 12:46:00,巡检,中,西北
TK002429,0.1946,low,0.4513,0.4368,0.6857,compliance(0.50); cost(0.35),0,0,1,0.5,0,0.3479455609919929,0.0,0.0,2025-08-30 18:50:00,保养,中,西北
TK002430,0.3366,low,0.1898,0.2151,0.0387,compliance(0.75); quality(0.75); cost(0.18),0,0,1,0.75,0,0.18284177051692052,0.75,0.0,2025-12-16 17:05:00,巡检,中,华南
TK002431,0.0506,low,0.017,0.0031,0.002,equipment(0.20); cost(0.10),0,0,1,0.0,0,0.10281585408398752,0.0,0.2,2025-11-17 16:27:00,抢修,高,西南
TK002432,0.0362,low,0.0144,0.007,0.0032,cost(0.18),0,0,1,0.0,0,0.1810464519766296,0.0,0.0,2025-04-05 18:11:00,抢修,高,西北
TK002433,0.1236,low,0.0386,0.0041,0.0002,equipment(0.60); cost(0.17),0,0,1,0.0,0,0.16783445034380706,0.0,0.6,2025-03-17 14:06:00,改造,中,西南
TK002434,0.0786,low,0.0541,0.072,0.0153,cost(0.39),0,0,1,0.0,0,0.3932329212310326,0.0,0.0,2025-12-21 11:39:00,巡检,紧急,华东
TK002435,0.0876,low,0.0425,0.0421,0.0042,cost(0.25); quality(0.25),0,0,1,0.0,0,0.25037079984898336,0.25,0.0,2025-10-21 17:44:00,巡检,中,华东
TK002436,0.1436,low,0.0677,0.0504,0.02,equipment(0.60); quality(0.25),0,0,1,0.0,0,0.0804395204993208,0.25,0.6,2025-06-16 17:25:00,巡检,低,华东
TK002437,0.1079,low,0.0739,0.0684,0.0502,equipment(0.40); cost(0.24),0,0,1,0.0,0,0.23930540979456938,0.0,0.4,2025-06-10 15:22:00,巡检,中,华东
TK002438,0.1268,low,0.1462,0.1655,0.1434,compliance(0.25); quality(0.25); cost(0.13),0,0,1,0.25,0,0.13395237348506916,0.25,0.0,2025-07-08 20:50:00,保养,中,华北
TK002439,0.2351,low,0.1144,0.1044,0.0209,compliance(0.50); quality(0.25); cost(0.21),0,0,1,0.5,0,0.21292555964007465,0.25,0.2,2025-06-22 17:33:00,抢修,紧急,华东
TK002440,0.1136,low,0.1361,0.1759,0.1156,equipment(0.60); cost(0.12),0,0,1,0.0,0,0.11811758134800299,0.0,0.6,2025-11-19 09:05:00,抢修,高,华中
TK002441,0.1559,low,0.2272,0.3771,0.1385,quality(0.50); cost(0.40),0,0,1,0.0,0,0.40433513840532864,0.5,0.0,2025-10-22 16:28:00,巡检,中,华南
TK002442,0.1542,low,0.0799,0.0849,0.0112,equipment(0.40); compliance(0.25); cost(0.16),0,0,1,0.25,0,0.15854268916113334,0.0,0.4,2025-01-06 17:46:00,改造,高,华南
TK002443,0.1756,low,0.0552,0.0064,0.0009,compliance(0.50); equipment(0.20); cost(0.10),0,0,1,0.5,0,0.10324542891091915,0.0,0.2,2025-07-18 18:17:00,改造,中,华东
TK002444,0.1259,low,0.0655,0.0695,0.0096,equipment(0.40); cost(0.33),0,0,1,0.0,0,0.32968005373306186,0.0,0.4,2025-12-23 15:50:00,巡检,中,华中
TK002445,0.1221,low,0.243,0.2425,0.3471,quality(0.50); cost(0.24),0,0,1,0.0,0,0.2353833778950586,0.5,0.0,2025-01-26 10:14:00,巡检,中,西北
TK002446,0.1069,low,0.0477,0.0347,0.0101,quality(0.50); cost(0.16),0,0,1,0.0,0,0.1594565437259794,0.5,0.0,2025-09-10 20:43:00,巡检,高,华北
TK002447,0.1791,low,0.0735,0.0493,0.0073,quality(0.75); cost(0.33),0,0,1,0.0,0,0.3327740712960404,0.75,0.0,2025-08-30 14:41:00,抢修,中,华东
TK002448,0.1364,low,0.0535,0.0341,0.0019,equipment(0.40); compliance(0.25),0,0,1,0.25,0,0.06935596505479791,0.0,0.4,2025-05-21 08:14:00,改造,中,西南
TK002449,0.2264,low,0.1562,0.1497,0.1024,equipment(0.60); cost(0.37); compliance(0.25),0,0,1,0.25,0,0.3695202482297716,0.0,0.6,2025-10-13 09:58:00,改造,低,华北
TK002450,0.1904,low,0.1746,0.171,0.1647,equipment(0.60); compliance(0.25); cost(0.19),0,0,1,0.25,0,0.18933659452629625,0.0,0.6,2025-04-22 14:35:00,巡检,高,华北
TK002451,0.0801,low,0.0756,0.1334,0.0139,equipment(0.40); cost(0.10),0,0,1,0.0,0,0.10031025349981082,0.0,0.4,2025-08-19 19:19:00,抢修,中,华北
TK002452,0.2876,low,0.736,0.9064,0.9499,compliance(0.50); equipment(0.40); cost(0.33),0,0,1,0.5,0,0.3253916257920918,0.25,0.4,2025-05-22 07:00:00,巡检,低,华南
TK002453,0.3167,low,0.1176,0.062,0.0025,compliance(0.75); equipment(0.40); cost(0.35),0,0,1,0.75,0,0.3458712302872736,0.0,0.4,2025-07-10 20:09:00,巡检,低,西南
TK002454,0.2638,low,0.109,0.0761,0.0093,compliance(0.75); cost(0.38),0,0,1,0.75,0,0.3816499614494989,0.0,0.0,2025-08-26 13:30:00,巡检,低,西北
TK002455,0.1635,low,0.168,0.1853,0.1545,equipment(1.00),0,0,1,0.0,0,0.06773186036798418,0.0,1.0,2025-09-18 11:55:00,巡检,紧急,华南
TK002456,0.166,low,0.0565,0.018,0.001,compliance(0.50); cost(0.20),0,0,1,0.5,0,0.20484271774046914,0.0,0.0,2025-03-11 10:37:00,巡检,高,华东
TK002457,0.0858,low,0.052,0.0685,0.0064,cost(0.28); equipment(0.20),0,0,1,0.0,0,0.2790495527345144,0.0,0.2,2025-09-28 12:03:00,保养,中,西南
TK002458,0.1298,low,0.0788,0.1033,0.0105,compliance(0.25); quality(0.25); cost(0.15),0,0,1,0.25,0,0.1489030614687772,0.25,0.0,2025-12-21 19:09:00,改造,高,西北
TK002459,0.1198,low,0.0864,0.1182,0.026,quality(0.50); cost(0.22),0,0,1,0.0,0,0.2242403177136586,0.5,0.0,2025-04-16 09:12:00,抢修,高,华东
TK002460,0.2514,low,0.1808,0.2354,0.0658,equipment(0.80); quality(0.50); cost(0.28),0,0,1,0.0,0,0.28180460541698404,0.5,0.8,2025-02-07 17:08:00,抢修,高,西南
TK002461,0.0865,low,0.0516,0.0562,0.0171,equipment(0.40); cost(0.13),0,0,1,0.0,0,0.13238142106558215,0.0,0.4,2025-03-08 20:17:00,改造,中,西北
TK002462,0.153,low,0.077,0.0861,0.0027,cost(0.30); compliance(0.25); equipment(0.20),0,0,1,0.25,0,0.30267590397237776,0.0,0.2,2025-12-14 13:24:00,巡检,高,华东
TK002463,0.1541,low,0.2468,0.3696,0.2036,cost(0.31); compliance(0.25); equipment(0.20),0,0,1,0.25,0,0.30795549327377825,0.0,0.2,2025-03-14 20:55:00,抢修,中,西北
TK002464,0.184,low,0.2091,0.4028,0.037,quality(0.75); equipment(0.40),0,0,1,0.0,0,0.05734247297653572,0.75,0.4,2025-06-15 09:37:00,巡检,低,华北
TK002465,0.0752,low,0.0383,0.0399,0.0052,cost(0.38),0,0,1,0.0,0,0.3760520275439939,0.0,0.0,2025-07-22 16:20:00,保养,高,华南
TK002466,0.1427,low,0.156,0.2346,0.0888,equipment(0.40); quality(0.25); cost(0.23),0,0,1,0.0,0,0.22577875162856798,0.25,0.4,2025-02-02 12:08:00,抢修,中,华南
TK002467,0.1115,low,0.0658,0.0825,0.0099,equipment(0.40); quality(0.25),0,0,1,0.0,0,0.06977064916079379,0.25,0.4,2025-12-28 20:41:00,保养,高,西南
TK002468,0.3137,low,0.717,0.9119,0.8677,quality(1.00); equipment(1.00),0,0,1,0.0,0,0.06855500761212407,1.0,1.0,2025-07-24 14:35:00,巡检,中,华北
TK002469,0.1225,low,0.046,0.0192,0.0071,equipment(0.40); cost(0.31),0,0,1,0.0,0,0.3125588773345813,0.0,0.4,2025-07-17 15:48:00,保养,中,华南
TK002470,0.256,low,0.1656,0.2371,0.0167,quality(0.75); equipment(0.60); cost(0.27),0,0,1,0.0,0,0.2676868497282284,0.75,0.6,2025-09-03 12:33:00,巡检,中,华东
TK002471,0.1651,low,0.0965,0.1194,0.0148,equipment(0.40); compliance(0.25); cost(0.21),0,0,1,0.25,0,0.21307810443176833,0.0,0.4,2025-06-21 14:51:00,巡检,中,西南
TK002472,0.1308,low,0.1154,0.1436,0.0741,equipment(0.40); cost(0.35),0,0,1,0.0,0,0.35380582137161076,0.0,0.4,2025-02-02 10:14:00,巡检,紧急,华中
TK002473,0.199,low,0.3934,0.6006,0.3527,quality(1.00); cost(0.24),0,0,1,0.0,0,0.24479958167884042,1.0,0.0,2025-10-10 07:52:00,抢修,中,华南
TK002474,0.1981,low,0.2196,0.3293,0.1283,quality(0.75); cost(0.28); equipment(0.20),0,0,1,0.0,0,0.27803190817629475,0.75,0.2,2025-04-09 08:35:00,抢修,高,西南
TK002475,0.1058,low,0.0596,0.072,0.0077,cost(0.38); equipment(0.20),0,0,1,0.0,0,0.3788344349389512,0.0,0.2,2025-03-31 14:02:00,改造,中,西南
TK002476,0.1991,low,0.3234,0.4428,0.3105,quality(0.50); equipment(0.40); cost(0.32),0,0,1,0.0,0,0.3205036613681014,0.5,0.4,2025-10-18 08:12:00,巡检,中,华北
TK002477,0.2121,low,0.1528,0.2337,0.021,equipment(0.40); cost(0.26); compliance(0.25),0,0,1,0.25,0,0.2606535731968972,0.25,0.4,2025-08-18 14:52:00,保养,中,华中
TK002478,0.1623,low,0.0585,0.0248,0.0033,compliance(0.50); cost(0.19),0,0,1,0.5,0,0.18662480890173982,0.0,0.0,2025-08-10 15:20:00,改造,中,西北
TK002479,0.1419,low,0.073,0.0658,0.0211,equipment(0.80); cost(0.11),0,0,1,0.0,0,0.10968899453990044,0.0,0.8,2025-10-27 14:45:00,抢修,中,华中
TK002480,0.019,low,0.0152,0.0235,0.0035,,0,0,1,0.0,0,0.09501482716815313,0.0,0.0,2025-12-29 13:50:00,巡检,中,华东
TK002481,0.145,low,0.127,0.208,0.0306,equipment(0.40); quality(0.25); cost(0.24),0,0,1,0.0,0,0.23768612916046616,0.25,0.4,2025-06-21 15:08:00,巡检,中,华东
TK002482,0.0743,low,0.1882,0.3701,0.104,compliance(0.25),0,0,1,0.25,0,0.05907227554771011,0.0,0.0,2025-07-25 20:30:00,巡检,紧急,华南
TK002483,0.175,low,0.116,0.1545,0.0268,cost(0.37); compliance(0.25); quality(0.25),0,0,1,0.25,0,0.3747849496287884,0.25,0.0,2025-05-09 17:03:00,巡检,低,华中
TK002484,0.1408,low,0.0653,0.0503,0.0156,cost(0.40); equipment(0.40),0,0,1,0.0,0,0.40406228226954655,0.0,0.4,2025-08-04 19:02:00,巡检,中,华东
TK002485,0.1047,low,0.0927,0.1488,0.0264,cost(0.37); equipment(0.20),0,0,1,0.0,0,0.3734773765207047,0.0,0.2,2025-05-14 15:26:00,抢修,低,华北
TK002486,0.3271,low,0.7536,0.9209,0.952,quality(1.00); equipment(0.40); cost(0.27),0,0,1,0.25,0,0.2729385175461152,1.0,0.4,2025-05-23 10:32:00,巡检,高,华中
TK002487,0.1382,low,0.2507,0.3404,0.2574,equipment(0.40); cost(0.39),0,0,1,0.0,0,0.391236376225528,0.0,0.4,2025-08-18 13:39:00,巡检,高,华东
TK002488,0.2154,low,0.4323,0.4694,0.581,quality(0.50); equipment(0.40); compliance(0.25),0,0,1,0.25,0,0.08953338236495867,0.5,0.4,2025-11-17 20:25:00,巡检,中,华中
TK002489,0.1054,low,0.1433,0.247,0.0721,equipment(0.40); cost(0.23),0,0,1,0.0,0,0.22681954137587235,0.0,0.4,2025-02-01 13:43:00,抢修,中,西北
TK002490,0.2261,low,0.0963,0.0784,0.003,equipment(0.60); cost(0.37); compliance(0.25),0,0,1,0.25,0,0.36802346710970346,0.0,0.6,2025-05-16 07:28:00,巡检,高,华东
TK002491,0.0835,low,0.0399,0.036,0.0064,quality(0.25); equipment(0.20),0,0,1,0.0,0,0.08004049035940175,0.25,0.2,2025-02-18 10:19:00,改造,中,西北
TK002492,0.0918,low,0.092,0.1461,0.0382,equipment(0.40); cost(0.16),0,0,1,0.0,0,0.15889348577824014,0.0,0.4,2025-08-25 20:16:00,抢修,中,华南
TK002493,0.086,low,0.0338,0.0225,0.0005,equipment(0.40); cost(0.13),0,0,1,0.0,0,0.129819028949686,0.0,0.4,2025-12-15 13:55:00,保养,中,华南
TK002494,0.1737,low,0.0811,0.0688,0.014,compliance(0.50); equipment(0.20),0,0,1,0.5,0,0.09332907963727577,0.0,0.2,2025-07-25 13:32:00,保养,紧急,华中
TK002495,0.1236,low,0.052,0.0401,0.0026,compliance(0.25); equipment(0.20); cost(0.16),0,0,1,0.25,0,0.1554931214880837,0.0,0.2,2025-12-15 13:52:00,抢修,低,西北
TK002496,0.1889,low,0.474,0.5731,0.6194,quality(0.50); compliance(0.25); equipment(0.20),0,0,1,0.25,0,0.10689457919867795,0.5,0.2,2025-09-12 12:07:00,改造,中,华东
TK002497,0.0241,low,0.0106,0.0045,0.0052,cost(0.12),0,0,1,0.0,0,0.12046625245605658,0.0,0.0,2025-06-27 14:01:00,抢修,低,华中
TK002498,0.3472,low,0.1439,0.0744,0.0391,equipment(0.80); compliance(0.50); cost(0.32),0,0,1,0.5,0,0.3232595741997667,0.25,0.8,2025-06-20 15:12:00,巡检,低,华中
TK002499,0.133,low,0.1135,0.112,0.0982,compliance(0.25); cost(0.20); equipment(0.20),0,0,1,0.25,0,0.20245186792531067,0.0,0.2,2025-11-30 19:24:00,保养,中,华中
TK002500,0.1177,low,0.0667,0.0838,0.0058,equipment(0.40); cost(0.29),0,0,1,0.0,0,0.2886412606110952,0.0,0.4,2025-01-11 14:45:00,抢修,低,华南
TK002501,0.2638,low,0.1023,0.0512,0.0149,compliance(0.75); equipment(0.40),0,0,1,0.75,0,0.08150022255019096,0.0,0.4,2025-03-16 12:54:00,保养,中,华南
TK002502,0.1422,low,0.0725,0.0753,0.01,cost(0.37); quality(0.25); equipment(0.20),0,0,1,0.0,0,0.37345014417887845,0.25,0.2,2025-05-11 07:29:00,保养,高,西北
TK002503,0.0194,low,0.0153,0.0267,0.0005,,0,0,1,0.0,0,0.09694495448685403,0.0,0.0,2025-05-14 17:24:00,巡检,中,华北
TK002504,0.1836,low,0.0864,0.0808,0.0086,quality(0.50); equipment(0.40); cost(0.24),0,0,1,0.0,0,0.2431627544671271,0.5,0.4,2025-08-16 14:07:00,保养,低,华东
TK002505,0.1472,low,0.1063,0.1654,0.0122,cost(0.27); compliance(0.25); equipment(0.20),0,0,1,0.25,0,0.27363664167220336,0.0,0.2,2025-09-21 10:33:00,巡检,中,西北
TK002506,0.2556,low,0.5622,0.8546,0.5327,quality(0.75); equipment(0.40); compliance(0.25),0,0,1,0.25,0,0.10291728750518137,0.75,0.4,2025-06-01 16:21:00,巡检,低,华东
TK002507,0.1379,low,0.1415,0.2588,0.0274,compliance(0.50),0,0,1,0.5,0,0.06450155212385555,0.0,0.0,2025-08-11 16:20:00,巡检,低,西南
TK002508,0.0614,low,0.065,0.1253,0.0078,equipment(0.20); cost(0.16),0,0,1,0.0,0,0.1572141339321138,0.0,0.2,2025-11-20 14:18:00,巡检,低,华北
TK002509,0.2381,low,0.5185,0.8078,0.4695,quality(0.75); compliance(0.25); equipment(0.20),0,0,1,0.25,0,0.1656847142436696,0.75,0.2,2025-04-17 10:07:00,改造,高,西北
TK002510,0.2625,low,0.7525,0.9818,0.9432,cost(1.00); compliance(0.25),0,0,1,0.25,0,1.0,0.0,0.0,2025-08-26 18:24:00,巡检,中,华北
TK002511,0.336,low,0.79,0.9914,0.9777,compliance(0.75); quality(0.50); equipment(0.40),0,0,1,0.75,0,0.06766403414271649,0.5,0.4,2025-11-12 11:33:00,保养,高,华中
TK002512,0.1595,low,0.3735,0.713,0.2174,quality(0.50); compliance(0.25); cost(0.11),0,0,1,0.25,0,0.10989597926590089,0.5,0.0,2025-12-11 07:46:00,巡检,低,华中
TK002513,0.086,low,0.08,0.1214,0.0336,equipment(0.40); cost(0.13),0,0,1,0.0,0,0.13016783700749612,0.0,0.4,2025-05-27 18:44:00,抢修,中,西南
TK002514,0.1766,low,0.0658,0.031,0.0056,compliance(0.50); cost(0.26),0,0,1,0.5,0,0.25816292400493634,0.0,0.0,2025-03-14 15:41:00,保养,高,华中
TK002515,0.0956,low,0.0822,0.1253,0.0276,cost(0.29); quality(0.25),0,0,1,0.0,0,0.29062432562540463,0.25,0.0,2025-06-30 16:03:00,保养,中,西南
TK002516,0.262,low,0.2502,0.3948,0.0956,compliance(0.50); equipment(0.40); quality(0.25),0,0,1,0.5,0,0.19769211260461572,0.25,0.4,2025-07-25 15:00:00,抢修,低,华东
TK002517,0.0773,low,0.0792,0.1376,0.0224,compliance(0.25),0,0,1,0.25,0,0.07392597079025975,0.0,0.0,2025-04-06 12:05:00,抢修,中,西南
TK002518,0.1024,low,0.0797,0.1115,0.0284,cost(0.36); equipment(0.20),0,0,1,0.0,0,0.36178598444440135,0.0,0.2,2025-02-10 09:42:00,抢修,高,华南
TK002519,0.1389,low,0.079,0.0746,0.0322,equipment(0.80),0,0,1,0.0,0,0.09451008526605165,0.0,0.8,2025-08-25 20:09:00,抢修,紧急,华东
TK002520,0.1283,low,0.2824,0.4432,0.2537,equipment(0.40); cost(0.34),0,0,1,0.0,0,0.3413881676782873,0.0,0.4,2025-01-25 09:51:00,抢修,中,西北
TK002521,0.0761,low,0.0706,0.1234,0.013,equipment(0.40),0,0,1,0.0,0,0.08074940084381577,0.0,0.4,2025-12-02 10:33:00,巡检,高,华中
TK002522,0.0468,low,0.085,0.1302,0.0725,equipment(0.20),0,0,1,0.0,0,0.08388796918814834,0.0,0.2,2025-08-05 15:37:00,保养,中,西北
TK002523,0.1972,low,0.1041,0.1239,0.0046,equipment(0.40); cost(0.37); compliance(0.25),0,0,1,0.25,0,0.37341026848798875,0.0,0.4,2025-02-25 18:09:00,改造,中,华中
TK002524,0.1625,low,0.0828,0.0945,0.0029,equipment(1.00),0,0,1,0.0,0,0.06264365240439707,0.0,1.0,2025-07-21 09:21:00,巡检,低,华中
TK002525,0.1591,low,0.1108,0.1696,0.0107,quality(0.50); cost(0.27); equipment(0.20),0,0,1,0.0,0,0.27058692669904716,0.5,0.2,2025-01-31 17:57:00,保养,高,华北
TK002526,0.0366,low,0.0305,0.0357,0.02,cost(0.18),0,0,1,0.0,0,0.1828321177201897,0.0,0.0,2025-09-01 17:29:00,抢修,紧急,华东
TK002527,0.2487,low,0.1433,0.1536,0.0428,compliance(0.75); equipment(0.20); cost(0.16),0,0,1,0.75,0,0.15598861597344427,0.0,0.2,2025-05-13 16:37:00,抢修,低,西南
TK002528,0.3529,low,0.6845,0.8007,0.8525,compliance(0.75); quality(0.50); equipment(0.40),0,0,1,0.75,0,0.15222006859745008,0.5,0.4,2025-07-12 12:41:00,保养,中,华中
TK002529,0.2403,low,0.4762,0.7733,0.3812,quality(0.50); equipment(0.40); compliance(0.25),0,0,1,0.25,0,0.21420796266132058,0.5,0.4,2025-10-18 08:21:00,抢修,低,华东
TK002530,0.1848,low,0.1639,0.1359,0.1741,equipment(0.60); quality(0.50),0,0,1,0.0,0,0.0987875159756173,0.5,0.6,2025-09-18 16:09:00,保养,中,华北
TK002531,0.2659,low,0.3371,0.5803,0.1548,equipment(0.80); compliance(0.50); cost(0.10),0,0,1,0.5,0,0.10427004712063714,0.0,0.8,2025-08-05 20:27:00,抢修,低,西南
TK002532,0.1342,low,0.1749,0.341,0.0436,compliance(0.25); cost(0.21); equipment(0.20),0,0,1,0.25,0,0.2087484173057168,0.0,0.2,2025-04-10 16:22:00,保养,低,西南
TK002533,0.1037,low,0.0698,0.0848,0.0258,quality(0.50); cost(0.14),0,0,1,0.0,0,0.14362808896552293,0.5,0.0,2025-05-28 19:38:00,改造,低,华中
TK002534,0.073,low,0.0547,0.0638,0.03,equipment(0.40),0,0,1,0.0,0,0.06502119408254048,0.0,0.4,2025-07-30 16:41:00,改造,低,华中
TK002535,0.2105,low,0.462,0.7799,0.3598,compliance(0.50); equipment(0.40); cost(0.13),0,0,1,0.5,0,0.1275398167359506,0.0,0.4,2025-09-27 20:40:00,巡检,低,华北
TK002536,0.1809,low,0.2494,0.3182,0.2392,equipment(0.40); cost(0.29); compliance(0.25),0,0,1,0.25,0,0.2921777299664786,0.0,0.4,2025-09-25 13:25:00,保养,中,华中
TK002537,0.1762,low,0.1905,0.2383,0.155,quality(0.75); cost(0.32),0,0,1,0.0,0,0.31852075621768805,0.75,0.0,2025-12-12 18:27:00,巡检,中,西南
TK002538,0.1594,low,0.1842,0.315,0.0747,quality(0.75); equipment(0.20),0,0,1,0.0,0,0.08467643683487824,0.75,0.2,2025-03-26 14:55:00,巡检,紧急,华南
TK002539,0.2246,low,0.32,0.5649,0.1569,compliance(0.50); quality(0.50); cost(0.12),0,0,1,0.5,0,0.12304051089097823,0.5,0.0,2025-01-09 19:30:00,保养,中,华中
TK002540,0.073,low,0.0414,0.0484,0.0072,quality(0.25); cost(0.18),0,0,1,0.0,0,0.1772799864966632,0.25,0.0,2025-11-21 07:03:00,保养,高,华中
TK002541,0.1267,low,0.1125,0.186,0.0268,equipment(0.40); cost(0.33),0,0,1,0.0,0,0.3334809695317824,0.0,0.4,2025-01-10 12:08:00,巡检,中,华中
TK002542,0.0505,low,0.0203,0.0144,0.0003,cost(0.25),0,0,1,0.0,0,0.2525416051536705,0.0,0.0,2025-05-12 07:35:00,抢修,紧急,西南
TK002543,0.3324,low,0.1746,0.1853,0.0286,equipment(0.60); compliance(0.50); cost(0.40),0,0,1,0.5,0,0.39937472186814105,0.25,0.6,2025-04-02 11:39:00,巡检,中,华中
TK002544,0.1813,low,0.2097,0.2891,0.1546,equipment(0.40); compliance(0.25); quality(0.25),0,0,1,0.25,0,0.10658284784851368,0.25,0.4,2025-05-02 15:35:00,巡检,中,华北
TK002545,0.1532,low,0.5508,0.8174,0.625,equipment(0.40); compliance(0.25); cost(0.15),0,0,1,0.25,0,0.15345038736987837,0.0,0.4,2025-09-27 11:58:00,保养,中,西南
TK002546,0.107,low,0.0543,0.0594,0.0039,equipment(0.60),0,0,1,0.0,0,0.0849939532981202,0.0,0.6,2025-02-14 16:58:00,抢修,低,西北
TK002547,0.1433,low,0.113,0.1873,0.0126,quality(0.50); cost(0.34),0,0,1,0.0,0,0.3416172441231924,0.5,0.0,2025-05-24 07:14:00,保养,中,华东
TK002548,0.1707,low,0.0904,0.0738,0.0383,equipment(0.40); cost(0.37); quality(0.25),0,0,1,0.0,0,0.3662309524557146,0.25,0.4,2025-12-01 11:36:00,保养,高,华南
TK002549,0.1716,low,0.0592,0.0219,0.0002,equipment(0.60); cost(0.41),0,0,1,0.0,0,0.40812611880800886,0.0,0.6,2025-10-15 18:26:00,巡检,低,华中
TK002550,0.1657,low,0.2689,0.4607,0.1655,quality(0.75); cost(0.27),0,0,1,0.0,0,0.26597873287751483,0.75,0.0,2025-06-03 17:34:00,保养,中,华北
TK002551,0.0245,low,0.0175,0.0262,0.0027,cost(0.12),0,0,1,0.0,0,0.12236678744523954,0.0,0.0,2025-07-03 07:43:00,保养,高,西北
TK002552,0.1146,low,0.0684,0.0738,0.0233,equipment(0.40); quality(0.25),0,0,1,0.0,0,0.08538830061917457,0.25,0.4,2025-09-07 09:38:00,保养,中,西南
TK002553,0.0685,low,0.0587,0.1051,0.0039,quality(0.25); cost(0.15),0,0,1,0.0,0,0.15485299071267022,0.25,0.0,2025-10-13 14:51:00,巡检,中,西北
TK002554,0.1252,low,0.2195,0.202,0.3177,cost(0.31); compliance(0.25),0,0,1,0.25,0,0.31331083303692486,0.0,0.0,2025-03-10 20:51:00,巡检,紧急,华中
TK002555,0.1954,low,0.0949,0.0879,0.0159,equipment(0.40); compliance(0.25); quality(0.25),0,0,1,0.25,0,0.17684363746934662,0.25,0.4,2025-09-25 20:03:00,抢修,高,西北
TK002556,0.214,low,0.2368,0.0954,0.3977,equipment(0.60); cost(0.31); compliance(0.25),0,0,1,0.25,0,0.3075100352366076,0.0,0.6,2025-01-17 18:55:00,巡检,低,华东
TK002557,0.1931,low,0.071,0.0268,0.0104,equipment(1.00); cost(0.22),0,0,1,0.0,0,0.21559994141554684,0.0,1.0,2025-10-20 12:55:00,抢修,低,华南
TK002558,0.112,low,0.0561,0.0408,0.0235,compliance(0.25); quality(0.25),0,0,1,0.25,0,0.05996998284734145,0.25,0.0,2025-06-22 11:03:00,巡检,高,华中
TK002559,0.2918,low,0.2478,0.2575,0.2004,compliance(0.50); quality(0.50); equipment(0.40),0,0,1,0.5,0,0.15908581204905747,0.5,0.4,2025-12-31 19:50:00,保养,中,西南
TK002560,0.2249,low,0.3811,0.5839,0.3121,equipment(0.60); cost(0.36); compliance(0.25),0,0,1,0.25,0,0.3617681164403844,0.0,0.6,2025-03-06 17:52:00,保养,中,华东
TK002561,0.3005,low,0.538,0.7281,0.5514,compliance(0.75); equipment(0.40); cost(0.26),0,0,1,0.75,0,0.26478890621279205,0.0,0.4,2025-11-11 08:27:00,抢修,高,西南
TK002562,0.2947,low,0.3261,0.612,0.0672,compliance(0.50); equipment(0.40); cost(0.36),0,0,1,0.5,0,0.3612367490272719,0.25,0.4,2025-12-18 13:11:00,抢修,中,华东
TK002563,0.1745,low,0.6078,0.7808,0.8061,quality(0.50); compliance(0.25); cost(0.18),0,0,1,0.25,0,0.18478078842482504,0.5,0.0,2025-03-12 09:41:00,巡检,低,西南
TK002564,0.1035,low,0.0893,0.1408,0.0256,cost(0.37); equipment(0.20),0,0,1,0.0,0,0.3673448269814267,0.0,0.2,2025-07-04 16:45:00,巡检,紧急,西南
TK002565,0.2074,low,0.0669,0.0133,0.0001,compliance(0.50); cost(0.26); equipment(0.20),0,0,1,0.5,0,0.2621333940952443,0.0,0.2,2025-04-11 11:17:00,巡检,低,华南
TK002566,0.2997,low,0.1901,0.1976,0.0886,equipment(0.60); compliance(0.50); quality(0.25),0,0,1,0.5,0,0.23605148964673683,0.25,0.6,2025-10-29 15:28:00,保养,中,西南
TK002567,0.2196,low,0.5422,0.7831,0.5779,quality(0.75); cost(0.39); equipment(0.20),0,0,1,0.0,0,0.38574646779167876,0.75,0.2,2025-03-26 16:07:00,抢修,中,西北
TK002568,0.1075,low,0.0715,0.1059,0.0062,compliance(0.25); cost(0.23),0,0,1,0.25,0,0.22524180255642068,0.0,0.0,2025-02-24 13:02:00,抢修,低,西北
TK002569,0.0993,low,0.128,0.1902,0.0905,equipment(0.40); cost(0.20),0,0,1,0.0,0,0.19640449133231097,0.0,0.4,2025-11-28 13:06:00,巡检,紧急,华中
TK002570,0.1542,low,0.0903,0.1184,0.0075,equipment(0.60); quality(0.25); cost(0.13),0,0,1,0.0,0,0.13365395797935553,0.25,0.6,2025-08-27 07:09:00,保养,低,西南
TK002571,0.2025,low,0.1261,0.1849,0.0018,compliance(0.50); equipment(0.40),0,0,1,0.5,0,0.08756155231133,0.0,0.4,2025-06-24 15:52:00,保养,高,西南
TK002572,0.2892,low,0.1571,0.1566,0.0444,compliance(0.50); equipment(0.40); cost(0.33),0,0,1,0.5,0,0.33326572837806057,0.25,0.4,2025-07-24 20:17:00,巡检,高,华东
TK002573,0.2343,low,0.1736,0.2864,0.0087,compliance(0.50); equipment(0.40); cost(0.25),0,0,1,0.5,0,0.24661144040562744,0.0,0.4,2025-03-26 17:48:00,保养,高,西南
TK002574,0.1453,low,0.1095,0.1692,0.019,quality(0.50); cost(0.35),0,0,1,0.0,0,0.35133734285022766,0.5,0.0,2025-01-20 13:41:00,抢修,高,华东
TK002575,0.1434,low,0.2741,0.5528,0.1073,cost(0.25); compliance(0.25); equipment(0.20),0,0,1,0.25,0,0.2542866655568504,0.0,0.2,2025-09-27 10:19:00,保养,紧急,西南
TK002576,0.1293,low,0.1011,0.135,0.043,equipment(0.60); cost(0.20),0,0,1,0.0,0,0.19641818527994914,0.0,0.6,2025-03-12 15:25:00,巡检,中,华北
TK002577,0.1271,low,0.1377,0.216,0.0684,equipment(0.60); cost(0.19),0,0,1,0.0,0,0.1853177867222935,0.0,0.6,2025-02-02 14:40:00,抢修,高,华中
TK002578,0.1193,low,0.0742,0.0818,0.0278,equipment(0.60); cost(0.15),0,0,1,0.0,0,0.14630003482377463,0.0,0.6,2025-07-10 19:50:00,巡检,中,华南
TK002579,0.411,medium,0.618,0.6696,0.7438,quality(1.00); compliance(0.50); equipment(0.40),0,1,0,0.5,0,0.3798857619724003,1.0,0.4,2025-03-02 14:11:00,改造,中,华东
TK002580,0.2803,low,0.7712,0.9852,0.9779,compliance(0.50); quality(0.50); cost(0.25),0,0,1,0.5,0,0.25125806841208287,0.5,0.2,2025-09-12 08:44:00,保养,高,西南
TK002581,0.014,low,0.0146,0.0119,0.0178,,0,0,1,0.0,0,0.06999115772784104,0.0,0.0,2025-07-19 18:10:00,巡检,中,华中
TK002582,0.219,low,0.3428,0.4396,0.3521,compliance(0.50); cost(0.28); quality(0.25),0,0,1,0.5,0,0.28274736006836354,0.25,0.0,2025-01-18 08:05:00,保养,低,华中
TK002583,0.1928,low,0.076,0.0394,0.0124,equipment(0.60); compliance(0.25); cost(0.20),0,0,1,0.25,0,0.2013036454535566,0.0,0.6,2025-09-14 11:48:00,巡检,中,华东
TK002584,0.0562,low,0.0366,0.0456,0.0109,cost(0.28),0,0,1,0.0,0,0.2810239771875711,0.0,0.0,2025-12-22 09:05:00,巡检,紧急,华南
TK002585,0.2759,low,0.3943,0.7499,0.1402,quality(0.50); equipment(0.40); cost(0.39),0,0,1,0.25,0,0.3920706830203735,0.5,0.4,2025-12-07 17:42:00,巡检,高,华中
TK002586,0.1362,low,0.2992,0.4555,0.2826,equipment(0.40); cost(0.38),0,0,1,0.0,0,0.3811603466751893,0.0,0.4,2025-02-22 10:35:00,保养,中,西北
TK002587,0.1177,low,0.0566,0.0331,0.0277,equipment(0.60); cost(0.14),0,0,1,0.0,0,0.13862610827988298,0.0,0.6,2025-03-18 17:06:00,保养,中,西北
TK002588,0.1159,low,0.0784,0.1104,0.0142,compliance(0.25); equipment(0.20); cost(0.12),0,0,1,0.25,0,0.11695350888244926,0.0,0.2,2025-08-10 16:55:00,改造,中,华东
TK002589,0.2881,low,0.4272,0.7229,0.2508,compliance(0.50); quality(0.50); equipment(0.40),0,0,1,0.5,0,0.1402522915289367,0.5,0.4,2025-10-10 15:06:00,改造,中,华东
TK002590,0.1513,low,0.1119,0.1675,0.0226,equipment(0.40); cost(0.27); quality(0.25),0,0,1,0.0,0,0.2688404191729402,0.25,0.4,2025-06-11 19:42:00,改造,紧急,西北
TK002591,0.0787,low,0.2115,0.4861,0.0508,equipment(0.40),0,0,1,0.0,0,0.09369807212472592,0.0,0.4,2025-12-06 08:37:00,抢修,高,华北
TK002592,0.2733,low,0.474,0.5503,0.5696,equipment(0.80); compliance(0.50); cost(0.14),0,0,1,0.5,0,0.14161222874558488,0.0,0.8,2025-06-07 08:20:00,巡检,中,华东
TK002593,0.2003,low,0.2818,0.3058,0.3277,equipment(0.80); cost(0.40),0,0,1,0.0,0,0.40149622863674206,0.0,0.8,2025-02-01 17:01:00,巡检,高,华南
TK002594,0.1658,low,0.1688,0.269,0.0711,equipment(0.40); compliance(0.25); cost(0.22),0,0,1,0.25,0,0.21654732514180663,0.0,0.4,2025-08-11 07:19:00,抢修,低,华南
TK002595,0.17,low,0.0839,0.0892,0.0047,cost(0.39); compliance(0.25); equipment(0.20),0,0,1,0.25,0,0.38754633277879935,0.0,0.2,2025-09-25 15:04:00,保养,低,华南
TK002596,0.1404,low,0.0881,0.0958,0.0355,compliance(0.50),0,0,1,0.5,0,0.07703925402992251,0.0,0.0,2025-05-12 10:07:00,保养,中,华南
TK002597,0.1372,low,0.044,0.0081,0.0001,equipment(0.40); cost(0.39),0,0,1,0.0,0,0.38603908122114217,0.0,0.4,2025-10-27 10:38:00,保养,高,华南
TK002598,0.2723,low,0.1233,0.108,0.0108,compliance(0.50); quality(0.50); cost(0.36),0,0,1,0.5,0,0.3615874001086198,0.5,0.0,2025-09-08 14:14:00,巡检,高,西北
TK002599,0.1108,low,0.0801,0.108,0.0259,compliance(0.25); cost(0.24),0,0,1,0.25,0,0.24151981169624348,0.0,0.0,2025-08-18 10:01:00,巡检,高,华南
TK002600,0.0153,low,0.0129,0.0214,0.0024,,0,0,1,0.0,0,0.0764410606340723,0.0,0.0,2025-01-26 08:25:00,保养,中,西南
TK002601,0.2311,low,0.144,0.1555,0.0577,equipment(0.60); quality(0.50); cost(0.33),0,0,1,0.0,0,0.33054164531371677,0.5,0.6,2025-04-22 09:50:00,抢修,中,华东
TK002602,0.2749,low,0.6369,0.9564,0.6277,quality(0.50); equipment(0.40); cost(0.39),0,0,1,0.25,0,0.3870176032498308,0.5,0.4,2025-07-16 17:59:00,保养,低,西北
TK002603,0.1173,low,0.1382,0.2145,0.0799,cost(0.27); compliance(0.25),0,0,1,0.25,0,0.27383712676856087,0.0,0.0,2025-07-14 11:46:00,保养,高,华南
TK002604,0.2497,low,0.6308,0.8665,0.7217,quality(1.00); cost(0.35); equipment(0.20),0,0,1,0.0,0,0.34851448592257417,1.0,0.2,2025-09-19 09:19:00,保养,中,华中
TK002605,0.249,low,0.4947,0.6707,0.5292,compliance(0.50); equipment(0.40); cost(0.32),0,0,1,0.5,0,0.32004974759736515,0.0,0.4,2025-07-15 19:43:00,巡检,紧急,西北
TK002606,0.355,low,0.5747,0.5334,0.8042,cost(1.00); compliance(0.50); equipment(0.20),0,0,1,0.5,0,1.0,0.0,0.2,2025-01-01 14:14:00,抢修,高,华东
TK002607,0.2051,low,0.4032,0.5608,0.4155,quality(0.50); cost(0.34); compliance(0.25),0,0,1,0.25,0,0.33812533506390907,0.5,0.0,2025-09-14 15:02:00,保养,中,华中
TK002608,0.1486,low,0.154,0.2737,0.0389,quality(0.75); cost(0.18),0,0,1,0.0,0,0.1806692947020272,0.75,0.0,2025-07-03 12:01:00,巡检,低,西南
TK002609,0.2138,low,0.3319,0.5537,0.2112,equipment(0.80); quality(0.50),0,0,1,0.0,0,0.09376928650012084,0.5,0.8,2025-05-11 08:00:00,保养,中,西南
TK002610,0.076,low,0.0682,0.1252,0.0044,equipment(0.40),0,0,1,0.0,0,0.08023492166279933,0.0,0.4,2025-09-26 09:27:00,抢修,高,西南
TK002611,0.1671,low,0.0608,0.0246,0.0058,equipment(0.60); quality(0.25); cost(0.20),0,0,1,0.0,0,0.19821840602186336,0.25,0.6,2025-09-08 09:48:00,巡检,紧急,华北
TK002612,0.2204,low,0.1245,0.1349,0.0319,compliance(0.50); cost(0.33); equipment(0.20),0,0,1,0.5,0,0.32718067272574947,0.0,0.2,2025-09-06 14:28:00,抢修,中,华南
TK002613,0.1506,low,0.1064,0.1214,0.0536,equipment(0.80); cost(0.15),0,0,1,0.0,0,0.15280802163426022,0.0,0.8,2025-07-04 19:37:00,抢修,低,华中
TK002614,0.1646,low,0.0673,0.0459,0.0052,equipment(1.00),0,0,1,0.0,0,0.07276267634270694,0.0,1.0,2025-03-05 16:10:00,抢修,低,华中
TK002615,0.1865,low,0.3081,0.5138,0.2065,equipment(0.40); cost(0.32); compliance(0.25),0,0,1,0.25,0,0.3200814262211258,0.0,0.4,2025-06-06 12:14:00,抢修,中,西北
TK002616,0.1152,low,0.0684,0.0787,0.018,equipment(0.40); cost(0.28),0,0,1,0.0,0,0.2761867003416444,0.0,0.4,2025-02-02 14:42:00,巡检,低,华南
TK002617,0.1596,low,0.1717,0.2158,0.138,compliance(0.50); cost(0.17),0,0,1,0.5,0,0.17306832520292892,0.0,0.0,2025-10-08 17:22:00,巡检,低,西北
TK002618,0.0267,low,0.015,0.0172,0.0029,cost(0.13),0,0,1,0.0,0,0.13326812522954,0.0,0.0,2025-07-16 13:10:00,巡检,高,西北
TK002619,0.1521,low,0.1124,0.1554,0.0353,cost(0.30); compliance(0.25); equipment(0.20),0,0,1,0.25,0,0.29776037719962956,0.0,0.2,2025-03-07 20:13:00,保养,中,华中
TK002620,0.2045,low,0.0807,0.0355,0.0198,equipment(0.40); compliance(0.25); quality(0.25),0,0,1,0.25,0,0.22248503922461282,0.25,0.4,2025-09-05 11:30:00,保养,中,华中
TK002621,0.2046,low,0.1717,0.2827,0.0326,compliance(0.50); quality(0.25); cost(0.21),0,0,1,0.5,0,0.21046091449405113,0.25,0.0,2025-10-02 17:20:00,保养,紧急,华北
TK002622,0.367,low,0.7757,0.936,0.9658,equipment(1.00); compliance(0.50); cost(0.27),0,0,1,0.5,0,0.2724909835111953,0.25,1.0,2025-06-29 16:09:00,巡检,高,西南
TK002623,0.353,low,0.4259,0.2803,0.6339,compliance(0.75); equipment(0.60); cost(0.38),0,0,1,0.75,0,0.37727031155345614,0.0,0.6,2025-03-29 13:38:00,抢修,中,西南
TK002624,0.1688,low,0.1117,0.1639,0.0105,equipment(0.40); cost(0.36); quality(0.25),0,0,1,0.0,0,0.3565475411266745,0.25,0.4,2025-08-24 11:30:00,改造,低,华中
TK002625,0.2259,low,0.3102,0.5177,0.1749,equipment(0.80); compliance(0.25); cost(0.22),0,0,1,0.25,0,0.2169566638342375,0.0,0.8,2025-04-06 15:15:00,抢修,低,华中
TK002626,0.1363,low,0.0532,0.0332,0.0019,compliance(0.50),0,0,1,0.5,0,0.05663960242996402,0.0,0.0,2025-11-26 07:58:00,保养,中,西南
TK002627,0.3026,low,0.1941,0.1454,0.1499,quality(0.75); compliance(0.50); equipment(0.20),0,0,1,0.5,0,0.175531802530683,0.75,0.2,2025-09-07 10:14:00,改造,紧急,西北
TK002628,0.0739,low,0.0945,0.1284,0.0783,equipment(0.40),0,0,1,0.0,0,0.06957236163062408,0.0,0.4,2025-12-23 18:34:00,巡检,中,西南
TK002629,0.0262,low,0.0142,0.0136,0.0045,cost(0.13),0,0,1,0.0,0,0.1308761036616245,0.0,0.0,2025-04-13 17:06:00,抢修,高,华北
TK002630,0.1502,low,0.1133,0.1529,0.0422,equipment(0.40); compliance(0.25); cost(0.14),0,0,1,0.25,0,0.13874916568442286,0.0,0.4,2025-03-17 14:30:00,巡检,中,华北
TK002631,0.2753,low,0.3365,0.3893,0.3361,compliance(0.50); quality(0.50); cost(0.23),0,0,1,0.5,0,0.22669548683821739,0.5,0.2,2025-11-20 10:39:00,抢修,中,华南
TK002632,0.123,low,0.1415,0.1202,0.1787,cost(0.28); quality(0.25); equipment(0.20),0,0,1,0.0,0,0.2775806380017599,0.25,0.2,2025-04-03 18:22:00,抢修,紧急,华东
TK002633,0.1096,low,0.0597,0.0722,0.0045,cost(0.36); quality(0.25),0,0,1,0.0,0,0.3603319570272677,0.25,0.0,2025-11-05 12:57:00,抢修,中,华中
TK002634,0.2525,low,0.539,0.7763,0.5473,quality(0.50); equipment(0.40); cost(0.27),0,0,1,0.25,0,0.2747636304997284,0.5,0.4,2025-10-07 14:51:00,巡检,中,华南
TK002635,0.1724,low,0.1431,0.2412,0.0198,equipment(0.40); compliance(0.25); cost(0.25),0,0,1,0.25,0,0.24964684845775598,0.0,0.4,2025-02-28 17:55:00,巡检,紧急,华南
TK002636,0.0966,low,0.0765,0.1153,0.0204,cost(0.33); equipment(0.20),0,0,1,0.0,0,0.33298778124911066,0.0,0.2,2025-05-23 15:16:00,巡检,紧急,华中
TK002637,0.1776,low,0.1155,0.1643,0.0134,cost(0.40); equipment(0.40); quality(0.25),0,0,1,0.0,0,0.4002662406815761,0.25,0.4,2025-11-05 08:37:00,抢修,中,华中
TK002638,0.1283,low,0.0765,0.0906,0.0181,compliance(0.25); quality(0.25); cost(0.14),0,0,1,0.25,0,0.1412777543221504,0.25,0.0,2025-07-05 11:25:00,保养,低,华南
TK002639,0.3419,low,0.474,0.6975,0.3637,compliance(0.75); quality(0.50); cost(0.40),0,0,1,0.75,0,0.3970170750846802,0.5,0.0,2025-10-15 08:02:00,保养,低,华北
TK002640,0.0796,low,0.0546,0.0813,0.0065,cost(0.40),0,0,1,0.0,0,0.3978599619070249,0.0,0.0,2025-06-02 16:04:00,抢修,中,西南
TK002641,0.1749,low,0.2436,0.3673,0.1788,quality(0.50); equipment(0.40); cost(0.20),0,0,1,0.0,0,0.19973443279516845,0.5,0.4,2025-06-20 12:39:00,抢修,低,西北
TK002642,0.1218,low,0.153,0.2344,0.0983,compliance(0.25); quality(0.25); cost(0.11),0,0,1,0.25,0,0.10922691592034106,0.25,0.0,2025-08-18 10:03:00,保养,低,西北
TK002643,0.2619,low,0.0913,0.0362,0.0003,equipment(0.60); compliance(0.50); cost(0.23),0,0,1,0.5,0,0.23445403153823263,0.0,0.6,2025-01-18 20:15:00,巡检,中,西北
TK002644,0.1251,low,0.2139,0.2722,0.2318,equipment(0.40); quality(0.25); cost(0.14),0,0,1,0.0,0,0.13815966538219193,0.25,0.4,2025-05-23 13:35:00,抢修,中,华南
TK002645,0.2507,low,0.1837,0.2735,0.0365,compliance(0.75); cost(0.32),0,0,1,0.75,0,0.3160232245764548,0.0,0.0,2025-07-31 10:10:00,保养,中,华北
TK002646,0.1841,low,0.1889,0.2403,0.1416,quality(0.50); compliance(0.25); cost(0.23),0,0,1,0.25,0,0.23284885162954516,0.5,0.0,2025-11-20 09:51:00,巡检,低,西北
TK002647,0.052,low,0.0326,0.0408,0.0077,equipment(0.20); cost(0.11),0,0,1,0.0,0,0.10985333249624518,0.0,0.2,2025-02-09 13:24:00,保养,高,华北
TK002648,0.2063,low,0.1903,0.3418,0.025,equipment(0.40); compliance(0.25); quality(0.25),0,0,1,0.25,0,0.23169630452903578,0.25,0.4,2025-09-18 13:36:00,抢修,中,华南
TK002649,0.2636,low,0.3947,0.3478,0.5541,equipment(0.80); quality(0.75); cost(0.16),0,0,1,0.0,0,0.1556108331780679,0.75,0.8,2025-06-03 09:58:00,抢修,中,华北
TK002650,0.1395,low,0.0575,0.037,0.0078,equipment(0.60); cost(0.25),0,0,1,0.0,0,0.24757004970466068,0.0,0.6,2025-04-05 19:27:00,抢修,中,华南
TK002651,0.0467,low,0.0227,0.0178,0.007,cost(0.23),0,0,1,0.0,0,0.23369822466534962,0.0,0.0,2025-03-22 17:38:00,巡检,中,华东
TK002652,0.2266,low,0.0958,0.0561,0.0233,compliance(0.50); cost(0.32); quality(0.25),0,0,1,0.5,0,0.3204329549318804,0.25,0.0,2025-08-17 13:27:00,巡检,低,华中
TK002653,0.1596,low,0.4226,0.6866,0.384,compliance(0.25); quality(0.25); equipment(0.20),0,0,1,0.25,0,0.1478415456710217,0.25,0.2,2025-09-20 17:35:00,保养,中,华北
TK002654,0.2083,low,0.0871,0.0592,0.011,equipment(0.60); cost(0.40); quality(0.25),0,0,1,0.0,0,0.4041888090028134,0.25,0.6,2025-03-21 08:31:00,保养,中,华中
TK002655,0.2571,low,0.1864,0.2491,0.063,compliance(0.75); cost(0.35),0,0,1,0.75,0,0.3478307666203214,0.0,0.0,2025-10-17 17:42:00,巡检,低,西北
TK002656,0.2675,low,0.2197,0.3539,0.0446,compliance(0.75); cost(0.40),0,0,1,0.75,0,0.39981719582992326,0.0,0.0,2025-11-30 12:26:00,巡检,高,华南
TK002657,0.2187,low,0.085,0.0499,0.0056,equipment(0.40); cost(0.29); compliance(0.25),0,0,1,0.25,0,0.2934917518561144,0.25,0.4,2025-06-25 15:49:00,保养,中,西北
TK002658,0.0646,low,0.0348,0.0412,0.003,equipment(0.20); cost(0.17),0,0,1,0.0,0,0.17284272156184566,0.0,0.2,2025-08-23 11:24:00,巡检,紧急,华南
TK002659,0.2184,low,0.1923,0.335,0.0273,equipment(0.60); quality(0.50); cost(0.27),0,0,1,0.0,0,0.26722196847680635,0.5,0.6,2025-11-05 14:50:00,保养,低,华北
TK002660,0.1778,low,0.1418,0.1999,0.0528,equipment(0.40); cost(0.28); compliance(0.25),0,0,1,0.25,0,0.27669031157403245,0.0,0.4,2025-07-06 18:08:00,巡检,中,华中
TK002661,0.0905,low,0.0688,0.0925,0.0264,compliance(0.25); cost(0.14),0,0,1,0.25,0,0.14007423940704733,0.0,0.0,2025-06-10 15:42:00,保养,高,华北
TK002662,0.1361,low,0.1552,0.169,0.1577,equipment(0.40); cost(0.38),0,0,1,0.0,0,0.3804509486338702,0.0,0.4,2025-08-08 07:16:00,抢修,中,西北
TK002663,0.1715,low,0.1207,0.1566,0.0412,equipment(0.60); cost(0.41),0,0,1,0.0,0,0.4076558479664153,0.0,0.6,2025-07-26 09:05:00,保养,低,西南
TK002664,0.1092,low,0.0634,0.0444,0.0432,equipment(0.60),0,0,1,0.0,0,0.09576944240199059,0.0,0.6,2025-12-20 10:32:00,保养,高,华中
TK002665,0.0951,low,0.202,0.3489,0.1467,cost(0.33); equipment(0.20),0,0,1,0.0,0,0.3255192026102556,0.0,0.2,2025-02-12 11:50:00,巡检,紧急,西北
TK002666,0.1461,low,0.0749,0.0821,0.0066,equipment(0.60); cost(0.28),0,0,1,0.0,0,0.28048082801277596,0.0,0.6,2025-07-26 16:04:00,保养,高,华南
TK002667,0.0429,low,0.0235,0.0299,0.0006,cost(0.21),0,0,1,0.0,0,0.2142806600793511,0.0,0.0,2025-03-15 09:16:00,保养,高,西南
TK002668,0.2365,low,0.3233,0.4022,0.3189,quality(0.75); equipment(0.40); cost(0.32),0,0,1,0.0,0,0.32004361697831274,0.75,0.4,2025-02-25 08:33:00,抢修,低,西北
TK002669,0.1752,low,0.1425,0.1884,0.0687,equipment(0.80); cost(0.28),0,0,1,0.0,0,0.2762450025688421,0.0,0.8,2025-10-18 09:10:00,保养,高,西南
TK002670,0.1157,low,0.077,0.0956,0.0252,compliance(0.25); equipment(0.20); cost(0.12),0,0,1,0.25,0,0.11608229287253946,0.0,0.2,2025-10-26 07:49:00,巡检,高,华南
TK002671,0.0541,low,0.0357,0.0437,0.0119,quality(0.25),0,0,1,0.0,0,0.08313427621889047,0.25,0.0,2025-03-21 13:26:00,保养,中,华东
TK002672,0.0909,low,0.0856,0.1463,0.0203,compliance(0.25); cost(0.14),0,0,1,0.25,0,0.1418011583352462,0.0,0.0,2025-01-29 20:04:00,抢修,低,华中
TK002673,0.1739,low,0.3889,0.6019,0.3602,quality(1.00); cost(0.12),0,0,1,0.0,0,0.11943970465051346,1.0,0.0,2025-07-04 09:57:00,巡检,中,华中
TK002674,0.1534,low,0.1124,0.1469,0.0427,quality(0.50); cost(0.24); equipment(0.20),0,0,1,0.0,0,0.24217899967470913,0.5,0.2,2025-03-25 20:11:00,巡检,中,西南
TK002675,0.2983,low,0.572,0.8009,0.5777,compliance(0.50); quality(0.50); equipment(0.40),0,0,1,0.5,0,0.1913132849351854,0.5,0.4,2025-08-08 14:12:00,保养,高,华东
TK002676,0.181,low,0.2649,0.3286,0.2731,cost(0.26); compliance(0.25); quality(0.25),0,0,1,0.25,0,0.25519086503352584,0.25,0.2,2025-12-31 12:27:00,改造,中,西北
TK002677,0.1363,low,0.2797,0.3825,0.2997,quality(0.75); cost(0.12),0,0,1,0.0,0,0.11875026284164636,0.75,0.0,2025-09-30 09:06:00,抢修,中,西南
TK002678,0.189,low,0.352,0.5542,0.2894,equipment(0.40); compliance(0.25); quality(0.25),0,0,1,0.25,0,0.14498936830711584,0.25,0.4,2025-09-09 08:47:00,抢修,低,华北
TK002679,0.1652,low,0.1614,0.2912,0.0284,quality(0.50); compliance(0.25); cost(0.14),0,0,1,0.25,0,0.13854193035113727,0.5,0.0,2025-09-29 15:57:00,保养,中,华中
TK002680,0.2186,low,0.0982,0.0433,0.0499,compliance(0.50); quality(0.25); equipment(0.20),0,0,1,0.5,0,0.13037554444028232,0.25,0.2,2025-03-04 09:20:00,巡检,紧急,华中
TK002681,0.238,low,0.2483,0.4302,0.0753,equipment(1.00); compliance(0.25); cost(0.13),0,0,1,0.25,0,0.12757911637536434,0.0,1.0,2025-03-10 19:18:00,保养,中,华中
TK002682,0.0639,low,0.0291,0.0196,0.0088,equipment(0.20); cost(0.17),0,0,1,0.0,0,0.16958420447094624,0.0,0.2,2025-09-28 08:06:00,抢修,中,华东
TK002683,0.2496,low,0.4718,0.6908,0.4432,compliance(0.50); equipment(0.40); quality(0.25),0,0,1,0.5,0,0.13557078855784266,0.25,0.4,2025-08-10 15:48:00,抢修,低,华东
TK002684,0.3348,low,0.4634,0.4572,0.5798,equipment(1.00); compliance(0.50); cost(0.30),0,0,1,0.5,0,0.2992394856990247,0.0,1.0,2025-05-06 13:12:00,抢修,低,华南
TK002685,0.0258,low,0.0125,0.0105,0.003,cost(0.13),0,0,1,0.0,0,0.128833524848326,0.0,0.0,2025-06-13 17:25:00,抢修,中,西北
TK002686,0.0829,low,0.0878,0.091,0.0888,quality(0.25); equipment(0.20),0,0,1,0.0,0,0.07693412141951228,0.25,0.2,2025-08-01 17:30:00,巡检,中,华北
TK002687,0.2556,low,0.1242,0.118,0.0179,compliance(0.50); equipment(0.40); cost(0.35),0,0,1,0.5,0,0.35301931888232396,0.0,0.4,2025-09-10 14:56:00,抢修,高,华北
TK002688,0.2297,low,0.3327,0.4977,0.2559,equipment(0.40); cost(0.35); compliance(0.25),0,0,1,0.25,0,0.34840592782686575,0.25,0.4,2025-08-20 13:33:00,保养,高,华东
TK002689,0.0123,low,0.0093,0.0138,0.0021,,0,0,1,0.0,0,0.06128419863746137,0.0,0.0,2025-10-15 11:39:00,抢修,紧急,西北
TK002690,0.1729,low,0.4641,0.6935,0.4842,compliance(0.50); equipment(0.20),0,0,1,0.5,0,0.08974355597985317,0.0,0.2,2025-05-21 19:48:00,保养,中,华中
TK002691,0.1354,low,0.1081,0.1701,0.0227,equipment(0.40); cost(0.38),0,0,1,0.0,0,0.3768792160650579,0.0,0.4,2025-08-31 19:07:00,巡检,紧急,华南
TK002692,0.0843,low,0.1153,0.1547,0.1025,equipment(0.40); cost(0.12),0,0,1,0.0,0,0.12136650651485004,0.0,0.4,2025-05-02 20:41:00,巡检,高,华东
TK002693,0.0819,low,0.0996,0.136,0.0785,quality(0.25); equipment(0.20),0,0,1,0.0,0,0.07219739775953005,0.25,0.2,2025-06-10 10:21:00,抢修,高,华北
TK002694,0.2554,low,0.089,0.0348,0.0007,equipment(0.60); compliance(0.50); cost(0.20),0,0,1,0.5,0,0.20204101342433112,0.0,0.6,2025-12-13 10:01:00,抢修,中,华南
TK002695,0.1368,low,0.0592,0.0436,0.0083,equipment(0.80),0,0,1,0.0,0,0.08423616767747544,0.0,0.8,2025-01-26 08:37:00,保养,中,西南
TK002696,0.0321,low,0.0131,0.0097,0.0003,cost(0.16),0,0,1,0.0,0,0.16070087241872733,0.0,0.0,2025-08-09 13:30:00,保养,低,华中
TK002697,0.0421,low,0.0226,0.0262,0.0022,equipment(0.20),0,0,1,0.0,0,0.06033332344829634,0.0,0.2,2025-02-09 10:31:00,巡检,低,华南
TK002698,0.2162,low,0.1059,0.1077,0.0095,compliance(0.50); equipment(0.40); cost(0.16),0,0,1,0.5,0,0.15610937709438366,0.0,0.4,2025-09-10 18:11:00,保养,中,华东
TK002699,0.0355,low,0.0363,0.0625,0.0109,cost(0.18),0,0,1,0.0,0,0.17746636596329135,0.0,0.0,2025-02-26 10:17:00,保养,中,西南
TK002700,0.0841,low,0.1674,0.2073,0.199,equipment(0.40); cost(0.12),0,0,1,0.0,0,0.12051594359478757,0.0,0.4,2025-08-03 12:43:00,巡检,中,西南
TK002701,0.1362,low,0.3212,0.6131,0.188,quality(0.75); cost(0.12),0,0,1,0.0,0,0.11839675607401645,0.75,0.0,2025-07-20 20:18:00,保养,高,华东
TK002702,0.0617,low,0.0408,0.0564,0.0073,quality(0.25); cost(0.12),0,0,1,0.0,0,0.12123864279255536,0.25,0.0,2025-02-28 20:42:00,保养,中,华东
TK002703,0.0947,low,0.0423,0.0319,0.0078,compliance(0.25); cost(0.16),0,0,1,0.25,0,0.16109538089037023,0.0,0.0,2025-07-22 15:24:00,巡检,中,华东
TK002704,0.1832,low,0.4514,0.641,0.4918,equipment(0.60); compliance(0.25); cost(0.15),0,0,1,0.25,0,0.15330736362126496,0.0,0.6,2025-10-04 07:33:00,巡检,中,华东
TK002705,0.1949,low,0.067,0.0236,0.0007,compliance(0.50); equipment(0.20); cost(0.20),0,0,1,0.5,0,0.19944351205723876,0.0,0.2,2025-02-11 17:28:00,巡检,低,华南
TK002706,0.1123,low,0.0507,0.034,0.0146,quality(0.25); cost(0.22); equipment(0.20),0,0,1,0.0,0,0.22405596027950725,0.25,0.2,2025-12-07 12:32:00,抢修,中,西南
TK002707,0.245,low,0.2223,0.3192,0.106,equipment(0.80); quality(0.50); cost(0.25),0,0,1,0.0,0,0.2498034081871554,0.5,0.8,2025-02-10 17:34:00,抢修,中,华东
TK002708,0.1211,low,0.0968,0.077,0.0959,compliance(0.25); equipment(0.20); cost(0.14),0,0,1,0.25,0,0.14290936898381368,0.0,0.2,2025-04-17 19:21:00,保养,中,华北
TK002709,0.1117,low,0.2625,0.418,0.2364,compliance(0.25); equipment(0.20),0,0,1,0.25,0,0.09592049276065884,0.0,0.2,2025-11-30 10:22:00,巡检,中,西南
TK002710,0.1286,low,0.1902,0.3431,0.0901,cost(0.31); quality(0.25); equipment(0.20),0,0,1,0.0,0,0.30574865914007165,0.25,0.2,2025-12-28 07:00:00,巡检,中,西北
TK002711,0.0874,low,0.0366,0.0245,0.0053,equipment(0.40); cost(0.14),0,0,1,0.0,0,0.1368858536114912,0.0,0.4,2025-12-22 15:07:00,抢修,中,华北
TK002712,0.1609,low,0.1988,0.1608,0.2694,equipment(0.60); cost(0.35),0,0,1,0.0,0,0.3547347907057222,0.0,0.6,2025-10-08 07:29:00,抢修,中,华北
TK002713,0.2472,low,0.474,0.675,0.4675,quality(0.75); compliance(0.25); cost(0.21),0,0,1,0.25,0,0.21106446125447897,0.75,0.2,2025-04-08 07:17:00,巡检,紧急,华东
TK002714,0.2048,low,0.0953,0.0835,0.0132,compliance(0.50); cost(0.25); equipment(0.20),0,0,1,0.5,0,0.24913977399979637,0.0,0.2,2025-06-30 10:11:00,巡检,低,华南
TK002715,0.204,low,0.0752,0.0383,0.0018,compliance(0.50); equipment(0.40),0,0,1,0.5,0,0.09516948708545081,0.0,0.4,2025-10-06 10:18:00,抢修,紧急,华南
TK002716,0.1818,low,0.1757,0.2336,0.1126,cost(0.26); compliance(0.25); quality(0.25),0,0,1,0.25,0,0.258992711044019,0.25,0.2,2025-01-14 14:08:00,巡检,中,西南
TK002717,0.1804,low,0.2097,0.2825,0.1619,equipment(0.40); cost(0.29); compliance(0.25),0,0,1,0.25,0,0.28955985081559366,0.0,0.4,2025-06-20 15:09:00,巡检,高,华中
TK002718,0.3281,low,0.7614,0.9751,0.9192,compliance(0.75); quality(0.50); equipment(0.20),0,0,1,0.75,0,0.17805185139038704,0.5,0.2,2025-01-13 14:17:00,保养,高,西北
TK002719,0.1784,low,0.0907,0.0931,0.0132,equipment(0.40); cost(0.28); compliance(0.25),0,0,1,0.25,0,0.27952635097370926,0.0,0.4,2025-07-23 08:46:00,改造,中,华南
TK002720,0.1303,low,0.1063,0.1369,0.055,equipment(0.40); cost(0.35),0,0,1,0.0,0,0.3512784981358672,0.0,0.4,2025-02-14 11:32:00,改造,低,华东
TK002721,0.2012,low,0.3419,0.4315,0.373,quality(0.75); cost(0.29); equipment(0.20),0,0,1,0.0,0,0.2933225171020877,0.75,0.2,2025-12-29 09:16:00,改造,低,华南
TK002722,0.08,low,0.0854,0.1108,0.0646,equipment(0.40); cost(0.10),0,0,1,0.0,0,0.10002951344970057,0.0,0.4,2025-04-18 15:26:00,抢修,高,华东
TK002723,0.193,low,0.4171,0.6482,0.3781,quality(0.50); equipment(0.40); cost(0.29),0,0,1,0.0,0,0.2901394913304687,0.5,0.4,2025-04-17 10:04:00,保养,中,华北
TK002724,0.0797,low,0.0271,0.0054,0.0037,cost(0.40),0,0,1,0.0,0,0.39838165564722705,0.0,0.0,2025-01-22 17:21:00,改造,低,华东
TK002725,0.088,low,0.0404,0.0385,0.0015,compliance(0.25); cost(0.13),0,0,1,0.25,0,0.12747409326424874,0.0,0.0,2025-10-03 14:02:00,保养,低,西南
TK002726,0.1746,low,0.0783,0.0702,0.0039,equipment(0.40); cost(0.26); compliance(0.25),0,0,1,0.25,0,0.260702858128406,0.0,0.4,2025-10-10 20:39:00,保养,中,华中
TK002727,0.3678,low,0.7355,0.864,0.9223,quality(1.00); equipment(1.00); cost(0.34),0,0,1,0.0,0,0.3391501163763876,1.0,1.0,2025-01-17 17:55:00,保养,紧急,西南
TK002728,0.0699,low,0.0305,0.0253,0.002,equipment(0.20); cost(0.20),0,0,1,0.0,0,0.19929227707936403,0.0,0.2,2025-04-26 18:28:00,巡检,中,华中
TK002729,0.1672,low,0.1279,0.1837,0.0383,cost(0.37); compliance(0.25); equipment(0.20),0,0,1,0.25,0,0.37362769068507584,0.0,0.2,2025-02-16 19:30:00,改造,中,华东
TK002730,0.1658,low,0.1218,0.1217,0.0841,quality(0.50); equipment(0.40); cost(0.15),0,0,1,0.0,0,0.15382969619169873,0.5,0.4,2025-06-26 16:55:00,抢修,中,华中
TK002731,0.1878,low,0.1837,0.234,0.1298,equipment(0.60); cost(0.30); quality(0.25),0,0,1,0.0,0,0.3013095888984353,0.25,0.6,2025-05-10 17:50:00,巡检,低,华东
TK002732,0.074,low,0.033,0.0259,0.0049,equipment(0.40),0,0,1,0.0,0,0.06975592371844519,0.0,0.4,2025-04-27 19:12:00,保养,低,华东
TK002733,0.2286,low,0.2842,0.4,0.2162,equipment(0.40); cost(0.34); compliance(0.25),0,0,1,0.25,0,0.34280099462581215,0.25,0.4,2025-08-30 20:25:00,保养,中,华南
TK002734,0.123,low,0.2534,0.3641,0.2544,quality(0.50); cost(0.24),0,0,1,0.0,0,0.24006385114333195,0.5,0.0,2025-01-27 08:19:00,改造,中,华南
TK002735,0.1745,low,0.2325,0.201,0.3136,cost(0.37); compliance(0.25); quality(0.25),0,0,1,0.25,0,0.37259262111498304,0.25,0.0,2025-08-21 17:38:00,巡检,中,华南
TK002736,0.2499,low,0.4671,0.814,0.3065,quality(0.50); equipment(0.40); cost(0.26),0,0,1,0.25,0,0.262177799171315,0.5,0.4,2025-05-29 10:06:00,巡检,中,华东
TK002737,0.1275,low,0.0771,0.0848,0.0261,equipment(0.40); quality(0.25); cost(0.15),0,0,1,0.0,0,0.1499375275479835,0.25,0.4,2025-12-30 15:20:00,抢修,中,西南
TK002738,0.0559,low,0.0376,0.0501,0.0093,cost(0.28),0,0,1,0.0,0,0.2793951421545364,0.0,0.0,2025-06-13 11:47:00,抢修,紧急,西南
TK002739,0.3032,low,0.2517,0.3544,0.1048,equipment(0.60); quality(0.50); cost(0.38),0,0,1,0.25,0,0.37842590510456486,0.5,0.6,2025-06-04 17:52:00,抢修,低,华北
TK002740,0.2811,low,0.7413,0.9077,0.9694,equipment(0.80); compliance(0.50); cost(0.18),0,0,1,0.5,0,0.18057923437162882,0.0,0.8,2025-12-19 11:23:00,巡检,低,华北
TK002741,0.0213,low,0.0194,0.031,0.0062,cost(0.11),0,0,1,0.0,0,0.10628810817537016,0.0,0.0,2025-01-01 08:10:00,抢修,高,华北
TK002742,0.0177,low,0.018,0.0181,0.0183,,0,0,1,0.0,0,0.08869375541821645,0.0,0.0,2025-06-11 12:53:00,抢修,低,西北
TK002743,0.0938,low,0.0423,0.037,0.0036,quality(0.25); equipment(0.20); cost(0.13),0,0,1,0.0,0,0.13125210259767417,0.25,0.2,2025-02-24 07:42:00,改造,高,华南
TK002744,0.1036,low,0.0873,0.1542,0.0064,compliance(0.25); cost(0.21),0,0,1,0.25,0,0.2056407872307453,0.0,0.0,2025-03-28 17:21:00,抢修,中,华南
TK002745,0.35,low,0.708,0.8075,0.9153,quality(1.00); compliance(0.75),0,0,1,0.75,0,0.06257802989871852,1.0,0.0,2025-11-08 12:20:00,巡检,中,华北
TK002746,0.1865,low,0.1075,0.0776,0.0698,equipment(0.40); compliance(0.25); quality(0.25),0,0,1,0.25,0,0.13233241064669632,0.25,0.4,2025-10-20 20:52:00,巡检,中,华东
TK002747,0.2029,low,0.2276,0.2701,0.2063,compliance(0.50); equipment(0.40),0,0,1,0.5,0,0.08933426042551251,0.0,0.4,2025-08-06 08:33:00,抢修,低,华北
TK002748,0.1164,low,0.0699,0.0698,0.0302,equipment(0.60); cost(0.13),0,0,1,0.0,0,0.13200295246615656,0.0,0.6,2025-03-31 11:09:00,巡检,中,西南
TK002749,0.2553,low,0.4982,0.8323,0.3723,equipment(0.60); quality(0.50); compliance(0.25),0,0,1,0.25,0,0.13896743391207067,0.5,0.6,2025-08-25 19:23:00,巡检,中,华东
TK002750,0.2437,low,0.6753,0.8234,0.8971,quality(0.50); equipment(0.40); compliance(0.25),0,0,1,0.25,0,0.23082163838793912,0.5,0.4,2025-05-19 09:26:00,巡检,中,华南
TK002751,0.2413,low,0.2511,0.2643,0.2464,compliance(0.75); equipment(0.20); cost(0.12),0,0,1,0.75,0,0.11885236546253497,0.0,0.2,2025-08-19 20:16:00,抢修,中,华中
TK002752,0.408,medium,0.7762,0.9192,0.9488,quality(1.00); compliance(0.75); cost(0.20),0,1,0,0.75,0,0.20253758923973308,1.0,0.2,2025-11-04 12:39:00,巡检,紧急,华南
TK002753,0.1395,low,0.09,0.0835,0.054,equipment(0.40); cost(0.40),0,0,1,0.0,0,0.3974957951784712,0.0,0.4,2025-12-24 07:55:00,抢修,中,华中
TK002754,0.1803,low,0.1155,0.1609,0.0146,quality(0.50); cost(0.38); equipment(0.20),0,0,1,0.0,0,0.3765779533151816,0.5,0.2,2025-03-25 07:16:00,抢修,高,西南
TK002755,0.1402,low,0.1147,0.1739,0.0337,cost(0.36); quality(0.25); equipment(0.20),0,0,1,0.0,0,0.3632559150693866,0.25,0.2,2025-03-20 18:46:00,巡检,中,西南
TK002756,0.3064,low,0.548,0.7457,0.5573,compliance(0.75); equipment(0.60); cost(0.14),0,0,1,0.75,0,0.14460653997725892,0.0,0.6,2025-01-12 14:49:00,巡检,中,西南
TK002757,0.1599,low,0.3017,0.5056,0.2194,quality(0.50); compliance(0.25); cost(0.11),0,0,1,0.25,0,0.111888265244105,0.5,0.0,2025-07-06 19:49:00,保养,中,西南
TK002758,0.3074,low,0.5599,0.6529,0.6833,compliance(0.75); quality(0.50); equipment(0.20),0,0,1,0.75,0,0.07472649052946312,0.5,0.2,2025-05-22 17:15:00,保养,中,华东
TK002759,0.1256,low,0.1473,0.2066,0.1065,equipment(0.40); cost(0.33),0,0,1,0.0,0,0.3278084922336305,0.0,0.4,2025-05-14 13:28:00,巡检,低,西北
TK002760,0.0811,low,0.0494,0.0565,0.0151,equipment(0.40); cost(0.11),0,0,1,0.0,0,0.10568223738096882,0.0,0.4,2025-10-14 07:42:00,保养,中,西北
TK002761,0.0244,low,0.0091,0.0048,0.0004,cost(0.12),0,0,1,0.0,0,0.12177367045359677,0.0,0.0,2025-10-31 07:25:00,保养,中,华东
TK002762,0.1509,low,0.1163,0.1438,0.0591,equipment(0.60); quality(0.25); cost(0.12),0,0,1,0.0,0,0.1170564092207722,0.25,0.6,2025-06-03 11:31:00,抢修,中,西南
TK002763,0.2318,low,0.5532,0.7475,0.6345,quality(0.50); cost(0.32); compliance(0.25),0,0,1,0.25,0,0.32171928887443824,0.5,0.2,2025-05-10 18:10:00,巡检,高,华北
TK002764,0.0415,low,0.0216,0.0237,0.0023,cost(0.21),0,0,1,0.0,0,0.20750915339517972,0.0,0.0,2025-10-16 09:43:00,抢修,中,华南
TK002765,0.1021,low,0.1339,0.2617,0.0333,equipment(0.40); cost(0.21),0,0,1,0.0,0,0.21025142168328548,0.0,0.4,2025-10-23 20:00:00,抢修,中,华北
TK002766,0.1998,low,0.1775,0.2371,0.0989,quality(0.50); cost(0.31); compliance(0.25),0,0,1,0.25,0,0.3112524126636642,0.5,0.0,2025-03-28 08:23:00,巡检,高,西北
TK002767,0.1387,low,0.156,0.2281,0.0987,equipment(0.40); compliance(0.25),0,0,1,0.25,0,0.08078743769941399,0.0,0.4,2025-02-24 15:37:00,巡检,高,华东
TK002768,0.2993,low,0.7495,0.9541,0.9309,quality(1.00); cost(0.28); compliance(0.25),0,0,1,0.25,0,0.2841005503540135,1.0,0.2,2025-07-09 16:40:00,保养,高,华北
TK002769,0.2933,low,0.2505,0.4154,0.0488,compliance(0.50); quality(0.50); cost(0.32),0,0,1,0.5,0,0.3167362827463748,0.5,0.2,2025-09-27 16:52:00,保养,中,华东
TK002770,0.0866,low,0.0357,0.0266,0.0011,cost(0.28); equipment(0.20),0,0,1,0.0,0,0.28275128195649535,0.0,0.2,2025-07-28 07:47:00,抢修,中,华南
TK002771,0.112,low,0.0572,0.0522,0.0151,compliance(0.25); equipment(0.20),0,0,1,0.25,0,0.09739808110710846,0.0,0.2,2025-09-02 10:03:00,改造,高,华北
TK002772,0.1945,low,0.466,0.6406,0.5242,equipment(0.40); cost(0.36); compliance(0.25),0,0,1,0.25,0,0.35983734336241624,0.0,0.4,2025-01-05 07:52:00,巡检,紧急,西南
TK002773,0.2092,low,0.3042,0.3971,0.2927,equipment(0.60); cost(0.28); compliance(0.25),0,0,1,0.25,0,0.2832641218535247,0.0,0.6,2025-11-30 09:23:00,抢修,低,西南
TK002774,0.1245,low,0.1648,0.2265,0.1375,cost(0.31); compliance(0.25),0,0,1,0.25,0,0.3097998492330887,0.0,0.0,2025-02-07 17:01:00,巡检,中,华东
TK002775,0.1138,low,0.0531,0.0467,0.0074,equipment(0.60); cost(0.12),0,0,1,0.0,0,0.11879751691427765,0.0,0.6,2025-08-08 07:21:00,巡检,中,西南
TK002776,0.1167,low,0.041,0.0157,0.0013,cost(0.40); quality(0.25),0,0,1,0.0,0,0.3957877327870509,0.25,0.0,2025-11-05 15:24:00,抢修,中,华北
TK002777,0.0878,low,0.0732,0.0933,0.0407,equipment(0.40); cost(0.14),0,0,1,0.0,0,0.13909393359573896,0.0,0.4,2025-07-29 17:36:00,巡检,中,华东
TK002778,0.0713,low,0.0465,0.0537,0.0181,equipment(0.40),0,0,1,0.0,0,0.056469809070397003,0.0,0.4,2025-06-05 16:39:00,巡检,中,华北
TK002779,0.0966,low,0.0962,0.1306,0.0616,quality(0.25); equipment(0.20); cost(0.15),0,0,1,0.0,0,0.1455691492528428,0.25,0.2,2025-10-07 18:55:00,保养,低,华中
TK002780,0.3883,low,0.7725,0.9346,0.9398,equipment(1.00); quality(0.75); cost(0.32),0,0,1,0.25,0,0.316704897995307,0.75,1.0,2025-02-04 07:17:00,改造,中,西南
TK002781,0.1911,low,0.2036,0.3456,0.0723,cost(0.31); compliance(0.25); quality(0.25),0,0,1,0.25,0,0.305670635145071,0.25,0.2,2025-09-30 19:58:00,保养,中,华中
TK002782,0.0931,low,0.1107,0.106,0.1305,quality(0.50),0,0,1,0.0,0,0.09029837898442161,0.5,0.0,2025-07-13 10:18:00,改造,中,西北
TK002783,0.0924,low,0.0412,0.0231,0.0155,cost(0.31); equipment(0.20),0,0,1,0.0,0,0.31212793191825317,0.0,0.2,2025-07-29 19:07:00,抢修,中,西北
TK002784,0.2602,low,0.6038,0.7519,0.7502,compliance(0.50); equipment(0.40); cost(0.38),0,0,1,0.5,0,0.37599448656099244,0.0,0.4,2025-03-08 14:45:00,巡检,中,西北
TK002785,0.385,low,0.7909,0.9809,0.9488,cost(1.00); compliance(0.50); equipment(0.40),0,0,1,0.5,0,1.0,0.0,0.4,2025-09-29 09:50:00,抢修,高,华北
TK002786,0.081,low,0.0464,0.0369,0.0263,equipment(0.40); cost(0.10),0,0,1,0.0,0,0.10491614732393617,0.0,0.4,2025-07-31 14:27:00,保养,中,华东
TK002787,0.205,low,0.4142,0.724,0.2837,compliance(0.50); quality(0.25); equipment(0.20),0,0,1,0.5,0,0.062423279434215106,0.25,0.2,2025-06-20 16:37:00,抢修,高,华东
TK002788,0.1269,low,0.2496,0.4453,0.159,compliance(0.25); quality(0.25); cost(0.13),0,0,1,0.25,0,0.13469393203235547,0.25,0.0,2025-09-25 15:00:00,巡检,高,西北
TK002789,0.1021,low,0.0426,0.0283,0.0058,equipment(0.40); cost(0.21),0,0,1,0.0,0,0.2103219074854118,0.0,0.4,2025-01-04 20:14:00,巡检,高,华南
TK002790,0.2207,low,0.426,0.6707,0.3573,equipment(0.80); quality(0.50); cost(0.13),0,0,1,0.0,0,0.12845445240532238,0.5,0.8,2025-01-03 12:17:00,改造,高,华北
TK002791,0.1456,low,0.1209,0.21,0.0105,equipment(0.60); cost(0.28),0,0,1,0.0,0,0.27796340444731704,0.0,0.6,2025-09-25 17:54:00,巡检,高,华中
TK002792,0.2775,low,0.3051,0.3047,0.3292,compliance(0.75); quality(0.25); equipment(0.20),0,0,1,0.75,0,0.1123083293866779,0.25,0.2,2025-10-05 17:53:00,抢修,中,华南
TK002793,0.1584,low,0.3985,0.5032,0.4995,quality(0.50); compliance(0.25); cost(0.10),0,0,1,0.25,0,0.10473065172099338,0.5,0.0,2025-01-28 16:28:00,巡检,低,华北
TK002794,0.0813,low,0.0756,0.0966,0.0498,equipment(0.40); cost(0.11),0,0,1,0.0,0,0.10636324692843335,0.0,0.4,2025-11-14 11:52:00,巡检,低,华中
TK002795,0.3198,low,0.3091,0.5404,0.0687,compliance(1.00); cost(0.35),0,0,1,1.0,0,0.3490536827031002,0.0,0.0,2025-01-30 16:22:00,抢修,中,华北
TK002796,0.0902,low,0.0434,0.0439,0.0029,compliance(0.25); cost(0.14),0,0,1,0.25,0,0.1386345318877883,0.0,0.0,2025-12-31 17:07:00,抢修,低,华南
TK002797,0.2338,low,0.4798,0.7096,0.4608,compliance(0.50); cost(0.36); quality(0.25),0,0,1,0.5,0,0.35657184806204334,0.25,0.0,2025-10-29 10:52:00,抢修,高,华中
TK002798,0.0948,low,0.2525,0.5219,0.1183,equipment(0.40); cost(0.17),0,0,1,0.0,0,0.17399755045529575,0.0,0.4,2025-04-29 12:52:00,保养,中,华北
TK002799,0.1222,low,0.0906,0.1372,0.0168,equipment(0.40); cost(0.31),0,0,1,0.0,0,0.3112304796384838,0.0,0.4,2025-08-19 16:04:00,保养,中,华北
TK002800,0.2398,low,0.0905,0.0433,0.0098,compliance(0.50); quality(0.25); cost(0.24),0,0,1,0.5,0,0.2367344815647966,0.25,0.2,2025-09-22 09:14:00,巡检,低,华北
TK002801,0.2215,low,0.4571,0.5767,0.5395,equipment(0.80); compliance(0.25); cost(0.20),0,0,1,0.25,0,0.19524621767365824,0.0,0.8,2025-12-16 11:37:00,保养,中,华东
TK002802,0.1775,low,0.0944,0.0935,0.0241,equipment(0.80); cost(0.29),0,0,1,0.0,0,0.28736738241570536,0.0,0.8,2025-06-27 11:33:00,巡检,中,华东
TK002803,0.1259,low,0.0891,0.1259,0.0207,cost(0.32); compliance(0.25),0,0,1,0.25,0,0.3171482508656849,0.0,0.0,2025-10-12 10:13:00,改造,中,华中
TK002804,0.1857,low,0.5022,0.7651,0.5107,cost(0.28); compliance(0.25); quality(0.25),0,0,1,0.25,0,0.278729571640814,0.25,0.2,2025-08-08 20:05:00,巡检,低,华东
TK002805,0.1309,low,0.0517,0.0292,0.0062,equipment(0.40); cost(0.35),0,0,1,0.0,0,0.3543134725725796,0.0,0.4,2025-04-19 15:46:00,抢修,低,华北
TK002806,0.0743,low,0.0294,0.014,0.0063,cost(0.37),0,0,1,0.0,0,0.3716243022188739,0.0,0.0,2025-04-02 15:03:00,巡检,低,华北
TK002807,0.0755,low,0.0946,0.1553,0.0504,equipment(0.40),0,0,1,0.0,0,0.07739191324671879,0.0,0.4,2025-08-01 17:48:00,改造,中,华北
TK002808,0.0678,low,0.0355,0.0361,0.0073,cost(0.34),0,0,1,0.0,0,0.3389106232554129,0.0,0.0,2025-04-28 09:15:00,改造,高,华南
TK002809,0.2687,low,0.3493,0.4513,0.3165,quality(0.75); equipment(0.60); cost(0.33),0,0,1,0.0,0,0.3311536327003355,0.75,0.6,2025-12-06 20:04:00,巡检,中,华南
TK002810,0.1389,low,0.0748,0.0608,0.034,cost(0.38); compliance(0.25),0,0,1,0.25,0,0.3821997128985951,0.0,0.0,2025-04-08 09:44:00,抢修,中,华南
TK002811,0.1273,low,0.0779,0.0758,0.0376,equipment(0.60); cost(0.19),0,0,1,0.0,0,0.1863853786002423,0.0,0.6,2025-10-20 07:58:00,抢修,低,西南
TK002812,0.1643,low,0.1347,0.2235,0.0206,compliance(0.50); cost(0.20),0,0,1,0.5,0,0.1966383013622699,0.0,0.0,2025-09-01 12:39:00,抢修,中,华中
TK002813,0.0521,low,0.0369,0.0513,0.0095,cost(0.26),0,0,1,0.0,0,0.26045441841498773,0.0,0.0,2025-12-29 07:06:00,改造,高,华北
TK002814,0.0183,low,0.0096,0.0106,0.0011,,0,0,1,0.0,0,0.09126730112281756,0.0,0.0,2025-07-22 11:07:00,巡检,高,西南
TK002815,0.1469,low,0.2841,0.5033,0.1825,quality(0.50); cost(0.36),0,0,1,0.0,0,0.35944143892360203,0.5,0.0,2025-02-21 17:05:00,巡检,中,华中
TK002816,0.1565,low,0.06,0.0299,0.0073,compliance(0.50); cost(0.16),0,0,1,0.5,0,0.157631011872981,0.0,0.0,2025-01-17 16:04:00,抢修,低,华东
TK002817,0.1228,low,0.0959,0.1575,0.0113,compliance(0.25); quality(0.25); cost(0.11),0,0,1,0.25,0,0.11405903947088991,0.25,0.0,2025-12-09 14:14:00,抢修,中,华东
TK002818,0.1251,low,0.1132,0.1705,0.0458,equipment(0.40); quality(0.25); cost(0.14),0,0,1,0.0,0,0.1380044646368097,0.25,0.4,2025-09-27 14:40:00,抢修,高,华中
TK002819,0.1159,low,0.0767,0.0995,0.0202,cost(0.39); quality(0.25),0,0,1,0.0,0,0.3918042106694186,0.25,0.0,2025-05-21 20:27:00,巡检,中,华南
TK002820,0.1419,low,0.1768,0.3116,0.0718,compliance(0.25); cost(0.25); equipment(0.20),0,0,1,0.25,0,0.24699040378605486,0.0,0.2,2025-06-11 13:50:00,巡检,紧急,西北
TK002821,0.0317,low,0.0241,0.0373,0.0045,cost(0.16),0,0,1,0.0,0,0.15871596450974057,0.0,0.0,2025-09-19 16:57:00,巡检,中,华南
TK002822,0.0472,low,0.0285,0.0318,0.0093,equipment(0.20),0,0,1,0.0,0,0.08592434783904179,0.0,0.2,2025-04-12 20:14:00,保养,中,西北
TK002823,0.2535,low,0.1644,0.1525,0.1,compliance(0.50); quality(0.50); equipment(0.20),0,0,1,0.5,0,0.11768375729655733,0.5,0.2,2025-04-15 09:17:00,保养,高,西北
TK002824,0.1654,low,0.0597,0.023,0.0057,compliance(0.50); cost(0.20),0,0,1,0.5,0,0.2021861375515338,0.0,0.0,2025-06-18 12:38:00,巡检,中,华中
TK002825,0.0121,low,0.0124,0.0219,0.0033,,0,0,1,0.0,0,0.060663887912418946,0.0,0.0,2025-08-12 18:49:00,抢修,低,西北
TK002826,0.0739,low,0.0494,0.0578,0.02,cost(0.37),0,0,1,0.0,0,0.36969921104536496,0.0,0.0,2025-12-03 11:34:00,抢修,中,华中
TK002827,0.238,low,0.0848,0.0248,0.0135,compliance(0.50); cost(0.38); quality(0.25),0,0,1,0.5,0,0.3774803758291603,0.25,0.0,2025-10-13 10:58:00,抢修,中,华东
TK002828,0.3271,low,0.3319,0.3866,0.2814,compliance(0.75); equipment(0.60); cost(0.25),0,0,1,0.75,0,0.24784297376739473,0.0,0.6,2025-02-04 14:34:00,保养,中,华北
TK002829,0.2151,low,0.2976,0.4387,0.2272,equipment(0.80); compliance(0.25); cost(0.16),0,0,1,0.25,0,0.1630083210764286,0.0,0.8,2025-05-15 13:54:00,巡检,中,西北
TK002830,0.1083,low,0.0715,0.0843,0.0273,quality(0.50); cost(0.17),0,0,1,0.0,0,0.16659590907933064,0.5,0.0,2025-08-31 12:41:00,保养,高,西北
TK002831,0.1828,low,0.1222,0.1502,0.0424,equipment(0.80); cost(0.31),0,0,1,0.0,0,0.3139851585520802,0.0,0.8,2025-03-30 19:36:00,保养,中,华东
TK002832,0.1278,low,0.0572,0.041,0.0129,quality(0.50); equipment(0.20); cost(0.11),0,0,1,0.0,0,0.11410745357514329,0.5,0.2,2025-09-14 16:56:00,巡检,高,华北
TK002833,0.1503,low,0.0469,0.0046,0.0007,compliance(0.50); cost(0.13),0,0,1,0.5,0,0.12661300905472206,0.0,0.0,2025-02-24 16:38:00,抢修,低,华东
TK002834,0.0497,low,0.0375,0.0524,0.012,equipment(0.20),0,0,1,0.0,0,0.09858504641715049,0.0,0.2,2025-06-24 15:23:00,抢修,中,华东
TK002835,0.1079,low,0.041,0.0191,0.0055,cost(0.39); equipment(0.20),0,0,1,0.0,0,0.3895649198836745,0.0,0.2,2025-12-20 19:25:00,抢修,高,华东
TK002836,0.1164,low,0.0883,0.1306,0.0219,quality(0.50); cost(0.21),0,0,1,0.0,0,0.20681997887863102,0.5,0.0,2025-08-03 17:29:00,巡检,高,华东
TK002837,0.1802,low,0.4914,0.5991,0.6504,equipment(0.40); compliance(0.25); quality(0.25),0,0,1,0.25,0,0.10100960327628317,0.25,0.4,2025-07-02 09:35:00,抢修,高,华南
TK002838,0.2406,low,0.1826,0.1916,0.124,equipment(1.00); cost(0.27); quality(0.25),0,0,1,0.0,0,0.26526522677920017,0.25,1.0,2025-07-11 10:32:00,保养,中,西南
TK002839,0.2129,low,0.3864,0.5759,0.3455,equipment(0.80); compliance(0.25); cost(0.15),0,0,1,0.25,0,0.15201141221495118,0.0,0.8,2025-05-03 19:40:00,巡检,中,华中
TK002840,0.2088,low,0.1143,0.0605,0.087,equipment(1.00); quality(0.25); cost(0.11),0,0,1,0.0,0,0.1065847105302904,0.25,1.0,2025-05-05 09:03:00,抢修,高,西北
TK002841,0.475,medium,0.7839,0.9165,0.9162,cost(1.00); equipment(1.00); compliance(0.50),0,1,0,0.5,0,1.0,0.0,1.0,2025-05-31 15:21:00,保养,紧急,华东
TK002842,0.0847,low,0.224,0.2125,0.355,equipment(0.40); cost(0.12),0,0,1,0.0,0,0.1233772601692823,0.0,0.4,2025-08-10 19:33:00,抢修,中,华东
TK002843,0.2099,low,0.4021,0.5181,0.4509,equipment(0.40); compliance(0.25); quality(0.25),0,0,1,0.25,0,0.24949003501885925,0.25,0.4,2025-12-26 19:49:00,保养,紧急,华南
TK002844,0.3321,low,0.7692,0.9575,0.9557,quality(1.00); compliance(0.50); cost(0.29),0,0,1,0.5,0,0.28542227145645416,1.0,0.0,2025-09-24 08:35:00,保养,高,华中
TK002845,0.0896,low,0.0918,0.1731,0.0124,cost(0.30); equipment(0.20),0,0,1,0.0,0,0.2978535304518457,0.0,0.2,2025-01-20 11:12:00,巡检,中,西南
TK002846,0.1599,low,0.1829,0.2348,0.1507,equipment(0.40); cost(0.31); quality(0.25),0,0,1,0.0,0,0.31190364344759725,0.25,0.4,2025-05-29 11:02:00,保养,低,华东
TK002847,0.151,low,0.0957,0.1068,0.0372,equipment(0.40); compliance(0.25); cost(0.14),0,0,1,0.25,0,0.14246723389204374,0.0,0.4,2025-02-23 09:45:00,抢修,中,西北
TK002848,0.1132,low,0.0753,0.0646,0.0534,equipment(0.40); quality(0.25),0,0,1,0.0,0,0.07855762902575203,0.25,0.4,2025-03-04 19:10:00,保养,中,华北
TK002849,0.1266,low,0.0433,0.0145,0.0006,equipment(0.40); cost(0.33),0,0,1,0.0,0,0.3332052517779456,0.0,0.4,2025-11-13 11:30:00,巡检,低,西北
TK002850,0.1146,low,0.0631,0.0489,0.0332,compliance(0.25); quality(0.25),0,0,1,0.25,0,0.07282507526635718,0.25,0.0,2025-04-30 16:39:00,抢修,高,华东
TK002851,0.0775,low,0.0286,0.0132,0.0022,quality(0.25); cost(0.20),0,0,1,0.0,0,0.20024792203816333,0.25,0.0,2025-11-19 08:23:00,巡检,中,华南
TK002852,0.0928,low,0.0346,0.0188,0.0005,equipment(0.40); cost(0.16),0,0,1,0.0,0,0.16407470572099847,0.0,0.4,2025-04-06 19:29:00,改造,低,西北
TK002853,0.1166,low,0.0516,0.0401,0.0074,cost(0.40); quality(0.25),0,0,1,0.0,0,0.39537749864937877,0.25,0.0,2025-05-27 10:14:00,巡检,中,华北
TK002854,0.1286,low,0.0571,0.0416,0.0113,equipment(0.60); cost(0.19),0,0,1,0.0,0,0.1928144141650997,0.0,0.6,2025-03-17 09:03:00,改造,高,华东
TK002855,0.2435,low,0.235,0.4492,0.0135,quality(0.50); equipment(0.40); compliance(0.25),0,0,1,0.25,0,0.23021287663558887,0.5,0.4,2025-01-04 10:31:00,巡检,低,华中
TK002856,0.0314,low,0.0153,0.0151,0.0017,cost(0.16),0,0,1,0.0,0,0.15690611142962896,0.0,0.0,2025-02-26 10:17:00,巡检,高,华南
TK002857,0.2738,low,0.2863,0.3886,0.1948,equipment(0.60); quality(0.50); compliance(0.25),0,0,1,0.25,0,0.23127719180469664,0.5,0.6,2025-07-06 17:17:00,保养,中,西北
TK002858,0.1639,low,0.0816,0.0503,0.0423,cost(0.36); compliance(0.25); equipment(0.20),0,0,1,0.25,0,0.3571320507840451,0.0,0.2,2025-02-24 08:39:00,改造,中,华南
TK002859,0.1678,low,0.1008,0.1102,0.0341,cost(0.38); compliance(0.25); equipment(0.20),0,0,1,0.25,0,0.376294688197652,0.0,0.2,2025-05-12 13:32:00,保养,低,华南
TK002860,0.3625,low,0.7309,0.8999,0.8778,quality(1.00); equipment(0.60); cost(0.30),0,0,1,0.25,0,0.29985857938696914,1.0,0.6,2025-06-30 15:24:00,巡检,中,西北
TK002861,0.1068,low,0.0591,0.0707,0.0065,quality(0.25); equipment(0.20); cost(0.20),0,0,1,0.0,0,0.19664601861136366,0.25,0.2,2025-02-17 08:14:00,抢修,中,西南
TK002862,0.1548,low,0.103,0.1507,0.0108,equipment(0.60); quality(0.25); cost(0.14),0,0,1,0.0,0,0.13629527013655252,0.25,0.6,2025-02-15 14:50:00,巡检,低,华东
TK002863,0.1329,low,0.058,0.0502,0.0016,cost(0.35); compliance(0.25),0,0,1,0.25,0,0.3521978244166768,0.0,0.0,2025-05-11 12:05:00,抢修,中,华南
TK002864,0.0585,low,0.034,0.038,0.009,equipment(0.20); cost(0.14),0,0,1,0.0,0,0.14259018156144132,0.0,0.2,2025-11-22 08:16:00,巡检,中,华北
TK002865,0.1333,low,0.1489,0.1807,0.1304,compliance(0.25); quality(0.25); cost(0.17),0,0,1,0.25,0,0.16666717059402458,0.25,0.0,2025-11-18 20:32:00,改造,高,华北
TK002866,0.1721,low,0.0946,0.116,0.0067,compliance(0.50); cost(0.24),0,0,1,0.5,0,0.23551308517014058,0.0,0.0,2025-09-08 14:52:00,保养,中,华中
TK002867,0.1602,low,0.1585,0.2823,0.0333,quality(0.50); equipment(0.40); cost(0.13),0,0,1,0.0,0,0.12597529304612887,0.5,0.4,2025-12-10 18:16:00,改造,中,华东
TK002868,0.1366,low,0.0545,0.0354,0.0033,equipment(0.60); cost(0.23),0,0,1,0.0,0,0.23281118987727722,0.0,0.6,2025-06-08 07:22:00,巡检,低,西北
TK002869,0.1768,low,0.0877,0.0648,0.0342,compliance(0.50); cost(0.26),0,0,1,0.5,0,0.2588778048436655,0.0,0.0,2025-12-14 14:58:00,抢修,紧急,华北
TK002870,0.1998,low,0.237,0.1505,0.3554,equipment(0.80); compliance(0.25),0,0,1,0.25,0,0.08643002483101114,0.0,0.8,2025-11-29 14:23:00,抢修,高,华北
TK002871,0.0804,low,0.0472,0.0478,0.0181,cost(0.40),0,0,1,0.0,0,0.40187101707876627,0.0,0.0,2025-04-02 14:02:00,改造,低,华东
TK002872,0.1772,low,0.3584,0.6197,0.2523,compliance(0.50); cost(0.26),0,0,1,0.5,0,0.26114857020583027,0.0,0.0,2025-05-20 14:56:00,抢修,中,西南
TK002873,0.3554,low,0.707,0.9191,0.7964,quality(0.75); compliance(0.50); equipment(0.40),0,0,1,0.5,0,0.2895309083441052,0.75,0.4,2025-08-29 17:01:00,抢修,低,西南
TK002874,0.1128,low,0.0395,0.0149,0.0014,cost(0.38); quality(0.25),0,0,1,0.0,0,0.3764036643026005,0.25,0.0,2025-07-03 11:45:00,抢修,中,西南
TK002875,0.1665,low,0.5791,0.8325,0.6795,quality(0.50); compliance(0.25); cost(0.14),0,0,1,0.25,0,0.14481288549219573,0.5,0.0,2025-11-19 18:04:00,抢修,中,华中
TK002876,0.1399,low,0.2262,0.3917,0.1346,equipment(0.40); compliance(0.25),0,0,1,0.25,0,0.0869048294112087,0.0,0.4,2025-09-02 10:59:00,巡检,紧急,西南
TK002877,0.1421,low,0.1672,0.3261,0.0297,quality(0.50); equipment(0.20); cost(0.19),0,0,1,0.0,0,0.18552077770202857,0.5,0.2,2025-06-04 20:48:00,巡检,低,华北
TK002878,0.0465,low,0.0288,0.0194,0.0231,equipment(0.20),0,0,1,0.0,0,0.08245965810765077,0.0,0.2,2025-06-18 07:43:00,抢修,中,华东
TK002879,0.1742,low,0.086,0.071,0.0254,compliance(0.50); equipment(0.20),0,0,1,0.5,0,0.0958314434311831,0.0,0.2,2025-12-19 13:20:00,保养,中,华北
TK002880,0.1067,low,0.0539,0.057,0.0056,equipment(0.60),0,0,1,0.0,0,0.08363001164531692,0.0,0.6,2025-05-12 07:29:00,改造,低,华北
TK002881,0.148,low,0.0544,0.0205,0.0082,compliance(0.50); cost(0.12),0,0,1,0.5,0,0.11502037760122219,0.0,0.0,2025-04-27 14:38:00,抢修,低,华北
TK002882,0.0492,low,0.0394,0.0661,0.0042,cost(0.25),0,0,1,0.0,0,0.24579014917479824,0.0,0.0,2025-07-04 20:21:00,巡检,中,西南
TK002883,0.2017,low,0.3533,0.5283,0.3082,quality(0.50); compliance(0.25); equipment(0.20),0,0,1,0.25,0,0.17083745724903865,0.5,0.2,2025-06-16 09:00:00,抢修,中,华南
TK002884,0.2134,low,0.0987,0.0926,0.0065,compliance(0.50); equipment(0.40); cost(0.14),0,0,1,0.5,0,0.14180927761962403,0.0,0.4,2025-09-12 20:22:00,抢修,低,西南
TK002885,0.0192,low,0.0088,0.0081,0.0005,,0,0,1,0.0,0,0.09595323210514517,0.0,0.0,2025-12-03 16:15:00,保养,中,华北
TK002886,0.3047,low,0.6795,0.784,0.8964,equipment(0.80); compliance(0.50); quality(0.25),0,0,1,0.5,0,0.1110606950301607,0.25,0.8,2025-10-15 13:51:00,改造,高,华东
TK002887,0.1063,low,0.0492,0.0473,0.0023,equipment(0.40); cost(0.23),0,0,1,0.0,0,0.2316732853922936,0.0,0.4,2025-02-19 16:19:00,保养,紧急,西南
TK002888,0.1842,low,0.1678,0.2475,0.074,equipment(0.40); cost(0.31); compliance(0.25),0,0,1,0.25,0,0.30845304918656646,0.0,0.4,2025-11-26 09:21:00,改造,紧急,华中
TK002889,0.0826,low,0.031,0.0167,0.0012,quality(0.25); equipment(0.20),0,0,1,0.0,0,0.07573188289873611,0.25,0.2,2025-02-21 13:06:00,巡检,中,西南
TK002890,0.1396,low,0.0636,0.0535,0.0087,quality(0.50); equipment(0.20); cost(0.17),0,0,1,0.0,0,0.1731382320543864,0.5,0.2,2025-01-17 11:34:00,巡检,高,华北
TK002891,0.101,low,0.0704,0.0504,0.0642,cost(0.32); quality(0.25),0,0,1,0.0,0,0.31774878612823265,0.25,0.0,2025-09-18 14:16:00,保养,中,西北
TK002892,0.2263,low,0.0831,0.0399,0.0037,compliance(0.50); cost(0.32); quality(0.25),0,0,1,0.5,0,0.3190617645370529,0.25,0.0,2025-09-15 10:02:00,抢修,中,西南
TK002893,0.3339,low,0.5316,0.6299,0.6027,compliance(0.75); equipment(0.60); quality(0.25),0,0,1,0.75,0,0.09426898762052538,0.25,0.6,2025-04-30 13:32:00,抢修,中,华北
TK002894,0.258,low,0.2145,0.2459,0.1458,compliance(0.75); cost(0.20); equipment(0.20),0,0,1,0.75,0,0.2022801003152106,0.0,0.2,2025-02-26 17:52:00,保养,低,华东
TK002895,0.1516,low,0.0679,0.0602,0.0038,quality(0.50); cost(0.23); equipment(0.20),0,0,1,0.0,0,0.23320125344341736,0.5,0.2,2025-05-10 18:40:00,抢修,低,华中
TK002896,0.1311,low,0.0757,0.0987,0.0053,quality(0.50); cost(0.28),0,0,1,0.0,0,0.2803076506064919,0.5,0.0,2025-11-29 08:12:00,保养,中,华北
TK002897,0.1033,low,0.0501,0.0523,0.0022,equipment(0.60),0,0,1,0.0,0,0.0663235091791139,0.0,0.6,2025-03-22 17:12:00,保养,低,华南
TK002898,0.1639,low,0.0731,0.0598,0.0085,equipment(0.60); quality(0.25); cost(0.18),0,0,1,0.0,0,0.18218980641634153,0.25,0.6,2025-12-08 17:45:00,巡检,中,华北
TK002899,0.2124,low,0.3484,0.5381,0.2752,compliance(0.50); quality(0.25); cost(0.25),0,0,1,0.5,0,0.24944745421217418,0.25,0.0,2025-10-28 12:36:00,保养,中,西南
TK002900,0.1684,low,0.1307,0.1413,0.0877,cost(0.38); compliance(0.25); equipment(0.20),0,0,1,0.25,0,0.3795507613378498,0.0,0.2,2025-04-27 08:08:00,巡检,中,华东
TK002901,0.2552,low,0.6472,0.8048,0.8256,quality(1.00); equipment(0.40); cost(0.23),0,0,1,0.0,0,0.2260240205590811,1.0,0.4,2025-01-24 08:06:00,巡检,高,西北
TK002902,0.1792,low,0.3733,0.7491,0.164,equipment(0.40); cost(0.28); compliance(0.25),0,0,1,0.25,0,0.2837039356121027,0.0,0.4,2025-11-13 09:47:00,抢修,紧急,西北
TK002903,0.1846,low,0.0673,0.0218,0.0122,compliance(0.50); quality(0.25); cost(0.11),0,0,1,0.5,0,0.11074021099571463,0.25,0.0,2025-08-05 19:55:00,保养,低,华南
TK002904,0.1255,low,0.1609,0.245,0.1072,equipment(0.40); cost(0.33),0,0,1,0.0,0,0.3275185289262005,0.0,0.4,2025-09-18 07:24:00,巡检,中,华东
TK002905,0.1394,low,0.0836,0.1011,0.0183,equipment(0.60); quality(0.25),0,0,1,0.0,0,0.059308325934261164,0.25,0.6,2025-01-17 19:14:00,巡检,紧急,西北
TK002906,0.1872,low,0.2385,0.4536,0.0674,quality(0.50); equipment(0.40); cost(0.26),0,0,1,0.0,0,0.2608439398829654,0.5,0.4,2025-08-25 14:54:00,改造,紧急,西南
TK002907,0.0399,low,0.0214,0.0265,0.0005,cost(0.20),0,0,1,0.0,0,0.1995090328423662,0.0,0.0,2025-02-01 09:13:00,抢修,中,西北
TK002908,0.4126,medium,0.8017,0.9624,0.9744,equipment(0.80); quality(0.75); compliance(0.50),0,1,0,0.5,0,0.2754178123058564,0.75,0.8,2025-01-04 10:56:00,改造,低,华东
TK002909,0.2056,low,0.2039,0.3355,0.0708,cost(0.38); compliance(0.25); quality(0.25),0,0,1,0.25,0,0.37799932409597836,0.25,0.2,2025-06-22 07:57:00,巡检,低,华中
TK002910,0.1047,low,0.0404,0.025,0.0006,cost(0.37); equipment(0.20),0,0,1,0.0,0,0.3735730188053622,0.0,0.2,2025-03-13 17:14:00,保养,高,华中
TK002911,0.1781,low,0.0942,0.0964,0.0201,quality(0.50); cost(0.37); equipment(0.20),0,0,1,0.0,0,0.36534066173269475,0.5,0.2,2025-11-23 16:47:00,改造,中,华东
TK002912,0.0122,low,0.0178,0.039,0.0013,,0,0,1,0.0,0,0.060764892673461635,0.0,0.0,2025-08-11 14:19:00,保养,低,西南
TK002913,0.2782,low,0.2708,0.4462,0.089,compliance(0.50); quality(0.50); equipment(0.40),0,0,1,0.5,0,0.09109542289915562,0.5,0.4,2025-08-29 19:31:00,保养,高,华东
TK002914,0.3227,low,0.697,0.8647,0.8502,compliance(0.50); quality(0.50); equipment(0.40),0,0,1,0.5,0,0.31368799638272693,0.5,0.4,2025-01-26 20:50:00,改造,中,西南
TK002915,0.1011,low,0.0745,0.1234,0.0029,compliance(0.25); cost(0.19),0,0,1,0.25,0,0.19289903522667662,0.0,0.0,2025-07-14 11:31:00,改造,中,华中
TK002916,0.0906,low,0.0486,0.0579,0.0034,cost(0.27); quality(0.25),0,0,1,0.0,0,0.2653725620762607,0.25,0.0,2025-09-28 13:51:00,抢修,紧急,西南
TK002917,0.3722,low,0.6109,0.6229,0.8035,equipment(0.80); quality(0.75); compliance(0.50),0,0,1,0.5,0,0.07335921926517963,0.75,0.8,2025-07-26 16:20:00,巡检,高,西北
TK002918,0.0832,low,0.0362,0.0228,0.0092,quality(0.25); equipment(0.20),0,0,1,0.0,0,0.07829432827553462,0.25,0.2,2025-07-02 07:50:00,保养,中,华北
TK002919,0.2453,low,0.0828,0.0249,0.0013,compliance(0.75); cost(0.29),0,0,1,0.75,0,0.28919771391599725,0.0,0.0,2025-01-29 20:36:00,巡检,低,华中
TK002920,0.037,low,0.0191,0.0214,0.0015,cost(0.18),0,0,1,0.0,0,0.18491097291713088,0.0,0.0,2025-02-24 17:22:00,巡检,低,西南
TK002921,0.1496,low,0.135,0.125,0.1325,equipment(0.80); cost(0.15),0,0,1,0.0,0,0.14821227866403064,0.0,0.8,2025-12-07 11:46:00,改造,高,华北
TK002922,0.205,low,0.3332,0.5528,0.2234,quality(0.75); equipment(0.40); cost(0.16),0,0,1,0.0,0,0.16241036525747055,0.75,0.4,2025-02-13 20:02:00,巡检,中,华南
TK002923,0.1739,low,0.2413,0.3013,0.2392,equipment(0.60); compliance(0.25); cost(0.11),0,0,1,0.25,0,0.1070544236280434,0.0,0.6,2025-01-16 14:18:00,抢修,高,华北
TK002924,0.1605,low,0.1893,0.2656,0.1378,cost(0.34); compliance(0.25); equipment(0.20),0,0,1,0.25,0,0.3401357323911537,0.0,0.2,2025-06-10 16:04:00,保养,低,华中
TK002925,0.2494,low,0.4133,0.6249,0.3423,equipment(0.60); cost(0.30); compliance(0.25),0,0,1,0.25,0,0.29710949014428734,0.25,0.6,2025-01-20 16:51:00,抢修,高,华中
TK002926,0.074,low,0.095,0.1742,0.0339,compliance(0.25),0,0,1,0.25,0,0.057497784784634964,0.0,0.0,2025-03-23 13:09:00,保养,低,华中
TK002927,0.1031,low,0.0405,0.0239,0.0034,cost(0.33); quality(0.25),0,0,1,0.0,0,0.32804661371237454,0.25,0.0,2025-02-16 10:11:00,保养,低,华中
TK002928,0.2111,low,0.2558,0.5258,0.0242,compliance(0.50); quality(0.50),0,0,1,0.5,0,0.055605265422008054,0.5,0.0,2025-05-27 17:37:00,抢修,中,华中
TK002929,0.1516,low,0.1895,0.3568,0.0547,equipment(0.40); cost(0.27); quality(0.25),0,0,1,0.0,0,0.27026976309720896,0.25,0.4,2025-04-25 20:24:00,抢修,中,华中
TK002930,0.3271,low,0.3709,0.3318,0.4476,compliance(0.75); equipment(0.40); cost(0.40),0,0,1,0.75,0,0.398204314465914,0.0,0.4,2025-03-31 14:51:00,巡检,中,华中
TK002931,0.325,low,0.1544,0.107,0.0555,cost(1.00); compliance(0.50),0,0,1,0.5,0,1.0,0.0,0.0,2025-09-17 15:33:00,抢修,中,西南
TK002932,0.2919,low,0.1936,0.2914,0.0116,compliance(0.50); quality(0.50); cost(0.31),0,0,1,0.5,0,0.3096049793530026,0.5,0.2,2025-11-05 19:42:00,保养,中,华南
TK002933,0.3108,low,0.4577,0.7848,0.2564,quality(0.75); equipment(0.60); compliance(0.25),0,0,1,0.25,0,0.22879278431566763,0.75,0.6,2025-10-29 08:06:00,保养,中,华中
TK002934,0.0264,low,0.0153,0.0108,0.0103,cost(0.13),0,0,1,0.0,0,0.1321952266187464,0.0,0.0,2025-11-14 16:25:00,巡检,高,西北
TK002935,0.1101,low,0.0369,0.0096,0.0015,cost(0.36); quality(0.25),0,0,1,0.0,0,0.3631418426802622,0.25,0.0,2025-05-05 13:26:00,抢修,中,西南
TK002936,0.1869,low,0.3464,0.3803,0.4493,quality(1.00); cost(0.18),0,0,1,0.0,0,0.18437467468926316,1.0,0.0,2025-07-31 07:30:00,巡检,高,华中
TK002937,0.0969,low,0.0457,0.0243,0.0232,equipment(0.40); cost(0.18),0,0,1,0.0,0,0.18433207968178456,0.0,0.4,2025-08-17 09:40:00,保养,紧急,西南
TK002938,0.2168,low,0.5487,0.7022,0.6798,equipment(0.40); cost(0.28); compliance(0.25),0,0,1,0.25,0,0.28380378245446036,0.25,0.4,2025-09-17 08:20:00,保养,低,西南
TK002939,0.083,low,0.0558,0.0689,0.0195,equipment(0.40); cost(0.11),0,0,1,0.0,0,0.11478571830827278,0.0,0.4,2025-06-29 17:57:00,保养,中,西南
TK002940,0.1711,low,0.0747,0.0612,0.0057,quality(0.50); cost(0.33); equipment(0.20),0,0,1,0.0,0,0.3305315552216379,0.5,0.2,2025-01-17 10:58:00,改造,低,华北
TK002941,0.1588,low,0.084,0.0824,0.0214,equipment(0.60); cost(0.34),0,0,1,0.0,0,0.3438190173529345,0.0,0.6,2025-01-06 09:29:00,保养,中,华东
TK002942,0.1766,low,0.057,0.0112,0.0004,compliance(0.50); equipment(0.20); cost(0.11),0,0,1,0.5,0,0.10788498071016706,0.0,0.2,2025-01-15 09:46:00,巡检,高,华南
TK002943,0.0911,low,0.1978,0.3514,0.1356,compliance(0.25); cost(0.14),0,0,1,0.25,0,0.1429967892678895,0.0,0.0,2025-02-15 13:36:00,巡检,紧急,华北
TK002944,0.1463,low,0.0959,0.1421,0.0064,equipment(0.40); compliance(0.25); cost(0.12),0,0,1,0.25,0,0.11910113948030654,0.0,0.4,2025-01-06 14:07:00,巡检,中,西北
TK002945,0.3407,low,0.179,0.147,0.0724,compliance(0.75); equipment(0.60); cost(0.32),0,0,1,0.75,0,0.3162433790574495,0.0,0.6,2025-07-30 20:58:00,巡检,中,华北
TK002946,0.1369,low,0.11,0.1587,0.0383,equipment(0.40); cost(0.38),0,0,1,0.0,0,0.3842850616719963,0.0,0.4,2025-09-16 08:42:00,保养,低,华东
TK002947,0.1992,low,0.1129,0.1274,0.0245,compliance(0.75),0,0,1,0.75,0,0.058608384648374034,0.0,0.0,2025-02-25 14:02:00,保养,中,西北
TK002948,0.1736,low,0.1189,0.1727,0.0181,equipment(0.60); compliance(0.25); cost(0.11),0,0,1,0.25,0,0.10555395035298021,0.0,0.6,2025-06-26 13:20:00,巡检,高,华南
TK002949,0.0681,low,0.0541,0.0766,0.0197,cost(0.34),0,0,1,0.0,0,0.340353497764616,0.0,0.0,2025-03-23 09:20:00,抢修,高,华东
TK002950,0.2263,low,0.4574,0.7862,0.3268,equipment(0.40); cost(0.33); compliance(0.25),0,0,1,0.25,0,0.33150125004960507,0.25,0.4,2025-02-27 09:11:00,巡检,低,西南
TK002951,0.2411,low,0.184,0.2382,0.0808,compliance(0.50); equipment(0.40); cost(0.28),0,0,1,0.5,0,0.2804885604436077,0.0,0.4,2025-06-04 16:48:00,巡检,高,西北
TK002952,0.1019,low,0.1073,0.1885,0.0307,equipment(0.40); cost(0.21),0,0,1,0.0,0,0.20965773075306537,0.0,0.4,2025-08-18 14:09:00,巡检,高,西南
TK002953,0.0216,low,0.0106,0.0099,0.0018,cost(0.11),0,0,1,0.0,0,0.10810701584222437,0.0,0.0,2025-05-26 11:45:00,巡检,中,华北
TK002954,0.2106,low,0.1503,0.2199,0.0289,compliance(0.75); cost(0.12),0,0,1,0.75,0,0.11534626165420403,0.0,0.0,2025-12-25 20:41:00,改造,高,华北
TK002955,0.0348,low,0.0289,0.0447,0.0081,cost(0.17),0,0,1,0.0,0,0.17382825675443137,0.0,0.0,2025-08-09 17:47:00,抢修,中,华中
TK002956,0.2987,low,0.1833,0.2065,0.0611,equipment(0.60); compliance(0.50); quality(0.25),0,0,1,0.5,0,0.2307724224295964,0.25,0.6,2025-08-16 16:39:00,保养,低,华南
TK002957,0.0752,low,0.0337,0.0224,0.0095,equipment(0.40),0,0,1,0.0,0,0.07601577341027976,0.0,0.4,2025-02-02 20:59:00,抢修,中,西北
TK002958,0.1537,low,0.1376,0.1571,0.1044,quality(0.50); cost(0.39),0,0,1,0.0,0,0.3936917037539228,0.5,0.0,2025-08-23 08:37:00,改造,中,西南
TK002959,0.1989,low,0.3318,0.314,0.4635,compliance(0.50); cost(0.22); equipment(0.20),0,0,1,0.5,0,0.219589974688423,0.0,0.2,2025-07-15 11:49:00,抢修,中,华中
TK002960,0.3303,low,0.3803,0.5264,0.2772,quality(0.75); compliance(0.50); cost(0.31),0,0,1,0.5,0,0.3140058588805439,0.75,0.2,2025-09-20 14:17:00,保养,高,华中
TK002961,0.1941,low,0.1675,0.2171,0.095,equipment(1.00); cost(0.22),0,0,1,0.0,0,0.22051808746893098,0.0,1.0,2025-08-06 13:34:00,巡检,中,西南
TK002962,0.203,low,0.5166,0.571,0.7311,equipment(0.40); compliance(0.25); quality(0.25),0,0,1,0.25,0,0.21520536261513212,0.25,0.4,2025-02-21 15:39:00,抢修,中,西南
TK002963,0.279,low,0.2623,0.4157,0.0947,quality(0.75); equipment(0.60); cost(0.38),0,0,1,0.0,0,0.3823683109445314,0.75,0.6,2025-11-19 08:59:00,巡检,中,华北
TK002964,0.0431,low,0.0228,0.0231,0.0052,cost(0.22),0,0,1,0.0,0,0.2157275766241089,0.0,0.0,2025-03-11 07:03:00,巡检,低,华南
TK002965,0.2357,low,0.2416,0.3387,0.1495,quality(0.50); equipment(0.40); compliance(0.25),0,0,1,0.25,0,0.19090182365120467,0.5,0.4,2025-03-31 08:16:00,保养,中,西北
TK002966,0.2269,low,0.0958,0.0739,0.0053,compliance(0.50); quality(0.25); equipment(0.20),0,0,1,0.5,0,0.1722363771117027,0.25,0.2,2025-08-17 13:43:00,巡检,高,西南
TK002967,0.2625,low,0.7156,0.9498,0.8697,cost(1.00); compliance(0.25),0,0,1,0.25,0,1.0,0.0,0.0,2025-12-11 11:57:00,改造,低,西南
TK002968,0.1473,low,0.0845,0.0982,0.0171,cost(0.27); compliance(0.25); equipment(0.20),0,0,1,0.25,0,0.2742476534528916,0.0,0.2,2025-01-07 15:04:00,保养,低,西北
TK002969,0.0978,low,0.0396,0.018,0.0112,quality(0.25); equipment(0.20); cost(0.15),0,0,1,0.0,0,0.15146310016138076,0.25,0.2,2025-01-30 16:45:00,保养,中,西北
TK002970,0.3098,low,0.1615,0.1229,0.0731,equipment(1.00); compliance(0.50); cost(0.17),0,0,1,0.5,0,0.17394062492888196,0.0,1.0,2025-01-22 14:45:00,保养,低,华北
TK002971,0.1926,low,0.2351,0.447,0.0596,quality(0.75); cost(0.25); equipment(0.20),0,0,1,0.0,0,0.2505732184166888,0.75,0.2,2025-06-18 18:58:00,巡检,低,华南
TK002972,0.1441,low,0.087,0.1132,0.0118,cost(0.26); compliance(0.25); equipment(0.20),0,0,1,0.25,0,0.25822714375352707,0.0,0.2,2025-03-15 20:22:00,巡检,高,西南
TK002973,0.0944,low,0.1656,0.234,0.1581,quality(0.50),0,0,1,0.0,0,0.09683724172124752,0.5,0.0,2025-08-14 18:01:00,巡检,中,华北
TK002974,0.2122,low,0.4695,0.5893,0.5703,equipment(0.40); cost(0.26); compliance(0.25),0,0,1,0.25,0,0.2611060942143979,0.25,0.4,2025-02-12 13:17:00,抢修,中,西北
TK002975,0.0746,low,0.0665,0.0914,0.0347,equipment(0.40),0,0,1,0.0,0,0.07292690392949774,0.0,0.4,2025-05-05 08:08:00,保养,低,西南
TK002976,0.0552,low,0.0258,0.0219,0.0045,quality(0.25),0,0,1,0.0,0,0.08825783919062291,0.25,0.0,2025-03-29 19:03:00,保养,中,西北
TK002977,0.2517,low,0.4829,0.8619,0.3022,quality(0.50); equipment(0.40); cost(0.27),0,0,1,0.25,0,0.27110851487870247,0.5,0.4,2025-09-18 17:28:00,保养,低,华中
TK002978,0.1586,low,0.1269,0.1702,0.0563,equipment(0.40); compliance(0.25); cost(0.18),0,0,1,0.25,0,0.1806320938956243,0.0,0.4,2025-11-21 08:53:00,保养,紧急,华南
TK002979,0.1892,low,0.3187,0.5239,0.2245,quality(1.00); cost(0.20),0,0,1,0.0,0,0.19586704973773694,1.0,0.0,2025-11-13 18:39:00,巡检,低,华东
TK002980,0.0137,low,0.0076,0.0085,0.0014,,0,0,1,0.0,0,0.06842776323228106,0.0,0.0,2025-05-17 08:31:00,巡检,低,华东
TK002981,0.1162,low,0.0578,0.0446,0.0209,equipment(0.40); cost(0.28),0,0,1,0.0,0,0.2807665875701819,0.0,0.4,2025-10-17 07:02:00,保养,中,华东
TK002982,0.0633,low,0.0208,0.0046,0.0005,cost(0.32),0,0,1,0.0,0,0.31628298708590674,0.0,0.0,2025-06-22 15:47:00,抢修,中,华南
TK002983,0.2184,low,0.2285,0.3622,0.1035,quality(0.75); compliance(0.25); equipment(0.20),0,0,1,0.25,0,0.06699368461999589,0.75,0.2,2025-07-18 20:31:00,巡检,中,华北
TK002984,0.2452,low,0.5439,0.6661,0.6776,equipment(1.00); quality(0.50); cost(0.10),0,0,1,0.0,0,0.10105041205075971,0.5,1.0,2025-08-26 16:31:00,巡检,高,华北
TK002985,0.1079,low,0.1134,0.0852,0.1464,quality(0.25); cost(0.20); equipment(0.20),0,0,1,0.0,0,0.20200218900966194,0.25,0.2,2025-09-22 13:11:00,巡检,高,华北
TK002986,0.1394,low,0.1417,0.1588,0.1266,equipment(0.40); cost(0.40),0,0,1,0.0,0,0.39721358358467873,0.0,0.4,2025-03-06 16:13:00,保养,中,华中
TK002987,0.0886,low,0.0725,0.119,0.0123,equipment(0.40); cost(0.14),0,0,1,0.0,0,0.14279807843754921,0.0,0.4,2025-09-09 14:30:00,保养,中,华北
TK002988,0.1201,low,0.1639,0.269,0.0964,quality(0.50); equipment(0.20),0,0,1,0.0,0,0.07527940575166958,0.5,0.2,2025-02-28 11:38:00,巡检,中,华中
TK002989,0.0739,low,0.1125,0.1709,0.0873,compliance(0.25),0,0,1,0.25,0,0.05702806196453092,0.0,0.0,2025-03-21 09:05:00,巡检,高,华中
TK002990,0.4193,medium,0.7909,0.9528,0.9474,compliance(1.00); equipment(0.80); cost(0.25),0,1,0,1.0,0,0.24649229872489065,0.0,0.8,2025-04-06 17:22:00,保养,紧急,华东
TK002991,0.0117,low,0.0073,0.0075,0.0032,,0,0,1,0.0,0,0.058327446805266914,0.0,0.0,2025-03-17 16:23:00,保养,中,华南
TK002992,0.0435,low,0.0245,0.0289,0.0039,equipment(0.20),0,0,1,0.0,0,0.06769551589254719,0.0,0.2,2025-12-21 11:39:00,抢修,高,华东
TK002993,0.1687,low,0.351,0.5168,0.3416,compliance(0.50); equipment(0.20),0,0,1,0.5,0,0.06826787119703581,0.0,0.2,2025-10-18 07:44:00,巡检,高,华东
TK002994,0.2117,low,0.1398,0.1855,0.0326,equipment(0.60); quality(0.50); cost(0.23),0,0,1,0.0,0,0.2333654714540262,0.5,0.6,2025-02-20 07:22:00,巡检,中,西北
TK002995,0.1102,low,0.1026,0.1396,0.059,quality(0.25); cost(0.21); equipment(0.20),0,0,1,0.0,0,0.21348352328822995,0.25,0.2,2025-03-31 19:18:00,巡检,高,华北
TK002996,0.2629,low,0.3212,0.4528,0.2396,equipment(1.00); cost(0.25); compliance(0.25),0,0,1,0.25,0,0.25178632187818983,0.0,1.0,2025-10-17 17:08:00,抢修,中,华北
TK002997,0.2311,low,0.2294,0.3526,0.1048,equipment(0.80); quality(0.50); cost(0.18),0,0,1,0.0,0,0.18069722848218872,0.5,0.8,2025-10-28 20:42:00,抢修,中,西南
TK002998,0.1055,low,0.0534,0.055,0.0071,quality(0.25); equipment(0.20); cost(0.19),0,0,1,0.0,0,0.19015017667844525,0.25,0.2,2025-05-17 08:09:00,巡检,紧急,西南
TK002999,0.2619,low,0.5767,0.7056,0.7175,quality(0.75); cost(0.28); compliance(0.25),0,0,1,0.25,0,0.28446995704727984,0.75,0.2,2025-10-30 15:52:00,保养,低,华北
TK003000,0.2289,low,0.1602,0.242,0.0194,compliance(0.50); equipment(0.40); cost(0.22),0,0,1,0.5,0,0.21948125397660778,0.0,0.4,2025-02-07 15:02:00,保养,中,华中
TK003001,0.0644,low,0.0815,0.1478,0.0299,equipment(0.20); cost(0.17),0,0,1,0.0,0,0.17192197589605507,0.0,0.2,2025-07-07 15:24:00,抢修,高,西北
TK003002,0.1989,low,0.1494,0.2004,0.056,compliance(0.50); cost(0.22); equipment(0.20),0,0,1,0.5,0,0.219509640695417,0.0,0.2,2025-11-07 10:29:00,抢修,紧急,华东
TK003003,0.121,low,0.0698,0.0856,0.0101,compliance(0.25); quality(0.25); cost(0.11),0,0,1,0.25,0,0.10501715456935345,0.25,0.0,2025-06-11 13:51:00,改造,低,华北
TK003004,0.2195,low,0.1046,0.0707,0.0399,compliance(0.75); cost(0.16),0,0,1,0.75,0,0.15978103214335837,0.0,0.0,2025-04-17 12:12:00,抢修,中,华北
TK003005,0.1458,low,0.3318,0.6055,0.2175,compliance(0.50); cost(0.10),0,0,1,0.5,0,0.10397910751825923,0.0,0.0,2025-10-06 12:31:00,改造,高,华东
TK003006,0.2057,low,0.1701,0.3016,0.0081,equipment(0.60); compliance(0.25); quality(0.25),0,0,1,0.25,0,0.07833905804017116,0.25,0.6,2025-12-20 16:36:00,巡检,低,华南
TK003007,0.1129,low,0.3395,0.5466,0.3267,quality(0.50); cost(0.19),0,0,1,0.0,0,0.18973435185604415,0.5,0.0,2025-03-25 11:55:00,抢修,中,华东
TK003008,0.1581,low,0.0749,0.069,0.0095,equipment(0.40); compliance(0.25); cost(0.18),0,0,1,0.25,0,0.17787356729459824,0.0,0.4,2025-05-28 07:04:00,改造,低,华中
TK003009,0.1955,low,0.11,0.1314,0.0154,compliance(0.50); cost(0.20); equipment(0.20),0,0,1,0.5,0,0.2025300715959215,0.0,0.2,2025-03-28 19:59:00,保养,低,华东
TK003010,0.1235,low,0.0561,0.053,0.0015,cost(0.30); compliance(0.25),0,0,1,0.25,0,0.3048220329093244,0.0,0.0,2025-05-27 09:45:00,巡检,低,西南
TK003011,0.1186,low,0.2453,0.2977,0.3015,cost(0.28); compliance(0.25),0,0,1,0.25,0,0.2806420804079386,0.0,0.0,2025-01-09 17:27:00,巡检,低,华东
TK003012,0.0242,low,0.0307,0.0507,0.0163,cost(0.12),0,0,1,0.0,0,0.12083984160911976,0.0,0.0,2025-07-14 11:00:00,保养,高,华南
TK003013,0.1035,low,0.1754,0.3611,0.0513,equipment(0.40); cost(0.22),0,0,1,0.0,0,0.21748245056152227,0.0,0.4,2025-04-12 18:09:00,抢修,中,华北
TK003014,0.2925,low,0.2363,0.2732,0.1512,compliance(1.00); cost(0.21),0,0,1,1.0,0,0.21273242781137225,0.0,0.0,2025-10-19 17:20:00,巡检,高,西南
TK003015,0.0639,low,0.0295,0.0285,0.001,cost(0.32),0,0,1,0.0,0,0.3193967865531808,0.0,0.0,2025-02-21 10:16:00,巡检,高,华北
TK003016,0.1497,low,0.1252,0.2062,0.0232,equipment(0.40); cost(0.26); quality(0.25),0,0,1,0.0,0,0.26117865848688926,0.25,0.4,2025-09-12 20:01:00,抢修,中,西北
TK003017,0.2843,low,0.2051,0.2737,0.0685,equipment(1.00); cost(0.36); compliance(0.25),0,0,1,0.25,0,0.35920008468713016,0.0,1.0,2025-07-23 14:22:00,抢修,低,华北
TK003018,0.3119,low,0.7753,0.9573,0.9904,quality(1.00); equipment(0.40); compliance(0.25),0,0,1,0.25,0,0.19681107637338102,1.0,0.4,2025-09-16 14:57:00,抢修,紧急,华南
TK003019,0.3362,low,0.7097,0.9619,0.7776,equipment(0.60); compliance(0.50); quality(0.50),0,0,1,0.5,0,0.2310346241784832,0.5,0.6,2025-03-30 07:42:00,保养,高,华东
TK003020,0.1232,low,0.1583,0.1336,0.2132,compliance(0.25); quality(0.25); cost(0.12),0,0,1,0.25,0,0.115882657274473,0.25,0.0,2025-07-09 18:47:00,巡检,中,华中
TK003021,0.1665,low,0.4377,0.6179,0.4899,compliance(0.50); equipment(0.20),0,0,1,0.5,0,0.05755221424980583,0.0,0.2,2025-10-05 10:48:00,抢修,中,西北
TK003022,0.1983,low,0.0917,0.0569,0.0352,equipment(1.00); cost(0.24),0,0,1,0.0,0,0.24151465496616698,0.0,1.0,2025-03-05 07:30:00,巡检,中,华东
TK003023,0.1137,low,0.0362,0.0049,0.001,equipment(0.40); cost(0.27),0,0,1,0.0,0,0.26854473425985537,0.0,0.4,2025-11-19 16:12:00,巡检,紧急,华东
TK003024,0.2779,low,0.5474,0.8089,0.5168,compliance(0.50); quality(0.50); cost(0.39),0,0,1,0.5,0,0.3893539775219368,0.5,0.0,2025-06-06 09:49:00,保养,中,华中
TK003025,0.2167,low,0.0761,0.0213,0.0104,compliance(0.75); cost(0.15),0,0,1,0.75,0,0.14578207276919963,0.0,0.0,2025-08-21 07:58:00,保养,低,华东
TK003026,0.0959,low,0.0656,0.0973,0.008,compliance(0.25); cost(0.17),0,0,1,0.25,0,0.16676430295319267,0.0,0.0,2025-11-10 11:56:00,巡检,高,西南
TK003027,0.1111,low,0.0415,0.0208,0.0026,cost(0.37); quality(0.25),0,0,1,0.0,0,0.3678085018572018,0.25,0.0,2025-09-20 17:59:00,抢修,低,华中
TK003028,0.0936,low,0.0335,0.0154,0.0001,cost(0.32); equipment(0.20),0,0,1,0.0,0,0.3179618880834816,0.0,0.2,2025-08-04 16:56:00,保养,高,华中
TK003029,0.0458,low,0.0718,0.1392,0.0268,equipment(0.20),0,0,1,0.0,0,0.07884477768165177,0.0,0.2,2025-10-27 13:09:00,抢修,高,华东
TK003030,0.1211,low,0.0607,0.0514,0.0182,quality(0.50); cost(0.23),0,0,1,0.0,0,0.23037454308229177,0.5,0.0,2025-08-19 11:19:00,抢修,中,华南
TK003031,0.1532,low,0.1131,0.1704,0.0214,cost(0.30); compliance(0.25); equipment(0.20),0,0,1,0.25,0,0.3035278958621107,0.0,0.2,2025-10-31 10:03:00,改造,中,华东
TK003032,0.2737,low,0.5266,0.7299,0.5401,equipment(0.60); compliance(0.50); cost(0.29),0,0,1,0.5,0,0.2936685946937606,0.0,0.6,2025-11-07 18:42:00,巡检,中,华中
TK003033,0.1593,low,0.2324,0.4017,0.1259,equipment(0.40); compliance(0.25); cost(0.18),0,0,1,0.25,0,0.18392580715987106,0.0,0.4,2025-03-06 14:53:00,巡检,紧急,西北
TK003034,0.1741,low,0.0767,0.0669,0.0029,cost(0.41); compliance(0.25); equipment(0.20),0,0,1,0.25,0,0.40776416571452745,0.0,0.2,2025-05-05 07:53:00,巡检,中,华南
TK003035,0.0788,low,0.0402,0.0298,0.0174,equipment(0.40),0,0,1,0.0,0,0.0940236666403953,0.0,0.4,2025-09-16 13:14:00,巡检,中,华东
TK003036,0.2029,low,0.6235,0.749,0.8584,quality(0.50); compliance(0.25); equipment(0.20),0,0,1,0.25,0,0.1770215205136887,0.5,0.2,2025-01-14 09:20:00,抢修,高,西北
TK003037,0.3494,low,0.1672,0.1491,0.0292,compliance(0.75); equipment(0.60); cost(0.36),0,0,1,0.75,0,0.3593198847262248,0.0,0.6,2025-02-19 12:48:00,抢修,高,西南
TK003038,0.0458,low,0.0181,0.0106,0.0019,cost(0.23),0,0,1,0.0,0,0.22876782077393076,0.0,0.0,2025-07-08 10:21:00,巡检,低,西北
TK003039,0.175,low,0.0988,0.0631,0.0693,equipment(1.00); cost(0.12),0,0,1,0.0,0,0.12493862445494852,0.0,1.0,2025-03-27 07:46:00,抢修,中,华北
TK003040,0.1019,low,0.0552,0.0613,0.009,cost(0.36); equipment(0.20),0,0,1,0.0,0,0.3596985204030504,0.0,0.2,2025-11-30 10:09:00,巡检,中,华北
TK003041,0.1418,low,0.0879,0.0972,0.0325,compliance(0.25); cost(0.25); equipment(0.20),0,0,1,0.25,0,0.2466596790819896,0.0,0.2,2025-10-20 17:35:00,巡检,中,西南
TK003042,0.1311,low,0.0465,0.0172,0.0032,equipment(0.60); cost(0.21),0,0,1,0.0,0,0.20529839547500872,0.0,0.6,2025-02-03 17:34:00,抢修,低,西南
TK003043,0.1032,low,0.0722,0.1006,0.0172,quality(0.25); equipment(0.20); cost(0.18),0,0,1,0.0,0,0.1784636406591208,0.25,0.2,2025-07-24 18:11:00,抢修,中,西南
TK003044,0.2739,low,0.2784,0.3356,0.2252,equipment(0.80); cost(0.27); compliance(0.25),0,0,1,0.25,0,0.2692518112037665,0.25,0.8,2025-01-20 16:19:00,保养,中,华中
TK003045,0.0185,low,0.0297,0.0403,0.0288,,0,0,1,0.0,0,0.09263368576774134,0.0,0.0,2025-08-11 09:34:00,巡检,低,华中
TK003046,0.1457,low,0.0676,0.051,0.0172,equipment(0.80); cost(0.13),0,0,1,0.0,0,0.1283622426416392,0.0,0.8,2025-09-17 19:01:00,抢修,低,华南
TK003047,0.1745,low,0.0657,0.0328,0.0053,quality(0.50); equipment(0.40); cost(0.20),0,0,1,0.0,0,0.19751196795518944,0.5,0.4,2025-07-24 13:43:00,抢修,低,华中
TK003048,0.1008,low,0.099,0.1484,0.0482,cost(0.32); quality(0.25),0,0,1,0.0,0,0.31638767043652893,0.25,0.0,2025-04-14 18:11:00,巡检,低,西北
TK003049,0.1152,low,0.0828,0.0669,0.071,quality(0.25); cost(0.24); equipment(0.20),0,0,1,0.0,0,0.2383955290544465,0.25,0.2,2025-06-17 09:44:00,保养,高,华北
TK003050,0.3163,low,0.1475,0.0539,0.0963,equipment(0.60); compliance(0.50); quality(0.50),0,0,1,0.5,0,0.13132821754132973,0.5,0.6,2025-05-13 19:34:00,改造,低,华南
TK003051,0.2089,low,0.592,0.8459,0.6664,quality(0.50); equipment(0.40); compliance(0.25),0,0,1,0.25,0,0.05721805780907008,0.5,0.4,2025-05-31 15:33:00,巡检,高,华东
TK003052,0.11,low,0.1066,0.1763,0.0339,cost(0.36); quality(0.25),0,0,1,0.0,0,0.3624920467893501,0.25,0.0,2025-12-31 13:09:00,保养,中,西北
TK003053,0.0528,low,0.0854,0.1016,0.0972,equipment(0.20); cost(0.11),0,0,1,0.0,0,0.11419085985146848,0.0,0.2,2025-03-15 13:14:00,巡检,紧急,华东
TK003054,0.1367,low,0.1712,0.2832,0.0887,equipment(0.40); compliance(0.25),0,0,1,0.25,0,0.07098236462990559,0.0,0.4,2025-11-18 11:40:00,巡检,中,华东
TK003055,0.1035,low,0.141,0.2464,0.0676,cost(0.37); equipment(0.20),0,0,1,0.0,0,0.3675115207373272,0.0,0.2,2025-06-12 19:10:00,保养,紧急,西南
TK003056,0.1112,low,0.0381,0.0126,0.001,cost(0.37); quality(0.25),0,0,1,0.0,0,0.36873028391167195,0.25,0.0,2025-05-02 13:56:00,保养,中,华南
TK003057,0.1191,low,0.0812,0.1247,0.0053,quality(0.50); cost(0.22),0,0,1,0.0,0,0.22050182889488412,0.5,0.0,2025-09-15 11:11:00,巡检,中,华中
TK003058,0.0559,low,0.058,0.1125,0.0052,equipment(0.20); cost(0.13),0,0,1,0.0,0,0.12974952607082801,0.0,0.2,2025-02-14 19:48:00,改造,低,华南
TK003059,0.3192,low,0.2532,0.1428,0.3071,compliance(0.75); cost(0.32); quality(0.25),0,0,1,0.75,0,0.32096160641902427,0.25,0.2,2025-07-15 09:26:00,改造,低,华北
TK003060,0.3193,low,0.3512,0.6502,0.0795,compliance(0.75); equipment(0.40); cost(0.36),0,0,1,0.75,0,0.35921812847041035,0.0,0.4,2025-04-01 11:50:00,改造,低,西南
TK003061,0.025,low,0.0162,0.0235,0.0014,cost(0.12),0,0,1,0.0,0,0.12488008122964889,0.0,0.0,2025-07-31 11:55:00,巡检,高,华东
TK003062,0.1021,low,0.0461,0.0396,0.0045,cost(0.32); quality(0.25),0,0,1,0.0,0,0.3229311009842716,0.25,0.0,2025-12-30 17:09:00,巡检,高,华北
TK003063,0.1941,low,0.209,0.3875,0.0434,quality(0.75); cost(0.26); equipment(0.20),0,0,1,0.0,0,0.2578316632978227,0.75,0.2,2025-05-29 18:11:00,抢修,中,华北
TK003064,0.0917,low,0.0342,0.0185,0.0007,cost(0.31); equipment(0.20),0,0,1,0.0,0,0.3087185348987098,0.0,0.2,2025-10-24 08:41:00,改造,中,华北
TK003065,0.1023,low,0.0395,0.016,0.0091,equipment(0.60),0,0,1,0.0,0,0.06155049528686063,0.0,0.6,2025-11-20 11:02:00,抢修,中,西北
TK003066,0.1291,low,0.1053,0.1478,0.0423,quality(0.50); equipment(0.20); cost(0.12),0,0,1,0.0,0,0.12056203327656234,0.5,0.2,2025-11-27 13:40:00,巡检,高,华东
TK003067,0.2579,low,0.4481,0.4704,0.5889,equipment(0.80); compliance(0.25); quality(0.25),0,0,1,0.25,0,0.18927572962195327,0.25,0.8,2025-07-01 16:12:00,巡检,高,华南
TK003068,0.1366,low,0.2648,0.3724,0.2672,equipment(0.40); compliance(0.25),0,0,1,0.25,0,0.07061634405118644,0.0,0.4,2025-01-25 18:39:00,保养,中,华东
TK003069,0.0815,low,0.0731,0.0867,0.0524,compliance(0.25),0,0,1,0.25,0,0.09506520016404107,0.0,0.0,2025-05-15 16:13:00,巡检,中,西北
TK003070,0.2168,low,0.0685,0.0095,0.0004,compliance(0.50); cost(0.31); equipment(0.20),0,0,1,0.5,0,0.3087831902038475,0.0,0.2,2025-10-17 09:36:00,抢修,低,华南
TK003071,0.1394,low,0.0608,0.0488,0.0054,equipment(0.40); compliance(0.25),0,0,1,0.25,0,0.08444893273604526,0.0,0.4,2025-05-18 13:52:00,巡检,低,西南
TK003072,0.2171,low,0.1182,0.1431,0.0084,compliance(0.50); equipment(0.40); cost(0.16),0,0,1,0.5,0,0.16042676977428283,0.0,0.4,2025-06-22 11:17:00,改造,低,华南
TK003073,0.1226,low,0.0577,0.0522,0.0076,compliance(0.25); equipment(0.20); cost(0.15),0,0,1,0.25,0,0.15052607058275425,0.0,0.2,2025-07-30 07:55:00,抢修,中,华中
TK003074,0.1133,low,0.0665,0.0824,0.0106,equipment(0.40); cost(0.27),0,0,1,0.0,0,0.2666243900720463,0.0,0.4,2025-03-07 12:26:00,抢修,低,华东
TK003075,0.0305,low,0.0165,0.0199,0.001,cost(0.15),0,0,1,0.0,0,0.15258272419351604,0.0,0.0,2025-07-27 18:14:00,巡检,紧急,西南
TK003076,0.0865,low,0.224,0.3982,0.1678,compliance(0.25); cost(0.12),0,0,1,0.25,0,0.11997298865029027,0.0,0.0,2025-01-26 09:23:00,保养,中,西南
TK003077,0.1764,low,0.4832,0.6118,0.6175,quality(0.50); equipment(0.40); cost(0.21),0,0,1,0.0,0,0.2068631023955062,0.5,0.4,2025-08-23 12:58:00,改造,高,西南
TK003078,0.0783,low,0.0764,0.1246,0.0266,compliance(0.25),0,0,1,0.25,0,0.07875129343491472,0.0,0.0,2025-09-01 13:13:00,抢修,高,华中
TK003079,0.207,low,0.1031,0.0841,0.0331,compliance(0.50); equipment(0.40); cost(0.11),0,0,1,0.5,0,0.11021206283324991,0.0,0.4,2025-05-05 17:27:00,抢修,中,西南
TK003080,0.1799,low,0.1573,0.243,0.0522,compliance(0.50); equipment(0.20); cost(0.12),0,0,1,0.5,0,0.12446682943392562,0.0,0.2,2025-05-25 07:50:00,抢修,中,西北
TK003081,0.0552,low,0.0278,0.0251,0.0071,equipment(0.20); cost(0.13),0,0,1,0.0,0,0.1260019681380986,0.0,0.2,2025-05-08 19:50:00,保养,中,华东
TK003082,0.0654,low,0.033,0.0368,0.0015,equipment(0.20); cost(0.18),0,0,1,0.0,0,0.17676498161101895,0.0,0.2,2025-10-18 19:24:00,抢修,中,西北
TK003083,0.1939,low,0.4365,0.8794,0.2015,quality(0.50); compliance(0.25); equipment(0.20),0,0,1,0.25,0,0.13202937017835437,0.5,0.2,2025-04-21 18:30:00,抢修,紧急,西南
TK003084,0.1195,low,0.1374,0.281,0.0092,equipment(0.40); cost(0.30),0,0,1,0.0,0,0.2973289964770309,0.0,0.4,2025-06-16 19:11:00,巡检,低,华东
TK003085,0.1169,low,0.0434,0.0187,0.005,cost(0.40); quality(0.25),0,0,1,0.0,0,0.3968359568806098,0.25,0.0,2025-10-20 07:06:00,巡检,中,华北
TK003086,0.1368,low,0.2164,0.4106,0.0905,quality(0.50); cost(0.31),0,0,1,0.0,0,0.30914390783763535,0.5,0.0,2025-11-23 15:03:00,抢修,高,西北
TK003087,0.1739,low,0.0634,0.0266,0.0055,compliance(0.50); equipment(0.20),0,0,1,0.5,0,0.09449665427128207,0.0,0.2,2025-03-07 08:10:00,改造,低,西南
TK003088,0.0701,low,0.0295,0.0213,0.0028,quality(0.25); cost(0.16),0,0,1,0.0,0,0.16294243710670364,0.25,0.0,2025-09-28 07:11:00,保养,紧急,西北
TK003089,0.1857,low,0.4576,0.7569,0.3915,cost(0.28); compliance(0.25); quality(0.25),0,0,1,0.25,0,0.27868167869366456,0.25,0.2,2025-10-30 10:43:00,抢修,高,西南
TK003090,0.0511,low,0.018,0.0068,0.0007,cost(0.26),0,0,1,0.0,0,0.25542570540328813,0.0,0.0,2025-11-28 10:21:00,抢修,中,华南
TK003091,0.0848,low,0.0853,0.1428,0.0283,cost(0.27); equipment(0.20),0,0,1,0.0,0,0.2739796622565108,0.0,0.2,2025-12-02 07:18:00,保养,高,华中
TK003092,0.1212,low,0.0844,0.1117,0.0255,equipment(0.60); cost(0.16),0,0,1,0.0,0,0.15575370419661083,0.0,0.6,2025-04-30 11:24:00,巡检,中,华东
TK003093,0.1747,low,0.0973,0.1059,0.0225,equipment(0.60); compliance(0.25); cost(0.11),0,0,1,0.25,0,0.1109713622291022,0.0,0.6,2025-08-30 14:29:00,抢修,中,西北
TK003094,0.1871,low,0.0666,0.0294,0.0006,compliance(0.50); equipment(0.20); cost(0.16),0,0,1,0.5,0,0.16027315588399105,0.0,0.2,2025-07-17 09:20:00,抢修,低,西南
TK003095,0.1483,low,0.1032,0.0753,0.0923,quality(0.75); cost(0.18),0,0,1,0.0,0,0.17896725825455595,0.75,0.0,2025-03-27 13:14:00,抢修,中,华东
TK003096,0.048,low,0.0396,0.0586,0.0133,equipment(0.20),0,0,1,0.0,0,0.0897535146541687,0.0,0.2,2025-01-24 20:33:00,保养,中,华南
TK003097,0.2692,low,0.1239,0.0958,0.0274,compliance(0.50); equipment(0.40); quality(0.25),0,0,1,0.5,0,0.233729775729838,0.25,0.4,2025-02-24 08:49:00,抢修,中,华北
TK003098,0.0907,low,0.0302,0.0077,0.0007,cost(0.30); equipment(0.20),0,0,1,0.0,0,0.3035246478056923,0.0,0.2,2025-01-13 08:33:00,抢修,低,华中
TK003099,0.2687,low,0.1705,0.2053,0.0515,compliance(0.75); cost(0.41),0,0,1,0.75,0,0.405830225188592,0.0,0.0,2025-12-11 20:44:00,抢修,中,西南
TK003100,0.1269,low,0.0666,0.0778,0.0037,equipment(0.40); cost(0.33),0,0,1,0.0,0,0.33429305028845224,0.0,0.4,2025-01-16 19:00:00,巡检,中,西北
TK003101,0.1253,low,0.1081,0.1658,0.0357,equipment(0.60); cost(0.18),0,0,1,0.0,0,0.17631307358113757,0.0,0.6,2025-08-23 16:13:00,保养,中,华东
TK003102,0.4419,medium,0.8143,0.9631,0.9846,compliance(1.00); quality(0.75); cost(0.25),0,1,0,1.0,0,0.24714930489900278,0.75,0.2,2025-08-02 14:11:00,保养,高,西南
TK003103,0.1631,low,0.1647,0.2487,0.0822,quality(0.75); cost(0.25),0,0,1,0.0,0,0.25290842442994876,0.75,0.0,2025-07-10 10:58:00,巡检,中,西南
TK003104,0.0263,low,0.0126,0.0124,0.0011,cost(0.13),0,0,1,0.0,0,0.1313810869653409,0.0,0.0,2025-09-19 20:59:00,保养,中,西北
TK003105,0.0874,low,0.0555,0.066,0.0176,compliance(0.25); cost(0.12),0,0,1,0.25,0,0.12439758061907691,0.0,0.0,2025-01-28 20:23:00,保养,紧急,华东
TK003106,0.4049,medium,0.8088,0.9837,0.9801,quality(1.00); equipment(0.60); compliance(0.50),0,1,0,0.5,0,0.19937177453978328,1.0,0.6,2025-07-18 15:49:00,巡检,中,华东
TK003107,0.2069,low,0.3495,0.5665,0.2546,quality(0.50); compliance(0.25); equipment(0.20),0,0,1,0.25,0,0.19678764282944006,0.5,0.2,2025-02-17 07:11:00,改造,紧急,西南
TK003108,0.051,low,0.0255,0.0255,0.0037,cost(0.25),0,0,1,0.0,0,0.2549781405833732,0.0,0.0,2025-05-08 09:58:00,保养,高,华南
TK003109,0.0311,low,0.0195,0.0269,0.0022,cost(0.16),0,0,1,0.0,0,0.15572841317618447,0.0,0.0,2025-09-07 08:11:00,巡检,高,华北
TK003110,0.0674,low,0.0672,0.0871,0.047,quality(0.25); cost(0.15),0,0,1,0.0,0,0.14954833334212225,0.25,0.0,2025-03-11 16:21:00,保养,中,华南
TK003111,0.1244,low,0.1075,0.1711,0.0295,equipment(0.40); cost(0.32),0,0,1,0.0,0,0.3222370915579347,0.0,0.4,2025-10-24 08:09:00,保养,紧急,华东
TK003112,0.0926,low,0.1161,0.139,0.1133,equipment(0.40); cost(0.16),0,0,1,0.0,0,0.16277236626829772,0.0,0.4,2025-07-30 18:52:00,保养,紧急,华北
TK003113,0.4062,medium,0.5115,0.4025,0.7107,compliance(1.00); equipment(0.60); cost(0.33),0,1,0,1.0,0,0.3309607471669709,0.0,0.6,2025-08-22 09:26:00,巡检,中,华东
TK003114,0.3963,low,0.3194,0.4427,0.1302,compliance(0.75); quality(0.50); equipment(0.40),0,0,1,0.75,0,0.3688404359838928,0.5,0.4,2025-04-23 19:31:00,巡检,中,华南
TK003115,0.3242,low,0.3562,0.6154,0.1245,compliance(0.50); quality(0.50); equipment(0.40),0,0,1,0.5,0,0.32100693667487135,0.5,0.4,2025-12-21 18:00:00,巡检,高,西南
TK003116,0.21,low,0.1591,0.2052,0.0694,equipment(0.80); cost(0.26); quality(0.25),0,0,1,0.0,0,0.2622695383859628,0.25,0.8,2025-12-21 11:54:00,巡检,低,华北
TK003117,0.3135,low,0.601,0.8632,0.5853,quality(0.75); equipment(0.60); compliance(0.25),0,0,1,0.25,0,0.24245948379351745,0.75,0.6,2025-03-14 15:16:00,改造,高,华南
TK003118,0.1935,low,0.2436,0.4742,0.0558,quality(0.75); cost(0.41),0,0,1,0.0,0,0.40503388546292596,0.75,0.0,2025-12-18 13:10:00,巡检,低,华中
TK003119,0.1095,low,0.108,0.1309,0.0838,equipment(0.40); cost(0.25),0,0,1,0.0,0,0.2474619767260441,0.0,0.4,2025-07-17 18:48:00,巡检,高,华东
TK003120,0.076,low,0.0445,0.0605,0.0015,cost(0.38),0,0,1,0.0,0,0.3800494516538495,0.0,0.0,2025-04-30 10:25:00,抢修,中,西南
TK003121,0.1719,low,0.2272,0.3344,0.1673,equipment(0.40); compliance(0.25); cost(0.25),0,0,1,0.25,0,0.24692654892446153,0.0,0.4,2025-04-23 14:54:00,巡检,高,华东
TK003122,0.1514,low,0.0663,0.0533,0.0063,compliance(0.50); cost(0.13),0,0,1,0.5,0,0.13214417145105062,0.0,0.0,2025-05-05 09:22:00,抢修,高,华南
TK003123,0.3225,low,0.7963,0.9997,0.9991,cost(1.00); equipment(0.40); compliance(0.25),0,0,1,0.25,0,1.0,0.0,0.4,2025-10-21 19:09:00,巡检,高,西南
TK003124,0.1279,low,0.0699,0.0855,0.0047,equipment(0.60); cost(0.19),0,0,1,0.0,0,0.18939445368453212,0.0,0.6,2025-04-25 19:00:00,巡检,高,华南
TK003125,0.0867,low,0.1054,0.1875,0.0393,quality(0.50),0,0,1,0.0,0,0.058629052741976384,0.5,0.0,2025-12-16 18:20:00,保养,高,华中
TK003126,0.176,low,0.1361,0.2303,0.0076,equipment(0.40); compliance(0.25); quality(0.25),0,0,1,0.25,0,0.07984227305777736,0.25,0.4,2025-09-06 07:09:00,抢修,中,华北
TK003127,0.0688,low,0.0351,0.0382,0.0032,equipment(0.20); cost(0.19),0,0,1,0.0,0,0.1942145305576457,0.0,0.2,2025-04-02 16:24:00,抢修,中,华东
TK003128,0.2491,low,0.1758,0.1805,0.1083,compliance(0.50); equipment(0.40); quality(0.25),0,0,1,0.5,0,0.1331444863830762,0.25,0.4,2025-05-09 14:23:00,巡检,中,华南
TK003129,0.2813,low,0.3595,0.5398,0.2461,equipment(0.60); compliance(0.50); cost(0.33),0,0,1,0.5,0,0.33168299094886855,0.0,0.6,2025-07-08 16:31:00,巡检,中,华南
TK003130,0.2006,low,0.3306,0.5584,0.2142,quality(0.75); compliance(0.25); cost(0.13),0,0,1,0.25,0,0.12786777216318856,0.75,0.0,2025-02-27 08:27:00,抢修,低,华南
TK003131,0.0757,low,0.0299,0.0145,0.0061,quality(0.25); cost(0.19),0,0,1,0.0,0,0.1908720732948762,0.25,0.0,2025-02-22 18:34:00,巡检,中,西北
TK003132,0.2994,low,0.6537,0.7587,0.8525,quality(1.00); equipment(0.60); cost(0.30),0,0,1,0.0,0,0.2971164761134565,1.0,0.6,2025-02-19 15:30:00,保养,中,西北
TK003133,0.0982,low,0.0473,0.0409,0.01,compliance(0.25); cost(0.18),0,0,1,0.25,0,0.17836336330539448,0.0,0.0,2025-09-12 08:42:00,抢修,中,华中
TK003134,0.0935,low,0.2858,0.4912,0.2452,compliance(0.25); cost(0.16),0,0,1,0.25,0,0.1551650522241398,0.0,0.0,2025-04-30 16:16:00,保养,紧急,华南
TK003135,0.16,low,0.1153,0.1553,0.037,equipment(0.60); cost(0.35),0,0,1,0.0,0,0.3502356671522838,0.0,0.6,2025-07-24 16:33:00,改造,中,华南
TK003136,0.1848,low,0.2826,0.5252,0.1239,equipment(0.60); quality(0.50),0,0,1,0.0,0,0.09909984252401682,0.5,0.6,2025-04-01 08:39:00,保养,高,华东
TK003137,0.0895,low,0.0693,0.0987,0.0227,compliance(0.25); cost(0.14),0,0,1,0.25,0,0.13500188532084034,0.0,0.0,2025-08-23 08:30:00,抢修,高,华南
TK003138,0.1884,low,0.2897,0.4634,0.2028,quality(0.50); equipment(0.40); cost(0.27),0,0,1,0.0,0,0.26678456144686247,0.5,0.4,2025-12-28 19:36:00,巡检,中,西北
TK003139,0.0296,low,0.0251,0.029,0.0174,cost(0.15),0,0,1,0.0,0,0.14789116816253733,0.0,0.0,2025-06-17 12:36:00,巡检,低,华北
TK003140,0.1232,low,0.1982,0.2846,0.1762,quality(0.50); equipment(0.20),0,0,1,0.0,0,0.09106282604897287,0.5,0.2,2025-02-10 07:13:00,巡检,中,华东
TK003141,0.0125,low,0.0151,0.0197,0.0127,,0,0,1,0.0,0,0.06244913844956301,0.0,0.0,2025-04-13 07:34:00,抢修,中,西南
TK003142,0.0413,low,0.0244,0.0263,0.0079,equipment(0.20),0,0,1,0.0,0,0.05673779901808407,0.0,0.2,2025-05-02 17:24:00,巡检,高,西南
TK003143,0.1045,low,0.0637,0.0746,0.0179,quality(0.50); cost(0.15),0,0,1,0.0,0,0.14760944246588292,0.5,0.0,2025-04-19 16:50:00,巡检,低,西南
TK003144,0.184,low,0.1292,0.1715,0.0398,quality(0.75); cost(0.21); equipment(0.20),0,0,1,0.0,0,0.20769199798691496,0.75,0.2,2025-08-04 19:51:00,巡检,中,华中
TK003145,0.1172,low,0.1514,0.2948,0.0373,equipment(0.40); quality(0.25),0,0,1,0.0,0,0.0987176100134951,0.25,0.4,2025-11-26 17:44:00,保养,中,华北
TK003146,0.1778,low,0.3383,0.384,0.4303,equipment(0.40); compliance(0.25); quality(0.25),0,0,1,0.25,0,0.08899185279315747,0.25,0.4,2025-12-19 12:16:00,保养,高,华南
TK003147,0.1072,low,0.0335,0.0037,0.0002,equipment(0.40); cost(0.24),0,0,1,0.0,0,0.2358668411364191,0.0,0.4,2025-09-28 14:47:00,抢修,高,西南
TK003148,0.2328,low,0.1107,0.115,0.0018,quality(0.75); equipment(0.60); cost(0.15),0,0,1,0.0,0,0.1514377649522448,0.75,0.6,2025-11-06 15:00:00,改造,紧急,华北
TK003149,0.1836,low,0.1797,0.2769,0.0792,quality(0.50); equipment(0.40); cost(0.24),0,0,1,0.0,0,0.24321548821548822,0.5,0.4,2025-12-30 09:04:00,保养,高,华中
TK003150,0.0874,low,0.037,0.022,0.0087,cost(0.29); equipment(0.20),0,0,1,0.0,0,0.28704063434704674,0.0,0.2,2025-07-11 10:03:00,抢修,高,西北
TK003151,0.2263,low,0.4173,0.77,0.2284,quality(1.00); compliance(0.25),0,0,1,0.25,0,0.0691627969493187,1.0,0.0,2025-01-03 16:41:00,抢修,中,西北
TK003152,0.0274,low,0.0113,0.0086,0.0001,cost(0.14),0,0,1,0.0,0,0.13722030710215383,0.0,0.0,2025-02-20 14:52:00,巡检,低,华南
TK003153,0.1178,low,0.0591,0.0609,0.007,compliance(0.25); equipment(0.20); cost(0.13),0,0,1,0.25,0,0.1267306149559636,0.0,0.2,2025-06-14 13:51:00,改造,高,华南
TK003154,0.0151,low,0.0078,0.0087,0.0007,,0,0,1,0.0,0,0.0754215674136437,0.0,0.0,2025-12-29 14:04:00,抢修,低,西北
TK003155,0.192,low,0.2401,0.4468,0.0746,equipment(0.40); compliance(0.25); quality(0.25),0,0,1,0.25,0,0.1599342405926527,0.25,0.4,2025-06-03 15:30:00,巡检,高,华北
TK003156,0.2653,low,0.4156,0.5888,0.3712,compliance(0.75); equipment(0.40),0,0,1,0.75,0,0.0890949011247476,0.0,0.4,2025-02-05 18:36:00,巡检,低,华中
TK003157,0.1286,low,0.0627,0.0421,0.0269,compliance(0.25); equipment(0.20); cost(0.18),0,0,1,0.25,0,0.18054739991222812,0.0,0.2,2025-12-16 20:26:00,改造,低,华中
TK003158,0.0817,low,0.031,0.0158,0.0028,equipment(0.40); cost(0.11),0,0,1,0.0,0,0.10871454612112841,0.0,0.4,2025-06-07 16:20:00,保养,低,西北
TK003159,0.2307,low,0.6234,0.7132,0.8702,quality(1.00); compliance(0.25),0,0,1,0.25,0,0.09101308928381391,1.0,0.0,2025-03-01 10:19:00,抢修,中,华南
TK003160,0.1731,low,0.0633,0.0278,0.0046,equipment(1.00); cost(0.12),0,0,1,0.0,0,0.11566478742061093,0.0,1.0,2025-10-03 19:54:00,改造,高,华北
TK003161,0.0989,low,0.2455,0.37,0.2466,cost(0.31); quality(0.25),0,0,1,0.0,0,0.3067679907887162,0.25,0.0,2025-05-21 09:56:00,保养,高,华东
TK003162,0.1686,low,0.2123,0.3486,0.1134,equipment(0.40); compliance(0.25); cost(0.23),0,0,1,0.25,0,0.23062985079006437,0.0,0.4,2025-01-16 09:15:00,巡检,中,华北
TK003163,0.1037,low,0.1518,0.2471,0.0978,equipment(0.60),0,0,1,0.0,0,0.06860585260987906,0.0,0.6,2025-07-29 09:40:00,保养,紧急,华东
TK003164,0.0547,low,0.0319,0.0301,0.0142,quality(0.25),0,0,1,0.0,0,0.08607500861021988,0.25,0.0,2025-03-29 13:50:00,保养,中,西南
TK003165,0.1989,low,0.1007,0.1144,0.0027,compliance(0.75),0,0,1,0.75,0,0.05724950401898021,0.0,0.0,2025-07-27 15:08:00,抢修,高,华南
TK003166,0.0579,low,0.0384,0.0528,0.0073,equipment(0.20); cost(0.14),0,0,1,0.0,0,0.1393793738548963,0.0,0.2,2025-09-06 12:45:00,保养,中,西南
TK003167,0.1189,low,0.2451,0.3088,0.2895,cost(0.28); compliance(0.25),0,0,1,0.25,0,0.2818343762433536,0.0,0.0,2025-02-09 16:02:00,巡检,高,华东
TK003168,0.0672,low,0.0587,0.1082,0.002,cost(0.34),0,0,1,0.0,0,0.3357746882614304,0.0,0.0,2025-07-31 13:06:00,巡检,高,西南
TK003169,0.139,low,0.0665,0.07,0.0009,equipment(0.60); cost(0.24),0,0,1,0.0,0,0.2448434154381749,0.0,0.6,2025-07-08 15:11:00,巡检,低,华南
TK003170,0.0347,low,0.016,0.0158,0.0002,cost(0.17),0,0,1,0.0,0,0.17364511227418544,0.0,0.0,2025-05-06 08:05:00,保养,紧急,西南
TK003171,0.2266,low,0.1842,0.1924,0.1398,equipment(0.80); compliance(0.25); cost(0.22),0,0,1,0.25,0,0.22060393810132395,0.0,0.8,2025-07-11 16:31:00,改造,中,西南
TK003172,0.0194,low,0.0082,0.0067,0.0001,,0,0,1,0.0,0,0.0972048637588957,0.0,0.0,2025-10-09 12:27:00,巡检,中,西北
TK003173,0.2319,low,0.5547,0.6909,0.6952,equipment(0.60); compliance(0.50),0,0,1,0.5,0,0.08447992339876353,0.0,0.6,2025-06-20 12:45:00,保养,中,华东
TK003174,0.3254,low,0.4291,0.7359,0.2111,quality(0.75); compliance(0.50); cost(0.29),0,0,1,0.5,0,0.28948172964847807,0.75,0.2,2025-12-23 17:21:00,巡检,中,华北
TK003175,0.0138,low,0.0281,0.0465,0.022,,0,0,1,0.0,0,0.06884085670269069,0.0,0.0,2025-11-24 19:40:00,保养,紧急,华东
TK003176,0.1623,low,0.3199,0.4845,0.2905,quality(0.50); compliance(0.25); cost(0.12),0,0,1,0.25,0,0.12415986628484754,0.5,0.0,2025-03-03 10:07:00,巡检,中,华东
TK003177,0.034,low,0.0178,0.0207,0.001,cost(0.17),0,0,1,0.0,0,0.17014574135487237,0.0,0.0,2025-02-01 08:00:00,巡检,紧急,华东
TK003178,0.1436,low,0.0547,0.0199,0.0134,compliance(0.50),0,0,1,0.5,0,0.09285259177433525,0.0,0.0,2025-09-29 11:10:00,巡检,中,华北
TK003179,0.1553,low,0.1021,0.096,0.0625,cost(0.28); compliance(0.25); quality(0.25),0,0,1,0.25,0,0.2763124176306926,0.25,0.0,2025-07-06 09:06:00,改造,高,华中
TK003180,0.1037,low,0.1321,0.2563,0.0322,compliance(0.25); equipment(0.20),0,0,1,0.25,0,0.055891278102261244,0.0,0.2,2025-06-04 12:23:00,保养,紧急,西北
TK003181,0.2974,low,0.5693,0.7487,0.6231,quality(0.75); equipment(0.60); compliance(0.25),0,0,1,0.25,0,0.16211820016250944,0.75,0.6,2025-11-08 14:06:00,保养,紧急,西北
TK003182,0.1202,low,0.05,0.0275,0.0123,compliance(0.25); equipment(0.20); cost(0.14),0,0,1,0.25,0,0.13855302338984676,0.0,0.2,2025-07-23 17:41:00,巡检,低,华北
TK003183,0.0282,low,0.0226,0.033,0.0073,cost(0.14),0,0,1,0.0,0,0.14080543611021135,0.0,0.0,2025-09-30 19:48:00,保养,中,华中
TK003184,0.3095,low,0.7387,0.9321,0.9131,equipment(0.60); compliance(0.50); quality(0.50),0,0,1,0.5,0,0.09767722793796174,0.5,0.6,2025-05-18 08:08:00,保养,紧急,华中
TK003185,0.4178,medium,0.7952,0.9709,0.9431,compliance(1.00); quality(0.75); equipment(0.20),0,1,0,1.0,0,0.126671889102706,0.75,0.2,2025-03-05 15:41:00,巡检,高,华南
TK003186,0.1913,low,0.3395,0.6446,0.1614,cost(0.31); compliance(0.25); quality(0.25),0,0,1,0.25,0,0.30659699289016673,0.25,0.2,2025-04-04 11:34:00,巡检,高,西北
TK003187,0.0926,low,0.0382,0.0268,0.003,cost(0.31); equipment(0.20),0,0,1,0.0,0,0.3130672289299561,0.0,0.2,2025-06-16 09:57:00,抢修,高,华东
TK003188,0.345,low,0.3357,0.5159,0.1475,equipment(1.00); quality(0.50); cost(0.29),0,0,1,0.25,0,0.2873278945878478,0.5,1.0,2025-03-19 07:18:00,巡检,高,西北
TK003189,0.1569,low,0.2222,0.3299,0.1705,quality(0.50); cost(0.26); equipment(0.20),0,0,1,0.0,0,0.25937362952606746,0.5,0.2,2025-07-18 19:08:00,抢修,低,西北
TK003190,0.0765,low,0.032,0.0247,0.0012,equipment(0.40),0,0,1,0.0,0,0.0826241199933827,0.0,0.4,2025-10-02 18:46:00,改造,高,华南
TK003191,0.2176,low,0.2862,0.3517,0.2794,compliance(0.50); equipment(0.40); cost(0.16),0,0,1,0.5,0,0.16297184454406166,0.0,0.4,2025-10-18 19:21:00,巡检,低,华北
TK003192,0.0686,low,0.0257,0.0136,0.0011,cost(0.34),0,0,1,0.0,0,0.3430588994514632,0.0,0.0,2025-12-27 07:02:00,保养,低,西北
TK003193,0.1768,low,0.1671,0.2208,0.1051,quality(0.50); equipment(0.40); cost(0.21),0,0,1,0.0,0,0.20907397901321534,0.5,0.4,2025-09-30 09:20:00,巡检,高,华南
TK003194,0.2327,low,0.1965,0.306,0.0559,quality(0.50); cost(0.33); compliance(0.25),0,0,1,0.25,0,0.3258377467969936,0.5,0.2,2025-06-27 15:38:00,巡检,高,西北
TK003195,0.1914,low,0.4146,0.5915,0.429,equipment(0.40); cost(0.34); compliance(0.25),0,0,1,0.25,0,0.3445991370008349,0.0,0.4,2025-04-10 14:35:00,保养,紧急,华北
TK003196,0.2154,low,0.5912,0.6956,0.8089,compliance(0.50); equipment(0.40); cost(0.15),0,0,1,0.5,0,0.15214654742860134,0.0,0.4,2025-06-12 16:26:00,抢修,低,华东
TK003197,0.1054,low,0.0405,0.0164,0.0089,compliance(0.25); cost(0.21),0,0,1,0.25,0,0.2144584642976839,0.0,0.0,2025-04-05 16:31:00,保养,中,西北
TK003198,0.2121,low,0.4475,0.4696,0.6273,equipment(0.80); compliance(0.25); cost(0.15),0,0,1,0.25,0,0.14787653761800323,0.0,0.8,2025-11-02 09:51:00,抢修,高,华中
TK003199,0.1753,low,0.1205,0.1774,0.0166,equipment(0.40); cost(0.26); compliance(0.25),0,0,1,0.25,0,0.26400912742158056,0.0,0.4,2025-08-03 13:09:00,巡检,低,西南
TK003200,0.0557,low,0.027,0.028,0.0013,cost(0.28),0,0,1,0.0,0,0.27859632221687025,0.0,0.0,2025-02-09 13:57:00,抢修,高,华东
TK003201,0.1261,low,0.0545,0.0416,0.006,compliance(0.25); quality(0.25); cost(0.13),0,0,1,0.25,0,0.13049879117762253,0.25,0.0,2025-09-15 18:46:00,改造,低,西南
TK003202,0.239,low,0.2252,0.2982,0.1403,compliance(0.75); quality(0.25),0,0,1,0.75,0,0.06982899675960086,0.25,0.0,2025-01-02 08:00:00,巡检,紧急,西南
TK003203,0.2451,low,0.213,0.3543,0.0443,compliance(0.50); equipment(0.40); cost(0.30),0,0,1,0.5,0,0.30043725404459987,0.0,0.4,2025-06-24 20:05:00,抢修,低,西北
TK003204,0.2442,low,0.4738,0.6654,0.4789,quality(0.50); equipment(0.40); compliance(0.25),0,0,1,0.25,0,0.23327129160799986,0.5,0.4,2025-10-21 17:40:00,巡检,紧急,华北
TK003205,0.241,low,0.1301,0.1408,0.0244,compliance(0.50); equipment(0.40); cost(0.28),0,0,1,0.5,0,0.2801291496922943,0.0,0.4,2025-07-12 14:44:00,保养,中,华中
TK003206,0.109,low,0.1044,0.1913,0.0137,quality(0.50); cost(0.17),0,0,1,0.0,0,0.16992996460576848,0.5,0.0,2025-01-12 17:30:00,保养,中,西北
TK003207,0.0517,low,0.0464,0.0831,0.0053,cost(0.26),0,0,1,0.0,0,0.2584165677167005,0.0,0.0,2025-02-21 19:23:00,保养,中,华北
TK003208,0.2699,low,0.1176,0.089,0.0157,equipment(0.60); compliance(0.50); cost(0.27),0,0,1,0.5,0,0.27456797220666884,0.0,0.6,2025-10-24 17:22:00,保养,中,华东
TK003209,0.2301,low,0.0917,0.0531,0.0116,equipment(0.60); compliance(0.50),0,0,1,0.5,0,0.07526227763417981,0.0,0.6,2025-10-04 20:58:00,巡检,紧急,华东
TK003210,0.1045,low,0.0512,0.0459,0.0108,cost(0.37); equipment(0.20),0,0,1,0.0,0,0.3724879989778598,0.0,0.2,2025-10-01 08:39:00,保养,低,华北
TK003211,0.162,low,0.314,0.5575,0.2008,quality(0.50); compliance(0.25); cost(0.12),0,0,1,0.25,0,0.1223639449842483,0.5,0.0,2025-09-13 20:39:00,抢修,中,华中
TK003212,0.393,low,0.8163,0.9983,0.997,compliance(0.75); quality(0.50); equipment(0.40),0,0,1,0.75,0,0.35274625618523936,0.5,0.4,2025-07-04 12:58:00,抢修,高,华北
TK003213,0.1524,low,0.1664,0.2839,0.0609,quality(0.75); cost(0.20),0,0,1,0.0,0,0.19958212784069673,0.75,0.0,2025-03-05 15:03:00,改造,中,西北
TK003214,0.1427,low,0.1318,0.153,0.1013,cost(0.40); compliance(0.25),0,0,1,0.25,0,0.40102027779298777,0.0,0.0,2025-06-04 16:25:00,改造,中,西北
TK003215,0.1178,low,0.0785,0.1025,0.0207,cost(0.40); quality(0.25),0,0,1,0.0,0,0.40137816242310353,0.25,0.0,2025-01-26 18:25:00,抢修,低,华南
TK003216,0.1539,low,0.0633,0.0342,0.0147,equipment(0.80); cost(0.17),0,0,1,0.0,0,0.16961506098214785,0.0,0.8,2025-01-01 07:06:00,保养,中,西南
TK003217,0.2718,low,0.456,0.671,0.399,equipment(0.60); quality(0.50); compliance(0.25),0,0,1,0.25,0,0.22133870494348828,0.5,0.6,2025-07-21 14:22:00,改造,中,华北
TK003218,0.2029,low,0.3631,0.3644,0.4991,compliance(0.50); cost(0.24); equipment(0.20),0,0,1,0.5,0,0.23950002021170314,0.0,0.2,2025-04-12 18:12:00,抢修,高,华南
TK003219,0.338,low,0.5702,0.8878,0.4515,equipment(0.80); quality(0.75); compliance(0.25),0,0,1,0.25,0,0.21515711359928413,0.75,0.8,2025-06-26 09:16:00,巡检,低,华北
TK003220,0.298,low,0.5385,0.6319,0.6513,compliance(0.50); quality(0.50); equipment(0.40),0,0,1,0.5,0,0.1897683566981121,0.5,0.4,2025-12-17 19:17:00,保养,高,华南
TK003221,0.2171,low,0.1469,0.2196,0.014,equipment(0.40); cost(0.29); compliance(0.25),0,0,1,0.25,0,0.2854975347482005,0.25,0.4,2025-10-16 20:14:00,保养,紧急,华中
TK003222,0.3626,low,0.6222,0.7994,0.6674,compliance(1.00); equipment(0.40); quality(0.25),0,0,1,1.0,0,0.07563466158609744,0.25,0.4,2025-05-09 15:08:00,抢修,中,西南
TK003223,0.0958,low,0.0342,0.0096,0.006,cost(0.33); equipment(0.20),0,0,1,0.0,0,0.32889980668945507,0.0,0.2,2025-11-17 16:01:00,抢修,低,华北
TK003224,0.2214,low,0.1379,0.186,0.0182,equipment(0.60); cost(0.34); compliance(0.25),0,0,1,0.25,0,0.3446908076817442,0.0,0.6,2025-04-26 15:20:00,巡检,中,西南
TK003225,0.0839,low,0.0315,0.0161,0.0021,cost(0.27); equipment(0.20),0,0,1,0.0,0,0.2695716991014948,0.0,0.2,2025-10-10 13:17:00,抢修,高,华北
TK003226,0.1373,low,0.1556,0.2979,0.029,equipment(0.40); compliance(0.25),0,0,1,0.25,0,0.07388865365741437,0.0,0.4,2025-10-23 13:45:00,抢修,中,西北
TK003227,0.1294,low,0.055,0.0409,0.0052,equipment(0.40); cost(0.35),0,0,1,0.0,0,0.34697533009034043,0.0,0.4,2025-11-06 10:15:00,巡检,低,西北
TK003228,0.0282,low,0.0135,0.0141,0.0003,cost(0.14),0,0,1,0.0,0,0.14090986226855573,0.0,0.0,2025-09-15 10:35:00,改造,低,西南
TK003229,0.0709,low,0.0508,0.0607,0.0238,cost(0.20); equipment(0.20),0,0,1,0.0,0,0.20455452168989385,0.0,0.2,2025-02-15 13:08:00,保养,紧急,华中
TK003230,0.051,low,0.0361,0.0576,0.0018,cost(0.26),0,0,1,0.0,0,0.25516215106732354,0.0,0.0,2025-12-10 09:51:00,抢修,高,华南
TK003231,0.1557,low,0.1483,0.127,0.1633,equipment(0.40); cost(0.29); quality(0.25),0,0,1,0.0,0,0.2910926806501838,0.25,0.4,2025-10-06 10:06:00,改造,高,华东
TK003232,0.2788,low,0.1676,0.2037,0.0363,compliance(0.75); equipment(0.40); cost(0.16),0,0,1,0.75,0,0.156409347063581,0.0,0.4,2025-08-14 19:50:00,改造,紧急,西北
TK003233,0.1404,low,0.1873,0.3113,0.1034,equipment(0.60); quality(0.25),0,0,1,0.0,0,0.06471652163471464,0.25,0.6,2025-04-07 18:44:00,巡检,低,华南
TK003234,0.1202,low,0.079,0.1032,0.0196,compliance(0.25); quality(0.25); cost(0.10),0,0,1,0.25,0,0.10104818439488739,0.25,0.0,2025-08-26 12:38:00,巡检,高,华北
TK003235,0.3305,low,0.149,0.0698,0.0725,equipment(1.00); compliance(0.50); quality(0.25),0,0,1,0.5,0,0.09007964424989356,0.25,1.0,2025-09-28 12:59:00,巡检,低,华东
TK003236,0.0785,low,0.054,0.0814,0.0056,equipment(0.40),0,0,1,0.0,0,0.09227010877638941,0.0,0.4,2025-05-16 07:58:00,抢修,中,西北
TK003237,0.1106,low,0.0416,0.0225,0.0015,cost(0.40); equipment(0.20),0,0,1,0.0,0,0.4031280199699696,0.0,0.2,2025-01-12 10:18:00,保养,低,华北
TK003238,0.0192,low,0.0214,0.0413,0.0034,,0,0,1,0.0,0,0.09621297251340388,0.0,0.0,2025-01-23 17:43:00,巡检,高,华中
TK003239,0.1578,low,0.0875,0.0971,0.0175,cost(0.29); compliance(0.25); quality(0.25),0,0,1,0.25,0,0.28908612951166135,0.25,0.0,2025-07-17 20:20:00,巡检,中,华中
TK003240,0.0245,low,0.0182,0.0222,0.0087,cost(0.12),0,0,1,0.0,0,0.12258238695307633,0.0,0.0,2025-01-10 20:10:00,保养,高,西南
TK003241,0.0898,low,0.1401,0.1788,0.1444,equipment(0.40); cost(0.15),0,0,1,0.0,0,0.1488142006820975,0.0,0.4,2025-01-01 12:24:00,抢修,中,华南
TK003242,0.0857,low,0.0272,0.004,0.0004,cost(0.28); equipment(0.20),0,0,1,0.0,0,0.27870826956866734,0.0,0.2,2025-08-03 19:03:00,抢修,高,西南
TK003243,0.0908,low,0.0797,0.1216,0.0283,equipment(0.40); cost(0.15),0,0,1,0.0,0,0.1540516841876537,0.0,0.4,2025-05-28 11:16:00,保养,低,西北
TK003244,0.2646,low,0.4575,0.5976,0.4828,equipment(0.80); compliance(0.25); quality(0.25),0,0,1,0.25,0,0.22324531057810582,0.25,0.8,2025-07-03 16:39:00,巡检,中,西北
TK003245,0.244,low,0.4261,0.6027,0.4056,equipment(0.60); quality(0.50); cost(0.40),0,0,1,0.0,0,0.39506258669606475,0.5,0.6,2025-02-09 20:20:00,巡检,紧急,西南
TK003246,0.2126,low,0.5745,0.707,0.7521,compliance(0.50); equipment(0.40); cost(0.14),0,0,1,0.5,0,0.1380681877594554,0.0,0.4,2025-03-13 11:39:00,改造,中,华南
TK003247,0.3242,low,0.33,0.3888,0.2763,compliance(0.75); equipment(0.40); quality(0.25),0,0,1,0.75,0,0.19624458555868618,0.25,0.4,2025-01-21 16:40:00,抢修,紧急,西北
TK003248,0.1423,low,0.1948,0.3598,0.0749,equipment(0.40); compliance(0.25),0,0,1,0.25,0,0.09877535523584102,0.0,0.4,2025-05-22 14:52:00,保养,低,华中
TK003249,0.3338,low,0.7619,0.9607,0.9301,equipment(0.80); quality(0.75); compliance(0.25),0,0,1,0.25,0,0.19383434702702984,0.75,0.8,2025-07-17 16:18:00,保养,高,华北
TK003250,0.1906,low,0.3146,0.3744,0.3611,equipment(0.40); compliance(0.25); quality(0.25),0,0,1,0.25,0,0.15300714004117566,0.25,0.4,2025-10-24 14:57:00,抢修,高,西南
TK003251,0.2654,low,0.2762,0.5066,0.0551,quality(0.75); equipment(0.60); cost(0.31),0,0,1,0.0,0,0.31454255946968157,0.75,0.6,2025-11-11 13:54:00,巡检,中,华北
TK003252,0.1755,low,0.1835,0.2704,0.1035,cost(0.38); compliance(0.25); quality(0.25),0,0,1,0.25,0,0.37749819663088224,0.25,0.0,2025-06-16 07:11:00,抢修,高,华北
TK003253,0.2501,low,0.1503,0.0745,0.1405,compliance(0.50); cost(0.29); quality(0.25),0,0,1,0.5,0,0.28779736726337524,0.25,0.2,2025-01-09 13:23:00,抢修,高,华东
TK003254,0.058,low,0.0384,0.0453,0.0148,equipment(0.20); cost(0.14),0,0,1,0.0,0,0.1398945795936214,0.0,0.2,2025-02-14 13:06:00,巡检,中,西南
TK003255,0.2156,low,0.1623,0.2232,0.0558,compliance(0.75); cost(0.14),0,0,1,0.75,0,0.14044190722721706,0.0,0.0,2025-01-19 15:36:00,巡检,紧急,华中
TK003256,0.0633,low,0.0339,0.038,0.0045,quality(0.25); cost(0.13),0,0,1,0.0,0,0.12891723250231668,0.25,0.0,2025-02-13 08:39:00,抢修,中,西北
TK003257,0.1498,low,0.0734,0.0586,0.0227,equipment(0.40); cost(0.26); quality(0.25),0,0,1,0.0,0,0.2616250875585969,0.25,0.4,2025-09-16 19:03:00,巡检,中,西南
TK003258,0.0514,low,0.0428,0.0728,0.0055,equipment(0.20); cost(0.11),0,0,1,0.0,0,0.10687733741622951,0.0,0.2,2025-12-24 08:35:00,保养,中,华北
TK003259,0.0998,low,0.1196,0.1516,0.1047,quality(0.50); cost(0.12),0,0,1,0.0,0,0.12394938599767136,0.5,0.0,2025-09-01 14:08:00,抢修,中,西北
TK003260,0.1238,low,0.2488,0.3476,0.2571,equipment(0.60); cost(0.17),0,0,1,0.0,0,0.16922953001599472,0.0,0.6,2025-07-26 19:50:00,巡检,高,华东
TK003261,0.1354,low,0.0743,0.0933,0.0029,equipment(0.40); compliance(0.25),0,0,1,0.25,0,0.06430995827365016,0.0,0.4,2025-05-29 14:14:00,抢修,低,华南
TK003262,0.2023,low,0.3571,0.5807,0.2662,equipment(0.40); cost(0.40); compliance(0.25),0,0,1,0.25,0,0.3989203684384254,0.0,0.4,2025-08-27 15:58:00,巡检,高,西南
TK003263,0.1288,low,0.1979,0.3025,0.1524,cost(0.33); compliance(0.25),0,0,1,0.25,0,0.33155117344813223,0.0,0.0,2025-09-29 15:10:00,保养,高,华中
TK003264,0.216,low,0.4219,0.7301,0.2901,quality(0.50); equipment(0.40); compliance(0.25),0,0,1,0.25,0,0.0924300290714245,0.5,0.4,2025-08-07 19:56:00,保养,中,西北
TK003265,0.0767,low,0.0421,0.0285,0.026,quality(0.25); cost(0.20),0,0,1,0.0,0,0.19624191452099338,0.25,0.0,2025-08-29 18:08:00,巡检,高,华北
TK003266,0.2302,low,0.1051,0.0766,0.0265,compliance(0.75); equipment(0.20),0,0,1,0.75,0,0.06368220467777008,0.0,0.2,2025-11-15 13:38:00,抢修,高,华东
TK003267,0.1554,low,0.2114,0.2367,0.2342,compliance(0.25); quality(0.25); equipment(0.20),0,0,1,0.25,0,0.12695379461902057,0.25,0.2,2025-08-01 15:48:00,巡检,低,华东
TK003268,0.1825,low,0.2549,0.3825,0.1894,cost(0.26); compliance(0.25); quality(0.25),0,0,1,0.25,0,0.2623370616368408,0.25,0.2,2025-08-29 17:18:00,保养,高,西北
TK003269,0.4112,medium,0.5873,0.6013,0.7243,compliance(1.00); equipment(0.60); quality(0.25),0,1,0,1.0,0,0.1685900255079602,0.25,0.6,2025-06-05 10:42:00,保养,中,西北
TK003270,0.1386,low,0.0747,0.0884,0.0062,cost(0.36); quality(0.25); equipment(0.20),0,0,1,0.0,0,0.35534756349176577,0.25,0.2,2025-11-18 15:33:00,抢修,中,华南
TK003271,0.1614,low,0.052,0.009,0.0013,compliance(0.50); cost(0.18),0,0,1,0.5,0,0.1822215927866685,0.0,0.0,2025-05-21 14:10:00,保养,高,华北
TK003272,0.2857,low,0.3828,0.8429,0.006,compliance(0.50); quality(0.50); equipment(0.40),0,0,1,0.5,0,0.1287356687898089,0.5,0.4,2025-11-08 10:06:00,巡检,高,华南
TK003273,0.0569,low,0.0231,0.0154,0.0017,cost(0.28),0,0,1,0.0,0,0.28471783708331955,0.0,0.0,2025-04-21 11:59:00,巡检,中,西南
TK003274,0.1346,low,0.0831,0.0722,0.0499,equipment(0.40); compliance(0.25),0,0,1,0.25,0,0.06042250332126675,0.0,0.4,2025-01-21 15:06:00,巡检,紧急,西北
TK003275,0.1668,low,0.1536,0.2374,0.0586,equipment(0.80); cost(0.23),0,0,1,0.0,0,0.2340458101679741,0.0,0.8,2025-12-07 08:43:00,保养,高,西北
TK003276,0.2325,low,0.2264,0.4343,0.0134,compliance(0.50); cost(0.35); quality(0.25),0,0,1,0.5,0,0.3499322187076367,0.25,0.0,2025-01-25 07:16:00,巡检,中,华北
TK003277,0.1564,low,0.3278,0.4497,0.3528,quality(0.50); cost(0.41),0,0,1,0.0,0,0.4067709756764143,0.5,0.0,2025-05-04 07:36:00,巡检,高,华东
TK003278,0.0205,low,0.0134,0.0153,0.0054,cost(0.10),0,0,1,0.0,0,0.10249311203408762,0.0,0.0,2025-12-28 18:39:00,抢修,中,西北
TK003279,0.0764,low,0.1482,0.2081,0.1499,compliance(0.25),0,0,1,0.25,0,0.06963096893687992,0.0,0.0,2025-02-11 18:37:00,抢修,紧急,华南
TK003280,0.0507,low,0.0186,0.0086,0.0011,quality(0.25),0,0,1,0.0,0,0.06587244365244527,0.25,0.0,2025-01-31 11:31:00,抢修,中,西北
TK003281,0.1694,low,0.4425,0.5707,0.5484,equipment(0.40); compliance(0.25); cost(0.23),0,0,1,0.25,0,0.2346524880458909,0.0,0.4,2025-10-01 17:29:00,保养,中,华南
TK003282,0.2421,low,0.3436,0.486,0.2883,equipment(0.80); quality(0.50); cost(0.24),0,0,1,0.0,0,0.23551617185306195,0.5,0.8,2025-02-16 09:45:00,抢修,中,华东
TK003283,0.1488,low,0.1015,0.1065,0.0559,cost(0.41); quality(0.25); equipment(0.20),0,0,1,0.0,0,0.40668105791807474,0.25,0.2,2025-08-18 11:05:00,抢修,低,华南
TK003284,0.096,low,0.1813,0.3523,0.0833,equipment(0.40); cost(0.18),0,0,1,0.0,0,0.18017067944836362,0.0,0.4,2025-07-15 12:21:00,保养,中,华北
TK003285,0.1524,low,0.126,0.1968,0.0327,equipment(0.40); compliance(0.25); cost(0.15),0,0,1,0.25,0,0.14959004806333054,0.0,0.4,2025-06-20 14:14:00,保养,低,西北
TK003286,0.2932,low,0.7198,0.8975,0.9077,quality(1.00); equipment(0.60); cost(0.27),0,0,1,0.0,0,0.2661008015812013,1.0,0.6,2025-01-11 09:31:00,巡检,中,华南
TK003287,0.0884,low,0.1472,0.1886,0.1561,quality(0.25); equipment(0.20); cost(0.10),0,0,1,0.0,0,0.10450053193793896,0.25,0.2,2025-10-18 13:05:00,巡检,高,华北
TK003288,0.3338,low,0.4156,0.5407,0.3606,quality(0.75); compliance(0.50); equipment(0.40),0,0,1,0.5,0,0.18152654584494265,0.75,0.4,2025-04-29 13:23:00,改造,高,西南
TK003289,0.0924,low,0.2064,0.281,0.2295,compliance(0.25); cost(0.15),0,0,1,0.25,0,0.14953317196067784,0.0,0.0,2025-05-19 13:47:00,保养,中,华南
TK003290,0.201,low,0.0716,0.0293,0.003,compliance(0.50); equipment(0.40),0,0,1,0.5,0,0.08001069677850026,0.0,0.4,2025-08-30 16:07:00,巡检,中,华南
TK003291,0.2139,low,0.2241,0.3857,0.0712,quality(0.50); cost(0.38); compliance(0.25),0,0,1,0.25,0,0.3819461269607479,0.5,0.0,2025-12-13 08:10:00,巡检,紧急,华中
TK003292,0.0718,low,0.0335,0.0256,0.0087,cost(0.36),0,0,1,0.0,0,0.35918862333480583,0.0,0.0,2025-01-06 14:17:00,巡检,中,华北
TK003293,0.3033,low,0.6671,0.9542,0.6917,compliance(0.50); quality(0.50); cost(0.37),0,0,1,0.5,0,0.3662635794254132,0.5,0.2,2025-03-13 14:15:00,抢修,高,华中
TK003294,0.2306,low,0.0779,0.0242,0.0008,compliance(0.75); cost(0.22),0,0,1,0.75,0,0.21555913696388196,0.0,0.0,2025-01-30 07:20:00,保养,中,华南
TK003295,0.207,low,0.1545,0.2553,0.0086,compliance(0.50); cost(0.26); equipment(0.20),0,0,1,0.5,0,0.26004108702757134,0.0,0.2,2025-03-06 12:07:00,抢修,高,西南
TK003296,0.1019,low,0.0565,0.0683,0.0058,equipment(0.40); cost(0.21),0,0,1,0.0,0,0.20945077626681685,0.0,0.4,2025-05-30 07:23:00,抢修,高,西南
TK003297,0.126,low,0.1205,0.1512,0.0852,equipment(0.40); cost(0.33),0,0,1,0.0,0,0.3301852447917244,0.0,0.4,2025-11-08 16:07:00,抢修,紧急,华北
TK003298,0.2067,low,0.2836,0.4403,0.1928,quality(0.75); equipment(0.40); cost(0.17),0,0,1,0.0,0,0.1709038842926448,0.75,0.4,2025-07-25 20:22:00,保养,中,华北
TK003299,0.1112,low,0.1791,0.2964,0.12,quality(0.50); cost(0.18),0,0,1,0.0,0,0.18100526092307245,0.5,0.0,2025-09-19 16:21:00,巡检,中,华北
TK003300,0.3276,low,0.2186,0.2472,0.0966,compliance(0.50); quality(0.50); equipment(0.40),0,0,1,0.5,0,0.3382300796355703,0.5,0.4,2025-06-22 11:26:00,保养,高,华南
TK003301,0.1701,low,0.0974,0.1177,0.0148,cost(0.39); compliance(0.25); equipment(0.20),0,0,1,0.25,0,0.38782436209914595,0.0,0.2,2025-11-09 08:36:00,抢修,低,华中
TK003302,0.2098,low,0.6724,0.9256,0.8157,compliance(0.50); equipment(0.40); cost(0.12),0,0,1,0.5,0,0.12416249024908899,0.0,0.4,2025-06-23 07:02:00,抢修,高,华北
TK003303,0.1419,low,0.0587,0.0422,0.004,cost(0.37); quality(0.25); equipment(0.20),0,0,1,0.0,0,0.3721260472741825,0.25,0.2,2025-07-04 12:25:00,巡检,中,西南
TK003304,0.1211,low,0.0945,0.1321,0.0342,compliance(0.25); quality(0.25); cost(0.11),0,0,1,0.25,0,0.10540764370284039,0.25,0.0,2025-08-01 16:46:00,抢修,低,华中
TK003305,0.1531,low,0.1081,0.0842,0.0934,equipment(0.80); cost(0.17),0,0,1,0.0,0,0.1657487951503368,0.0,0.8,2025-11-28 14:26:00,抢修,高,华中
TK003306,0.2328,low,0.5194,0.7958,0.4886,quality(0.50); equipment(0.40); compliance(0.25),0,0,1,0.25,0,0.17627743402830798,0.5,0.4,2025-07-07 12:22:00,保养,低,华北
TK003307,0.1208,low,0.0779,0.1101,0.0089,equipment(0.40); cost(0.30),0,0,1,0.0,0,0.3037804434750999,0.0,0.4,2025-01-29 19:38:00,保养,低,西北
TK003308,0.2501,low,0.5094,0.6711,0.57,quality(0.75); compliance(0.25); cost(0.23),0,0,1,0.25,0,0.2255247526007823,0.75,0.2,2025-01-18 14:14:00,保养,中,西北
TK003309,0.0545,low,0.0194,0.0084,0.0004,cost(0.27),0,0,1,0.0,0,0.27245695445109297,0.0,0.0,2025-07-29 13:29:00,保养,中,华中
TK003310,0.1252,low,0.0722,0.0744,0.0246,compliance(0.25); quality(0.25); cost(0.13),0,0,1,0.25,0,0.1261668072363371,0.25,0.0,2025-10-30 14:01:00,抢修,低,华中
TK003311,0.1491,low,0.2072,0.3375,0.1266,equipment(0.40); compliance(0.25); cost(0.13),0,0,1,0.25,0,0.13281593744556208,0.0,0.4,2025-07-15 18:53:00,巡检,低,华东
TK003312,0.1613,low,0.0535,0.0136,0.0009,cost(0.34); compliance(0.25); equipment(0.20),0,0,1,0.25,0,0.3441753872490819,0.0,0.2,2025-02-02 08:01:00,抢修,中,华南
TK003313,0.1541,low,0.1656,0.2229,0.1183,equipment(0.60); quality(0.25); cost(0.13),0,0,1,0.0,0,0.13324073167337558,0.25,0.6,2025-03-01 15:59:00,巡检,高,华东
TK003314,0.0952,low,0.0578,0.0728,0.0108,equipment(0.40); cost(0.18),0,0,1,0.0,0,0.17606567254104533,0.0,0.4,2025-06-16 07:24:00,抢修,高,西北
TK003315,0.1517,low,0.1484,0.1508,0.1432,quality(0.75); cost(0.20),0,0,1,0.0,0,0.1960309777347532,0.75,0.0,2025-09-13 10:07:00,改造,中,华北
TK003316,0.1027,low,0.0867,0.144,0.0156,equipment(0.40); cost(0.21),0,0,1,0.0,0,0.2133971999474169,0.0,0.4,2025-08-02 20:40:00,抢修,高,华中
TK003317,0.1112,low,0.0571,0.051,0.0168,compliance(0.25); equipment(0.20),0,0,1,0.25,0,0.09345873839729346,0.0,0.2,2025-09-04 16:25:00,巡检,低,华东
TK003318,0.1512,low,0.2425,0.2957,0.2675,equipment(0.40); cost(0.27); quality(0.25),0,0,1,0.0,0,0.2687406340392412,0.25,0.4,2025-09-12 12:01:00,保养,中,华北
TK003319,0.1677,low,0.1883,0.2749,0.1193,equipment(0.80); cost(0.24),0,0,1,0.0,0,0.23841165331689584,0.0,0.8,2025-05-12 09:52:00,巡检,中,西南
TK003320,0.1573,low,0.2458,0.3227,0.2447,quality(0.50); equipment(0.40); cost(0.11),0,0,1,0.0,0,0.11158888986537097,0.5,0.4,2025-01-23 08:48:00,抢修,中,华中
TK003321,0.0832,low,0.0501,0.062,0.0099,equipment(0.40); cost(0.12),0,0,1,0.0,0,0.11586454592098516,0.0,0.4,2025-07-22 15:32:00,保养,中,华南
TK003322,0.0756,low,0.0364,0.036,0.0033,cost(0.23); equipment(0.20),0,0,1,0.0,0,0.2280836111361384,0.0,0.2,2025-06-05 08:20:00,巡检,紧急,华中
TK003323,0.1241,low,0.1528,0.2476,0.0826,equipment(0.40); cost(0.32),0,0,1,0.0,0,0.3204388369916764,0.0,0.4,2025-05-10 11:42:00,巡检,中,华南
TK003324,0.2472,low,0.5169,0.6994,0.5656,compliance(0.50); equipment(0.40); cost(0.31),0,0,1,0.5,0,0.3108540835245416,0.0,0.4,2025-06-21 09:02:00,保养,高,华东
TK003325,0.1067,low,0.0472,0.0366,0.0068,cost(0.35); quality(0.25),0,0,1,0.0,0,0.34582636881620143,0.25,0.0,2025-10-11 10:44:00,巡检,高,华北
TK003326,0.0581,low,0.0281,0.0292,0.0014,cost(0.29),0,0,1,0.0,0,0.2903708420069874,0.0,0.0,2025-08-05 19:13:00,保养,中,华中
TK003327,0.1634,low,0.4105,0.5763,0.4566,quality(0.50); compliance(0.25); cost(0.13),0,0,1,0.25,0,0.1296517034960638,0.5,0.0,2025-01-21 18:35:00,保养,中,华中
TK003328,0.1468,low,0.4862,0.6613,0.602,equipment(0.40); compliance(0.25); cost(0.12),0,0,1,0.25,0,0.12167432604666173,0.0,0.4,2025-02-07 19:39:00,保养,紧急,华南
TK003329,0.2344,low,0.3243,0.4081,0.3176,equipment(0.60); compliance(0.25); quality(0.25),0,0,1,0.25,0,0.22180651887830038,0.25,0.6,2025-09-19 09:01:00,抢修,中,西南
TK003330,0.1117,low,0.065,0.0642,0.0257,cost(0.41); equipment(0.20),0,0,1,0.0,0,0.4082721331228504,0.0,0.2,2025-02-08 15:39:00,抢修,低,华南
TK003331,0.058,low,0.0197,0.0051,0.0015,equipment(0.20); cost(0.14),0,0,1,0.0,0,0.13999486216142443,0.0,0.2,2025-04-27 08:45:00,保养,低,华东
TK003332,0.0413,low,0.0391,0.0613,0.015,equipment(0.20),0,0,1,0.0,0,0.05641911058607396,0.0,0.2,2025-03-21 07:24:00,抢修,紧急,华中
TK003333,0.0343,low,0.0186,0.0198,0.004,cost(0.17),0,0,1,0.0,0,0.17135866610282124,0.0,0.0,2025-05-30 19:36:00,巡检,中,西南
TK003334,0.1728,low,0.3141,0.4126,0.3366,quality(0.50); compliance(0.25); cost(0.18),0,0,1,0.25,0,0.1762741973256564,0.5,0.0,2025-05-24 12:24:00,抢修,低,西北
TK003335,0.1356,low,0.1011,0.1512,0.0214,compliance(0.25); quality(0.25); cost(0.18),0,0,1,0.25,0,0.17790547150607228,0.25,0.0,2025-02-03 09:31:00,巡检,中,华北
TK003336,0.368,low,0.7425,0.9383,0.8677,compliance(1.00); quality(0.50); cost(0.22),0,0,1,1.0,0,0.21518468540201663,0.5,0.0,2025-09-08 13:35:00,保养,中,西南
TK003337,0.1809,low,0.0929,0.104,0.0063,equipment(0.40); compliance(0.25); quality(0.25),0,0,1,0.25,0,0.10427569020919403,0.25,0.4,2025-02-02 11:06:00,巡检,高,华中
TK003338,0.1397,low,0.0964,0.138,0.0176,equipment(0.40); compliance(0.25),0,0,1,0.25,0,0.08614282957433628,0.0,0.4,2025-12-10 07:32:00,保养,低,西北
TK003339,0.1253,low,0.0472,0.0269,0.0007,equipment(0.40); cost(0.33),0,0,1,0.0,0,0.32632056006774246,0.0,0.4,2025-05-15 18:21:00,抢修,中,华南
TK003340,0.1551,low,0.0708,0.0557,0.0135,equipment(0.80); cost(0.18),0,0,1,0.0,0,0.17562447615843824,0.0,0.8,2025-09-29 14:28:00,抢修,低,华东
TK003341,0.1638,low,0.3745,0.6171,0.3124,equipment(0.60); compliance(0.25),0,0,1,0.25,0,0.05665697809706338,0.0,0.6,2025-09-09 16:36:00,巡检,高,华东
TK003342,0.1066,low,0.0522,0.049,0.0087,quality(0.50); cost(0.16),0,0,1,0.0,0,0.1577539676145976,0.5,0.0,2025-09-11 19:53:00,保养,中,华南
TK003343,0.1956,low,0.0981,0.1081,0.0044,equipment(0.80); cost(0.38),0,0,1,0.0,0,0.3780121896982642,0.0,0.8,2025-02-08 10:59:00,抢修,高,西南
TK003344,0.2039,low,0.2059,0.2507,0.1627,equipment(0.60); cost(0.26); compliance(0.25),0,0,1,0.25,0,0.25714761781337114,0.0,0.6,2025-02-22 12:46:00,保养,高,西北
TK003345,0.51,medium,0.8463,0.999,0.9819,compliance(1.00); cost(1.00); equipment(0.40),0,1,0,1.0,0,1.0,0.0,0.4,2025-04-20 07:59:00,巡检,高,华南
TK003346,0.1195,low,0.1202,0.1289,0.1122,equipment(0.40); quality(0.25); cost(0.11),0,0,1,0.0,0,0.11015120030308956,0.25,0.4,2025-04-03 16:01:00,抢修,低,华南
TK003347,0.2577,low,0.3946,0.4226,0.4839,equipment(0.80); cost(0.38); compliance(0.25),0,0,1,0.25,0,0.37594147813814394,0.0,0.8,2025-09-14 16:39:00,巡检,中,华中
TK003348,0.3122,low,0.7114,0.9296,0.8355,equipment(1.00); quality(0.75); cost(0.25),0,0,1,0.0,0,0.24841963856804594,0.75,1.0,2025-05-28 09:59:00,巡检,高,华南
TK003349,0.0452,low,0.0164,0.0078,0.0003,equipment(0.20),0,0,1,0.0,0,0.07609129599638431,0.0,0.2,2025-02-07 15:49:00,保养,低,西北
TK003350,0.0942,low,0.2493,0.2418,0.3897,quality(0.50),0,0,1,0.0,0,0.09598000464808754,0.5,0.0,2025-05-22 16:12:00,保养,紧急,西北
TK003351,0.0837,low,0.091,0.1669,0.0215,equipment(0.40); cost(0.12),0,0,1,0.0,0,0.11869212086151237,0.0,0.4,2025-05-03 09:54:00,巡检,中,华中
TK003352,0.1567,low,0.2784,0.5212,0.1399,compliance(0.25); quality(0.25); equipment(0.20),0,0,1,0.25,0,0.1334217582292202,0.25,0.2,2025-11-26 20:30:00,巡检,低,西北
TK003353,0.0729,low,0.0379,0.0419,0.0039,cost(0.36),0,0,1,0.0,0,0.3644442005762317,0.0,0.0,2025-03-14 10:54:00,保养,高,西南
TK003354,0.1673,low,0.1723,0.2524,0.0966,equipment(0.40); compliance(0.25); cost(0.22),0,0,1,0.25,0,0.22412584573169947,0.0,0.4,2025-12-09 07:17:00,抢修,中,华东
TK003355,0.1574,low,0.511,0.6761,0.649,quality(0.50); cost(0.26); equipment(0.20),0,0,1,0.0,0,0.26186425744922004,0.5,0.2,2025-05-17 09:40:00,抢修,高,西北
TK003356,0.132,low,0.1845,0.3459,0.0682,quality(0.50); equipment(0.20); cost(0.14),0,0,1,0.0,0,0.13506610576923073,0.5,0.2,2025-05-13 07:43:00,巡检,低,华东
TK003357,0.1058,low,0.0334,0.0041,0.0007,cost(0.38); equipment(0.20),0,0,1,0.0,0,0.37886115444617796,0.0,0.2,2025-04-09 18:48:00,抢修,低,华北
TK003358,0.3504,low,0.6135,0.7017,0.7509,equipment(0.80); quality(0.75); cost(0.28),0,0,1,0.25,0,0.27719086231093093,0.75,0.8,2025-08-18 14:15:00,抢修,中,华北
TK003359,0.13,low,0.1308,0.202,0.0603,equipment(0.40); cost(0.35),0,0,1,0.0,0,0.34991389011508256,0.0,0.4,2025-11-05 16:31:00,保养,紧急,华北
TK003360,0.0373,low,0.0126,0.0039,0.0,cost(0.19),0,0,1,0.0,0,0.18626410790307812,0.0,0.0,2025-11-03 09:30:00,巡检,中,西北
TK003361,0.1239,low,0.2347,0.2422,0.3222,cost(0.31); compliance(0.25),0,0,1,0.25,0,0.3067526229300974,0.0,0.0,2025-02-19 14:00:00,抢修,低,华东
TK003362,0.2594,low,0.2269,0.3226,0.1034,compliance(0.50); equipment(0.40); cost(0.37),0,0,1,0.5,0,0.3719658408317853,0.0,0.4,2025-05-20 07:28:00,改造,中,华东
TK003363,0.2176,low,0.3994,0.6912,0.2633,equipment(0.60); compliance(0.25); quality(0.25),0,0,1,0.25,0,0.13798562349929178,0.25,0.6,2025-10-12 10:45:00,改造,中,华北
TK003364,0.0582,low,0.0499,0.0684,0.0242,quality(0.25); cost(0.10),0,0,1,0.0,0,0.10335772179917957,0.25,0.0,2025-07-08 09:22:00,抢修,高,华中
TK003365,0.3025,low,0.4067,0.3677,0.5349,compliance(0.50); quality(0.50); equipment(0.40),0,0,1,0.5,0,0.21230507607685845,0.5,0.4,2025-07-18 08:07:00,巡检,低,华南
TK003366,0.1921,low,0.3889,0.4811,0.4653,quality(1.00); cost(0.21),0,0,1,0.0,0,0.21045165486428363,1.0,0.0,2025-02-20 16:27:00,改造,紧急,华中
TK003367,0.0828,low,0.2041,0.2417,0.2706,quality(0.25); equipment(0.20),0,0,1,0.0,0,0.07669139721058238,0.25,0.2,2025-08-15 08:43:00,保养,紧急,华中
TK003368,0.2495,low,0.1031,0.0537,0.0271,compliance(0.50); equipment(0.40); quality(0.25),0,0,1,0.5,0,0.1348191591788619,0.25,0.4,2025-02-06 12:33:00,抢修,低,华南
TK003369,0.196,low,0.215,0.4199,0.0264,equipment(0.60); compliance(0.25); cost(0.22),0,0,1,0.25,0,0.21755596867336446,0.0,0.6,2025-09-05 15:20:00,巡检,中,华北
TK003370,0.0985,low,0.0516,0.0565,0.0065,equipment(0.40); cost(0.19),0,0,1,0.0,0,0.19260512451667267,0.0,0.4,2025-07-15 18:09:00,保养,高,华东
TK003371,0.1113,low,0.0737,0.0744,0.0408,equipment(0.60); cost(0.11),0,0,1,0.0,0,0.10643150038159555,0.0,0.6,2025-02-13 18:45:00,巡检,高,华南
TK003372,0.1446,low,0.0621,0.0403,0.0131,equipment(0.60); cost(0.27),0,0,1,0.0,0,0.27323248917933296,0.0,0.6,2025-06-12 16:32:00,巡检,高,华南
TK003373,0.235,low,0.3647,0.4586,0.3819,compliance(0.75); equipment(0.20),0,0,1,0.75,0,0.08739847531950151,0.0,0.2,2025-10-07 13:14:00,巡检,中,西北
TK003374,0.1011,low,0.1426,0.1801,0.1408,equipment(0.40); cost(0.21),0,0,1,0.0,0,0.20556339210996877,0.0,0.4,2025-11-30 12:39:00,巡检,高,华南
TK003375,0.2253,low,0.0945,0.0629,0.0141,compliance(0.50); cost(0.31); quality(0.25),0,0,1,0.5,0,0.31381415426051795,0.25,0.0,2025-02-08 18:02:00,保养,中,华东
TK003376,0.2393,low,0.124,0.1313,0.018,compliance(0.50); quality(0.50); cost(0.20),0,0,1,0.5,0,0.19648756283867597,0.5,0.0,2025-12-16 11:18:00,巡检,低,华南
TK003377,0.3176,low,0.4615,0.651,0.3954,quality(0.75); compliance(0.50); equipment(0.40),0,0,1,0.5,0,0.1005552531160252,0.75,0.4,2025-11-22 18:26:00,抢修,中,华南
TK003378,0.2457,low,0.2256,0.302,0.1319,compliance(0.50); cost(0.27); quality(0.25),0,0,1,0.5,0,0.26575911421036524,0.25,0.2,2025-03-14 07:33:00,保养,中,西南
TK003379,0.3251,low,0.1978,0.206,0.0806,compliance(0.50); quality(0.50); equipment(0.40),0,0,1,0.5,0,0.32531701865835483,0.5,0.4,2025-07-12 18:14:00,抢修,低,华北
TK003380,0.0993,low,0.1079,0.1908,0.0325,compliance(0.25); cost(0.18),0,0,1,0.25,0,0.18417141225089328,0.0,0.0,2025-10-18 09:16:00,改造,高,华北
TK003381,0.1834,low,0.163,0.2542,0.0543,cost(0.27); compliance(0.25); quality(0.25),0,0,1,0.25,0,0.2670898582961778,0.25,0.2,2025-08-22 07:25:00,巡检,低,华北
TK003382,0.0813,low,0.0308,0.0159,0.0023,cost(0.41),0,0,1,0.0,0,0.40669440242057486,0.0,0.0,2025-07-06 10:02:00,巡检,中,西南
TK003383,0.2321,low,0.6183,0.7773,0.7903,compliance(0.50); equipment(0.40); cost(0.24),0,0,1,0.5,0,0.23568199672878543,0.0,0.4,2025-05-07 13:57:00,保养,中,华中
TK003384,0.3173,low,0.6179,0.8772,0.6162,compliance(0.50); quality(0.50); equipment(0.40),0,0,1,0.5,0,0.28641049271576535,0.5,0.4,2025-09-24 09:14:00,巡检,高,西北
TK003385,0.1709,low,0.1447,0.2139,0.0531,quality(0.75); cost(0.29),0,0,1,0.0,0,0.2921224678524814,0.75,0.0,2025-06-10 19:43:00,巡检,中,西南
TK003386,0.0752,low,0.0248,0.0063,0.0002,cost(0.38),0,0,1,0.0,0,0.37587077753796827,0.0,0.0,2025-09-04 07:49:00,改造,低,西北
TK003387,0.1155,low,0.0883,0.1256,0.0277,quality(0.50); cost(0.20),0,0,1,0.0,0,0.20270534355565117,0.5,0.0,2025-08-20 11:12:00,保养,中,西北
TK003388,0.1106,low,0.2311,0.2643,0.3011,compliance(0.25); equipment(0.20),0,0,1,0.25,0,0.09071129835783254,0.0,0.2,2025-04-15 19:53:00,抢修,紧急,华东
TK003389,0.1594,low,0.3533,0.5271,0.3457,quality(0.50); equipment(0.40); cost(0.12),0,0,1,0.0,0,0.12205237920971379,0.5,0.4,2025-12-30 12:00:00,巡检,低,西北
TK003390,0.0432,low,0.0305,0.0419,0.0081,equipment(0.20),0,0,1,0.0,0,0.06599454615608047,0.0,0.2,2025-09-15 10:15:00,抢修,低,华中
TK003391,0.147,low,0.4405,0.6966,0.4361,compliance(0.50); cost(0.11),0,0,1,0.5,0,0.11003275190607076,0.0,0.0,2025-02-12 11:14:00,改造,中,华南
TK003392,0.1057,low,0.0554,0.0552,0.0125,quality(0.50); cost(0.15),0,0,1,0.0,0,0.15368035500457844,0.5,0.0,2025-11-07 18:04:00,抢修,低,华北
TK003393,0.2059,low,0.5656,0.7837,0.6559,compliance(0.50); equipment(0.40); cost(0.10),0,0,1,0.5,0,0.10474038707477196,0.0,0.4,2025-01-19 07:57:00,保养,中,西北
TK003394,0.2352,low,0.0854,0.0348,0.0076,compliance(0.50); cost(0.36); quality(0.25),0,0,1,0.5,0,0.36363791778613164,0.25,0.0,2025-06-05 09:20:00,保养,中,华南
TK003395,0.1908,low,0.4682,0.6113,0.5629,equipment(0.80); cost(0.35),0,0,1,0.0,0,0.3538764917294219,0.0,0.8,2025-12-28 08:12:00,抢修,紧急,西南
TK003396,0.0863,low,0.036,0.0255,0.0035,quality(0.25); cost(0.24),0,0,1,0.0,0,0.24423687344441236,0.25,0.0,2025-06-15 14:26:00,保养,高,西北
TK003397,0.0435,low,0.0214,0.0208,0.003,equipment(0.20),0,0,1,0.0,0,0.06744750361771634,0.0,0.2,2025-04-26 09:26:00,抢修,高,华东
TK003398,0.0759,low,0.0394,0.0377,0.0097,equipment(0.40),0,0,1,0.0,0,0.07956691353035805,0.0,0.4,2025-07-08 07:38:00,巡检,中,西南
TK003399,0.0687,low,0.0429,0.0601,0.0036,quality(0.25); cost(0.16),0,0,1,0.0,0,0.15619851051209388,0.25,0.0,2025-07-06 10:16:00,保养,中,华南
TK003400,0.0757,low,0.0648,0.0483,0.0719,quality(0.25); cost(0.19),0,0,1,0.0,0,0.19124486697650056,0.25,0.0,2025-07-26 10:50:00,巡检,高,华中
TK003401,0.0219,low,0.0121,0.0132,0.0026,cost(0.11),0,0,1,0.0,0,0.1095617185133908,0.0,0.0,2025-12-06 10:45:00,巡检,低,西南
TK003402,0.0771,low,0.0491,0.0572,0.0171,compliance(0.25),0,0,1,0.25,0,0.07301116438434918,0.0,0.0,2025-11-03 19:05:00,巡检,中,华中
TK003403,0.0775,low,0.0543,0.0817,0.0069,equipment(0.40),0,0,1,0.0,0,0.08759994119047287,0.0,0.4,2025-09-08 18:27:00,巡检,高,华中
TK003404,0.2054,low,0.0812,0.0495,0.0064,compliance(0.50); equipment(0.40); cost(0.10),0,0,1,0.5,0,0.10209648184140996,0.0,0.4,2025-07-04 20:21:00,保养,中,华南
TK003405,0.0993,low,0.0433,0.0343,0.0044,cost(0.31); quality(0.25),0,0,1,0.0,0,0.309112200123945,0.25,0.0,2025-08-07 13:57:00,巡检,低,西南
TK003406,0.2405,low,0.1675,0.1425,0.1298,quality(0.50); equipment(0.40); compliance(0.25),0,0,1,0.25,0,0.21511998284747358,0.5,0.4,2025-05-17 17:27:00,改造,高,西北
TK003407,0.2629,low,0.3253,0.5867,0.1175,compliance(0.50); cost(0.35); quality(0.25),0,0,1,0.5,0,0.35223943642780264,0.25,0.2,2025-01-13 14:10:00,抢修,高,西南
TK003408,0.1117,low,0.0658,0.0789,0.0134,compliance(0.25); quality(0.25),0,0,1,0.25,0,0.05874269883525818,0.25,0.0,2025-08-09 08:57:00,保养,中,华中
TK003409,0.0385,low,0.0266,0.0375,0.0054,cost(0.19),0,0,1,0.0,0,0.19225524011119222,0.0,0.0,2025-05-27 07:29:00,保养,中,华中
TK003410,0.144,low,0.0444,0.0028,0.0005,compliance(0.50),0,0,1,0.5,0,0.09483638955744478,0.0,0.0,2025-07-12 18:29:00,抢修,中,华南
TK003411,0.0605,low,0.0338,0.0426,0.002,equipment(0.20); cost(0.15),0,0,1,0.0,0,0.15253133412452602,0.0,0.2,2025-04-20 18:40:00,抢修,高,华中
TK003412,0.2944,low,0.4535,0.6729,0.3706,equipment(0.60); compliance(0.50); cost(0.40),0,0,1,0.5,0,0.39722105945420416,0.0,0.6,2025-03-09 12:23:00,巡检,高,华北
TK003413,0.2117,low,0.209,0.3485,0.0672,equipment(0.60); quality(0.50); cost(0.23),0,0,1,0.0,0,0.23325360860758304,0.5,0.6,2025-04-01 17:08:00,保养,高,西南
TK003414,0.0262,low,0.0122,0.0109,0.0014,cost(0.13),0,0,1,0.0,0,0.13083924538120095,0.0,0.0,2025-07-09 14:28:00,抢修,低,西北
TK003415,0.176,low,0.0665,0.0202,0.0189,equipment(0.40); cost(0.39); quality(0.25),0,0,1,0.0,0,0.3927312239749551,0.25,0.4,2025-05-09 10:14:00,巡检,低,华南
TK003416,0.2872,low,0.1044,0.0465,0.0056,compliance(0.75); cost(0.35); equipment(0.20),0,0,1,0.75,0,0.34851029894188557,0.0,0.2,2025-10-01 09:40:00,巡检,高,华东
TK003417,0.1145,low,0.3154,0.4091,0.3938,cost(0.26); compliance(0.25),0,0,1,0.25,0,0.25994305288954467,0.0,0.0,2025-01-06 12:51:00,巡检,紧急,华中
TK003418,0.1062,low,0.2105,0.4262,0.0843,compliance(0.25); equipment(0.20),0,0,1,0.25,0,0.06838997433272087,0.0,0.2,2025-04-19 15:38:00,巡检,高,西南
TK003419,0.2497,low,0.4636,0.6098,0.5008,equipment(0.60); cost(0.30); compliance(0.25),0,0,1,0.25,0,0.29853741033486925,0.25,0.6,2025-04-30 14:57:00,巡检,中,西南
TK003420,0.0504,low,0.0267,0.0311,0.0019,equipment(0.20); cost(0.10),0,0,1,0.0,0,0.10207617276599001,0.0,0.2,2025-12-23 15:22:00,巡检,低,华东
TK003421,0.2518,low,0.2054,0.2341,0.1368,compliance(0.75); equipment(0.20); cost(0.17),0,0,1,0.75,0,0.17140444249626818,0.0,0.2,2025-12-14 08:22:00,巡检,紧急,西北
TK003422,0.0931,low,0.0797,0.1052,0.0426,compliance(0.25); cost(0.15),0,0,1,0.25,0,0.15290375716592441,0.0,0.0,2025-08-18 17:13:00,巡检,中,西北
TK003423,0.1378,low,0.1145,0.1677,0.0413,equipment(0.80),0,0,1,0.0,0,0.08881738870790545,0.0,0.8,2025-08-07 16:38:00,巡检,高,华北
TK003424,0.2199,low,0.4492,0.7146,0.3803,equipment(0.60); cost(0.34); compliance(0.25),0,0,1,0.25,0,0.3370390518748785,0.0,0.6,2025-12-01 10:33:00,巡检,紧急,华中
TK003425,0.0819,low,0.0737,0.0759,0.0646,quality(0.25); equipment(0.20),0,0,1,0.0,0,0.07178239587302515,0.25,0.2,2025-03-01 11:44:00,巡检,中,华东
TK003426,0.0913,low,0.0523,0.067,0.0043,equipment(0.40); cost(0.16),0,0,1,0.0,0,0.1566427842622804,0.0,0.4,2025-02-09 16:40:00,巡检,中,华东
TK003427,0.1687,low,0.1804,0.2734,0.0973,equipment(0.60); compliance(0.25),0,0,1,0.25,0,0.08121832358674463,0.0,0.6,2025-04-11 20:13:00,抢修,高,华南
TK003428,0.0738,low,0.0238,0.0037,0.0009,equipment(0.40),0,0,1,0.0,0,0.06921327668560007,0.0,0.4,2025-05-13 09:58:00,抢修,中,华东
TK003429,0.2448,low,0.1303,0.157,0.0055,compliance(0.75); cost(0.29),0,0,1,0.75,0,0.28634537588493103,0.0,0.0,2025-07-27 07:46:00,抢修,高,西南
TK003430,0.1951,low,0.2104,0.3344,0.0996,quality(0.50); equipment(0.40); cost(0.30),0,0,1,0.0,0,0.3006183074956049,0.5,0.4,2025-10-25 12:28:00,巡检,紧急,华东
TK003431,0.1645,low,0.0755,0.0625,0.0122,equipment(0.60); quality(0.25); cost(0.19),0,0,1,0.0,0,0.18506706145878626,0.25,0.6,2025-06-06 11:29:00,保养,高,华中
TK003432,0.312,low,0.6471,0.9472,0.6341,quality(0.75); equipment(0.60); compliance(0.25),0,0,1,0.25,0,0.2349362739749662,0.75,0.6,2025-05-23 11:37:00,巡检,中,华南
TK003433,0.1178,low,0.063,0.0723,0.0066,quality(0.50); cost(0.21),0,0,1,0.0,0,0.21392828925091234,0.5,0.0,2025-03-03 13:09:00,巡检,低,西北
TK003434,0.2485,low,0.1445,0.1441,0.0558,compliance(0.50); equipment(0.40); cost(0.32),0,0,1,0.5,0,0.31728302539417175,0.0,0.4,2025-12-14 12:31:00,保养,中,华北
TK003435,0.1734,low,0.0953,0.1103,0.0134,equipment(0.80); quality(0.25),0,0,1,0.0,0,0.07974129606445557,0.25,0.8,2025-01-07 13:27:00,抢修,紧急,西北
TK003436,0.2744,low,0.2687,0.3024,0.2301,equipment(1.00); compliance(0.25); quality(0.25),0,0,1,0.25,0,0.12188931941393755,0.25,1.0,2025-11-29 08:42:00,巡检,高,华北
TK003437,0.1306,low,0.0671,0.0649,0.015,equipment(0.40); cost(0.35),0,0,1,0.0,0,0.35323318828196926,0.0,0.4,2025-05-29 14:50:00,巡检,高,华南
TK003438,0.1595,low,0.0565,0.0183,0.0063,compliance(0.50); cost(0.17),0,0,1,0.5,0,0.17261158711568625,0.0,0.0,2025-01-23 10:31:00,抢修,低,华南
TK003439,0.1314,low,0.0736,0.0501,0.0476,equipment(0.60); cost(0.21),0,0,1,0.0,0,0.20680895077316697,0.0,0.6,2025-08-07 11:32:00,抢修,紧急,华东
TK003440,0.0246,low,0.0157,0.0217,0.0022,cost(0.12),0,0,1,0.0,0,0.12288146212790485,0.0,0.0,2025-10-09 14:48:00,抢修,中,西北
TK003441,0.1827,low,0.6334,0.8597,0.7933,quality(1.00); cost(0.16),0,0,1,0.0,0,0.16349146701506478,1.0,0.0,2025-10-28 14:57:00,保养,低,华北
TK003442,0.187,low,0.4027,0.6219,0.3685,quality(0.50); compliance(0.25); equipment(0.20),0,0,1,0.25,0,0.09741480757376708,0.5,0.2,2025-11-10 14:37:00,抢修,中,西南
TK003443,0.174,low,0.0568,0.0102,0.0028,compliance(0.50); cost(0.24),0,0,1,0.5,0,0.24488541966146193,0.0,0.0,2025-02-14 17:45:00,巡检,中,西北
TK003444,0.2422,low,0.1278,0.103,0.0546,compliance(0.50); quality(0.25); cost(0.25),0,0,1,0.5,0,0.24851435563563906,0.25,0.2,2025-05-13 09:25:00,改造,中,华东
TK003445,0.0809,low,0.2949,0.4476,0.3255,compliance(0.25),0,0,1,0.25,0,0.09203259426593224,0.0,0.0,2025-12-31 12:36:00,巡检,紧急,华中
TK003446,0.1463,low,0.1534,0.2526,0.0603,cost(0.27); compliance(0.25); equipment(0.20),0,0,1,0.25,0,0.26906258115928205,0.0,0.2,2025-01-10 09:21:00,改造,中,华南
TK003447,0.1257,low,0.0706,0.0809,0.0131,equipment(0.60); cost(0.18),0,0,1,0.0,0,0.1787454475086584,0.0,0.6,2025-10-23 12:06:00,抢修,高,华东
TK003448,0.174,low,0.2244,0.2991,0.1929,compliance(0.25); quality(0.25); cost(0.22),0,0,1,0.25,0,0.21984806441879312,0.25,0.2,2025-02-01 08:15:00,改造,低,西北
TK003449,0.1587,low,0.1982,0.1862,0.244,quality(0.50); equipment(0.40); cost(0.12),0,0,1,0.0,0,0.11846087476678735,0.5,0.4,2025-01-03 12:50:00,巡检,中,华东
TK003450,0.2315,low,0.1696,0.1539,0.1323,compliance(0.50); equipment(0.40); cost(0.23),0,0,1,0.5,0,0.23252720850077946,0.0,0.4,2025-05-12 12:28:00,抢修,低,华北
TK003451,0.091,low,0.0497,0.0485,0.0156,cost(0.31); equipment(0.20),0,0,1,0.0,0,0.3050424715875667,0.0,0.2,2025-12-16 10:21:00,保养,中,西南
TK003452,0.2134,low,0.446,0.5316,0.5598,equipment(0.40); cost(0.27); compliance(0.25),0,0,1,0.25,0,0.2669938455110181,0.25,0.4,2025-11-12 18:17:00,巡检,紧急,华中
TK003453,0.1067,low,0.0603,0.0708,0.01,quality(0.50); cost(0.16),0,0,1,0.0,0,0.15832221556412318,0.5,0.0,2025-06-15 16:30:00,巡检,高,西南
TK003454,0.305,low,0.7907,0.9999,0.9977,cost(1.00); quality(0.50); equipment(0.20),0,0,1,0.0,0,1.0,0.5,0.2,2025-04-20 07:18:00,巡检,中,西南
TK003455,0.161,low,0.1302,0.2269,0.007,equipment(0.40); compliance(0.25); cost(0.19),0,0,1,0.25,0,0.19242755699081548,0.0,0.4,2025-05-23 18:58:00,抢修,低,西北
TK003456,0.2708,low,0.1475,0.1007,0.0886,equipment(0.60); compliance(0.50); quality(0.25),0,0,1,0.5,0,0.09140557519262638,0.25,0.6,2025-01-30 13:10:00,巡检,高,华北
TK003457,0.1709,low,0.1117,0.1603,0.0124,equipment(0.40); compliance(0.25); cost(0.24),0,0,1,0.25,0,0.2418982386298717,0.0,0.4,2025-08-09 16:48:00,巡检,中,西北
TK003458,0.0726,low,0.0503,0.0671,0.0145,quality(0.25); cost(0.18),0,0,1,0.0,0,0.1755343657829318,0.25,0.0,2025-07-13 19:07:00,保养,高,华南
TK003459,0.3,low,0.2003,0.286,0.0291,compliance(0.75); equipment(0.60); cost(0.11),0,0,1,0.75,0,0.11257463856051053,0.0,0.6,2025-11-27 12:55:00,巡检,高,西北
TK003460,0.2583,low,0.5534,0.8217,0.5379,quality(1.00); equipment(0.40); cost(0.24),0,0,1,0.0,0,0.24136785932178528,1.0,0.4,2025-08-11 17:58:00,巡检,低,西南
TK003461,0.1453,low,0.0691,0.0689,0.0039,equipment(0.80); cost(0.13),0,0,1,0.0,0,0.1265612604468388,0.0,0.8,2025-04-09 12:58:00,改造,中,西北
TK003462,0.2646,low,0.6717,0.8465,0.8459,equipment(0.60); compliance(0.50); cost(0.25),0,0,1,0.5,0,0.24811451727890144,0.0,0.6,2025-03-02 19:46:00,巡检,低,西北
TK003463,0.15,low,0.2016,0.2568,0.1906,cost(0.29); compliance(0.25); equipment(0.20),0,0,1,0.25,0,0.2874052051701934,0.0,0.2,2025-08-31 19:53:00,巡检,中,西北
TK003464,0.1563,low,0.3664,0.5085,0.4043,equipment(0.40); compliance(0.25); cost(0.17),0,0,1,0.25,0,0.16878714793560645,0.0,0.4,2025-10-12 20:18:00,抢修,中,华东
TK003465,0.1502,low,0.2747,0.5009,0.1553,equipment(0.40); compliance(0.25); cost(0.14),0,0,1,0.25,0,0.13847610033128244,0.0,0.4,2025-09-27 19:23:00,巡检,中,华南
TK003466,0.3665,low,0.776,0.9218,0.9813,equipment(0.60); compliance(0.50); quality(0.50),0,0,1,0.5,0,0.3823604116701754,0.5,0.6,2025-07-02 18:28:00,改造,中,华南
TK003467,0.275,low,0.2099,0.1937,0.1703,quality(0.75); compliance(0.50); cost(0.19),0,0,1,0.5,0,0.1873044991380125,0.75,0.0,2025-01-29 13:56:00,保养,紧急,华东
TK003468,0.2212,low,0.1088,0.0754,0.046,compliance(0.50); quality(0.50); cost(0.11),0,0,1,0.5,0,0.10586858699703727,0.5,0.0,2025-10-12 11:03:00,保养,低,华北
TK003469,0.305,low,0.162,0.194,0.0074,cost(1.00); quality(0.50); equipment(0.20),0,0,1,0.0,0,1.0,0.5,0.2,2025-04-24 16:39:00,抢修,低,华南
TK003470,0.1186,low,0.2476,0.2285,0.3773,compliance(0.25); equipment(0.20); cost(0.13),0,0,1,0.25,0,0.13047862862370052,0.0,0.2,2025-07-05 07:18:00,改造,紧急,华中
TK003471,0.1063,low,0.0609,0.0795,0.0033,compliance(0.25); equipment(0.20),0,0,1,0.25,0,0.0692362843854829,0.0,0.2,2025-06-02 16:21:00,抢修,高,华北
TK003472,0.1999,low,0.097,0.0898,0.0161,compliance(0.50); quality(0.25); cost(0.19),0,0,1,0.5,0,0.18698668758733972,0.25,0.0,2025-09-17 15:59:00,抢修,高,西南
TK003473,0.2353,low,0.0997,0.0787,0.0046,compliance(0.50); quality(0.25); cost(0.21),0,0,1,0.5,0,0.2138365123807856,0.25,0.2,2025-02-21 12:03:00,改造,高,华南
TK003474,0.1772,low,0.1711,0.3136,0.0234,compliance(0.50); equipment(0.20); cost(0.11),0,0,1,0.5,0,0.11108719012441826,0.0,0.2,2025-11-13 10:46:00,抢修,中,华中
TK003475,0.3113,low,0.3031,0.4457,0.1534,compliance(0.75); quality(0.75),0,0,1,0.75,0,0.05663023593977201,0.75,0.0,2025-11-08 20:16:00,保养,紧急,西南
TK003476,0.1468,low,0.0634,0.0505,0.0048,quality(0.75); cost(0.17),0,0,1,0.0,0,0.17129107297440338,0.75,0.0,2025-10-24 19:29:00,抢修,中,华北
TK003477,0.0476,low,0.0208,0.0143,0.0044,equipment(0.20),0,0,1,0.0,0,0.08805259809628985,0.0,0.2,2025-04-06 19:40:00,抢修,中,华中
TK003478,0.1574,low,0.1061,0.1386,0.0296,equipment(0.80); cost(0.19),0,0,1,0.0,0,0.1872168250043713,0.0,0.8,2025-01-21 19:18:00,巡检,高,华南
TK003479,0.1514,low,0.5482,0.7312,0.7053,quality(0.50); equipment(0.40),0,0,1,0.0,0,0.081868568187343,0.5,0.4,2025-02-07 19:25:00,抢修,中,华北
TK003480,0.1323,low,0.0866,0.1153,0.0188,compliance(0.25); equipment(0.20); cost(0.20),0,0,1,0.25,0,0.19923390786912898,0.0,0.2,2025-08-27 14:21:00,巡检,紧急,华中
TK003481,0.1348,low,0.0917,0.1304,0.0161,quality(0.50); equipment(0.20); cost(0.15),0,0,1,0.0,0,0.14886408386632444,0.5,0.2,2025-08-12 12:23:00,保养,中,华南
TK003482,0.3316,low,0.5882,0.627,0.7693,compliance(0.75); equipment(0.60); cost(0.27),0,0,1,0.75,0,0.2706075585279024,0.0,0.6,2025-12-19 19:58:00,改造,紧急,华南
TK003483,0.1348,low,0.1566,0.1618,0.17,compliance(0.25); cost(0.21); equipment(0.20),0,0,1,0.25,0,0.21173836466403428,0.0,0.2,2025-10-11 16:25:00,保养,中,华东
TK003484,0.173,low,0.3387,0.5987,0.2206,quality(0.50); equipment(0.40); cost(0.19),0,0,1,0.0,0,0.1900907067585348,0.5,0.4,2025-05-26 20:59:00,保养,中,西北
TK003485,0.23,low,0.6246,0.9929,0.5946,cost(1.00); equipment(0.20),0,0,1,0.0,0,1.0,0.0,0.2,2025-10-19 09:11:00,抢修,中,西北
TK003486,0.2991,low,0.1824,0.2085,0.0563,equipment(1.00); compliance(0.50); cost(0.12),0,0,1,0.5,0,0.12061876933654181,0.0,1.0,2025-05-09 20:51:00,保养,中,西北
TK003487,0.1572,low,0.2125,0.3798,0.0927,equipment(0.40); compliance(0.25); cost(0.17),0,0,1,0.25,0,0.17340732952649573,0.0,0.4,2025-12-30 13:08:00,改造,中,华北
TK003488,0.258,low,0.1257,0.1304,0.0077,compliance(0.50); cost(0.33); quality(0.25),0,0,1,0.5,0,0.3274235907585733,0.25,0.2,2025-09-09 11:31:00,巡检,高,西北
TK003489,0.3962,low,0.6219,0.584,0.8532,quality(1.00); equipment(0.60); compliance(0.50),0,0,1,0.5,0,0.15598906589178452,1.0,0.6,2025-10-20 07:00:00,抢修,高,西北
TK003490,0.3048,low,0.2453,0.3215,0.118,quality(0.75); compliance(0.50); equipment(0.20),0,0,1,0.5,0,0.18653322416930462,0.75,0.2,2025-04-16 20:28:00,抢修,中,华北
TK003491,0.1858,low,0.3763,0.582,0.3339,equipment(0.40); cost(0.32); compliance(0.25),0,0,1,0.25,0,0.3164766996042043,0.0,0.4,2025-02-11 18:51:00,保养,高,西北
TK003492,0.4209,medium,0.7112,0.8287,0.8426,compliance(1.00); equipment(0.80); quality(0.25),0,1,0,1.0,0,0.06683274111154747,0.25,0.8,2025-01-05 20:45:00,抢修,中,华南
TK003493,0.2527,low,0.564,0.6278,0.7671,quality(0.50); equipment(0.40); cost(0.28),0,0,1,0.25,0,0.2762496035179377,0.5,0.4,2025-01-28 10:48:00,抢修,中,华中
TK003494,0.1287,low,0.4138,0.636,0.436,quality(0.75),0,0,1,0.0,0,0.08116553812748206,0.75,0.0,2025-04-28 09:27:00,巡检,紧急,西北
TK003495,0.0428,low,0.0206,0.0219,0.0002,cost(0.21),0,0,1,0.0,0,0.21387564034622863,0.0,0.0,2025-12-28 09:09:00,保养,低,西北
TK003496,0.1806,low,0.1303,0.1487,0.0689,equipment(0.60); cost(0.27); quality(0.25),0,0,1,0.0,0,0.2652936486845603,0.25,0.6,2025-12-20 13:18:00,改造,中,华南
TK003497,0.3106,low,0.4784,0.7654,0.3352,equipment(0.60); compliance(0.50); quality(0.50),0,0,1,0.5,0,0.1030774410774411,0.5,0.6,2025-05-26 19:58:00,巡检,中,华北
TK003498,0.1665,low,0.1075,0.1498,0.0146,cost(0.37); compliance(0.25); equipment(0.20),0,0,1,0.25,0,0.36997756021224226,0.0,0.2,2025-05-11 15:47:00,抢修,中,华东
TK003499,0.0882,low,0.0342,0.0193,0.0028,equipment(0.40); cost(0.14),0,0,1,0.0,0,0.140885377969304,0.0,0.4,2025-07-08 15:14:00,抢修,低,华南
TK003500,0.0567,low,0.0234,0.0136,0.0047,equipment(0.20); cost(0.13),0,0,1,0.0,0,0.1333337281174457,0.0,0.2,2025-05-30 17:18:00,抢修,低,西北
TK003501,0.2553,low,0.359,0.4078,0.3992,equipment(0.80); cost(0.36); compliance(0.25),0,0,1,0.25,0,0.363831380563833,0.0,0.8,2025-04-09 14:01:00,改造,中,华北
TK003502,0.1481,low,0.1155,0.1508,0.0522,equipment(0.80); cost(0.14),0,0,1,0.0,0,0.14072394933793908,0.0,0.8,2025-10-09 19:48:00,抢修,中,西南
TK003503,0.0885,low,0.0594,0.0847,0.0092,compliance(0.25); cost(0.13),0,0,1,0.25,0,0.1297646007282569,0.0,0.0,2025-10-22 10:04:00,抢修,低,西北
TK003504,0.1329,low,0.08,0.111,0.0037,cost(0.35); compliance(0.25),0,0,1,0.25,0,0.35184757544988055,0.0,0.0,2025-09-26 14:49:00,巡检,高,华东
TK003505,0.1272,low,0.1221,0.2234,0.0165,cost(0.30); quality(0.25); equipment(0.20),0,0,1,0.0,0,0.29833258314980615,0.25,0.2,2025-05-27 17:39:00,保养,低,华东
TK003506,0.1397,low,0.0738,0.0846,0.0065,cost(0.39); compliance(0.25),0,0,1,0.25,0,0.3860539959006891,0.0,0.0,2025-11-13 18:47:00,巡检,低,华中
TK003507,0.0203,low,0.0159,0.0242,0.0038,cost(0.10),0,0,1,0.0,0,0.10133657094856585,0.0,0.0,2025-05-07 16:08:00,保养,中,华南
TK003508,0.1712,low,0.0916,0.1098,0.0052,cost(0.39); compliance(0.25); equipment(0.20),0,0,1,0.25,0,0.39336495912876035,0.0,0.2,2025-02-07 20:42:00,保养,低,华南
TK003509,0.212,low,0.6276,0.8763,0.7351,equipment(0.60); compliance(0.25); quality(0.25),0,0,1,0.25,0,0.1100249830317559,0.25,0.6,2025-05-24 19:36:00,保养,高,西北
TK003510,0.0852,low,0.0391,0.0247,0.014,cost(0.28); equipment(0.20),0,0,1,0.0,0,0.2762173034202573,0.0,0.2,2025-09-30 19:45:00,巡检,低,华南
TK003511,0.2355,low,0.1948,0.3043,0.0505,quality(0.75); equipment(0.60); cost(0.16),0,0,1,0.0,0,0.1648618168536662,0.75,0.6,2025-10-03 16:44:00,抢修,中,华北
TK003512,0.0784,low,0.028,0.0081,0.0047,quality(0.25); cost(0.20),0,0,1,0.0,0,0.20455460870801379,0.25,0.0,2025-02-14 16:59:00,巡检,紧急,华中
TK003513,0.1513,low,0.0553,0.0257,0.0025,equipment(0.60); cost(0.31),0,0,1,0.0,0,0.3062990980506256,0.0,0.6,2025-04-01 09:43:00,巡检,低,华东
TK003514,0.2579,low,0.6634,0.9439,0.7305,quality(0.75); equipment(0.40); compliance(0.25),0,0,1,0.25,0,0.11470553628046165,0.75,0.4,2025-04-26 11:38:00,保养,低,华北
TK003515,0.0303,low,0.0234,0.0369,0.0041,cost(0.15),0,0,1,0.0,0,0.15173932584269656,0.0,0.0,2025-01-02 13:12:00,巡检,高,华中
TK003516,0.0773,low,0.0277,0.0118,0.0011,equipment(0.40),0,0,1,0.0,0,0.08656246608053841,0.0,0.4,2025-04-04 12:16:00,保养,中,西北
TK003517,0.3832,low,0.6743,0.7158,0.8822,quality(1.00); compliance(0.50); equipment(0.40),0,0,1,0.5,0,0.24112435567010304,1.0,0.4,2025-11-24 20:24:00,抢修,中,华北
TK003518,0.1203,low,0.1805,0.3345,0.078,compliance(0.25); equipment(0.20); cost(0.14),0,0,1,0.25,0,0.13914871457125577,0.0,0.2,2025-11-26 16:12:00,巡检,中,华中
TK003519,0.1515,low,0.0655,0.0551,0.0023,compliance(0.50); cost(0.13),0,0,1,0.5,0,0.1326521526200971,0.0,0.0,2025-05-05 12:07:00,保养,高,西北
TK003520,0.0639,low,0.0303,0.0197,0.012,cost(0.32),0,0,1,0.0,0,0.3196009966311061,0.0,0.0,2025-01-31 16:01:00,巡检,低,华中
TK003521,0.0596,low,0.087,0.174,0.0235,equipment(0.20); cost(0.15),0,0,1,0.0,0,0.14789725540301102,0.0,0.2,2025-09-21 08:06:00,巡检,中,西南
TK003522,0.0527,low,0.0435,0.0753,0.0037,quality(0.25),0,0,1,0.0,0,0.0759299397920088,0.25,0.0,2025-02-25 12:16:00,保养,中,华南
TK003523,0.1534,low,0.1779,0.2338,0.1431,quality(0.50); equipment(0.40),0,0,1,0.0,0,0.09206428791565657,0.5,0.4,2025-12-18 09:42:00,巡检,中,华北
TK003524,0.1369,low,0.0921,0.1351,0.0106,cost(0.37); compliance(0.25),0,0,1,0.25,0,0.37212122019626004,0.0,0.0,2025-10-15 20:46:00,抢修,低,西北
TK003525,0.2131,low,0.3182,0.3509,0.3757,quality(1.00); cost(0.32),0,0,1,0.0,0,0.3152913700371296,1.0,0.0,2025-07-22 16:10:00,抢修,高,华南
TK003526,0.0967,low,0.0356,0.0179,0.0009,cost(0.33); equipment(0.20),0,0,1,0.0,0,0.3333896723771921,0.0,0.2,2025-07-01 09:22:00,抢修,中,华北
TK003527,0.2238,low,0.4141,0.5293,0.4619,equipment(1.00); compliance(0.25),0,0,1,0.25,0,0.056600123606288855,0.0,1.0,2025-02-03 14:36:00,保养,中,西北
TK003528,0.1042,low,0.0471,0.0423,0.003,compliance(0.25); equipment(0.20),0,0,1,0.25,0,0.05842994036051741,0.0,0.2,2025-08-28 17:13:00,抢修,低,华中
TK003529,0.2097,low,0.1356,0.1158,0.0918,compliance(0.75); cost(0.11),0,0,1,0.75,0,0.11113041074263974,0.0,0.0,2025-06-29 11:24:00,抢修,低,华南
TK003530,0.0218,low,0.0089,0.0066,0.0002,cost(0.11),0,0,1,0.0,0,0.10919290085361266,0.0,0.0,2025-07-01 20:44:00,巡检,低,西北
TK003531,0.0557,low,0.0226,0.0138,0.003,cost(0.28),0,0,1,0.0,0,0.27874636778746353,0.0,0.0,2025-03-21 18:19:00,抢修,中,华东
TK003532,0.3028,low,0.1208,0.0819,0.0037,equipment(0.80); compliance(0.50); cost(0.29),0,0,1,0.5,0,0.2889129819930236,0.0,0.8,2025-07-29 11:07:00,保养,中,华中
TK003533,0.3333,low,0.6735,0.8251,0.8135,compliance(1.00); quality(0.25); equipment(0.20),0,0,1,1.0,0,0.079163361546709,0.25,0.2,2025-12-18 10:10:00,保养,中,华东
TK003534,0.1207,low,0.0553,0.0517,0.0029,compliance(0.25); quality(0.25); cost(0.10),0,0,1,0.25,0,0.10335319180330893,0.25,0.0,2025-12-02 20:00:00,抢修,低,华南
TK003535,0.2131,low,0.1873,0.294,0.0586,compliance(0.50); cost(0.25); quality(0.25),0,0,1,0.5,0,0.2530388213595254,0.25,0.0,2025-09-10 07:45:00,抢修,中,华中
TK003536,0.2122,low,0.1871,0.2278,0.125,compliance(0.50); quality(0.25); equipment(0.20),0,0,1,0.5,0,0.09844475760841365,0.25,0.2,2025-01-11 07:54:00,抢修,低,西北
TK003537,0.2098,low,0.2293,0.1604,0.3149,equipment(0.80); compliance(0.25); cost(0.14),0,0,1,0.25,0,0.13633132713750062,0.0,0.8,2025-08-03 07:12:00,巡检,中,华北
TK003538,0.1959,low,0.6296,0.8388,0.7922,quality(0.50); cost(0.29); compliance(0.25),0,0,1,0.25,0,0.2918869007646816,0.5,0.0,2025-08-17 09:18:00,抢修,高,西南
TK003539,0.042,low,0.0239,0.0194,0.0129,equipment(0.20),0,0,1,0.0,0,0.05975181892958903,0.0,0.2,2025-10-29 07:00:00,抢修,高,华中
TK003540,0.26,low,0.3498,0.6755,0.1011,cost(1.00); equipment(0.40),0,0,1,0.0,0,1.0,0.0,0.4,2025-08-11 16:56:00,改造,高,华南
TK003541,0.0789,low,0.0472,0.0624,0.0047,cost(0.39),0,0,1,0.0,0,0.3946962876446779,0.0,0.0,2025-07-08 16:26:00,抢修,中,西北
TK003542,0.2639,low,0.2873,0.3589,0.2357,equipment(0.80); cost(0.41); compliance(0.25),0,0,1,0.25,0,0.4068685578764938,0.0,0.8,2025-09-21 19:06:00,保养,中,华南
TK003543,0.1318,low,0.2172,0.4128,0.0949,compliance(0.25); equipment(0.20); cost(0.20),0,0,1,0.25,0,0.19634137096431237,0.0,0.2,2025-09-16 12:53:00,巡检,中,华中
TK003544,0.0918,low,0.0316,0.0111,0.0004,compliance(0.25); cost(0.15),0,0,1,0.25,0,0.14650574089142032,0.0,0.0,2025-08-15 17:59:00,巡检,中,华南
TK003545,0.2477,low,0.4348,0.6852,0.3449,equipment(0.80); compliance(0.25); quality(0.25),0,0,1,0.25,0,0.13842662955310026,0.25,0.8,2025-08-23 10:00:00,保养,高,西南
TK003546,0.2562,low,0.2706,0.4759,0.0775,compliance(0.50); quality(0.50); equipment(0.20),0,0,1,0.5,0,0.1309851896388824,0.5,0.2,2025-11-02 08:23:00,保养,低,华北
TK003547,0.1853,low,0.4041,0.6052,0.3905,quality(0.50); compliance(0.25); equipment(0.20),0,0,1,0.25,0,0.08879039939243016,0.5,0.2,2025-06-22 10:04:00,抢修,低,华南
TK003548,0.3276,low,0.5388,0.5486,0.71,compliance(0.75); quality(0.50); equipment(0.20),0,0,1,0.75,0,0.175693636816747,0.5,0.2,2025-06-29 12:13:00,抢修,中,华南
TK003549,0.1196,low,0.142,0.2546,0.0486,compliance(0.25); equipment(0.20); cost(0.14),0,0,1,0.25,0,0.13569638262650163,0.0,0.2,2025-03-13 20:43:00,抢修,中,华东
TK003550,0.1859,low,0.2237,0.4154,0.0644,equipment(0.40); cost(0.32); compliance(0.25),0,0,1,0.25,0,0.3169946661762,0.0,0.4,2025-08-13 10:16:00,抢修,中,华东
TK003551,0.1641,low,0.1734,0.3124,0.0423,equipment(0.40); compliance(0.25); cost(0.21),0,0,1,0.25,0,0.20791500712760547,0.0,0.4,2025-04-15 13:03:00,改造,中,华中
TK003552,0.1582,low,0.0542,0.0149,0.0043,compliance(0.50); cost(0.17),0,0,1,0.5,0,0.1658422424339131,0.0,0.0,2025-06-02 16:26:00,抢修,中,华北
TK003553,0.1557,low,0.2392,0.4057,0.1442,quality(0.50); compliance(0.25),0,0,1,0.25,0,0.09111953638381931,0.5,0.0,2025-07-03 14:38:00,抢修,高,西南
TK003554,0.2054,low,0.1415,0.1351,0.0932,equipment(0.60); compliance(0.25); quality(0.25),0,0,1,0.25,0,0.07708617519720062,0.25,0.6,2025-02-02 10:33:00,改造,紧急,西北
TK003555,0.1307,low,0.1179,0.2226,0.0021,quality(0.50); cost(0.28),0,0,1,0.0,0,0.27835123883180257,0.5,0.0,2025-06-08 19:30:00,保养,低,华中
TK003556,0.0965,low,0.0413,0.0294,0.0059,compliance(0.25); cost(0.17),0,0,1,0.25,0,0.16975911265733412,0.0,0.0,2025-05-19 08:07:00,抢修,中,华北
TK003557,0.05,low,0.0237,0.0185,0.0064,cost(0.25),0,0,1,0.0,0,0.2501747956698893,0.0,0.0,2025-02-03 14:11:00,抢修,中,西北
TK003558,0.2001,low,0.2886,0.4596,0.1934,equipment(0.60); compliance(0.25); cost(0.24),0,0,1,0.25,0,0.2380610552791782,0.0,0.6,2025-05-27 15:08:00,抢修,紧急,华东
TK003559,0.0427,low,0.0198,0.0168,0.0032,equipment(0.20),0,0,1,0.0,0,0.06330442563149574,0.0,0.2,2025-08-18 10:45:00,巡检,高,华南
TK003560,0.3195,low,0.1231,0.0622,0.0156,compliance(0.75); equipment(0.40); quality(0.25),0,0,1,0.75,0,0.17244254068478826,0.25,0.4,2025-04-25 18:01:00,巡检,低,华北
TK003561,0.0817,low,0.0348,0.0276,0.0017,quality(0.25); cost(0.22),0,0,1,0.0,0,0.22095597362831365,0.25,0.0,2025-10-24 20:52:00,巡检,中,华北
TK003562,0.2273,low,0.3155,0.5179,0.1888,equipment(0.80); compliance(0.25); cost(0.22),0,0,1,0.25,0,0.22387375339115823,0.0,0.8,2025-07-26 16:35:00,抢修,中,华东
TK003563,0.2279,low,0.4161,0.5629,0.4306,quality(0.50); cost(0.30); compliance(0.25),0,0,1,0.25,0,0.3020573322737745,0.5,0.2,2025-04-07 08:15:00,巡检,中,西北
TK003564,0.2564,low,0.136,0.1439,0.025,compliance(0.75); equipment(0.20); cost(0.19),0,0,1,0.75,0,0.19454757832380798,0.0,0.2,2025-04-22 18:50:00,保养,中,华北
TK003565,0.1961,low,0.5245,0.7676,0.563,equipment(0.40); compliance(0.25); quality(0.25),0,0,1,0.25,0,0.18065657079871278,0.25,0.4,2025-11-20 14:26:00,保养,高,华北
TK003566,0.1193,low,0.194,0.3307,0.1214,compliance(0.25); quality(0.25),0,0,1,0.25,0,0.09651515824295365,0.25,0.0,2025-07-01 15:12:00,抢修,中,西北
TK003567,0.2428,low,0.0842,0.0277,0.0048,compliance(0.50); equipment(0.40); cost(0.29),0,0,1,0.5,0,0.2889956373518965,0.0,0.4,2025-04-13 15:59:00,巡检,紧急,华中
TK003568,0.1295,low,0.1346,0.2561,0.0174,cost(0.33); compliance(0.25),0,0,1,0.25,0,0.33479652599618703,0.0,0.0,2025-04-27 15:51:00,抢修,中,华南
TK003569,0.3072,low,0.7684,0.9729,0.9593,quality(1.00); compliance(0.50); cost(0.16),0,0,1,0.5,0,0.1610330884243043,1.0,0.0,2025-10-03 07:51:00,巡检,中,华北
TK003570,0.2517,low,0.478,0.7578,0.3922,quality(0.75); cost(0.38); compliance(0.25),0,0,1,0.25,0,0.3836474384678543,0.75,0.0,2025-05-20 16:49:00,保养,中,华北
TK003571,0.0424,low,0.0188,0.0148,0.0025,cost(0.21),0,0,1,0.0,0,0.2119588161204674,0.0,0.0,2025-07-07 20:22:00,抢修,低,华中
TK003572,0.111,low,0.0792,0.0848,0.0462,quality(0.50); cost(0.18),0,0,1,0.0,0,0.17987231388280767,0.5,0.0,2025-10-22 16:05:00,抢修,中,华北
TK003573,0.1909,low,0.3213,0.4599,0.2946,compliance(0.50); equipment(0.20); cost(0.18),0,0,1,0.5,0,0.1796605358764759,0.0,0.2,2025-09-07 14:17:00,保养,中,华南
TK003574,0.212,low,0.3938,0.6029,0.3405,compliance(0.75); cost(0.12),0,0,1,0.75,0,0.12249803186200203,0.0,0.0,2025-04-29 17:41:00,巡检,低,西南
TK003575,0.1682,low,0.073,0.0524,0.0119,equipment(0.80); cost(0.24),0,0,1,0.0,0,0.24110180873925502,0.0,0.8,2025-04-23 17:01:00,抢修,紧急,华北
TK003576,0.2249,low,0.1806,0.2834,0.0397,equipment(0.40); cost(0.32); compliance(0.25),0,0,1,0.25,0,0.3244426359986049,0.25,0.4,2025-12-10 17:26:00,保养,低,华北
TK003577,0.2216,low,0.5668,0.8224,0.607,quality(0.50); equipment(0.40); compliance(0.25),0,0,1,0.25,0,0.12040785099250229,0.5,0.4,2025-06-24 14:09:00,抢修,中,西北
TK003578,0.1024,low,0.0451,0.039,0.002,quality(0.50); cost(0.14),0,0,1,0.0,0,0.13696276852743972,0.5,0.0,2025-10-26 14:05:00,巡检,中,华东
TK003579,0.245,low,0.1882,0.1701,0.1576,compliance(0.75); equipment(0.20); cost(0.14),0,0,1,0.75,0,0.13756214736606898,0.0,0.2,2025-08-14 15:23:00,保养,低,华北
TK003580,0.4575,medium,0.8085,0.9443,0.9735,cost(1.00); equipment(0.80); quality(0.50),0,1,0,0.25,0,1.0,0.5,0.8,2025-07-03 18:03:00,抢修,中,西北
TK003581,0.0786,low,0.0701,0.1293,0.0037,compliance(0.25),0,0,1,0.25,0,0.08029743182581606,0.0,0.0,2025-01-17 20:15:00,抢修,高,西南
TK003582,0.0541,low,0.0818,0.1278,0.0595,equipment(0.20); cost(0.12),0,0,1,0.0,0,0.12049293444204279,0.0,0.2,2025-08-08 08:42:00,抢修,中,华中
TK003583,0.3225,low,0.7904,0.9982,0.9837,cost(1.00); equipment(0.40); compliance(0.25),0,0,1,0.25,0,1.0,0.0,0.4,2025-05-21 15:39:00,抢修,高,华中
TK003584,0.0592,low,0.0652,0.1147,0.0208,cost(0.30),0,0,1,0.0,0,0.2961535214592016,0.0,0.0,2025-12-11 14:11:00,抢修,中,华南
TK003585,0.1115,low,0.0449,0.021,0.0118,equipment(0.40); cost(0.26),0,0,1,0.0,0,0.2575808168291003,0.0,0.4,2025-12-19 20:46:00,抢修,中,华东
TK003586,0.1118,low,0.0485,0.034,0.0087,compliance(0.25); cost(0.25),0,0,1,0.25,0,0.2465040957058634,0.0,0.0,2025-07-17 11:42:00,保养,低,华南
TK003587,0.0959,low,0.0389,0.0222,0.0068,cost(0.29); quality(0.25),0,0,1,0.0,0,0.29200645141814763,0.25,0.0,2025-09-05 13:13:00,抢修,低,华中
TK003588,0.0463,low,0.0181,0.0105,0.0016,cost(0.23),0,0,1,0.0,0,0.23160080035597574,0.0,0.0,2025-10-28 15:11:00,巡检,中,西南
TK003589,0.1525,low,0.1657,0.2943,0.0485,cost(0.30); compliance(0.25); equipment(0.20),0,0,1,0.25,0,0.3001383778343869,0.0,0.2,2025-05-03 17:20:00,抢修,高,华北
TK003590,0.1388,low,0.0541,0.0314,0.0041,equipment(0.60); cost(0.24),0,0,1,0.0,0,0.24416296580667107,0.0,0.6,2025-11-05 12:01:00,保养,低,西南
TK003591,0.0316,low,0.0124,0.0081,0.0001,cost(0.16),0,0,1,0.0,0,0.1578490794757178,0.0,0.0,2025-09-12 09:31:00,抢修,高,华东
TK003592,0.3113,low,0.3455,0.5299,0.1903,compliance(0.75); equipment(0.40); quality(0.25),0,0,1,0.75,0,0.1316819756060834,0.25,0.4,2025-03-17 14:15:00,巡检,高,华北
TK003593,0.0408,low,0.0264,0.0395,0.0011,cost(0.20),0,0,1,0.0,0,0.20422042771662618,0.0,0.0,2025-06-29 12:13:00,巡检,低,西南
TK003594,0.0909,low,0.0445,0.046,0.0033,compliance(0.25); cost(0.14),0,0,1,0.25,0,0.1418791946308725,0.0,0.0,2025-09-06 07:21:00,巡检,低,华中
TK003595,0.2062,low,0.0751,0.0206,0.0173,compliance(0.50); cost(0.41),0,0,1,0.5,0,0.4060500195899178,0.0,0.0,2025-12-16 10:27:00,抢修,中,华东
TK003596,0.2065,low,0.0992,0.0986,0.0078,quality(0.50); equipment(0.40); cost(0.36),0,0,1,0.0,0,0.3575002858468803,0.5,0.4,2025-11-24 16:14:00,抢修,低,华东
TK003597,0.2333,low,0.4758,0.6761,0.4835,quality(0.50); equipment(0.40); compliance(0.25),0,0,1,0.25,0,0.17883773895606336,0.5,0.4,2025-01-09 19:36:00,抢修,中,西北
TK003598,0.1988,low,0.2357,0.4214,0.0817,quality(0.75); compliance(0.25); cost(0.12),0,0,1,0.25,0,0.11910101948448437,0.75,0.0,2025-01-09 15:50:00,抢修,低,华东
TK003599,0.3609,low,0.589,0.5994,0.7741,compliance(1.00); equipment(0.60); cost(0.10),0,0,1,1.0,0,0.1044814838835203,0.0,0.6,2025-02-14 14:20:00,抢修,中,华南
TK003600,0.2562,low,0.0946,0.0345,0.0161,equipment(0.60); compliance(0.50); cost(0.21),0,0,1,0.5,0,0.20600870630709944,0.0,0.6,2025-07-19 14:10:00,改造,中,华南
TK003601,0.2858,low,0.4635,0.5339,0.5455,quality(1.00); equipment(0.80),0,0,1,0.0,0,0.07897738714232005,1.0,0.8,2025-11-01 10:23:00,保养,中,华南
TK003602,0.0244,low,0.0133,0.0142,0.0029,cost(0.12),0,0,1,0.0,0,0.12197818396226412,0.0,0.0,2025-09-25 08:50:00,巡检,中,西南
TK003603,0.2928,low,0.4861,0.606,0.5318,equipment(1.00); cost(0.40); compliance(0.25),0,0,1,0.25,0,0.4016088237831652,0.0,1.0,2025-12-07 16:48:00,保养,中,华中
TK003604,0.1279,low,0.0426,0.0114,0.0007,equipment(0.40); cost(0.34),0,0,1,0.0,0,0.3393179917446786,0.0,0.4,2025-10-03 14:28:00,改造,低,西北
TK003605,0.0427,low,0.0622,0.1009,0.0401,equipment(0.20),0,0,1,0.0,0,0.0636639430227115,0.0,0.2,2025-06-08 10:38:00,保养,低,华东
TK003606,0.2283,low,0.1019,0.093,0.0024,equipment(0.60); cost(0.38); compliance(0.25),0,0,1,0.25,0,0.37922077922077924,0.0,0.6,2025-11-23 08:48:00,巡检,中,华东
TK003607,0.0932,low,0.057,0.0762,0.0068,quality(0.50),0,0,1,0.0,0,0.09098676045973575,0.5,0.0,2025-05-21 10:32:00,抢修,高,华北
TK003608,0.1823,low,0.1268,0.1204,0.0856,equipment(1.00); cost(0.16),0,0,1,0.0,0,0.16136678033006435,0.0,1.0,2025-07-02 13:51:00,抢修,高,华东
TK003609,0.2041,low,0.5442,0.726,0.6538,compliance(0.50); quality(0.25); cost(0.21),0,0,1,0.5,0,0.20798931392450326,0.25,0.0,2025-07-19 18:12:00,巡检,低,华南
TK003610,0.1574,low,0.1134,0.1578,0.0313,equipment(0.40); compliance(0.25); cost(0.17),0,0,1,0.25,0,0.17468143455712926,0.0,0.4,2025-12-10 12:43:00,抢修,低,西北
TK003611,0.0966,low,0.1255,0.254,0.0217,quality(0.25); equipment(0.20); cost(0.15),0,0,1,0.0,0,0.14562310808626855,0.25,0.2,2025-01-07 17:02:00,巡检,中,西南
TK003612,0.0172,low,0.0101,0.012,0.002,,0,0,1,0.0,0,0.0859253606719641,0.0,0.0,2025-11-21 17:31:00,巡检,低,西南
TK003613,0.1189,low,0.1518,0.2747,0.0571,quality(0.50); cost(0.22),0,0,1,0.0,0,0.21941952247879581,0.5,0.0,2025-01-30 10:49:00,改造,高,华中
TK003614,0.1511,low,0.177,0.3096,0.0667,quality(0.50); compliance(0.25),0,0,1,0.25,0,0.06803240803675814,0.5,0.0,2025-05-18 14:40:00,抢修,中,西南
TK003615,0.174,low,0.2085,0.3384,0.1083,quality(1.00); cost(0.12),0,0,1,0.0,0,0.1200925151068647,1.0,0.0,2025-06-05 09:22:00,巡检,中,西南
TK003616,0.1697,low,0.0835,0.0769,0.0162,cost(0.39); compliance(0.25); equipment(0.20),0,0,1,0.25,0,0.3859950789242702,0.0,0.2,2025-05-18 11:00:00,保养,低,华东
TK003617,0.1565,low,0.0745,0.0424,0.0362,compliance(0.50); cost(0.16),0,0,1,0.5,0,0.15752623468940152,0.0,0.0,2025-01-09 14:16:00,巡检,高,华东
TK003618,0.161,low,0.3388,0.4667,0.3633,equipment(0.40); compliance(0.25); cost(0.19),0,0,1,0.25,0,0.19227709255249048,0.0,0.4,2025-07-27 20:41:00,抢修,高,西南
TK003619,0.2939,low,0.093,0.0131,0.0008,equipment(0.60); compliance(0.50); cost(0.39),0,0,1,0.5,0,0.39453467694131594,0.0,0.6,2025-04-23 12:04:00,保养,中,华中
TK003620,0.0904,low,0.0314,0.0104,0.0018,equipment(0.40); cost(0.15),0,0,1,0.0,0,0.15187049573964828,0.0,0.4,2025-12-23 19:23:00,巡检,紧急,华东
TK003621,0.1261,low,0.0577,0.035,0.0218,cost(0.29); quality(0.25); equipment(0.20),0,0,1,0.0,0,0.29319297818276435,0.25,0.2,2025-03-17 09:20:00,巡检,中,华北
TK003622,0.3709,low,0.6839,0.8151,0.821,quality(1.00); compliance(0.50); cost(0.33),0,0,1,0.5,0,0.3297247161831268,1.0,0.2,2025-07-04 16:10:00,保养,低,华南
TK003623,0.3717,low,0.6584,0.7462,0.8162,quality(1.00); equipment(0.60); cost(0.35),0,0,1,0.25,0,0.3462034356301873,1.0,0.6,2025-02-23 11:55:00,改造,中,华北
TK003624,0.2154,low,0.088,0.0626,0.0041,compliance(0.50); equipment(0.40); cost(0.15),0,0,1,0.5,0,0.15211827163098124,0.0,0.4,2025-01-03 07:20:00,巡检,中,华东
TK003625,0.0493,low,0.0345,0.0348,0.0215,equipment(0.20),0,0,1,0.0,0,0.09667896247537433,0.0,0.2,2025-12-14 07:56:00,巡检,高,华东
TK003626,0.2829,low,0.1702,0.2164,0.0274,compliance(0.75); quality(0.25); equipment(0.20),0,0,1,0.75,0,0.13937550837066437,0.25,0.2,2025-08-18 08:13:00,巡检,中,西南
TK003627,0.1831,low,0.5644,0.6764,0.7792,quality(0.50); equipment(0.40); cost(0.24),0,0,1,0.0,0,0.24054002556231524,0.5,0.4,2025-11-20 07:21:00,抢修,紧急,华东
TK003628,0.272,low,0.2756,0.4958,0.0584,quality(0.50); equipment(0.40); cost(0.37),0,0,1,0.25,0,0.372463497879999,0.5,0.4,2025-04-16 16:10:00,保养,中,西南
TK003629,0.0974,low,0.0573,0.0693,0.0109,cost(0.34); equipment(0.20),0,0,1,0.0,0,0.33710528223906033,0.0,0.2,2025-03-24 09:49:00,抢修,中,华中
TK003630,0.2888,low,0.6898,0.8307,0.8926,quality(1.00); equipment(0.40); compliance(0.25),0,0,1,0.25,0,0.08170085662759241,1.0,0.4,2025-12-16 17:27:00,保养,中,华东
TK003631,0.1421,low,0.0828,0.1081,0.0068,compliance(0.25); cost(0.25); equipment(0.20),0,0,1,0.25,0,0.24822570279994183,0.0,0.2,2025-07-26 18:56:00,巡检,中,西南
TK003632,0.108,low,0.2494,0.3704,0.2496,compliance(0.25); cost(0.23),0,0,1,0.25,0,0.2276445946119775,0.0,0.0,2025-05-24 09:26:00,巡检,中,华中
TK003633,0.1656,low,0.0751,0.0641,0.0085,equipment(0.40); compliance(0.25); cost(0.22),0,0,1,0.25,0,0.2154815685928959,0.0,0.4,2025-06-13 19:15:00,巡检,高,西北
TK003634,0.1664,low,0.0606,0.0285,0.0021,compliance(0.50); equipment(0.20),0,0,1,0.5,0,0.057222108074789446,0.0,0.2,2025-11-11 19:17:00,巡检,高,华中
TK003635,0.2134,low,0.2704,0.5208,0.069,compliance(0.50); equipment(0.40); cost(0.14),0,0,1,0.5,0,0.142144516683262,0.0,0.4,2025-10-28 17:56:00,改造,中,华东
TK003636,0.0563,low,0.0555,0.073,0.0372,equipment(0.20); cost(0.13),0,0,1,0.0,0,0.13161694044361283,0.0,0.2,2025-07-01 13:07:00,抢修,低,华北
TK003637,0.2315,low,0.1381,0.1152,0.081,equipment(0.60); cost(0.40); compliance(0.25),0,0,1,0.25,0,0.3950762769969146,0.0,0.6,2025-01-16 13:22:00,抢修,紧急,华中
TK003638,0.1281,low,0.0765,0.0936,0.0152,equipment(0.60); cost(0.19),0,0,1,0.0,0,0.19027932217565258,0.0,0.6,2025-09-22 08:03:00,巡检,中,华东
TK003639,0.1852,low,0.2131,0.3647,0.0855,quality(0.50); cost(0.40); equipment(0.20),0,0,1,0.0,0,0.400887402646284,0.5,0.2,2025-10-22 10:31:00,抢修,中,华中
TK003640,0.1044,low,0.0446,0.0339,0.0039,equipment(0.40); cost(0.22),0,0,1,0.0,0,0.22215205401034044,0.0,0.4,2025-01-26 07:53:00,抢修,低,华中
TK003641,0.1512,low,0.0615,0.041,0.005,equipment(0.40); cost(0.27); quality(0.25),0,0,1,0.0,0,0.2685688555276323,0.25,0.4,2025-01-02 11:21:00,抢修,中,华北
TK003642,0.3826,low,0.7646,0.9509,0.9056,equipment(0.80); compliance(0.75); cost(0.38),0,0,1,0.75,0,0.3753770547364854,0.0,0.8,2025-05-13 07:19:00,保养,中,华东
TK003643,0.1538,low,0.3527,0.5693,0.3066,quality(0.50); compliance(0.25),0,0,1,0.25,0,0.08155616819453981,0.5,0.0,2025-12-12 14:03:00,巡检,低,西北
TK003644,0.3253,low,0.1219,0.0381,0.0314,compliance(0.75); equipment(0.40); cost(0.39),0,0,1,0.75,0,0.38897207313962,0.0,0.4,2025-04-03 15:41:00,巡检,中,华南
TK003645,0.1468,low,0.0738,0.0511,0.0338,equipment(0.40); compliance(0.25); cost(0.12),0,0,1,0.25,0,0.1215208489374614,0.0,0.4,2025-04-19 15:19:00,抢修,高,华北
TK003646,0.0934,low,0.059,0.0752,0.0132,cost(0.32); equipment(0.20),0,0,1,0.0,0,0.31697234002102914,0.0,0.2,2025-01-12 08:38:00,巡检,低,华南
TK003647,0.0581,low,0.0323,0.0302,0.0124,quality(0.25); cost(0.10),0,0,1,0.0,0,0.10312357564122043,0.25,0.0,2025-05-17 08:09:00,保养,中,西北
TK003648,0.1275,low,0.0891,0.1353,0.01,cost(0.33); compliance(0.25),0,0,1,0.25,0,0.32512847303270465,0.0,0.0,2025-02-16 13:51:00,抢修,高,华南
TK003649,0.0759,low,0.0551,0.0871,0.0053,cost(0.23); equipment(0.20),0,0,1,0.0,0,0.22937307643661198,0.0,0.2,2025-04-18 18:49:00,保养,中,华东
TK003650,0.1311,low,0.0633,0.0606,0.0079,equipment(0.80),0,0,1,0.0,0,0.0555704428217324,0.0,0.8,2025-03-12 13:38:00,抢修,中,华中
TK003651,0.1032,low,0.0419,0.0306,0.0007,compliance(0.25); cost(0.20),0,0,1,0.25,0,0.20328234947120039,0.0,0.0,2025-07-28 07:16:00,巡检,中,华南
TK003652,0.2646,low,0.6042,0.8171,0.6823,compliance(0.75); equipment(0.40),0,0,1,0.75,0,0.08546842894239448,0.0,0.4,2025-05-22 09:35:00,改造,高,华北
TK003653,0.3963,low,0.6859,0.8612,0.7587,compliance(0.75); quality(0.50); equipment(0.40),0,0,1,0.75,0,0.3692130981583148,0.5,0.4,2025-11-08 19:32:00,抢修,高,西南
TK003654,0.1117,low,0.0471,0.0384,0.0004,equipment(0.40); quality(0.25),0,0,1,0.0,0,0.07096397928116727,0.25,0.4,2025-11-05 12:03:00,保养,中,华东
TK003655,0.2991,low,0.6886,0.935,0.776,quality(1.00); equipment(0.80); cost(0.15),0,0,1,0.0,0,0.14548711550505355,1.0,0.8,2025-09-23 20:02:00,保养,中,华中
TK003656,0.0931,low,0.0981,0.0995,0.101,quality(0.25); equipment(0.20); cost(0.13),0,0,1,0.0,0,0.12776786972856025,0.25,0.2,2025-03-31 07:30:00,巡检,紧急,华北
TK003657,0.2861,low,0.4182,0.5442,0.4054,compliance(0.75); quality(0.50); cost(0.12),0,0,1,0.75,0,0.11812462197502072,0.5,0.0,2025-05-11 18:19:00,保养,紧急,西南
TK003658,0.2905,low,0.0969,0.0249,0.0029,compliance(0.50); equipment(0.40); cost(0.34),0,0,1,0.5,0,0.3397842188734588,0.25,0.4,2025-07-30 12:39:00,抢修,中,西北
TK003659,0.1097,low,0.037,0.0087,0.0029,equipment(0.60),0,0,1,0.0,0,0.09865865996540579,0.0,0.6,2025-06-16 11:17:00,巡检,中,西南
TK003660,0.0607,low,0.0321,0.0384,0.0013,equipment(0.20); cost(0.15),0,0,1,0.0,0,0.1533219406468822,0.0,0.2,2025-04-30 13:16:00,巡检,紧急,西南
TK003661,0.0122,low,0.012,0.0209,0.0028,,0,0,1,0.0,0,0.060950673055879534,0.0,0.0,2025-12-30 14:35:00,改造,高,西北
TK003662,0.2595,low,0.2114,0.2366,0.1451,compliance(0.75); equipment(0.40),0,0,1,0.75,0,0.05997535153480049,0.0,0.4,2025-01-24 10:02:00,巡检,高,西北
TK003663,0.1833,low,0.0573,0.0058,0.0008,compliance(0.50); cost(0.29),0,0,1,0.5,0,0.2913489759368425,0.0,0.0,2025-05-18 14:53:00,抢修,中,华北
TK003664,0.1631,low,0.1041,0.0697,0.0878,quality(0.75); equipment(0.20); cost(0.10),0,0,1,0.0,0,0.10277939274665138,0.75,0.2,2025-12-17 10:28:00,保养,中,华南
TK003665,0.1488,low,0.0648,0.0529,0.0046,quality(0.50); cost(0.22); equipment(0.20),0,0,1,0.0,0,0.2190939134340809,0.5,0.2,2025-09-24 15:45:00,改造,中,西北
TK003666,0.1425,low,0.54,0.6636,0.7572,equipment(0.40); compliance(0.25); cost(0.10),0,0,1,0.25,0,0.10004012853770983,0.0,0.4,2025-08-03 13:15:00,抢修,紧急,华东
TK003667,0.3719,low,0.5207,0.4475,0.7215,equipment(1.00); compliance(0.50); cost(0.30),0,0,1,0.5,0,0.2968805910229445,0.25,1.0,2025-03-30 09:11:00,巡检,紧急,华南
TK003668,0.2396,low,0.1182,0.1185,0.0137,compliance(0.75); equipment(0.20); cost(0.11),0,0,1,0.75,0,0.11054958938723947,0.0,0.2,2025-08-06 08:43:00,抢修,紧急,西北
TK003669,0.1561,low,0.2667,0.4656,0.1627,equipment(0.40); compliance(0.25); cost(0.17),0,0,1,0.25,0,0.16804903984487396,0.0,0.4,2025-05-11 15:02:00,抢修,中,西南
TK003670,0.0759,low,0.0759,0.1026,0.0491,equipment(0.40),0,0,1,0.0,0,0.07925219369636449,0.0,0.4,2025-11-29 13:04:00,抢修,中,华中
TK003671,0.1108,low,0.0763,0.1079,0.0152,compliance(0.25); cost(0.24),0,0,1,0.25,0,0.24159236615628876,0.0,0.0,2025-10-11 17:05:00,抢修,中,西南
TK003672,0.1977,low,0.1122,0.1125,0.0386,compliance(0.50); equipment(0.40),0,0,1,0.5,0,0.06351009457830303,0.0,0.4,2025-12-29 18:09:00,巡检,中,西北
TK003673,0.1549,low,0.4869,0.5854,0.6731,quality(0.75); equipment(0.20),0,0,1,0.0,0,0.062139133428416815,0.75,0.2,2025-07-08 18:55:00,保养,高,华北
TK003674,0.1048,low,0.0882,0.1024,0.0598,equipment(0.60),0,0,1,0.0,0,0.07404124222762143,0.0,0.6,2025-12-13 12:40:00,保养,高,华南
TK003675,0.0755,low,0.045,0.028,0.0358,compliance(0.25),0,0,1,0.25,0,0.06507381196362239,0.0,0.0,2025-06-06 17:29:00,巡检,低,华北
TK003676,0.1249,low,0.0648,0.0661,0.0119,cost(0.31); compliance(0.25),0,0,1,0.25,0,0.3117710158941197,0.0,0.0,2025-08-10 16:11:00,巡检,中,华北
TK003677,0.1474,low,0.1327,0.1778,0.075,compliance(0.25); quality(0.25); cost(0.24),0,0,1,0.25,0,0.2369272617863415,0.25,0.0,2025-10-11 10:23:00,巡检,中,华东
TK003678,0.2128,low,0.0857,0.0563,0.0062,compliance(0.75); cost(0.13),0,0,1,0.75,0,0.12627732417502935,0.0,0.0,2025-03-25 11:19:00,巡检,高,华北
TK003679,0.1506,low,0.1425,0.2696,0.0085,equipment(0.40); compliance(0.25); cost(0.14),0,0,1,0.25,0,0.140342128486165,0.0,0.4,2025-06-24 16:41:00,巡检,中,西北
TK003680,0.1932,low,0.3536,0.5388,0.3058,compliance(0.50); quality(0.25); cost(0.15),0,0,1,0.5,0,0.15355677105728172,0.25,0.0,2025-09-24 19:36:00,保养,高,西南
TK003681,0.1192,low,0.046,0.0221,0.0071,cost(0.41); quality(0.25),0,0,1,0.0,0,0.408585272768091,0.25,0.0,2025-09-29 08:24:00,抢修,高,华中
TK003682,0.0741,low,0.0353,0.0275,0.0097,equipment(0.40),0,0,1,0.0,0,0.07063953652041233,0.0,0.4,2025-03-26 12:18:00,巡检,中,华南
TK003683,0.1789,low,0.3188,0.4838,0.2737,compliance(0.50); equipment(0.20); cost(0.12),0,0,1,0.5,0,0.11973544620269594,0.0,0.2,2025-02-26 08:04:00,保养,低,华中
TK003684,0.0182,low,0.024,0.0361,0.0168,,0,0,1,0.0,0,0.09079331181884875,0.0,0.0,2025-09-21 16:32:00,改造,紧急,华中
TK003685,0.0807,low,0.0329,0.0177,0.007,cost(0.25); equipment(0.20),0,0,1,0.0,0,0.25366323753145925,0.0,0.2,2025-06-06 11:40:00,巡检,低,西北
TK003686,0.1347,low,0.1268,0.2081,0.0387,cost(0.36); compliance(0.25),0,0,1,0.25,0,0.3608185792036118,0.0,0.0,2025-02-06 09:36:00,保养,中,华中
TK003687,0.2341,low,0.6395,0.899,0.7276,quality(0.50); equipment(0.40); compliance(0.25),0,0,1,0.25,0,0.18298424934517998,0.5,0.4,2025-03-01 07:10:00,抢修,高,华北
TK003688,0.1413,low,0.1661,0.1717,0.1817,equipment(0.40); compliance(0.25),0,0,1,0.25,0,0.0938766709788702,0.0,0.4,2025-10-05 08:48:00,抢修,高,西北
TK003689,0.0529,low,0.0342,0.0438,0.0085,cost(0.26),0,0,1,0.0,0,0.26452157873415105,0.0,0.0,2025-04-25 07:02:00,抢修,中,华北
TK003690,0.1557,low,0.0777,0.0533,0.0353,equipment(0.80); cost(0.18),0,0,1,0.0,0,0.1783682815534945,0.0,0.8,2025-01-24 18:33:00,保养,低,西北
TK003691,0.2738,low,0.3717,0.5428,0.2846,quality(0.75); compliance(0.50); cost(0.18),0,0,1,0.5,0,0.18146021866914663,0.75,0.0,2025-07-19 07:33:00,巡检,中,西南
TK003692,0.1123,low,0.1199,0.2415,0.0048,equipment(0.60); cost(0.11),0,0,1,0.0,0,0.11136552678062406,0.0,0.6,2025-12-02 14:54:00,保养,中,西南
TK003693,0.1489,low,0.2837,0.4641,0.2188,compliance(0.25); quality(0.25); equipment(0.20),0,0,1,0.25,0,0.09435761748113103,0.25,0.2,2025-04-26 15:57:00,巡检,中,华中
TK003694,0.0648,low,0.036,0.0346,0.0128,cost(0.32),0,0,1,0.0,0,0.32413910768618304,0.0,0.0,2025-04-20 11:18:00,巡检,中,华东
TK003695,0.1626,low,0.1293,0.1708,0.0593,equipment(0.60); quality(0.25); cost(0.18),0,0,1,0.0,0,0.17574472579874967,0.25,0.6,2025-03-18 20:17:00,改造,高,华东
TK003696,0.2434,low,0.0764,0.0066,0.0032,equipment(0.60); compliance(0.50); cost(0.14),0,0,1,0.5,0,0.14220086055121073,0.0,0.6,2025-06-20 11:40:00,巡检,中,西北
TK003697,0.1661,low,0.1184,0.1878,0.0081,compliance(0.25); quality(0.25); equipment(0.20),0,0,1,0.25,0,0.18074016962220507,0.25,0.2,2025-03-24 15:45:00,巡检,高,西南
TK003698,0.0891,low,0.0485,0.0396,0.0226,quality(0.50),0,0,1,0.0,0,0.07071181594430886,0.5,0.0,2025-01-31 19:26:00,抢修,中,华东
TK003699,0.145,low,0.2329,0.2959,0.2452,cost(0.26); compliance(0.25); equipment(0.20),0,0,1,0.25,0,0.2625599689229873,0.0,0.2,2025-02-12 08:05:00,巡检,低,华中
TK003700,0.1108,low,0.0386,0.0138,0.0015,cost(0.40); equipment(0.20),0,0,1,0.0,0,0.4040809186042813,0.0,0.2,2025-11-13 17:58:00,保养,中,西北
TK003701,0.0577,low,0.0603,0.1002,0.0227,equipment(0.20); cost(0.14),0,0,1,0.0,0,0.13857404262601536,0.0,0.2,2025-03-03 12:30:00,保养,中,华南
TK003702,0.2201,low,0.5119,0.8287,0.4453,compliance(0.50); equipment(0.40); cost(0.18),0,0,1,0.5,0,0.17542146189735608,0.0,0.4,2025-07-14 08:55:00,抢修,高,西南
TK003703,0.2006,low,0.2171,0.292,0.1564,quality(0.75); equipment(0.40); cost(0.14),0,0,1,0.0,0,0.14039542365467983,0.75,0.4,2025-04-05 10:05:00,抢修,紧急,华中
TK003704,0.2736,low,0.1436,0.1435,0.0324,compliance(0.50); cost(0.41); quality(0.25),0,0,1,0.5,0,0.40564956504646066,0.25,0.2,2025-04-09 10:07:00,抢修,高,华南
TK003705,0.3378,low,0.2221,0.3303,0.0147,compliance(0.75); quality(0.50); equipment(0.40),0,0,1,0.75,0,0.07645864740212249,0.5,0.4,2025-10-26 18:58:00,巡检,中,西南
TK003706,0.0736,low,0.1068,0.2398,0.0023,compliance(0.25),0,0,1,0.25,0,0.05563076100993014,0.0,0.0,2025-07-13 10:47:00,改造,中,华南
TK003707,0.0705,low,0.0774,0.1437,0.0169,quality(0.25); cost(0.16),0,0,1,0.0,0,0.16477475398140962,0.25,0.0,2025-08-08 20:14:00,保养,中,华东
TK003708,0.0797,low,0.0394,0.0265,0.0178,equipment(0.40),0,0,1,0.0,0,0.09838820558147576,0.0,0.4,2025-11-17 10:18:00,改造,低,华中
TK003709,0.2708,low,0.654,0.8435,0.7931,quality(1.00); compliance(0.25); equipment(0.20),0,0,1,0.25,0,0.1416622879755669,1.0,0.2,2025-02-16 18:40:00,巡检,高,华东
TK003710,0.0843,low,0.0369,0.0321,0.0011,compliance(0.25); cost(0.11),0,0,1,0.25,0,0.10910219577877878,0.0,0.0,2025-12-17 07:11:00,改造,低,华北
TK003711,0.1783,low,0.5647,0.7574,0.7033,equipment(0.40); cost(0.28); compliance(0.25),0,0,1,0.25,0,0.27916503838332984,0.0,0.4,2025-02-22 09:43:00,保养,紧急,西北
TK003712,0.2385,low,0.6472,0.9487,0.6959,quality(0.50); equipment(0.40); compliance(0.25),0,0,1,0.25,0,0.20487582176771368,0.5,0.4,2025-07-02 12:07:00,抢修,中,华南
TK003713,0.295,low,0.7608,0.9862,0.9346,quality(1.00); cost(0.26); compliance(0.25),0,0,1,0.25,0,0.2626652734524394,1.0,0.2,2025-09-01 10:35:00,保养,紧急,西南
TK003714,0.1026,low,0.0341,0.0057,0.0039,equipment(0.40); cost(0.21),0,0,1,0.0,0,0.21304320497811857,0.0,0.4,2025-08-19 19:22:00,抢修,低,西北
TK003715,0.1679,low,0.2927,0.4021,0.2903,cost(0.38); compliance(0.25); equipment(0.20),0,0,1,0.25,0,0.3768066582708208,0.0,0.2,2025-08-23 13:28:00,巡检,低,华南
TK003716,0.1223,low,0.0969,0.1474,0.0247,cost(0.27); quality(0.25); equipment(0.20),0,0,1,0.0,0,0.2738827010440743,0.25,0.2,2025-01-14 12:07:00,保养,紧急,西南
TK003717,0.1694,low,0.2272,0.4376,0.0664,quality(0.50); compliance(0.25); cost(0.16),0,0,1,0.25,0,0.15926324025124128,0.5,0.0,2025-09-27 07:17:00,抢修,中,华中
TK003718,0.1578,low,0.0552,0.0153,0.0073,equipment(0.60); cost(0.34),0,0,1,0.0,0,0.3389503908247792,0.0,0.6,2025-04-08 07:16:00,抢修,中,华南
TK003719,0.2404,low,0.4064,0.6329,0.3222,compliance(0.50); quality(0.25); cost(0.24),0,0,1,0.5,0,0.23955404854389772,0.25,0.2,2025-03-11 10:27:00,巡检,高,西北
TK003720,0.29,low,0.4122,0.5963,0.3329,cost(1.00); equipment(0.60),0,0,1,0.0,0,1.0,0.0,0.6,2025-01-30 16:14:00,抢修,中,华北
TK003721,0.2209,low,0.3754,0.4606,0.4225,equipment(0.80); compliance(0.25); cost(0.19),0,0,1,0.25,0,0.1918784016730004,0.0,0.8,2025-06-10 19:46:00,改造,中,西北
TK003722,0.1645,low,0.3856,0.7508,0.2098,quality(0.50); equipment(0.40); cost(0.15),0,0,1,0.0,0,0.1476400743114078,0.5,0.4,2025-11-05 10:07:00,抢修,高,西北
TK003723,0.0794,low,0.0639,0.1126,0.0018,compliance(0.25),0,0,1,0.25,0,0.08470472094159565,0.0,0.0,2025-11-22 17:54:00,保养,高,西北
TK003724,0.1343,low,0.0458,0.0151,0.0007,equipment(0.60); cost(0.22),0,0,1,0.0,0,0.22141414470469412,0.0,0.6,2025-08-16 14:30:00,巡检,中,华北
TK003725,0.2122,low,0.2583,0.3191,0.2371,compliance(0.50); equipment(0.40); cost(0.14),0,0,1,0.5,0,0.13590127273325225,0.0,0.4,2025-05-08 09:38:00,巡检,低,华中
TK003726,0.3325,low,0.7803,0.9901,0.9544,quality(0.75); equipment(0.60); cost(0.34),0,0,1,0.25,0,0.3375047627034289,0.75,0.6,2025-08-30 14:13:00,巡检,中,华北
TK003727,0.2993,low,0.1941,0.2426,0.0554,compliance(0.75); equipment(0.60); cost(0.11),0,0,1,0.75,0,0.10920064711494593,0.0,0.6,2025-01-08 20:04:00,保养,中,西北
TK003728,0.2744,low,0.2941,0.5176,0.0874,equipment(0.80); quality(0.75); cost(0.21),0,0,1,0.0,0,0.2094355933462554,0.75,0.8,2025-05-21 12:15:00,保养,中,华北
TK003729,0.1605,low,0.1125,0.1355,0.0484,equipment(0.60); quality(0.25); cost(0.16),0,0,1,0.0,0,0.1648995054985315,0.25,0.6,2025-05-24 09:29:00,保养,高,西北
TK003730,0.0746,low,0.0289,0.0149,0.0036,cost(0.37),0,0,1,0.0,0,0.3728794709057477,0.0,0.0,2025-07-09 17:42:00,巡检,中,华北
TK003731,0.1398,low,0.0532,0.0312,0.0011,equipment(0.40); cost(0.40),0,0,1,0.0,0,0.3991716092348414,0.0,0.4,2025-07-07 15:25:00,抢修,高,西南
TK003732,0.2194,low,0.2072,0.2823,0.1217,quality(0.75); compliance(0.25); equipment(0.20),0,0,1,0.25,0,0.07177433017886092,0.75,0.2,2025-01-12 18:59:00,保养,中,华中
TK003733,0.0468,low,0.042,0.0587,0.0211,cost(0.23),0,0,1,0.0,0,0.234133264627578,0.0,0.0,2025-07-07 17:45:00,保养,高,华南
TK003734,0.0614,low,0.0229,0.0114,0.0015,quality(0.25); cost(0.12),0,0,1,0.0,0,0.11925087674684043,0.25,0.0,2025-12-01 08:24:00,保养,中,华北
TK003735,0.3141,low,0.2001,0.2445,0.0581,equipment(1.00); compliance(0.50); cost(0.20),0,0,1,0.5,0,0.19564423140157694,0.0,1.0,2025-02-07 20:07:00,抢修,高,华北
TK003736,0.1223,low,0.0723,0.0991,0.0026,compliance(0.25); quality(0.25); cost(0.11),0,0,1,0.25,0,0.11153898965185804,0.25,0.0,2025-09-12 19:18:00,抢修,低,华东
TK003737,0.1031,low,0.0362,0.0145,0.0005,cost(0.33); quality(0.25),0,0,1,0.0,0,0.3278881803351624,0.25,0.0,2025-11-23 20:42:00,保养,中,华南
TK003738,0.1806,low,0.0714,0.0458,0.0034,cost(0.40); compliance(0.25); quality(0.25),0,0,1,0.25,0,0.40321996303142327,0.25,0.0,2025-12-12 16:49:00,改造,高,华东
TK003739,0.0946,low,0.0507,0.0353,0.0284,cost(0.32); equipment(0.20),0,0,1,0.0,0,0.32285922331620687,0.0,0.2,2025-03-26 17:21:00,抢修,中,西北
TK003740,0.0125,low,0.0236,0.0375,0.0192,,0,0,1,0.0,0,0.06274985044717163,0.0,0.0,2025-12-16 14:11:00,改造,中,华中
TK003741,0.1248,low,0.1877,0.4113,0.0181,equipment(0.60); cost(0.17),0,0,1,0.0,0,0.17390234230785007,0.0,0.6,2025-06-21 20:21:00,抢修,高,华东
TK003742,0.202,low,0.0822,0.0385,0.0231,compliance(0.50); equipment(0.40),0,0,1,0.5,0,0.08480207298347031,0.0,0.4,2025-10-05 07:17:00,保养,高,华南
TK003743,0.2412,low,0.3461,0.6772,0.1049,equipment(0.60); cost(0.26); compliance(0.25),0,0,1,0.25,0,0.25587080613694935,0.25,0.6,2025-03-22 11:19:00,巡检,低,西北
TK003744,0.0906,low,0.0333,0.0166,0.0008,cost(0.30); equipment(0.20),0,0,1,0.0,0,0.302962401809329,0.0,0.2,2025-07-13 07:14:00,改造,高,华北
TK003745,0.3381,low,0.2334,0.3408,0.0364,compliance(0.75); equipment(0.40); cost(0.27),0,0,1,0.75,0,0.26556091544306226,0.25,0.4,2025-08-20 09:29:00,保养,中,华南
TK003746,0.0986,low,0.0488,0.0449,0.01,cost(0.34); equipment(0.20),0,0,1,0.0,0,0.34321587867975023,0.0,0.2,2025-11-10 08:58:00,保养,中,华北
TK003747,0.146,low,0.1931,0.4078,0.0188,compliance(0.25); quality(0.25); equipment(0.20),0,0,1,0.25,0,0.08018284951618293,0.25,0.2,2025-06-16 20:24:00,抢修,中,华中
TK003748,0.1989,low,0.2034,0.3505,0.0603,compliance(0.50); cost(0.37),0,0,1,0.5,0,0.36952248341387506,0.0,0.0,2025-01-19 09:24:00,抢修,中,华中
TK003749,0.1483,low,0.4588,0.6192,0.5646,compliance(0.50); cost(0.12),0,0,1,0.5,0,0.11659603791152873,0.0,0.0,2025-03-15 20:54:00,巡检,紧急,华中
TK003750,0.3041,low,0.6552,0.8055,0.8058,equipment(0.80); quality(0.50); compliance(0.25),0,0,1,0.25,0,0.2331224357040843,0.5,0.8,2025-06-29 11:48:00,保养,高,西南
TK003751,0.2119,low,0.2806,0.2628,0.3572,quality(0.75); equipment(0.40); cost(0.20),0,0,1,0.0,0,0.19719135384198405,0.75,0.4,2025-05-31 09:23:00,抢修,低,西南
TK003752,0.2191,low,0.5865,0.7783,0.7096,quality(0.75); equipment(0.40); cost(0.23),0,0,1,0.0,0,0.23317288153066262,0.75,0.4,2025-08-24 15:48:00,巡检,高,西南
TK003753,0.1122,low,0.0852,0.1101,0.0371,compliance(0.25); equipment(0.20),0,0,1,0.25,0,0.09847633261857303,0.0,0.2,2025-07-05 17:20:00,巡检,高,西北
TK003754,0.0631,low,0.0372,0.0393,0.0128,cost(0.32),0,0,1,0.0,0,0.31546347714651857,0.0,0.0,2025-05-25 19:35:00,抢修,高,华东
TK003755,0.3177,low,0.381,0.4917,0.3245,compliance(0.75); equipment(0.60); cost(0.20),0,0,1,0.75,0,0.20114289518652495,0.0,0.6,2025-09-02 17:53:00,巡检,低,西北
TK003756,0.2124,low,0.6592,0.7894,0.9119,compliance(0.50); equipment(0.40); cost(0.14),0,0,1,0.5,0,0.1371157997329444,0.0,0.4,2025-11-15 07:26:00,保养,高,华北
TK003757,0.1687,low,0.1603,0.1225,0.1908,equipment(1.00),0,0,1,0.0,0,0.09328534245076392,0.0,1.0,2025-06-23 14:38:00,巡检,中,华南
TK003758,0.1137,low,0.0851,0.0962,0.0496,equipment(0.40); cost(0.27),0,0,1,0.0,0,0.2683239098552761,0.0,0.4,2025-10-12 20:09:00,抢修,中,华南
TK003759,0.1671,low,0.0759,0.0682,0.0054,cost(0.37); compliance(0.25); equipment(0.20),0,0,1,0.25,0,0.37283270114481504,0.0,0.2,2025-02-23 10:06:00,巡检,高,华北
TK003760,0.1552,low,0.0708,0.0665,0.0029,equipment(0.40); cost(0.29); quality(0.25),0,0,1,0.0,0,0.28874992066438054,0.25,0.4,2025-06-09 14:25:00,保养,中,华中
TK003761,0.2826,low,0.3516,0.7167,0.0455,quality(0.75); cost(0.39); compliance(0.25),0,0,1,0.25,0,0.38797613462338554,0.75,0.2,2025-09-12 19:32:00,巡检,低,西南
TK003762,0.2998,low,0.3865,0.4377,0.4096,compliance(0.75); equipment(0.60); cost(0.11),0,0,1,0.75,0,0.11132877117832451,0.0,0.6,2025-12-25 16:16:00,保养,中,西南
TK003763,0.1688,low,0.0696,0.027,0.0272,equipment(0.40); cost(0.36); quality(0.25),0,0,1,0.0,0,0.3566266484305084,0.25,0.4,2025-01-26 16:44:00,巡检,紧急,华中
TK003764,0.2322,low,0.3195,0.424,0.2897,equipment(0.60); cost(0.40); compliance(0.25),0,0,1,0.25,0,0.39871742104853325,0.0,0.6,2025-12-09 07:34:00,巡检,中,西南
TK003765,0.3042,low,0.6499,0.7237,0.8724,equipment(0.80); compliance(0.50); quality(0.25),0,0,1,0.5,0,0.10833127136429033,0.25,0.8,2025-10-26 17:42:00,抢修,高,华南
TK003766,0.3193,low,0.2756,0.2314,0.2824,compliance(0.75); equipment(0.40); cost(0.36),0,0,1,0.75,0,0.3589698142432337,0.0,0.4,2025-10-02 16:47:00,抢修,中,华北
TK003767,0.1906,low,0.0597,0.0064,0.0007,compliance(0.50); equipment(0.20); cost(0.18),0,0,1,0.5,0,0.17809502493925056,0.0,0.2,2025-01-02 09:44:00,巡检,高,华南
TK003768,0.1907,low,0.0926,0.0689,0.0323,equipment(0.40); compliance(0.25); quality(0.25),0,0,1,0.25,0,0.15335141094165528,0.25,0.4,2025-09-20 15:48:00,保养,中,西北
TK003769,0.2145,low,0.2675,0.5135,0.0669,quality(0.50); equipment(0.40); cost(0.40),0,0,1,0.0,0,0.3973340847024146,0.5,0.4,2025-08-21 07:29:00,保养,低,华东
TK003770,0.1326,low,0.058,0.0447,0.0075,equipment(0.40); cost(0.36),0,0,1,0.0,0,0.3628136774525934,0.0,0.4,2025-01-30 13:41:00,改造,高,西北
TK003771,0.11,low,0.102,0.157,0.0402,equipment(0.60),0,0,1,0.0,0,0.09977835448134542,0.0,0.6,2025-01-07 13:13:00,保养,中,华北
TK003772,0.0474,low,0.0329,0.0502,0.0031,cost(0.24),0,0,1,0.0,0,0.23717789363636665,0.0,0.0,2025-07-30 10:28:00,抢修,中,华中
TK003773,0.0809,low,0.0675,0.0841,0.0395,equipment(0.40); cost(0.10),0,0,1,0.0,0,0.10444416656956834,0.0,0.4,2025-06-25 19:19:00,保养,中,西南
TK003774,0.3341,low,0.7426,0.9283,0.907,equipment(0.60); compliance(0.50); cost(0.41),0,0,1,0.5,0,0.4078791808717238,0.25,0.6,2025-11-29 18:20:00,抢修,紧急,华南
TK003775,0.1945,low,0.2968,0.4735,0.2079,quality(0.50); cost(0.29); compliance(0.25),0,0,1,0.25,0,0.2850509142932711,0.5,0.0,2025-02-02 11:32:00,抢修,中,西北
TK003776,0.0709,low,0.0301,0.0233,0.0019,cost(0.35),0,0,1,0.0,0,0.35469252462480794,0.0,0.0,2025-09-30 07:37:00,抢修,紧急,华北
TK003777,0.3271,low,0.2823,0.2078,0.3184,compliance(0.75); equipment(0.40); cost(0.40),0,0,1,0.75,0,0.3981491552980644,0.0,0.4,2025-03-21 11:05:00,抢修,低,华北
TK003778,0.0937,low,0.0895,0.1201,0.0553,compliance(0.25); cost(0.16),0,0,1,0.25,0,0.1561880647967404,0.0,0.0,2025-11-07 16:10:00,抢修,中,华北
TK003779,0.1106,low,0.0635,0.0716,0.015,equipment(0.60); cost(0.10),0,0,1,0.0,0,0.10317968864892124,0.0,0.6,2025-07-21 19:39:00,保养,中,华中
TK003780,0.1053,low,0.0533,0.0591,0.0029,cost(0.38); equipment(0.20),0,0,1,0.0,0,0.37628236162021356,0.0,0.2,2025-05-14 18:22:00,改造,高,华南
TK003781,0.2027,low,0.4012,0.7094,0.2631,equipment(0.60); cost(0.25); compliance(0.25),0,0,1,0.25,0,0.2509600240669627,0.0,0.6,2025-11-19 14:35:00,巡检,中,华北
TK003782,0.1141,low,0.0603,0.0729,0.0016,equipment(0.60); cost(0.12),0,0,1,0.0,0,0.12052647145814854,0.0,0.6,2025-07-07 17:15:00,保养,紧急,华东
TK003783,0.1589,low,0.3029,0.6796,0.0495,quality(0.50); equipment(0.40); cost(0.12),0,0,1,0.0,0,0.11940588794296203,0.5,0.4,2025-10-15 17:06:00,抢修,中,华南
TK003784,0.1631,low,0.4636,0.7099,0.475,quality(0.50); equipment(0.40); cost(0.14),0,0,1,0.0,0,0.1405746858408332,0.5,0.4,2025-03-24 12:54:00,巡检,紧急,西北
TK003785,0.0831,low,0.1586,0.2283,0.1536,compliance(0.25); cost(0.10),0,0,1,0.25,0,0.10322548315972557,0.0,0.0,2025-02-04 17:10:00,巡检,高,华北
TK003786,0.101,low,0.0993,0.1601,0.0371,equipment(0.40); cost(0.20),0,0,1,0.0,0,0.20490902076769757,0.0,0.4,2025-03-04 07:55:00,抢修,紧急,西南
TK003787,0.076,low,0.0346,0.0257,0.008,cost(0.38),0,0,1,0.0,0,0.3798515354094677,0.0,0.0,2025-01-10 12:54:00,改造,低,华东
TK003788,0.2025,low,0.2373,0.335,0.1693,quality(1.00); equipment(0.20); cost(0.11),0,0,1,0.0,0,0.1127491080573868,1.0,0.2,2025-09-26 12:44:00,抢修,紧急,华南
TK003789,0.0452,low,0.0171,0.0096,0.0005,cost(0.23),0,0,1,0.0,0,0.2260375048078055,0.0,0.0,2025-07-25 14:02:00,改造,中,华南
TK003790,0.1967,low,0.157,0.1708,0.1091,equipment(0.40); compliance(0.25); quality(0.25),0,0,1,0.25,0,0.18341808007831828,0.25,0.4,2025-06-07 16:23:00,巡检,高,华南
TK003791,0.1314,low,0.0458,0.0143,0.0038,equipment(0.60); cost(0.21),0,0,1,0.0,0,0.20698306992449467,0.0,0.6,2025-11-21 16:27:00,巡检,低,华北
TK003792,0.1021,low,0.096,0.181,0.0058,cost(0.32); quality(0.25),0,0,1,0.0,0,0.3229841236682681,0.25,0.0,2025-02-18 08:46:00,巡检,中,西南
TK003793,0.2311,low,0.1162,0.1146,0.0192,compliance(0.50); quality(0.50); cost(0.16),0,0,1,0.5,0,0.15570437277097227,0.5,0.0,2025-10-26 13:42:00,保养,低,华东
TK003794,0.1075,low,0.1284,0.2483,0.0263,quality(0.25); equipment(0.20); cost(0.20),0,0,1,0.0,0,0.19998737217918872,0.25,0.2,2025-10-29 14:06:00,抢修,低,西北
TK003795,0.2702,low,0.3866,0.573,0.3001,equipment(0.80); compliance(0.50); cost(0.13),0,0,1,0.5,0,0.12604022361737455,0.0,0.8,2025-09-06 08:01:00,抢修,低,华东
TK003796,0.1569,low,0.369,0.5164,0.4033,equipment(0.40); cost(0.30); quality(0.25),0,0,1,0.0,0,0.29687949229038546,0.25,0.4,2025-09-12 20:36:00,抢修,中,华南
TK003797,0.0962,low,0.1566,0.3073,0.0576,compliance(0.25); cost(0.17),0,0,1,0.25,0,0.1683142524165353,0.0,0.0,2025-05-19 15:56:00,抢修,高,华北
TK003798,0.072,low,0.0243,0.0072,0.0005,cost(0.36),0,0,1,0.0,0,0.3600633867208717,0.0,0.0,2025-01-19 12:33:00,巡检,高,西南
TK003799,0.1317,low,0.2401,0.3386,0.2345,compliance(0.25); equipment(0.20); cost(0.20),0,0,1,0.25,0,0.19609131968397342,0.0,0.2,2025-12-08 19:22:00,巡检,紧急,华北
TK003800,0.1748,low,0.0626,0.0238,0.0051,compliance(0.50); equipment(0.20),0,0,1,0.5,0,0.09918712759400039,0.0,0.2,2025-03-18 11:50:00,保养,高,华中
TK003801,0.1723,low,0.2178,0.2609,0.2137,equipment(0.40); compliance(0.25); cost(0.25),0,0,1,0.25,0,0.2491012036056064,0.0,0.4,2025-03-28 19:15:00,巡检,低,华东
TK003802,0.2425,low,0.5855,0.6727,0.7923,quality(1.00); cost(0.31); equipment(0.20),0,0,1,0.0,0,0.31270437566702236,1.0,0.2,2025-11-28 08:21:00,巡检,中,西北
TK003803,0.0528,low,0.0722,0.1275,0.0336,equipment(0.20); cost(0.11),0,0,1,0.0,0,0.1142393281036469,0.0,0.2,2025-04-15 19:13:00,保养,低,华南
TK003804,0.1096,low,0.0527,0.0436,0.0129,equipment(0.40); cost(0.25),0,0,1,0.0,0,0.24801747733721713,0.0,0.4,2025-06-23 18:52:00,巡检,中,西南
TK003805,0.1535,low,0.1799,0.2438,0.1386,compliance(0.50); cost(0.14),0,0,1,0.5,0,0.14266306116104022,0.0,0.0,2025-01-26 12:15:00,巡检,中,华北
TK003806,0.1754,low,0.3106,0.2797,0.4574,equipment(0.40); cost(0.26); compliance(0.25),0,0,1,0.25,0,0.2645334158617433,0.0,0.4,2025-09-27 09:20:00,巡检,中,西南
TK003807,0.0646,low,0.0808,0.1672,0.0082,equipment(0.20); cost(0.17),0,0,1,0.0,0,0.17280713086164579,0.0,0.2,2025-05-14 19:44:00,保养,中,华中
TK003808,0.1246,low,0.1064,0.1826,0.0145,equipment(0.40); quality(0.25); cost(0.14),0,0,1,0.0,0,0.13554526386914234,0.25,0.4,2025-01-31 19:27:00,改造,中,华中
TK003809,0.1706,low,0.2483,0.3721,0.191,equipment(0.60); quality(0.25); cost(0.22),0,0,1,0.0,0,0.21558522986742013,0.25,0.6,2025-05-04 07:11:00,巡检,高,华中
TK003810,0.072,low,0.0464,0.0612,0.0097,cost(0.21); equipment(0.20),0,0,1,0.0,0,0.2099385166160791,0.0,0.2,2025-04-26 11:28:00,抢修,紧急,华北
TK003811,0.1029,low,0.0584,0.041,0.0378,cost(0.36); equipment(0.20),0,0,1,0.0,0,0.3643233075643165,0.0,0.2,2025-11-30 10:12:00,抢修,中,华中
TK003812,0.2834,low,0.1075,0.0477,0.0166,compliance(0.50); equipment(0.40); cost(0.30),0,0,1,0.5,0,0.3047370761084839,0.25,0.4,2025-10-11 09:29:00,巡检,高,华中
TK003813,0.0866,low,0.0742,0.1216,0.0162,cost(0.28); equipment(0.20),0,0,1,0.0,0,0.28308555702452587,0.0,0.2,2025-08-24 11:37:00,保养,中,华中
TK003814,0.2199,low,0.234,0.3928,0.0873,compliance(0.50); cost(0.32); equipment(0.20),0,0,1,0.5,0,0.3242585804731756,0.0,0.2,2025-08-14 20:05:00,巡检,高,华东
TK003815,0.087,low,0.049,0.0502,0.0153,quality(0.50),0,0,1,0.0,0,0.059836438276808956,0.5,0.0,2025-08-06 15:09:00,改造,高,华北
TK003816,0.1763,low,0.2364,0.3853,0.1389,quality(0.50); equipment(0.40); cost(0.21),0,0,1,0.0,0,0.20638428784654317,0.5,0.4,2025-05-10 19:49:00,保养,中,华北
TK003817,0.1823,low,0.3654,0.5981,0.2897,quality(0.50); compliance(0.25); equipment(0.20),0,0,1,0.25,0,0.07387456782621182,0.5,0.2,2025-10-18 11:43:00,抢修,高,华中
TK003818,0.203,low,0.1096,0.1361,0.003,compliance(0.75),0,0,1,0.75,0,0.07739793207732237,0.0,0.0,2025-03-12 16:18:00,保养,低,西北
TK003819,0.2007,low,0.087,0.0688,0.0078,compliance(0.50); equipment(0.40),0,0,1,0.5,0,0.07862561356537257,0.0,0.4,2025-12-27 19:51:00,抢修,低,华南
TK003820,0.1789,low,0.2613,0.5611,0.032,equipment(0.60); quality(0.50),0,0,1,0.0,0,0.06933102668491165,0.5,0.6,2025-07-30 11:44:00,保养,紧急,华东
TK003821,0.3367,low,0.3957,0.485,0.3569,compliance(1.00); equipment(0.40); cost(0.13),0,0,1,1.0,0,0.13366345706973182,0.0,0.4,2025-04-05 13:23:00,保养,高,华南
TK003822,0.1437,low,0.1023,0.1126,0.0565,cost(0.26); compliance(0.25); equipment(0.20),0,0,1,0.25,0,0.2557909591548736,0.0,0.2,2025-11-02 16:05:00,巡检,低,西北
TK003823,0.1493,low,0.4114,0.748,0.2995,equipment(0.40); compliance(0.25); cost(0.13),0,0,1,0.25,0,0.1341170206472223,0.0,0.4,2025-06-18 08:04:00,巡检,低,华中
TK003824,0.2089,low,0.1339,0.1402,0.0632,quality(0.75); equipment(0.40); cost(0.18),0,0,1,0.0,0,0.18191126984454686,0.75,0.4,2025-10-22 10:40:00,巡检,中,西南
TK003825,0.1952,low,0.195,0.2002,0.1895,quality(0.50); equipment(0.40); cost(0.30),0,0,1,0.0,0,0.3011785888167262,0.5,0.4,2025-06-15 12:53:00,抢修,低,西北
TK003826,0.1619,low,0.0681,0.0389,0.0169,compliance(0.50); cost(0.18),0,0,1,0.5,0,0.1842686484942463,0.0,0.0,2025-03-09 12:49:00,抢修,高,华中
TK003827,0.2183,low,0.4019,0.4043,0.557,equipment(0.60); compliance(0.25); quality(0.25),0,0,1,0.25,0,0.14126836320864533,0.25,0.6,2025-11-27 10:52:00,保养,高,华中
TK003828,0.0448,low,0.0169,0.0078,0.002,cost(0.22),0,0,1,0.0,0,0.22405388030188078,0.0,0.0,2025-10-17 11:07:00,保养,中,华中
TK003829,0.082,low,0.1421,0.2378,0.098,compliance(0.25),0,0,1,0.25,0,0.09754069894307216,0.0,0.0,2025-01-31 08:11:00,保养,中,西南
TK003830,0.1966,low,0.2309,0.315,0.1761,compliance(0.50); quality(0.25); cost(0.17),0,0,1,0.5,0,0.1707235631191627,0.25,0.0,2025-12-15 18:54:00,保养,低,华东
TK003831,0.0864,low,0.2404,0.3454,0.2675,quality(0.50),0,0,1,0.0,0,0.05701499305055846,0.5,0.0,2025-09-25 15:57:00,巡检,高,华北
TK003832,0.1107,low,0.1392,0.2271,0.0757,quality(0.50); cost(0.18),0,0,1,0.0,0,0.17847068873809258,0.5,0.0,2025-04-27 07:26:00,抢修,中,西南
TK003833,0.1381,low,0.0921,0.1078,0.0369,equipment(0.40); compliance(0.25),0,0,1,0.25,0,0.07802922444898497,0.0,0.4,2025-08-29 19:34:00,巡检,中,华北
TK003834,0.2254,low,0.584,0.6649,0.8105,quality(1.00); equipment(0.40),0,0,1,0.0,0,0.07721234498535146,1.0,0.4,2025-11-09 07:18:00,保养,中,西南
TK003835,0.0571,low,0.0412,0.061,0.0077,cost(0.29),0,0,1,0.0,0,0.2853579721973346,0.0,0.0,2025-12-06 09:20:00,保养,高,华中
TK003836,0.199,low,0.1022,0.1039,0.0175,compliance(0.50); equipment(0.40),0,0,1,0.5,0,0.06989677982509868,0.0,0.4,2025-09-01 07:35:00,抢修,中,华北
TK003837,0.1596,low,0.2129,0.1739,0.2976,equipment(0.40); compliance(0.25); cost(0.19),0,0,1,0.25,0,0.1856156891979419,0.0,0.4,2025-02-07 15:23:00,保养,低,西北
TK003838,0.0769,low,0.0397,0.0439,0.0037,compliance(0.25),0,0,1,0.25,0,0.07219794736307283,0.0,0.0,2025-11-18 15:20:00,保养,中,西南
TK003839,0.1385,low,0.066,0.0571,0.0127,equipment(0.80),0,0,1,0.0,0,0.09268621261170173,0.0,0.8,2025-07-06 18:49:00,巡检,中,西北
TK003840,0.1238,low,0.1167,0.1982,0.0292,equipment(0.60); cost(0.17),0,0,1,0.0,0,0.1689922571700485,0.0,0.6,2025-07-05 16:16:00,保养,紧急,西南
TK003841,0.1463,low,0.2624,0.2702,0.354,cost(0.39); quality(0.25); equipment(0.20),0,0,1,0.0,0,0.3941310601213338,0.25,0.2,2025-01-31 15:19:00,巡检,紧急,华东
TK003842,0.1597,low,0.1562,0.3028,0.0067,compliance(0.50); cost(0.17),0,0,1,0.5,0,0.17338985477277424,0.0,0.0,2025-04-30 18:18:00,改造,高,华中
TK003843,0.0539,low,0.0353,0.0466,0.0081,equipment(0.20); cost(0.12),0,0,1,0.0,0,0.11954484605087012,0.0,0.2,2025-07-07 08:09:00,巡检,中,西南
TK003844,0.1453,low,0.0952,0.1417,0.0059,equipment(0.40); compliance(0.25); cost(0.11),0,0,1,0.25,0,0.11408624388238775,0.0,0.4,2025-11-21 08:17:00,保养,低,西南
TK003845,0.2892,low,0.1365,0.0492,0.0928,equipment(0.60); compliance(0.50); quality(0.25),0,0,1,0.5,0,0.18360027058100326,0.25,0.6,2025-04-30 07:02:00,保养,中,西南
TK003846,0.188,low,0.0769,0.0542,0.0043,compliance(0.50); cost(0.32),0,0,1,0.5,0,0.31521991444394093,0.0,0.0,2025-09-16 20:23:00,巡检,低,华北
TK003847,0.1814,low,0.3596,0.5534,0.3185,quality(1.00); cost(0.16),0,0,1,0.0,0,0.15718531097431543,1.0,0.0,2025-02-25 11:32:00,抢修,紧急,华中
TK003848,0.1992,low,0.1853,0.3095,0.0492,equipment(0.80); quality(0.25); cost(0.21),0,0,1,0.0,0,0.20836790962871754,0.25,0.8,2025-07-17 12:20:00,保养,低,华南
TK003849,0.188,low,0.0783,0.0584,0.0043,equipment(0.40); compliance(0.25); quality(0.25),0,0,1,0.25,0,0.1400470635025851,0.25,0.4,2025-05-16 15:32:00,抢修,中,西北
TK003850,0.0881,low,0.0739,0.1337,0.0018,cost(0.25); quality(0.25),0,0,1,0.0,0,0.25317698109308817,0.25,0.0,2025-11-10 19:10:00,巡检,中,西北
TK003851,0.0684,low,0.0369,0.0437,0.0032,equipment(0.20); cost(0.19),0,0,1,0.0,0,0.19221803085643563,0.0,0.2,2025-09-21 09:39:00,保养,中,华南
TK003852,0.1576,low,0.0896,0.0982,0.0226,equipment(0.60); quality(0.25); cost(0.15),0,0,1,0.0,0,0.1505644999665976,0.25,0.6,2025-10-16 13:28:00,抢修,中,西北
TK003853,0.1839,low,0.3433,0.6599,0.1633,quality(0.50); compliance(0.25); equipment(0.20),0,0,1,0.25,0,0.081786568783344,0.5,0.2,2025-10-05 09:42:00,巡检,低,华中
TK003854,0.2451,low,0.5769,0.7001,0.7381,quality(0.75); equipment(0.40); cost(0.36),0,0,1,0.0,0,0.36297608870041387,0.75,0.4,2025-09-21 14:22:00,巡检,紧急,华南
TK003855,0.1535,low,0.199,0.3773,0.0596,compliance(0.25); quality(0.25); equipment(0.20),0,0,1,0.25,0,0.11729236327908343,0.25,0.2,2025-03-07 07:20:00,保养,中,西南
TK003856,0.0812,low,0.0593,0.0839,0.0159,equipment(0.40); cost(0.11),0,0,1,0.0,0,0.10615989515072088,0.0,0.4,2025-12-06 09:49:00,巡检,高,西南
TK003857,0.0858,low,0.067,0.1125,0.0055,cost(0.28); equipment(0.20),0,0,1,0.0,0,0.27906103927121373,0.0,0.2,2025-03-11 17:40:00,巡检,中,西北
TK003858,0.2286,low,0.445,0.6959,0.3797,equipment(0.40); cost(0.34); compliance(0.25),0,0,1,0.25,0,0.3428800489260191,0.25,0.4,2025-02-01 19:11:00,保养,紧急,西南
TK003859,0.1829,low,0.4336,0.5395,0.5426,quality(0.50); compliance(0.25); equipment(0.20),0,0,1,0.25,0,0.07701031456868679,0.5,0.2,2025-07-01 13:38:00,抢修,紧急,西北
TK003860,0.2581,low,0.4418,0.7388,0.3023,quality(0.50); equipment(0.40); cost(0.30),0,0,1,0.25,0,0.30292086974315446,0.5,0.4,2025-05-29 09:22:00,抢修,低,华东
TK003861,0.2449,low,0.0864,0.0324,0.0046,equipment(0.60); compliance(0.50); cost(0.15),0,0,1,0.5,0,0.149260631866043,0.0,0.6,2025-12-22 11:29:00,抢修,中,华南
TK003862,0.0153,low,0.0135,0.0187,0.0068,,0,0,1,0.0,0,0.07627868089097123,0.0,0.0,2025-07-05 14:08:00,巡检,中,华南
TK003863,0.0576,low,0.0275,0.0236,0.0056,equipment(0.20); cost(0.14),0,0,1,0.0,0,0.13798983496088169,0.0,0.2,2025-10-08 08:38:00,改造,高,西南
TK003864,0.0755,low,0.0309,0.0158,0.0077,equipment(0.40),0,0,1,0.0,0,0.0776831021284703,0.0,0.4,2025-02-02 13:30:00,抢修,中,华东
TK003865,0.2032,low,0.2124,0.2708,0.1619,cost(0.37); compliance(0.25); quality(0.25),0,0,1,0.25,0,0.3659273359265084,0.25,0.2,2025-03-20 20:29:00,抢修,中,西南
TK003866,0.1025,low,0.0407,0.0223,0.0061,equipment(0.40); cost(0.21),0,0,1,0.0,0,0.21258751792930453,0.0,0.4,2025-11-18 20:57:00,保养,低,华中
TK003867,0.2725,low,0.1723,0.2186,0.0401,equipment(0.80); quality(0.75); cost(0.20),0,0,1,0.0,0,0.20019069639297504,0.75,0.8,2025-03-29 10:13:00,巡检,低,华东
TK003868,0.2059,low,0.2773,0.5059,0.11,compliance(0.50); cost(0.25); equipment(0.20),0,0,1,0.5,0,0.2545866364665912,0.0,0.2,2025-11-05 19:06:00,巡检,中,西南
TK003869,0.102,low,0.1115,0.1772,0.0539,cost(0.36); equipment(0.20),0,0,1,0.0,0,0.3600822776544339,0.0,0.2,2025-06-04 13:30:00,巡检,紧急,西北
TK003870,0.1207,low,0.0794,0.1177,0.0056,compliance(0.25); quality(0.25); cost(0.10),0,0,1,0.25,0,0.10330816607793114,0.25,0.0,2025-12-27 16:28:00,巡检,低,西北
TK003871,0.158,low,0.3005,0.4703,0.2528,equipment(0.40); compliance(0.25); cost(0.18),0,0,1,0.25,0,0.17728849277780212,0.0,0.4,2025-10-22 12:06:00,巡检,低,西北
TK003872,0.2109,low,0.2971,0.472,0.196,compliance(0.50); quality(0.25); equipment(0.20),0,0,1,0.5,0,0.09193079218767708,0.25,0.2,2025-06-12 20:37:00,保养,紧急,华中
TK003873,0.1553,low,0.1612,0.1779,0.1497,compliance(0.25); quality(0.25); equipment(0.20),0,0,1,0.25,0,0.12639015216599703,0.25,0.2,2025-09-16 20:13:00,抢修,中,华中
TK003874,0.0114,low,0.0271,0.0519,0.0158,,0,0,1,0.0,0,0.05701038151556648,0.0,0.0,2025-02-08 18:14:00,保养,高,西南
TK003875,0.2259,low,0.1451,0.1429,0.0779,compliance(0.50); quality(0.50); cost(0.13),0,0,1,0.5,0,0.1297006443377715,0.5,0.0,2025-10-03 16:29:00,改造,中,华北
TK003876,0.204,low,0.0904,0.0826,0.0008,quality(0.50); equipment(0.40); cost(0.35),0,0,1,0.0,0,0.3451614166291431,0.5,0.4,2025-09-09 08:51:00,抢修,低,华南
TK003877,0.2947,low,0.6181,0.9154,0.5979,quality(0.75); equipment(0.40); cost(0.30),0,0,1,0.25,0,0.29858704051219787,0.75,0.4,2025-10-25 15:32:00,抢修,高,华南
TK003878,0.2754,low,0.5251,0.6955,0.5686,quality(1.00); compliance(0.25); equipment(0.20),0,0,1,0.25,0,0.16468039418689362,1.0,0.2,2025-09-07 16:04:00,改造,高,西南
TK003879,0.1801,low,0.2232,0.3196,0.1638,quality(0.50); equipment(0.40); cost(0.23),0,0,1,0.0,0,0.22571322103974334,0.5,0.4,2025-12-01 20:01:00,巡检,紧急,华东
TK003880,0.0113,low,0.0288,0.0669,0.0056,,0,0,1,0.0,0,0.056683584628653416,0.0,0.0,2025-08-04 13:11:00,保养,高,西北
TK003881,0.0674,low,0.026,0.015,0.0014,cost(0.34),0,0,1,0.0,0,0.33712587925199256,0.0,0.0,2025-10-09 15:20:00,保养,低,华东
TK003882,0.1499,low,0.198,0.2727,0.1646,equipment(0.40); compliance(0.25); cost(0.14),0,0,1,0.25,0,0.13687311265004332,0.0,0.4,2025-02-28 10:59:00,巡检,低,华东
TK003883,0.1505,low,0.1325,0.1914,0.0581,cost(0.29); compliance(0.25); equipment(0.20),0,0,1,0.25,0,0.2900138992836523,0.0,0.2,2025-04-22 09:58:00,抢修,紧急,华北
TK003884,0.1948,low,0.1088,0.1181,0.0257,compliance(0.50); cost(0.35),0,0,1,0.5,0,0.34893937845921874,0.0,0.0,2025-12-30 20:43:00,巡检,中,华南
TK003885,0.1946,low,0.1646,0.2438,0.0598,quality(0.75); equipment(0.40); cost(0.11),0,0,1,0.0,0,0.11034107034259066,0.75,0.4,2025-03-05 18:48:00,改造,中,西南
TK003886,0.1589,low,0.1736,0.1858,0.1741,cost(0.29); compliance(0.25); quality(0.25),0,0,1,0.25,0,0.294257966569189,0.25,0.0,2025-08-08 14:27:00,保养,中,西南
TK003887,0.2157,low,0.1106,0.1209,0.0103,equipment(0.60); compliance(0.25); quality(0.25),0,0,1,0.25,0,0.12866897224439122,0.25,0.6,2025-06-05 08:12:00,保养,中,华北
TK003888,0.1935,low,0.1201,0.1393,0.0381,equipment(0.80); quality(0.25); cost(0.18),0,0,1,0.0,0,0.18017077414916438,0.25,0.8,2025-07-09 09:15:00,巡检,中,华东
TK003889,0.3124,low,0.5452,0.6824,0.6075,compliance(1.00); equipment(0.20); cost(0.16),0,0,1,1.0,0,0.16217974220727394,0.0,0.2,2025-11-16 13:20:00,巡检,中,华北
TK003890,0.1549,low,0.206,0.4024,0.0534,quality(0.50); equipment(0.40),0,0,1,0.0,0,0.09961316262399622,0.5,0.4,2025-08-07 17:25:00,保养,中,华东
TK003891,0.0285,low,0.0149,0.0177,0.0004,cost(0.14),0,0,1,0.0,0,0.14231337572894942,0.0,0.0,2025-03-09 16:18:00,抢修,高,华北
TK003892,0.3052,low,0.2742,0.4401,0.0816,equipment(0.60); quality(0.50); cost(0.39),0,0,1,0.25,0,0.38826226875521463,0.5,0.6,2025-04-17 16:24:00,保养,中,华北
TK003893,0.1517,low,0.0702,0.0647,0.0059,equipment(0.60); cost(0.31),0,0,1,0.0,0,0.30835654809575075,0.0,0.6,2025-10-09 18:49:00,保养,中,华南
TK003894,0.2295,low,0.5171,0.8101,0.4707,quality(0.50); equipment(0.40); compliance(0.25),0,0,1,0.25,0,0.1599898435913062,0.5,0.4,2025-02-05 20:25:00,巡检,中,西南
TK003895,0.1959,low,0.0786,0.0401,0.0166,compliance(0.50); cost(0.20); equipment(0.20),0,0,1,0.5,0,0.20473539924119022,0.0,0.2,2025-12-19 11:17:00,保养,低,西南
TK003896,0.2497,low,0.3139,0.443,0.2397,compliance(0.50); equipment(0.40); quality(0.25),0,0,1,0.5,0,0.13580584458926936,0.25,0.4,2025-09-01 16:19:00,改造,低,华中
TK003897,0.21,low,0.2104,0.3205,0.1005,equipment(0.40); cost(0.25); compliance(0.25),0,0,1,0.25,0,0.25022924627377663,0.25,0.4,2025-03-18 14:45:00,巡检,中,西南
TK003898,0.1108,low,0.2059,0.2112,0.282,equipment(0.60); cost(0.10),0,0,1,0.0,0,0.10387131289059648,0.0,0.6,2025-05-26 19:40:00,保养,中,西北
TK003899,0.2684,low,0.5525,0.5441,0.8045,quality(0.50); equipment(0.40); cost(0.35),0,0,1,0.25,0,0.3544699550484791,0.5,0.4,2025-02-24 17:06:00,保养,高,华东
TK003900,0.0797,low,0.0343,0.0284,0.0013,cost(0.40),0,0,1,0.0,0,0.3984987041986122,0.0,0.0,2025-06-25 18:08:00,抢修,中,西南
TK003901,0.1712,low,0.331,0.2301,0.5689,equipment(0.40); compliance(0.25); quality(0.25),0,0,1,0.25,0,0.05619813717188826,0.25,0.4,2025-01-09 10:01:00,抢修,低,西北
TK003902,0.2071,low,0.1217,0.1581,0.012,equipment(0.60); cost(0.27); compliance(0.25),0,0,1,0.25,0,0.27280556106264864,0.0,0.6,2025-08-20 12:39:00,巡检,高,华东
TK003903,0.144,low,0.3131,0.4871,0.284,quality(0.75); cost(0.16),0,0,1,0.0,0,0.1573997101804786,0.75,0.0,2025-09-27 14:57:00,巡检,中,西北
TK003904,0.2772,low,0.6326,0.8397,0.73,equipment(1.00); cost(0.32); compliance(0.25),0,0,1,0.25,0,0.3232986337617949,0.0,1.0,2025-12-23 08:52:00,保养,中,西北
TK003905,0.1727,low,0.1133,0.1039,0.0719,equipment(0.40); cost(0.25); compliance(0.25),0,0,1,0.25,0,0.251002530274102,0.0,0.4,2025-04-29 12:52:00,改造,紧急,华中
TK003906,0.1935,low,0.1102,0.1448,0.0043,equipment(0.40); cost(0.35); compliance(0.25),0,0,1,0.25,0,0.35476282978396934,0.0,0.4,2025-01-07 14:07:00,巡检,高,华中
TK003907,0.1638,low,0.1834,0.2459,0.1377,equipment(0.40); compliance(0.25); cost(0.21),0,0,1,0.25,0,0.20660091751100484,0.0,0.4,2025-03-14 16:53:00,保养,紧急,西南
TK003908,0.1269,low,0.0855,0.1259,0.0097,equipment(0.40); cost(0.33),0,0,1,0.0,0,0.33463653709454144,0.0,0.4,2025-05-18 12:32:00,抢修,高,华南
TK003909,0.1724,low,0.1012,0.1134,0.028,equipment(0.60); quality(0.25); cost(0.22),0,0,1,0.0,0,0.2244093891304101,0.25,0.6,2025-10-20 15:41:00,巡检,低,华中
TK003910,0.2924,low,0.1345,0.1318,0.0019,compliance(1.00); cost(0.21),0,0,1,1.0,0,0.21214657100133083,0.0,0.0,2025-11-26 17:40:00,保养,中,华中
TK003911,0.0724,low,0.0277,0.0149,0.0023,cost(0.21); equipment(0.20),0,0,1,0.0,0,0.21197674788472554,0.0,0.2,2025-08-06 19:38:00,保养,低,西南
TK003912,0.2922,low,0.6356,0.9424,0.6232,compliance(0.50); quality(0.50); equipment(0.40),0,0,1,0.5,0,0.16122609322699732,0.5,0.4,2025-09-30 17:04:00,保养,中,西北
TK003913,0.2232,low,0.5551,0.5475,0.8471,quality(0.50); equipment(0.40); compliance(0.25),0,0,1,0.25,0,0.1286287522185353,0.5,0.4,2025-06-11 12:31:00,改造,紧急,西南
TK003914,0.0608,low,0.0242,0.0158,0.0012,quality(0.25); cost(0.12),0,0,1,0.0,0,0.11639066511605445,0.25,0.0,2025-03-19 10:30:00,抢修,中,西南
TK003915,0.0897,low,0.089,0.1387,0.0387,equipment(0.40); cost(0.15),0,0,1,0.0,0,0.14839524707519358,0.0,0.4,2025-03-11 17:12:00,巡检,高,西北
TK003916,0.0853,low,0.0622,0.1002,0.0044,equipment(0.40); cost(0.13),0,0,1,0.0,0,0.12655597995275203,0.0,0.4,2025-12-26 11:45:00,保养,低,华南
TK003917,0.0133,low,0.0296,0.0474,0.0259,,0,0,1,0.0,0,0.06642210112965585,0.0,0.0,2025-01-25 16:24:00,保养,低,华北
TK003918,0.0419,low,0.0629,0.096,0.0478,cost(0.21),0,0,1,0.0,0,0.20970331431309996,0.0,0.0,2025-08-14 09:30:00,保养,中,华南
TK003919,0.1918,low,0.2567,0.308,0.261,quality(0.75); cost(0.25); equipment(0.20),0,0,1,0.0,0,0.24649676482239535,0.75,0.2,2025-01-23 14:24:00,巡检,紧急,华中
TK003920,0.188,low,0.3207,0.5314,0.2237,quality(1.00); cost(0.19),0,0,1,0.0,0,0.1898111984817188,1.0,0.0,2025-07-23 07:00:00,抢修,紧急,华中
TK003921,0.111,low,0.05,0.0348,0.0129,equipment(0.60); cost(0.11),0,0,1,0.0,0,0.10524201160399405,0.0,0.6,2025-08-11 20:31:00,保养,低,华南
TK003922,0.0797,low,0.0788,0.1272,0.0295,equipment(0.40),0,0,1,0.0,0,0.09852990162332609,0.0,0.4,2025-06-17 11:20:00,巡检,低,西北
TK003923,0.0799,low,0.1474,0.255,0.0978,compliance(0.25),0,0,1,0.25,0,0.08716785482825662,0.0,0.0,2025-09-20 16:45:00,巡检,低,华中
TK003924,0.0639,low,0.0373,0.0358,0.016,equipment(0.20); cost(0.17),0,0,1,0.0,0,0.16953668460427873,0.0,0.2,2025-04-02 15:54:00,保养,中,华中
TK003925,0.1683,low,0.2389,0.1637,0.3745,compliance(0.50); cost(0.22),0,0,1,0.5,0,0.21658637060329655,0.0,0.0,2025-06-24 18:14:00,改造,中,华北
TK003926,0.1477,low,0.1167,0.1906,0.0161,compliance(0.25); quality(0.25); equipment(0.20),0,0,1,0.25,0,0.08858803273134941,0.25,0.2,2025-03-21 17:15:00,改造,高,西北
TK003927,0.1058,low,0.1499,0.217,0.1207,equipment(0.40); cost(0.23),0,0,1,0.0,0,0.2287680224362083,0.0,0.4,2025-12-23 19:48:00,抢修,紧急,西北
TK003928,0.2186,low,0.711,0.8969,0.9471,compliance(0.50); quality(0.50),0,0,1,0.5,0,0.09307861149865315,0.5,0.0,2025-09-07 12:41:00,巡检,中,西北
TK003929,0.0798,low,0.1216,0.117,0.1621,quality(0.25); equipment(0.20),0,0,1,0.0,0,0.061468657461259846,0.25,0.2,2025-01-01 11:00:00,巡检,中,华中
TK003930,0.1346,low,0.238,0.4198,0.1449,equipment(0.40); cost(0.37),0,0,1,0.0,0,0.372968340666763,0.0,0.4,2025-12-23 08:13:00,巡检,中,西南
TK003931,0.0607,low,0.027,0.0234,0.0017,cost(0.30),0,0,1,0.0,0,0.30341872465904896,0.0,0.0,2025-07-04 13:16:00,改造,中,华中
TK003932,0.26,low,0.3424,0.3969,0.3585,quality(0.75); equipment(0.40); compliance(0.25),0,0,1,0.25,0,0.12520275983273432,0.75,0.4,2025-11-19 15:12:00,抢修,高,华北
TK003933,0.245,low,0.1774,0.2638,0.0332,compliance(0.50); equipment(0.40); cost(0.30),0,0,1,0.5,0,0.30005203882996156,0.0,0.4,2025-04-01 17:05:00,改造,中,华中
TK003934,0.1802,low,0.4336,0.6849,0.3994,equipment(0.60); quality(0.50),0,0,1,0.0,0,0.07601684185290347,0.5,0.6,2025-01-21 19:43:00,巡检,中,华南
TK003935,0.2483,low,0.0819,0.0202,0.0011,compliance(0.50); cost(0.28); quality(0.25),0,0,1,0.5,0,0.2787848121761658,0.25,0.2,2025-12-10 14:03:00,保养,高,西南
TK003936,0.2154,low,0.1591,0.2325,0.0374,quality(0.75); cost(0.36); equipment(0.20),0,0,1,0.0,0,0.3644067161803317,0.75,0.2,2025-09-26 13:18:00,改造,低,西北
TK003937,0.2742,low,0.5331,0.764,0.5241,compliance(1.00); cost(0.12),0,0,1,1.0,0,0.12114008390227848,0.0,0.0,2025-12-04 08:20:00,保养,中,西北
TK003938,0.241,low,0.2996,0.5066,0.1427,quality(0.75); equipment(0.40); cost(0.34),0,0,1,0.0,0,0.3423599625028835,0.75,0.4,2025-02-16 12:51:00,巡检,中,华东
TK003939,0.1033,low,0.0745,0.1028,0.0215,equipment(0.60),0,0,1,0.0,0,0.06646134995986219,0.0,0.6,2025-10-17 07:06:00,抢修,低,华南
TK003940,0.2858,low,0.2839,0.3548,0.2114,equipment(0.80); cost(0.33); compliance(0.25),0,0,1,0.25,0,0.3291731953503625,0.25,0.8,2025-06-21 07:32:00,抢修,中,西南
TK003941,0.0791,low,0.037,0.0371,0.0007,equipment(0.40),0,0,1,0.0,0,0.09529532202786317,0.0,0.4,2025-11-19 16:01:00,保养,高,西南
TK003942,0.1198,low,0.292,0.4507,0.281,quality(0.50); equipment(0.20),0,0,1,0.0,0,0.07420023735655323,0.5,0.2,2025-09-05 14:51:00,巡检,高,华东
TK003943,0.2779,low,0.7653,0.9865,0.962,quality(1.00); equipment(0.60); cost(0.19),0,0,1,0.0,0,0.1897345916903429,1.0,0.6,2025-03-16 14:50:00,巡检,高,华南
TK003944,0.2088,low,0.5021,0.7752,0.4805,quality(0.50); equipment(0.40); compliance(0.25),0,0,1,0.25,0,0.05668659526779363,0.5,0.4,2025-08-15 14:02:00,巡检,低,西北
TK003945,0.3906,low,0.8084,0.9888,0.9862,equipment(0.80); compliance(0.50); quality(0.50),0,0,1,0.5,0,0.35303017135814563,0.5,0.8,2025-10-13 14:13:00,巡检,低,华北
TK003946,0.1273,low,0.1094,0.1729,0.0306,cost(0.32); compliance(0.25),0,0,1,0.25,0,0.3240798879704132,0.0,0.0,2025-01-13 10:28:00,保养,中,华南
TK003947,0.0547,low,0.0342,0.0462,0.0046,cost(0.27),0,0,1,0.0,0,0.2736277549652225,0.0,0.0,2025-03-21 10:11:00,抢修,中,华北
TK003948,0.1012,low,0.0438,0.0271,0.0114,cost(0.36); equipment(0.20),0,0,1,0.0,0,0.3559433314716678,0.0,0.2,2025-05-20 10:00:00,抢修,中,西北
TK003949,0.1708,low,0.1922,0.2942,0.1085,compliance(0.25); quality(0.25); cost(0.20),0,0,1,0.25,0,0.20413615596445112,0.25,0.2,2025-07-31 13:30:00,巡检,低,华南
TK003950,0.0194,low,0.0088,0.0084,0.0001,,0,0,1,0.0,0,0.09693597033587475,0.0,0.0,2025-01-15 19:09:00,保养,中,华北
TK003951,0.2169,low,0.6018,0.7334,0.8001,compliance(0.75); cost(0.15),0,0,1,0.75,0,0.1469547258274726,0.0,0.0,2025-08-22 11:42:00,抢修,中,华东
TK003952,0.1469,low,0.0577,0.0313,0.0077,equipment(0.40); compliance(0.25); cost(0.12),0,0,1,0.25,0,0.12182402898324562,0.0,0.4,2025-05-23 16:45:00,巡检,中,华北
TK003953,0.2566,low,0.168,0.1976,0.0626,equipment(0.60); cost(0.33); compliance(0.25),0,0,1,0.25,0,0.3329871778595912,0.25,0.6,2025-01-09 19:16:00,保养,中,华中
TK003954,0.1983,low,0.2419,0.3015,0.2198,compliance(0.50); equipment(0.40),0,0,1,0.5,0,0.06665047623252929,0.0,0.4,2025-12-26 12:58:00,巡检,低,西北
TK003955,0.1263,low,0.0436,0.0145,0.0017,cost(0.29); quality(0.25); equipment(0.20),0,0,1,0.0,0,0.2937918128777758,0.25,0.2,2025-12-23 18:07:00,改造,低,西南
TK003956,0.1206,low,0.1038,0.1439,0.0492,equipment(0.40); cost(0.30),0,0,1,0.0,0,0.3028882073309408,0.0,0.4,2025-09-06 13:21:00,抢修,中,西南
TK003957,0.1082,low,0.1552,0.2861,0.0646,quality(0.50); cost(0.17),0,0,1,0.0,0,0.16593995191769295,0.5,0.0,2025-08-04 15:05:00,保养,中,华东
TK003958,0.07,low,0.0622,0.1067,0.011,equipment(0.20); cost(0.20),0,0,1,0.0,0,0.19987109710684614,0.0,0.2,2025-05-05 18:25:00,巡检,中,华北
TK003959,0.0304,low,0.0125,0.0078,0.002,cost(0.15),0,0,1,0.0,0,0.1519261329387911,0.0,0.0,2025-05-19 16:41:00,巡检,低,华南
TK003960,0.2694,low,0.5911,0.631,0.8269,quality(1.00); equipment(0.60); cost(0.15),0,0,1,0.0,0,0.1470018819355816,1.0,0.6,2025-03-03 17:12:00,抢修,高,西南
TK003961,0.2877,low,0.1514,0.1547,0.0314,equipment(0.80); quality(0.75); cost(0.28),0,0,1,0.0,0,0.27607655917335516,0.75,0.8,2025-04-19 16:28:00,巡检,中,华南
TK003962,0.0779,low,0.0331,0.0248,0.003,equipment(0.40),0,0,1,0.0,0,0.0893916762848801,0.0,0.4,2025-10-06 07:29:00,巡检,中,西南
TK003963,0.0668,low,0.0369,0.0472,0.001,cost(0.33),0,0,1,0.0,0,0.3341301279424487,0.0,0.0,2025-09-05 13:09:00,抢修,低,华北
TK003964,0.1382,low,0.1462,0.2122,0.0872,compliance(0.25); cost(0.23); equipment(0.20),0,0,1,0.25,0,0.22832995441691095,0.0,0.2,2025-11-12 16:11:00,保养,高,华东
TK003965,0.1561,low,0.1251,0.1573,0.0662,quality(0.50); cost(0.26); equipment(0.20),0,0,1,0.0,0,0.255685562899702,0.5,0.2,2025-02-18 15:51:00,巡检,中,华中
TK003966,0.0513,low,0.029,0.037,0.002,equipment(0.20); cost(0.11),0,0,1,0.0,0,0.10673969535173256,0.0,0.2,2025-04-23 14:15:00,巡检,低,西北
TK003967,0.1222,low,0.0874,0.0886,0.0564,compliance(0.25); equipment(0.20); cost(0.15),0,0,1,0.25,0,0.14843508732998634,0.0,0.2,2025-10-12 16:07:00,抢修,高,华中
TK003968,0.1651,low,0.052,0.0067,0.0005,compliance(0.50); cost(0.20),0,0,1,0.5,0,0.20029220637620482,0.0,0.0,2025-11-06 11:48:00,保养,低,华东
TK003969,0.2314,low,0.0977,0.0718,0.0091,quality(0.75); equipment(0.60); cost(0.14),0,0,1,0.0,0,0.14462510564655684,0.75,0.6,2025-12-11 19:32:00,巡检,紧急,华中
TK003970,0.2106,low,0.5969,0.7655,0.7594,equipment(0.40); cost(0.25); compliance(0.25),0,0,1,0.25,0,0.253000706048482,0.25,0.4,2025-02-07 19:16:00,巡检,中,华南
TK003971,0.2565,low,0.1792,0.185,0.1071,equipment(1.00); compliance(0.25); cost(0.22),0,0,1,0.25,0,0.22015090472974552,0.0,1.0,2025-12-22 20:00:00,巡检,低,西南
TK003972,0.0826,low,0.0862,0.1548,0.0206,compliance(0.25); cost(0.10),0,0,1,0.25,0,0.10050633499401918,0.0,0.0,2025-06-27 10:21:00,抢修,高,华北
TK003973,0.2083,low,0.1575,0.1979,0.0736,quality(0.75); equipment(0.40); cost(0.18),0,0,1,0.0,0,0.1791589869615673,0.75,0.4,2025-10-25 19:24:00,抢修,中,西北
TK003974,0.1256,low,0.1298,0.0741,0.189,compliance(0.25); quality(0.25); cost(0.13),0,0,1,0.25,0,0.1277952692338742,0.25,0.0,2025-02-23 11:19:00,保养,高,华中
TK003975,0.1084,low,0.0639,0.0875,0.0023,compliance(0.25); equipment(0.20),0,0,1,0.25,0,0.07935022963088967,0.0,0.2,2025-05-21 09:50:00,巡检,中,华中
TK003976,0.1004,low,0.0733,0.1164,0.0071,compliance(0.25); cost(0.19),0,0,1,0.25,0,0.1892581226950928,0.0,0.0,2025-01-23 15:45:00,保养,高,华北
TK003977,0.2528,low,0.4058,0.6812,0.2615,quality(0.75); equipment(0.60); cost(0.25),0,0,1,0.0,0,0.2517467806939939,0.75,0.6,2025-11-26 14:36:00,保养,中,西北
TK003978,0.0474,low,0.058,0.0763,0.0487,equipment(0.20),0,0,1,0.0,0,0.0868197833199541,0.0,0.2,2025-03-16 11:15:00,保养,中,华中
TK003979,0.0984,low,0.0716,0.1096,0.0106,cost(0.34); equipment(0.20),0,0,1,0.0,0,0.34184171517408435,0.0,0.2,2025-12-07 15:40:00,巡检,低,西南
TK003980,0.1111,low,0.0549,0.0195,0.0422,compliance(0.25); equipment(0.20),0,0,1,0.25,0,0.09281728852506488,0.0,0.2,2025-09-15 17:51:00,保养,低,西北
TK003981,0.0429,low,0.0297,0.0415,0.0066,equipment(0.20),0,0,1,0.0,0,0.06445043213815815,0.0,0.2,2025-03-16 13:21:00,保养,中,西北
TK003982,0.1141,low,0.08,0.0714,0.0594,equipment(0.40); quality(0.25),0,0,1,0.0,0,0.08289134092571904,0.25,0.4,2025-03-16 09:39:00,抢修,紧急,西南
TK003983,0.1268,low,0.0764,0.0725,0.0371,compliance(0.25); quality(0.25); cost(0.13),0,0,1,0.25,0,0.13386592072823822,0.25,0.0,2025-09-28 08:59:00,抢修,中,华南
TK003984,0.1621,low,0.1014,0.1432,0.0077,quality(0.50); compliance(0.25); cost(0.12),0,0,1,0.25,0,0.12317762570663493,0.5,0.0,2025-06-18 09:53:00,保养,低,华中
TK003985,0.199,low,0.0762,0.0427,0.0043,compliance(0.75),0,0,1,0.75,0,0.05769256056349137,0.0,0.0,2025-03-25 14:30:00,巡检,低,西南
TK003986,0.1555,low,0.0738,0.0716,0.0061,compliance(0.25); quality(0.25); equipment(0.20),0,0,1,0.25,0,0.12743160663826247,0.25,0.2,2025-07-16 08:10:00,改造,紧急,华南
TK003987,0.1727,low,0.1005,0.0851,0.054,equipment(0.40); compliance(0.25); quality(0.25),0,0,1,0.25,0,0.0632779120032716,0.25,0.4,2025-04-01 19:07:00,保养,中,华东
TK003988,0.1116,low,0.3794,0.4634,0.5249,compliance(0.25); quality(0.25),0,0,1,0.25,0,0.05818814647536452,0.25,0.0,2025-07-04 12:03:00,巡检,中,华南
TK003989,0.1392,low,0.0826,0.0935,0.0232,equipment(0.40); quality(0.25); cost(0.21),0,0,1,0.0,0,0.20828245487847707,0.25,0.4,2025-11-18 09:40:00,巡检,中,华东
TK003990,0.2372,low,0.5137,0.755,0.5094,quality(0.75); compliance(0.25); equipment(0.20),0,0,1,0.25,0,0.16110556585389046,0.75,0.2,2025-09-18 10:05:00,抢修,低,华中
TK003991,0.0446,low,0.0176,0.0088,0.0033,cost(0.22),0,0,1,0.0,0,0.22321783920032756,0.0,0.0,2025-07-13 19:49:00,巡检,紧急,华中
TK003992,0.1888,low,0.1664,0.2814,0.0323,quality(0.75); cost(0.38),0,0,1,0.0,0,0.3812935836872957,0.75,0.0,2025-09-08 15:25:00,巡检,紧急,华东
TK003993,0.2737,low,0.5042,0.8576,0.3483,equipment(0.60); compliance(0.50); quality(0.25),0,0,1,0.5,0,0.10616353788830779,0.25,0.6,2025-09-19 17:22:00,改造,中,华中
TK003994,0.355,low,0.5475,0.7251,0.5348,cost(1.00); compliance(0.50); equipment(0.20),0,0,1,0.5,0,1.0,0.0,0.2,2025-04-07 13:40:00,巡检,中,西南
TK003995,0.1293,low,0.1304,0.2291,0.0327,equipment(0.40); cost(0.35),0,0,1,0.0,0,0.3467287363359687,0.0,0.4,2025-06-19 07:32:00,保养,高,西北
TK003996,0.2143,low,0.1379,0.1389,0.0714,equipment(0.80); cost(0.28); quality(0.25),0,0,1,0.0,0,0.28417209356702966,0.25,0.8,2025-07-27 20:47:00,巡检,高,西南
TK003997,0.1887,low,0.1399,0.1749,0.063,equipment(0.60); quality(0.50); cost(0.12),0,0,1,0.0,0,0.11825480824885481,0.5,0.6,2025-11-23 13:58:00,巡检,中,华中
TK003998,0.1289,low,0.0952,0.1367,0.0249,cost(0.33); compliance(0.25),0,0,1,0.25,0,0.33179462052247477,0.0,0.0,2025-03-25 14:56:00,抢修,低,华南
TK003999,0.2436,low,0.1385,0.1833,0.0035,compliance(0.75); cost(0.28),0,0,1,0.75,0,0.2806817702400539,0.0,0.0,2025-08-10 12:02:00,巡检,高,华北
TK004000,0.0925,low,0.038,0.0251,0.0041,equipment(0.40); cost(0.16),0,0,1,0.0,0,0.16237218533981246,0.0,0.4,2025-07-18 10:39:00,巡检,中,西南
TK004001,0.2584,low,0.7371,0.9085,0.9759,equipment(0.60); quality(0.50); compliance(0.25),0,0,1,0.25,0,0.1544006654858654,0.5,0.6,2025-01-18 12:54:00,抢修,低,华南
TK004002,0.0627,low,0.037,0.0415,0.0105,cost(0.31),0,0,1,0.0,0,0.3136231925432148,0.0,0.0,2025-08-05 17:43:00,抢修,中,华东
TK004003,0.1123,low,0.0634,0.0731,0.0118,equipment(0.40); cost(0.26),0,0,1,0.0,0,0.2612862157639777,0.0,0.4,2025-06-03 09:04:00,巡检,中,华北
TK004004,0.1219,low,0.0754,0.09,0.021,compliance(0.25); quality(0.25); cost(0.11),0,0,1,0.25,0,0.1095758074209977,0.25,0.0,2025-11-12 09:06:00,保养,高,华南
TK004005,0.2095,low,0.3606,0.5019,0.3487,quality(0.75); equipment(0.40); cost(0.19),0,0,1,0.0,0,0.18524794117373988,0.75,0.4,2025-09-28 18:19:00,巡检,中,华南
TK004006,0.085,low,0.0434,0.0235,0.0277,equipment(0.40); cost(0.12),0,0,1,0.0,0,0.12490388787807283,0.0,0.4,2025-08-12 15:35:00,保养,低,华东
TK004007,0.2356,low,0.6425,0.8764,0.7573,quality(0.50); equipment(0.40); compliance(0.25),0,0,1,0.25,0,0.19059826314584993,0.5,0.4,2025-08-11 07:07:00,巡检,中,华中
TK004008,0.0731,low,0.0242,0.0062,0.0003,cost(0.22); equipment(0.20),0,0,1,0.0,0,0.21553701772679879,0.0,0.2,2025-02-21 18:15:00,抢修,中,华南
TK004009,0.4619,medium,0.7014,0.8092,0.7989,equipment(0.80); compliance(0.75); quality(0.75),0,1,0,0.75,0,0.20939742497214053,0.75,0.8,2025-03-12 13:39:00,保养,高,华南
TK004010,0.3634,low,0.3193,0.415,0.1859,compliance(1.00); quality(0.25); cost(0.23),0,0,1,1.0,0,0.22940146963904473,0.25,0.2,2025-11-02 07:26:00,抢修,高,华北
TK004011,0.0767,low,0.0569,0.0843,0.0126,equipment(0.40),0,0,1,0.0,0,0.08329879592505152,0.0,0.4,2025-06-08 09:07:00,保养,低,华南
TK004012,0.0177,low,0.0127,0.0179,0.0033,,0,0,1,0.0,0,0.08825855587560416,0.0,0.0,2025-12-09 19:19:00,保养,高,西北
TK004013,0.1025,low,0.0716,0.106,0.0107,cost(0.36); equipment(0.20),0,0,1,0.0,0,0.3623786154328078,0.0,0.2,2025-05-13 17:28:00,巡检,高,华南
TK004014,0.066,low,0.0571,0.1013,0.0053,equipment(0.20); cost(0.18),0,0,1,0.0,0,0.17992543178864973,0.0,0.2,2025-01-20 14:22:00,巡检,中,西南
TK004015,0.1114,low,0.1932,0.2732,0.1832,compliance(0.25); equipment(0.20),0,0,1,0.25,0,0.09466024081568336,0.0,0.2,2025-09-21 15:20:00,巡检,高,华南
TK004016,0.326,low,0.1786,0.1676,0.0633,compliance(0.75); cost(0.35); quality(0.25),0,0,1,0.75,0,0.3549122198454453,0.25,0.2,2025-09-15 14:48:00,巡检,高,华东
TK004017,0.1328,low,0.211,0.4111,0.0778,quality(0.50); equipment(0.20); cost(0.14),0,0,1,0.0,0,0.1392337236315242,0.5,0.2,2025-07-16 18:12:00,巡检,中,华东
TK004018,0.3766,low,0.7647,0.9302,0.9319,compliance(1.00); quality(0.50); cost(0.26),0,0,1,1.0,0,0.2579913961070278,0.5,0.0,2025-11-27 11:33:00,巡检,高,华中
TK004019,0.3925,low,0.6209,0.7081,0.7294,cost(1.00); compliance(0.50); quality(0.25),0,0,1,0.5,0,1.0,0.25,0.2,2025-02-23 07:40:00,巡检,中,华东
TK004020,0.1112,low,0.1432,0.119,0.1948,compliance(0.25); cost(0.24),0,0,1,0.25,0,0.24363379686937237,0.0,0.0,2025-08-12 13:19:00,改造,高,华中
TK004021,0.1183,low,0.0763,0.0942,0.0223,cost(0.40); quality(0.25),0,0,1,0.0,0,0.40423573788088385,0.25,0.0,2025-02-02 11:26:00,保养,中,华南
TK004022,0.223,low,0.1805,0.3068,0.0178,quality(0.75); equipment(0.60); cost(0.10),0,0,1,0.0,0,0.10239268121041523,0.75,0.6,2025-10-11 08:18:00,改造,低,华北
TK004023,0.2621,low,0.2991,0.533,0.0969,equipment(0.80); compliance(0.25); quality(0.25),0,0,1,0.25,0,0.2104911915045905,0.25,0.8,2025-01-15 11:43:00,巡检,紧急,西南
TK004024,0.1503,low,0.0627,0.0498,0.0004,equipment(0.60); quality(0.25); cost(0.11),0,0,1,0.0,0,0.11424422060168782,0.25,0.6,2025-04-09 09:41:00,巡检,低,西南
TK004025,0.2211,low,0.1176,0.1011,0.0453,compliance(0.50); equipment(0.40); cost(0.18),0,0,1,0.5,0,0.18046058696988332,0.0,0.4,2025-08-30 19:13:00,巡检,紧急,西南
TK004026,0.2107,low,0.4146,0.5921,0.4118,equipment(0.60); quality(0.50); cost(0.23),0,0,1,0.0,0,0.22852943200700038,0.5,0.6,2025-01-11 11:14:00,保养,低,华南
TK004027,0.299,low,0.0994,0.0213,0.0064,equipment(0.80); compliance(0.50); cost(0.27),0,0,1,0.5,0,0.2699369983474976,0.0,0.8,2025-09-14 07:42:00,抢修,低,华北
TK004028,0.2566,low,0.0859,0.0236,0.002,compliance(0.50); cost(0.32); quality(0.25),0,0,1,0.5,0,0.32066175030999156,0.25,0.2,2025-10-04 18:25:00,保养,中,华南
TK004029,0.1046,low,0.2458,0.383,0.2296,compliance(0.25); equipment(0.20),0,0,1,0.25,0,0.06045069609967835,0.0,0.2,2025-02-06 20:04:00,抢修,中,西北
TK004030,0.0985,low,0.1351,0.2868,0.0147,equipment(0.40); cost(0.19),0,0,1,0.0,0,0.1924552833633163,0.0,0.4,2025-10-01 14:44:00,抢修,中,西南
TK004031,0.0961,low,0.0424,0.031,0.0079,cost(0.33); equipment(0.20),0,0,1,0.0,0,0.3303430529293848,0.0,0.2,2025-05-19 10:48:00,巡检,高,西南
TK004032,0.1076,low,0.1489,0.2233,0.11,quality(0.50); cost(0.16),0,0,1,0.0,0,0.16295845800076358,0.5,0.0,2025-03-26 08:09:00,巡检,中,西北
TK004033,0.1109,low,0.1075,0.1494,0.0627,equipment(0.60); cost(0.10),0,0,1,0.0,0,0.10434219469344319,0.0,0.6,2025-09-27 07:29:00,抢修,紧急,华东
TK004034,0.1162,low,0.0814,0.0939,0.039,equipment(0.40); cost(0.28),0,0,1,0.0,0,0.28079041263224735,0.0,0.4,2025-12-30 16:55:00,巡检,中,华北
TK004035,0.078,low,0.0412,0.0363,0.0146,equipment(0.40),0,0,1,0.0,0,0.0899622963961344,0.0,0.4,2025-02-09 17:28:00,保养,中,华南
TK004036,0.3977,low,0.8004,0.9791,0.9668,compliance(0.75); quality(0.50); equipment(0.40),0,0,1,0.75,0,0.37608644585388784,0.5,0.4,2025-11-18 20:27:00,改造,中,华北
TK004037,0.2691,low,0.5809,0.7464,0.6826,quality(0.50); equipment(0.40); cost(0.36),0,0,1,0.25,0,0.3578724524412443,0.5,0.4,2025-03-04 09:47:00,抢修,中,华北
TK004038,0.1162,low,0.0419,0.0194,0.0006,cost(0.39); quality(0.25),0,0,1,0.0,0,0.3934198402948401,0.25,0.0,2025-09-10 14:04:00,保养,高,西南
TK004039,0.0504,low,0.0192,0.0106,0.0012,cost(0.25),0,0,1,0.0,0,0.2519462984941365,0.0,0.0,2025-03-24 08:51:00,巡检,中,华东
TK004040,0.1497,low,0.0674,0.0455,0.0188,equipment(0.60); cost(0.30),0,0,1,0.0,0,0.2984819649038678,0.0,0.6,2025-04-25 07:03:00,保养,中,华中
TK004041,0.1993,low,0.4822,0.7492,0.4576,compliance(0.50); equipment(0.40),0,0,1,0.5,0,0.07141320756971625,0.0,0.4,2025-08-10 09:30:00,抢修,高,华北
TK004042,0.1669,low,0.188,0.2747,0.1194,equipment(0.40); compliance(0.25); cost(0.22),0,0,1,0.25,0,0.2218490335982659,0.0,0.4,2025-09-30 15:58:00,巡检,低,华北
TK004043,0.1909,low,0.456,0.5218,0.6174,equipment(0.40); compliance(0.25); quality(0.25),0,0,1,0.25,0,0.15450638908783343,0.25,0.4,2025-09-10 14:07:00,改造,中,华南
TK004044,0.1272,low,0.0684,0.081,0.0053,equipment(0.40); cost(0.34),0,0,1,0.0,0,0.3359110245872089,0.0,0.4,2025-09-14 15:06:00,保养,高,华中
TK004045,0.1862,low,0.1313,0.1892,0.0263,quality(0.75); compliance(0.25),0,0,1,0.25,0,0.05591137590765216,0.75,0.0,2025-05-13 16:04:00,保养,中,华中
TK004046,0.1177,low,0.0526,0.0321,0.0173,cost(0.28); compliance(0.25),0,0,1,0.25,0,0.27587254182379595,0.0,0.0,2025-06-15 20:53:00,保养,低,华北
TK004047,0.2415,low,0.1079,0.0823,0.0191,equipment(0.60); compliance(0.50); cost(0.13),0,0,1,0.5,0,0.1326612776726238,0.0,0.6,2025-05-27 08:10:00,改造,中,华北
TK004048,0.0967,low,0.079,0.1327,0.0102,equipment(0.40); cost(0.18),0,0,1,0.0,0,0.18356620093147036,0.0,0.4,2025-04-29 08:48:00,巡检,低,华东
TK004049,0.2165,low,0.4342,0.7262,0.3288,compliance(0.50); quality(0.50),0,0,1,0.5,0,0.08268690675103985,0.5,0.0,2025-08-05 13:58:00,改造,低,华南
TK004050,0.2794,low,0.1331,0.0535,0.0872,compliance(0.75); equipment(0.40); cost(0.16),0,0,1,0.75,0,0.15938611484660725,0.0,0.4,2025-11-24 14:05:00,抢修,高,华东
TK004051,0.2361,low,0.1502,0.1717,0.0551,equipment(0.80); compliance(0.25); quality(0.25),0,0,1,0.25,0,0.08034984584194149,0.25,0.8,2025-07-25 10:37:00,保养,中,西北
TK004052,0.2013,low,0.1745,0.1805,0.1455,equipment(0.80); compliance(0.25),0,0,1,0.25,0,0.0937669659064112,0.0,0.8,2025-06-27 16:22:00,保养,中,西北
TK004053,0.0854,low,0.1114,0.226,0.0191,quality(0.25); equipment(0.20),0,0,1,0.0,0,0.08969388459755145,0.25,0.2,2025-05-16 14:12:00,巡检,中,华南
TK004054,0.0933,low,0.0596,0.0514,0.039,equipment(0.40); cost(0.17),0,0,1,0.0,0,0.16663893164704413,0.0,0.4,2025-03-05 14:25:00,巡检,中,华东
TK004055,0.1458,low,0.0845,0.0808,0.0357,equipment(0.40); quality(0.25); cost(0.24),0,0,1,0.0,0,0.2416563476620084,0.25,0.4,2025-12-01 14:17:00,抢修,高,华东
TK004056,0.2826,low,0.0937,0.019,0.0065,equipment(0.80); compliance(0.50); cost(0.19),0,0,1,0.5,0,0.1878113255383882,0.0,0.8,2025-02-10 10:22:00,巡检,低,华北
TK004057,0.0165,low,0.0183,0.0322,0.006,,0,0,1,0.0,0,0.08270113156499648,0.0,0.0,2025-09-11 13:56:00,保养,紧急,华东
TK004058,0.2559,low,0.36,0.6214,0.1879,quality(0.50); equipment(0.40); cost(0.29),0,0,1,0.25,0,0.2920572237218181,0.5,0.4,2025-11-06 10:10:00,改造,高,华东
TK004059,0.0784,low,0.0398,0.0446,0.0019,equipment(0.40),0,0,1,0.0,0,0.09198334625903093,0.0,0.4,2025-10-23 16:31:00,改造,中,华南
TK004060,0.2049,low,0.1886,0.3329,0.0303,equipment(0.80); compliance(0.25); cost(0.11),0,0,1,0.25,0,0.11215610684156518,0.0,0.8,2025-09-07 16:21:00,保养,低,西北
TK004061,0.2022,low,0.1104,0.1276,0.0146,equipment(0.80); quality(0.25); cost(0.22),0,0,1,0.0,0,0.22365102945065152,0.25,0.8,2025-06-06 09:14:00,改造,紧急,华南
TK004062,0.018,low,0.0102,0.0114,0.0023,,0,0,1,0.0,0,0.08999064811403634,0.0,0.0,2025-07-14 11:55:00,改造,中,华南
TK004063,0.1767,low,0.4957,0.634,0.6308,equipment(0.60); compliance(0.25); cost(0.12),0,0,1,0.25,0,0.12075968135499171,0.0,0.6,2025-07-07 09:10:00,抢修,中,西北
TK004064,0.0301,low,0.0153,0.015,0.0029,cost(0.15),0,0,1,0.0,0,0.15047291588710265,0.0,0.0,2025-06-03 17:52:00,巡检,高,华南
TK004065,0.0462,low,0.054,0.1098,0.005,equipment(0.20),0,0,1,0.0,0,0.08121349161484825,0.0,0.2,2025-05-24 18:05:00,巡检,高,华中
TK004066,0.2997,low,0.6674,0.7896,0.8604,quality(1.00); cost(0.29); compliance(0.25),0,0,1,0.25,0,0.2858260252299244,1.0,0.2,2025-03-05 14:54:00,改造,中,西北
TK004067,0.2319,low,0.2996,0.5183,0.1388,compliance(0.50); cost(0.38); equipment(0.20),0,0,1,0.5,0,0.3843704694992751,0.0,0.2,2025-04-20 19:22:00,巡检,高,华南
TK004068,0.1395,low,0.3632,0.6496,0.2684,equipment(0.40); compliance(0.25),0,0,1,0.25,0,0.0850974187208774,0.0,0.4,2025-01-25 09:42:00,巡检,紧急,西北
TK004069,0.1169,low,0.1207,0.241,0.0036,quality(0.50); cost(0.21),0,0,1,0.0,0,0.20938883134005082,0.5,0.0,2025-09-09 11:07:00,巡检,中,西北
TK004070,0.199,low,0.2018,0.3389,0.067,equipment(0.80); cost(0.39),0,0,1,0.0,0,0.3947998369221677,0.0,0.8,2025-12-17 08:15:00,保养,中,华北
TK004071,0.1192,low,0.2758,0.408,0.2778,quality(0.50); cost(0.22),0,0,1,0.0,0,0.2211011632747789,0.5,0.0,2025-07-20 20:07:00,保养,高,西南
TK004072,0.2102,low,0.5194,0.8071,0.4968,quality(0.50); cost(0.36); compliance(0.25),0,0,1,0.25,0,0.3634194067264934,0.5,0.0,2025-04-20 17:41:00,抢修,中,华北
TK004073,0.0991,low,0.1037,0.1484,0.0629,equipment(0.40); cost(0.20),0,0,1,0.0,0,0.1954551914940842,0.0,0.4,2025-01-07 19:01:00,巡检,中,华中
TK004074,0.052,low,0.0272,0.0315,0.0017,cost(0.26),0,0,1,0.0,0,0.2600200760020076,0.0,0.0,2025-06-09 15:31:00,巡检,低,华南
TK004075,0.0244,low,0.0231,0.0423,0.0027,cost(0.12),0,0,1,0.0,0,0.12218783218340123,0.0,0.0,2025-04-01 20:47:00,保养,中,华中
TK004076,0.1069,low,0.0432,0.0291,0.0027,cost(0.38); equipment(0.20),0,0,1,0.0,0,0.38465999331271417,0.0,0.2,2025-01-15 15:11:00,保养,中,华东
TK004077,0.1802,low,0.3186,0.6297,0.126,compliance(0.50); equipment(0.20); cost(0.13),0,0,1,0.5,0,0.12597648096133485,0.0,0.2,2025-01-07 15:50:00,巡检,中,华南
TK004078,0.275,low,0.1861,0.236,0.0601,compliance(0.75); equipment(0.40); cost(0.14),0,0,1,0.75,0,0.1375848517327617,0.0,0.4,2025-05-05 13:26:00,抢修,中,华东
TK004079,0.1573,low,0.0784,0.0855,0.0036,equipment(0.60); quality(0.25); cost(0.15),0,0,1,0.0,0,0.14893133322524477,0.25,0.6,2025-06-23 16:49:00,改造,中,华北
TK004080,0.1592,low,0.0894,0.0916,0.0275,equipment(0.80); cost(0.20),0,0,1,0.0,0,0.19581290247449812,0.0,0.8,2025-12-03 18:29:00,保养,高,华北
TK004081,0.1185,low,0.0468,0.0281,0.004,equipment(0.60); cost(0.14),0,0,1,0.0,0,0.1423136894569046,0.0,0.6,2025-01-05 17:10:00,保养,低,华北
TK004082,0.1639,low,0.2432,0.4146,0.1398,equipment(0.40); compliance(0.25); cost(0.21),0,0,1,0.25,0,0.20698967609895425,0.0,0.4,2025-06-02 12:33:00,抢修,中,华中
TK004083,0.1586,low,0.1799,0.2707,0.1074,equipment(0.80); cost(0.19),0,0,1,0.0,0,0.1932290216805792,0.0,0.8,2025-06-13 18:25:00,巡检,低,西南
TK004084,0.2417,low,0.0837,0.0278,0.0043,compliance(0.50); equipment(0.40); quality(0.25),0,0,1,0.5,0,0.09580834910284763,0.25,0.4,2025-06-03 13:38:00,保养,低,华北
TK004085,0.2589,low,0.101,0.0587,0.008,compliance(0.75); cost(0.21); equipment(0.20),0,0,1,0.75,0,0.20678450180524865,0.0,0.2,2025-08-01 19:17:00,抢修,中,华北
TK004086,0.1292,low,0.0798,0.1039,0.0133,quality(0.50); cost(0.27),0,0,1,0.0,0,0.27090642565735923,0.5,0.0,2025-01-23 16:36:00,抢修,中,华中
TK004087,0.181,low,0.2099,0.3211,0.1234,cost(0.40); compliance(0.25); quality(0.25),0,0,1,0.25,0,0.4049963015436423,0.25,0.0,2025-11-27 11:02:00,抢修,紧急,西北
TK004088,0.1424,low,0.0574,0.0297,0.0123,cost(0.40); compliance(0.25),0,0,1,0.25,0,0.39969279935184043,0.0,0.0,2025-11-30 16:57:00,保养,中,华中
TK004089,0.0412,low,0.0153,0.0078,0.0006,cost(0.21),0,0,1,0.0,0,0.20591549295774647,0.0,0.0,2025-04-05 17:27:00,抢修,中,西北
TK004090,0.1046,low,0.081,0.0931,0.0486,quality(0.25); equipment(0.20); cost(0.19),0,0,1,0.0,0,0.18569457581554794,0.25,0.2,2025-11-07 08:27:00,巡检,低,西北
TK004091,0.1823,low,0.062,0.0199,0.0009,compliance(0.50); cost(0.29),0,0,1,0.5,0,0.2866206094599679,0.0,0.0,2025-05-22 11:42:00,抢修,中,西北
TK004092,0.1465,low,0.1154,0.202,0.0022,equipment(0.40); compliance(0.25); cost(0.12),0,0,1,0.25,0,0.11975061891026362,0.0,0.4,2025-09-05 12:23:00,巡检,低,西南
TK004093,0.1842,low,0.5911,0.786,0.745,quality(0.50); compliance(0.25); equipment(0.20),0,0,1,0.25,0,0.083308012266461,0.5,0.2,2025-05-17 11:28:00,巡检,中,西北
TK004094,0.1506,low,0.0631,0.023,0.0283,equipment(0.40); cost(0.27); quality(0.25),0,0,1,0.0,0,0.2655003415975472,0.25,0.4,2025-04-24 08:53:00,保养,中,华东
TK004095,0.1893,low,0.0672,0.0285,0.0013,compliance(0.50); cost(0.32),0,0,1,0.5,0,0.321563151911169,0.0,0.0,2025-08-05 10:57:00,改造,低,华南
TK004096,0.0221,low,0.0548,0.0946,0.0429,cost(0.11),0,0,1,0.0,0,0.11066839130557027,0.0,0.0,2025-06-21 15:46:00,巡检,中,华中
TK004097,0.2006,low,0.1646,0.2175,0.0809,compliance(0.50); equipment(0.40),0,0,1,0.5,0,0.07780918067024978,0.0,0.4,2025-09-29 08:51:00,保养,中,西南
TK004098,0.0153,low,0.0144,0.0202,0.0078,,0,0,1,0.0,0,0.0763117218680549,0.0,0.0,2025-05-08 18:51:00,巡检,低,华东
TK004099,0.1098,low,0.0707,0.0902,0.0176,equipment(0.60),0,0,1,0.0,0,0.09923334092916836,0.0,0.6,2025-05-14 09:55:00,抢修,中,华南
TK004100,0.1532,low,0.1997,0.3071,0.1322,equipment(0.60); quality(0.25); cost(0.13),0,0,1,0.0,0,0.12832571674283255,0.25,0.6,2025-07-20 16:04:00,保养,高,西南
TK004101,0.0821,low,0.0684,0.1143,0.0109,equipment(0.40); cost(0.11),0,0,1,0.0,0,0.11027494887314349,0.0,0.4,2025-12-26 20:19:00,保养,中,华北
TK004102,0.0948,low,0.2118,0.3712,0.1526,quality(0.50),0,0,1,0.0,0,0.09887044093630915,0.5,0.0,2025-06-09 09:21:00,保养,紧急,西南
TK004103,0.2061,low,0.0652,0.0069,0.0027,compliance(0.50); cost(0.41),0,0,1,0.5,0,0.4057223157798917,0.0,0.0,2025-09-13 08:21:00,巡检,中,华东
TK004104,0.1328,low,0.0993,0.1478,0.0221,equipment(0.80),0,0,1,0.0,0,0.06390412403754886,0.0,0.8,2025-06-23 13:05:00,抢修,低,华中
TK004105,0.0829,low,0.0468,0.0519,0.0107,quality(0.25); cost(0.23),0,0,1,0.0,0,0.22695925241603743,0.25,0.0,2025-06-23 17:07:00,抢修,中,西北
TK004106,0.2115,low,0.1857,0.3364,0.013,compliance(0.50); cost(0.28); equipment(0.20),0,0,1,0.5,0,0.28246691270043267,0.0,0.2,2025-04-08 07:42:00,巡检,高,华南
TK004107,0.2004,low,0.0738,0.0383,0.0007,equipment(1.00); cost(0.25),0,0,1,0.0,0,0.25198550454676305,0.0,1.0,2025-02-03 07:23:00,抢修,中,华中
TK004108,0.0757,low,0.0368,0.0201,0.0203,equipment(0.40),0,0,1,0.0,0,0.0784351187934097,0.0,0.4,2025-08-10 14:49:00,保养,中,华中
TK004109,0.0456,low,0.0243,0.0264,0.004,cost(0.23),0,0,1,0.0,0,0.228076245462843,0.0,0.0,2025-12-17 10:48:00,抢修,中,西北
TK004110,0.3879,low,0.5064,0.4599,0.6546,compliance(0.75); equipment(0.60); quality(0.50),0,0,1,0.75,0,0.17683538083538075,0.5,0.6,2025-09-15 08:17:00,保养,中,华南
TK004111,0.29,low,0.6046,0.8969,0.5821,equipment(0.60); compliance(0.50); quality(0.25),0,0,1,0.5,0,0.1873385012919897,0.25,0.6,2025-12-01 16:54:00,保养,中,西南
TK004112,0.0438,low,0.0235,0.0223,0.0072,equipment(0.20),0,0,1,0.0,0,0.06883743832852196,0.0,0.2,2025-12-05 09:16:00,保养,中,华北
TK004113,0.0568,low,0.0308,0.0224,0.0169,equipment(0.20); cost(0.13),0,0,1,0.0,0,0.13390901209157036,0.0,0.2,2025-01-20 18:31:00,抢修,低,华南
TK004114,0.1403,low,0.0808,0.0925,0.0181,equipment(0.80); cost(0.10),0,0,1,0.0,0,0.10140084095670132,0.0,0.8,2025-08-19 17:13:00,抢修,中,华中
TK004115,0.0362,low,0.026,0.0406,0.0027,cost(0.18),0,0,1,0.0,0,0.18102951918532206,0.0,0.0,2025-05-24 07:26:00,巡检,低,华北
TK004116,0.1184,low,0.2891,0.5201,0.2044,compliance(0.25); quality(0.25),0,0,1,0.25,0,0.09219294701558445,0.25,0.0,2025-05-18 09:59:00,保养,紧急,华南
TK004117,0.1308,low,0.1458,0.218,0.0865,cost(0.34); compliance(0.25),0,0,1,0.25,0,0.34138675705394894,0.0,0.0,2025-06-26 20:01:00,巡检,中,华南
TK004118,0.1336,low,0.0674,0.074,0.0042,equipment(0.40); compliance(0.25),0,0,1,0.25,0,0.05560655206593723,0.0,0.4,2025-11-04 17:02:00,抢修,低,西北
TK004119,0.1548,low,0.086,0.0939,0.0191,quality(0.75); equipment(0.20),0,0,1,0.0,0,0.06136218953689443,0.75,0.2,2025-12-18 09:33:00,抢修,中,华东
TK004120,0.2169,low,0.3379,0.6683,0.1111,quality(0.50); compliance(0.25); cost(0.25),0,0,1,0.25,0,0.2467503515450835,0.5,0.2,2025-08-01 19:17:00,巡检,高,西北
TK004121,0.1791,low,0.1019,0.1186,0.0189,quality(0.75); equipment(0.20); cost(0.18),0,0,1,0.0,0,0.18282359540534687,0.75,0.2,2025-07-14 17:33:00,巡检,中,华中
TK004122,0.1809,low,0.3443,0.8171,0.0116,quality(0.50); equipment(0.40); cost(0.23),0,0,1,0.0,0,0.22958491294747774,0.5,0.4,2025-07-02 08:42:00,保养,紧急,华东
TK004123,0.2424,low,0.143,0.1839,0.017,compliance(0.50); quality(0.25); cost(0.25),0,0,1,0.5,0,0.24941296003612567,0.25,0.2,2025-07-28 13:27:00,保养,高,西南
TK004124,0.3424,low,0.7105,0.9431,0.7933,equipment(0.60); compliance(0.50); quality(0.50),0,0,1,0.5,0,0.26179675893900045,0.5,0.6,2025-05-30 11:43:00,抢修,高,西北
TK004125,0.1277,low,0.0694,0.0839,0.0048,equipment(0.40); cost(0.34),0,0,1,0.0,0,0.3384707675500843,0.0,0.4,2025-11-16 19:33:00,抢修,中,华东
TK004126,0.2473,low,0.1227,0.1371,0.0014,compliance(0.75); equipment(0.20); cost(0.15),0,0,1,0.75,0,0.1489218456636766,0.0,0.2,2025-12-27 15:23:00,保养,中,华中
TK004127,0.0587,low,0.0228,0.0127,0.0022,cost(0.29),0,0,1,0.0,0,0.2937365728333813,0.0,0.0,2025-11-09 16:54:00,保养,中,西南
TK004128,0.1714,low,0.0529,0.0033,0.0009,compliance(0.50); cost(0.23),0,0,1,0.5,0,0.23215030847800555,0.0,0.0,2025-09-20 19:48:00,抢修,中,华北
TK004129,0.132,low,0.0471,0.0207,0.0008,equipment(0.40); cost(0.36),0,0,1,0.0,0,0.360054902137657,0.0,0.4,2025-01-16 17:35:00,抢修,低,西北
TK004130,0.1215,low,0.068,0.0757,0.0145,equipment(0.60); cost(0.16),0,0,1,0.0,0,0.15743336309585598,0.0,0.6,2025-04-13 13:30:00,保养,低,华东
TK004131,0.1927,low,0.0612,0.0079,0.0017,compliance(0.50); equipment(0.20); cost(0.19),0,0,1,0.5,0,0.18859750614611204,0.0,0.2,2025-11-26 07:00:00,巡检,中,华中
TK004132,0.2363,low,0.09,0.0398,0.0148,equipment(0.60); compliance(0.25); quality(0.25),0,0,1,0.25,0,0.2313032338480714,0.25,0.6,2025-07-16 16:50:00,抢修,中,华南
TK004133,0.164,low,0.1995,0.2305,0.1989,equipment(0.40); compliance(0.25); cost(0.21),0,0,1,0.25,0,0.20731181787001018,0.0,0.4,2025-10-13 17:50:00,巡检,中,华东
TK004134,0.286,low,0.1379,0.1056,0.0432,compliance(0.75); quality(0.25); equipment(0.20),0,0,1,0.75,0,0.15522707741985886,0.25,0.2,2025-08-04 13:59:00,巡检,低,西北
TK004135,0.1259,low,0.1192,0.2146,0.018,cost(0.32); compliance(0.25),0,0,1,0.25,0,0.31724877927409567,0.0,0.0,2025-03-11 14:50:00,保养,高,华北
TK004136,0.1643,low,0.1585,0.2492,0.0629,equipment(0.40); compliance(0.25); cost(0.21),0,0,1,0.25,0,0.20896927586661973,0.0,0.4,2025-11-23 15:56:00,巡检,高,华中
TK004137,0.2159,low,0.2609,0.2529,0.3076,equipment(0.40); cost(0.28); compliance(0.25),0,0,1,0.25,0,0.27974862913566945,0.25,0.4,2025-09-12 15:02:00,保养,紧急,西北
TK004138,0.0924,low,0.1902,0.2645,0.1998,quality(0.50),0,0,1,0.0,0,0.08689255461435563,0.5,0.0,2025-02-26 15:54:00,抢修,低,华东
TK004139,0.319,low,0.1216,0.0436,0.0304,equipment(0.80); compliance(0.50); cost(0.37),0,0,1,0.5,0,0.37018794103262775,0.0,0.8,2025-06-16 17:03:00,抢修,低,华北
TK004140,0.114,low,0.1074,0.1328,0.0764,cost(0.26); compliance(0.25),0,0,1,0.25,0,0.2576158674768866,0.0,0.0,2025-12-14 12:22:00,抢修,中,华中
TK004141,0.1715,low,0.1138,0.1366,0.0416,quality(0.75); equipment(0.20); cost(0.15),0,0,1,0.0,0,0.14509170859935006,0.75,0.2,2025-02-18 14:47:00,保养,低,华南
TK004142,0.1719,low,0.3785,0.4386,0.4954,equipment(0.40); compliance(0.25); cost(0.25),0,0,1,0.25,0,0.24700596126518237,0.0,0.4,2025-05-09 09:49:00,巡检,高,华北
TK004143,0.0992,low,0.0651,0.0873,0.0136,equipment(0.40); cost(0.20),0,0,1,0.0,0,0.19598800958058016,0.0,0.4,2025-08-30 20:05:00,保养,中,华南
TK004144,0.077,low,0.0259,0.0063,0.0017,compliance(0.25),0,0,1,0.25,0,0.07259830101823184,0.0,0.0,2025-01-20 07:22:00,抢修,低,华东
TK004145,0.355,low,0.7752,0.9663,0.9442,cost(1.00); compliance(0.50); equipment(0.20),0,0,1,0.5,0,1.0,0.0,0.2,2025-10-15 20:24:00,保养,中,华北
TK004146,0.0871,low,0.086,0.1411,0.0299,equipment(0.40); cost(0.14),0,0,1,0.0,0,0.13536401597570313,0.0,0.4,2025-08-10 12:32:00,巡检,紧急,华南
TK004147,0.2681,low,0.2969,0.5175,0.1009,compliance(0.75); equipment(0.40); cost(0.10),0,0,1,0.75,0,0.10302881472050252,0.0,0.4,2025-04-09 08:36:00,抢修,高,华东
TK004148,0.1522,low,0.1028,0.1181,0.0451,equipment(0.60); cost(0.31),0,0,1,0.0,0,0.3111372485399092,0.0,0.6,2025-06-29 12:42:00,抢修,中,西北
TK004149,0.0243,low,0.0122,0.0099,0.0042,cost(0.12),0,0,1,0.0,0,0.12173059242364614,0.0,0.0,2025-03-04 07:57:00,巡检,高,华北
TK004150,0.1505,low,0.1127,0.1716,0.0215,equipment(0.60); cost(0.30),0,0,1,0.0,0,0.3027013009942289,0.0,0.6,2025-10-16 20:18:00,抢修,中,西北
TK004151,0.1984,low,0.6136,0.763,0.82,compliance(0.50); cost(0.37),0,0,1,0.5,0,0.3672307407444477,0.0,0.0,2025-02-12 09:16:00,保养,紧急,华中
TK004152,0.0948,low,0.0605,0.0608,0.0309,quality(0.25); equipment(0.20); cost(0.14),0,0,1,0.0,0,0.1362898768367592,0.25,0.2,2025-05-28 11:28:00,保养,高,华东
TK004153,0.1673,low,0.3611,0.7848,0.1034,compliance(0.50); equipment(0.20),0,0,1,0.5,0,0.06171094160967905,0.0,0.2,2025-08-25 08:02:00,抢修,高,西南
TK004154,0.2524,low,0.7079,0.8868,0.9194,compliance(0.75); equipment(0.20); cost(0.17),0,0,1,0.75,0,0.17455036027519888,0.0,0.2,2025-02-22 13:59:00,巡检,高,华东
TK004155,0.2555,low,0.1699,0.1324,0.1341,equipment(1.00); compliance(0.25); cost(0.22),0,0,1,0.25,0,0.21522328751709963,0.0,1.0,2025-02-27 18:17:00,巡检,高,华东
TK004156,0.0569,low,0.0477,0.0665,0.021,cost(0.28),0,0,1,0.0,0,0.2844518568360157,0.0,0.0,2025-02-18 10:42:00,改造,高,华东
TK004157,0.1993,low,0.3364,0.4283,0.362,equipment(0.60); compliance(0.25); cost(0.23),0,0,1,0.25,0,0.2341971413179602,0.0,0.6,2025-09-18 09:33:00,保养,高,华东
TK004158,0.335,low,0.7899,0.9921,0.9776,quality(1.00); equipment(0.60); compliance(0.25),0,0,1,0.25,0,0.16233452231860268,1.0,0.6,2025-08-30 07:12:00,保养,中,西北
TK004159,0.0377,low,0.0158,0.0102,0.0027,cost(0.19),0,0,1,0.0,0,0.18840210789567702,0.0,0.0,2025-07-13 08:32:00,抢修,高,华东
TK004160,0.2193,low,0.1154,0.1028,0.0388,compliance(0.75); cost(0.16),0,0,1,0.75,0,0.15885209210576234,0.0,0.0,2025-11-25 20:10:00,巡检,中,西北
TK004161,0.1732,low,0.0784,0.0518,0.0237,equipment(0.40); cost(0.25); compliance(0.25),0,0,1,0.25,0,0.25332385019777026,0.0,0.4,2025-03-02 11:10:00,抢修,中,华中
TK004162,0.1841,low,0.2292,0.3472,0.1499,quality(0.75); equipment(0.40),0,0,1,0.0,0,0.05813757510603035,0.75,0.4,2025-07-20 11:29:00,抢修,高,华南
TK004163,0.1191,low,0.0522,0.0431,0.0039,cost(0.26); quality(0.25); equipment(0.20),0,0,1,0.0,0,0.25795454545454544,0.25,0.2,2025-12-06 12:34:00,改造,高,华中
TK004164,0.1323,low,0.1062,0.0834,0.1065,equipment(0.80),0,0,1,0.0,0,0.0615557185842025,0.0,0.8,2025-09-22 18:15:00,巡检,高,华中
TK004165,0.1439,low,0.0977,0.0565,0.0994,equipment(0.60); cost(0.27),0,0,1,0.0,0,0.2694182699140344,0.0,0.6,2025-02-28 14:00:00,改造,中,华北
TK004166,0.1054,low,0.156,0.3263,0.0292,quality(0.25); equipment(0.20); cost(0.19),0,0,1,0.0,0,0.1897367295735526,0.25,0.2,2025-08-22 07:35:00,抢修,中,华中
TK004167,0.2504,low,0.0887,0.0377,0.0011,equipment(0.60); compliance(0.50); cost(0.18),0,0,1,0.5,0,0.17721192912435846,0.0,0.6,2025-09-28 12:58:00,抢修,中,华南
TK004168,0.2915,low,0.3242,0.6326,0.0439,compliance(0.75); quality(0.50); cost(0.14),0,0,1,0.75,0,0.14490374128692685,0.5,0.0,2025-04-19 10:25:00,抢修,低,华南
TK004169,0.2742,low,0.1044,0.0403,0.0231,equipment(0.60); compliance(0.50); quality(0.25),0,0,1,0.5,0,0.10863826383662789,0.25,0.6,2025-06-26 07:10:00,抢修,低,华中
TK004170,0.1406,low,0.0852,0.1064,0.0166,quality(0.50); cost(0.33),0,0,1,0.0,0,0.3279301965397894,0.5,0.0,2025-11-05 07:26:00,巡检,中,华南
TK004171,0.0787,low,0.0638,0.0926,0.0223,equipment(0.40),0,0,1,0.0,0,0.09329036522888778,0.0,0.4,2025-02-24 17:28:00,巡检,紧急,华东
TK004172,0.268,low,0.1136,0.0677,0.0271,equipment(0.60); compliance(0.50); quality(0.25),0,0,1,0.5,0,0.0773733626985047,0.25,0.6,2025-06-01 13:41:00,抢修,中,华东
TK004173,0.1612,low,0.0738,0.0627,0.0099,quality(0.50); equipment(0.40); cost(0.13),0,0,1,0.0,0,0.13098453273051014,0.5,0.4,2025-09-24 08:10:00,巡检,高,西南
TK004174,0.2205,low,0.0901,0.0585,0.0099,compliance(0.50); equipment(0.40); cost(0.18),0,0,1,0.5,0,0.17741935483870974,0.0,0.4,2025-03-11 13:15:00,巡检,高,西南
TK004175,0.1675,low,0.1895,0.2823,0.1156,quality(0.50); equipment(0.40); cost(0.16),0,0,1,0.0,0,0.162388958408187,0.5,0.4,2025-10-03 13:42:00,保养,中,华中
TK004176,0.1844,low,0.4602,0.6059,0.5508,quality(0.50); compliance(0.25); cost(0.23),0,0,1,0.25,0,0.2345795667949292,0.5,0.0,2025-01-06 10:57:00,保养,低,西北
TK004177,0.0706,low,0.0287,0.0182,0.0032,quality(0.25); cost(0.17),0,0,1,0.0,0,0.16543615619989627,0.25,0.0,2025-08-06 20:17:00,抢修,紧急,西南
TK004178,0.1811,low,0.1831,0.1914,0.1766,quality(0.50); cost(0.38); equipment(0.20),0,0,1,0.0,0,0.3806134459922782,0.5,0.2,2025-02-03 10:44:00,抢修,紧急,西南
TK004179,0.1369,low,0.0874,0.1052,0.0271,equipment(0.40); cost(0.38),0,0,1,0.0,0,0.38430213336272145,0.0,0.4,2025-07-20 20:34:00,巡检,高,西南
TK004180,0.0344,low,0.0386,0.0721,0.0088,cost(0.17),0,0,1,0.0,0,0.17204806795814775,0.0,0.0,2025-02-10 07:38:00,改造,高,华南
TK004181,0.2063,low,0.3076,0.391,0.3111,compliance(0.50); cost(0.41),0,0,1,0.5,0,0.40628721939145696,0.0,0.0,2025-01-19 07:21:00,抢修,低,华中
TK004182,0.2762,low,0.2458,0.4318,0.0338,compliance(0.50); quality(0.50); cost(0.23),0,0,1,0.5,0,0.23085902402380287,0.5,0.2,2025-09-08 12:20:00,巡检,中,西南
TK004183,0.0949,low,0.0433,0.0371,0.0054,compliance(0.25); cost(0.16),0,0,1,0.25,0,0.16183042143638948,0.0,0.0,2025-03-15 11:00:00,巡检,中,华北
TK004184,0.1175,low,0.1448,0.2884,0.0245,quality(0.50); equipment(0.20),0,0,1,0.0,0,0.062489888180612074,0.5,0.2,2025-11-01 09:39:00,抢修,中,华北
TK004185,0.106,low,0.0509,0.04,0.0146,equipment(0.60),0,0,1,0.0,0,0.07981569197640259,0.0,0.6,2025-08-03 10:17:00,抢修,中,西南
TK004186,0.1413,low,0.0631,0.0528,0.0063,cost(0.41); equipment(0.40),0,0,1,0.0,0,0.40669545376481275,0.0,0.4,2025-05-18 10:04:00,保养,中,西南
TK004187,0.1996,low,0.1395,0.199,0.0286,compliance(0.50); cost(0.22); equipment(0.20),0,0,1,0.5,0,0.22318584309702494,0.0,0.2,2025-02-25 20:11:00,抢修,中,华东
TK004188,0.3055,low,0.7644,0.9692,0.9529,compliance(0.75); equipment(0.40); cost(0.29),0,0,1,0.75,0,0.29004964031309777,0.0,0.4,2025-01-07 14:11:00,巡检,紧急,华南
TK004189,0.1273,low,0.0803,0.0752,0.0451,equipment(0.40); quality(0.25); cost(0.15),0,0,1,0.0,0,0.14878305606583453,0.25,0.4,2025-11-11 17:45:00,巡检,中,西北
TK004190,0.085,low,0.0633,0.0837,0.0244,cost(0.27); equipment(0.20),0,0,1,0.0,0,0.27495456571683297,0.0,0.2,2025-12-02 11:35:00,抢修,低,华东
TK004191,0.1087,low,0.0575,0.0672,0.0038,cost(0.39); equipment(0.20),0,0,1,0.0,0,0.3936305069673721,0.0,0.2,2025-12-19 07:25:00,巡检,高,华北
TK004192,0.1066,low,0.0885,0.1216,0.04,compliance(0.25); equipment(0.20),0,0,1,0.25,0,0.07058350819233006,0.0,0.2,2025-05-29 08:32:00,保养,中,华南
TK004193,0.2309,low,0.3226,0.4805,0.2433,compliance(0.50); cost(0.34); quality(0.25),0,0,1,0.5,0,0.34224700021888954,0.25,0.0,2025-05-25 13:10:00,巡检,高,华北
TK004194,0.1122,low,0.0502,0.0452,0.002,equipment(0.40); cost(0.26),0,0,1,0.0,0,0.26077340939019555,0.0,0.4,2025-11-24 20:07:00,改造,紧急,西南
TK004195,0.1275,low,0.0804,0.0736,0.0467,compliance(0.25); quality(0.25); cost(0.14),0,0,1,0.25,0,0.13768097872672014,0.25,0.0,2025-10-04 18:27:00,巡检,低,华东
TK004196,0.1444,low,0.1488,0.2327,0.0688,quality(0.75); cost(0.16),0,0,1,0.0,0,0.1595981409529149,0.75,0.0,2025-09-07 10:05:00,巡检,高,华南
TK004197,0.0891,low,0.0572,0.0631,0.0239,equipment(0.40); cost(0.15),0,0,1,0.0,0,0.14559113195024298,0.0,0.4,2025-04-06 12:47:00,保养,中,西南
TK004198,0.1502,low,0.5463,0.7404,0.6918,equipment(0.40); compliance(0.25); cost(0.14),0,0,1,0.25,0,0.13864540907190304,0.0,0.4,2025-05-12 11:40:00,抢修,中,华中
TK004199,0.0946,low,0.0398,0.0317,0.001,cost(0.32); equipment(0.20),0,0,1,0.0,0,0.3231359294636297,0.0,0.2,2025-05-27 15:42:00,保养,中,西北
TK004200,0.1231,low,0.1704,0.2434,0.1379,compliance(0.25); equipment(0.20); cost(0.15),0,0,1,0.25,0,0.15297006686560088,0.0,0.2,2025-09-28 18:50:00,抢修,中,西北
TK004201,0.05,low,0.058,0.0861,0.0367,equipment(0.20); cost(0.10),0,0,1,0.0,0,0.10006564857564104,0.0,0.2,2025-03-27 13:02:00,抢修,中,西北
TK004202,0.1846,low,0.2976,0.3798,0.3123,equipment(0.60); compliance(0.25); cost(0.16),0,0,1,0.25,0,0.1605373455693292,0.0,0.6,2025-09-14 08:26:00,抢修,紧急,华北
TK004203,0.1135,low,0.0757,0.0672,0.0518,equipment(0.40); cost(0.27),0,0,1,0.0,0,0.2674704749482866,0.0,0.4,2025-10-19 14:26:00,抢修,中,华东
TK004204,0.1318,low,0.1347,0.198,0.0738,compliance(0.25); equipment(0.20); cost(0.20),0,0,1,0.25,0,0.1962513909049256,0.0,0.2,2025-03-03 20:59:00,巡检,中,华东
TK004205,0.3888,low,0.7957,0.9686,0.9715,equipment(0.80); compliance(0.50); quality(0.50),0,0,1,0.5,0,0.344223151080708,0.5,0.8,2025-09-17 17:01:00,抢修,中,西北
TK004206,0.26,low,0.7429,0.9885,0.9113,cost(1.00); equipment(0.40),0,0,1,0.0,0,1.0,0.0,0.4,2025-04-17 11:01:00,保养,紧急,西南
TK004207,0.0837,low,0.034,0.0203,0.005,compliance(0.25); cost(0.11),0,0,1,0.25,0,0.10604196278931632,0.0,0.0,2025-10-03 11:40:00,巡检,高,华中
TK004208,0.1574,low,0.1266,0.1062,0.1205,cost(0.29); compliance(0.25); quality(0.25),0,0,1,0.25,0,0.2870226860921058,0.25,0.0,2025-01-15 09:17:00,抢修,中,西南
TK004209,0.188,low,0.146,0.2128,0.0432,quality(0.50); equipment(0.40); cost(0.26),0,0,1,0.0,0,0.2648070629423852,0.5,0.4,2025-08-09 16:35:00,巡检,中,华南
TK004210,0.0183,low,0.0228,0.0428,0.0066,,0,0,1,0.0,0,0.09171603374913262,0.0,0.0,2025-04-24 14:47:00,抢修,紧急,华中
TK004211,0.0228,low,0.0134,0.0183,0.0005,cost(0.11),0,0,1,0.0,0,0.11409277941857932,0.0,0.0,2025-05-04 12:54:00,巡检,紧急,西南
TK004212,0.1555,low,0.1292,0.1851,0.0507,cost(0.31); compliance(0.25); equipment(0.20),0,0,1,0.25,0,0.3148207171314742,0.0,0.2,2025-10-01 13:10:00,保养,高,华东
TK004213,0.1143,low,0.148,0.2903,0.0346,quality(0.25); cost(0.23); equipment(0.20),0,0,1,0.0,0,0.23375277497815172,0.25,0.2,2025-10-10 12:46:00,改造,中,华北
TK004214,0.2818,low,0.1166,0.0833,0.0084,equipment(0.60); compliance(0.50); cost(0.33),0,0,1,0.5,0,0.33419876891788103,0.0,0.6,2025-06-12 08:16:00,保养,低,华北
TK004215,0.2451,low,0.1075,0.0908,0.0062,compliance(0.50); equipment(0.40); quality(0.25),0,0,1,0.5,0,0.11307757268669327,0.25,0.4,2025-05-18 16:54:00,抢修,高,西北
TK004216,0.4475,medium,0.8339,0.9998,0.9993,cost(1.00); compliance(0.75); equipment(0.40),0,1,0,0.75,0,1.0,0.0,0.4,2025-01-18 08:29:00,巡检,高,华东
TK004217,0.1403,low,0.1728,0.3117,0.0617,equipment(0.40); compliance(0.25),0,0,1,0.25,0,0.08882327843672666,0.0,0.4,2025-03-28 18:51:00,抢修,高,西北
TK004218,0.2435,low,0.483,0.7767,0.3947,quality(0.75); compliance(0.25); equipment(0.20),0,0,1,0.25,0,0.1925490092260448,0.75,0.2,2025-03-09 07:19:00,改造,中,华中
TK004219,0.0244,low,0.0099,0.0057,0.0017,cost(0.12),0,0,1,0.0,0,0.12196642472280361,0.0,0.0,2025-06-22 09:35:00,巡检,中,华中
TK004220,0.109,low,0.0601,0.0661,0.0123,equipment(0.60),0,0,1,0.0,0,0.0950801359796496,0.0,0.6,2025-08-30 11:42:00,改造,紧急,华中
TK004221,0.1671,low,0.1863,0.2136,0.1755,equipment(0.40); cost(0.35); quality(0.25),0,0,1,0.0,0,0.3482183637714651,0.25,0.4,2025-07-27 20:59:00,巡检,高,华南
TK004222,0.1453,low,0.101,0.1311,0.0328,equipment(0.40); compliance(0.25); cost(0.11),0,0,1,0.25,0,0.1142435713976625,0.0,0.4,2025-08-17 18:36:00,巡检,中,华南
TK004223,0.2665,low,0.2351,0.3948,0.0485,quality(0.50); equipment(0.40); cost(0.35),0,0,1,0.25,0,0.34505785004566436,0.5,0.4,2025-11-09 09:50:00,保养,高,西北
TK004224,0.0222,low,0.0124,0.0154,0.001,cost(0.11),0,0,1,0.0,0,0.11119605579305392,0.0,0.0,2025-01-04 11:59:00,巡检,中,华东
TK004225,0.1103,low,0.2051,0.3829,0.1085,compliance(0.25); equipment(0.20),0,0,1,0.25,0,0.08901454328577318,0.0,0.2,2025-08-24 18:01:00,保养,中,华东
TK004226,0.1583,low,0.1997,0.3916,0.0434,quality(0.50); equipment(0.40); cost(0.12),0,0,1,0.0,0,0.11645878756482586,0.5,0.4,2025-08-24 14:47:00,保养,高,西北
TK004227,0.0126,low,0.0066,0.0062,0.0018,,0,0,1,0.0,0,0.06306306306306309,0.0,0.0,2025-03-10 09:08:00,保养,紧急,华南
TK004228,0.0798,low,0.0332,0.0194,0.0071,cost(0.25); equipment(0.20),0,0,1,0.0,0,0.24882813414273464,0.0,0.2,2025-12-18 08:33:00,巡检,低,华南
TK004229,0.1294,low,0.0668,0.0664,0.0136,equipment(0.40); quality(0.25); cost(0.16),0,0,1,0.0,0,0.159465324486457,0.25,0.4,2025-12-31 15:42:00,抢修,低,华东
TK004230,0.1109,low,0.0615,0.0764,0.0042,quality(0.50); cost(0.18),0,0,1,0.0,0,0.17967673313471066,0.5,0.0,2025-04-10 13:29:00,巡检,中,华北
TK004231,0.0119,low,0.0076,0.0085,0.003,,0,0,1,0.0,0,0.05934497796139393,0.0,0.0,2025-05-30 09:30:00,巡检,中,华南
TK004232,0.1764,low,0.0554,0.0056,0.0014,compliance(0.50); cost(0.26),0,0,1,0.5,0,0.2570034979468574,0.0,0.0,2025-11-19 14:57:00,抢修,高,华东
TK004233,0.1469,low,0.0706,0.0711,0.0046,compliance(0.25); quality(0.25); equipment(0.20),0,0,1,0.25,0,0.08432172620076761,0.25,0.2,2025-06-12 09:49:00,巡检,中,西南
TK004234,0.414,medium,0.8049,0.9677,0.9772,quality(1.00); equipment(0.80); cost(0.41),0,1,0,0.25,0,0.407372028870829,1.0,0.8,2025-07-03 20:55:00,改造,中,西北
TK004235,0.3566,low,0.5024,0.4794,0.6503,equipment(0.80); compliance(0.50); quality(0.50),0,0,1,0.5,0,0.183085582156978,0.5,0.8,2025-11-19 15:24:00,保养,高,华南
TK004236,0.1774,low,0.0596,0.0178,0.0005,compliance(0.50); equipment(0.20); cost(0.11),0,0,1,0.5,0,0.11222121954363795,0.0,0.2,2025-03-26 11:20:00,巡检,中,华中
TK004237,0.369,low,0.4422,0.8467,0.1003,compliance(0.75); quality(0.50); equipment(0.40),0,0,1,0.75,0,0.23265509994160316,0.5,0.4,2025-04-10 08:43:00,抢修,紧急,华东
TK004238,0.2887,low,0.1593,0.119,0.0886,compliance(0.75); equipment(0.60),0,0,1,0.75,0,0.056229228087329775,0.0,0.6,2025-07-29 14:47:00,巡检,中,西南
TK004239,0.4036,medium,0.7641,0.9852,0.8521,equipment(0.80); compliance(0.75); quality(0.50),0,1,0,0.75,0,0.10567110301435478,0.5,0.8,2025-01-12 11:51:00,抢修,低,华中
TK004240,0.1098,low,0.3258,0.5155,0.3211,compliance(0.25); equipment(0.20),0,0,1,0.25,0,0.08664396208608593,0.0,0.2,2025-08-16 07:21:00,改造,中,西南
TK004241,0.2423,low,0.3355,0.4975,0.2535,equipment(0.80); cost(0.30); compliance(0.25),0,0,1,0.25,0,0.2989529188793605,0.0,0.8,2025-01-03 10:05:00,巡检,低,华南
TK004242,0.2189,low,0.5349,0.6087,0.732,quality(0.75); equipment(0.60),0,0,1,0.0,0,0.08184227177362202,0.75,0.6,2025-02-24 07:17:00,保养,中,华南
TK004243,0.1165,low,0.0675,0.0683,0.0248,equipment(0.40); cost(0.28),0,0,1,0.0,0,0.2822820930072655,0.0,0.4,2025-05-10 19:53:00,巡检,紧急,华南
TK004244,0.1665,low,0.5631,0.7711,0.6951,quality(0.50); compliance(0.25); cost(0.15),0,0,1,0.25,0,0.14507768790163678,0.5,0.0,2025-10-11 18:29:00,巡检,高,西南
TK004245,0.2,low,0.1039,0.1142,0.0113,cost(1.00),0,0,1,0.0,0,1.0,0.0,0.0,2025-01-29 15:51:00,巡检,中,华中
TK004246,0.173,low,0.2923,0.5976,0.0892,quality(0.50); compliance(0.25); cost(0.18),0,0,1,0.25,0,0.1775322134738816,0.5,0.0,2025-03-05 09:24:00,保养,中,西北
TK004247,0.1226,low,0.1214,0.1589,0.083,equipment(0.40); cost(0.31),0,0,1,0.0,0,0.31318092220400484,0.0,0.4,2025-11-04 14:35:00,巡检,紧急,华中
TK004248,0.2963,low,0.5716,0.7286,0.6507,equipment(0.80); compliance(0.50); quality(0.25),0,0,1,0.5,0,0.06888637996510316,0.25,0.8,2025-03-16 11:45:00,保养,中,西南
TK004249,0.1685,low,0.3665,0.7021,0.2007,quality(0.50); cost(0.32); equipment(0.20),0,0,1,0.0,0,0.3175570818046526,0.5,0.2,2025-01-18 09:14:00,保养,高,西北
TK004250,0.1512,low,0.3442,0.666,0.1878,compliance(0.50); cost(0.13),0,0,1,0.5,0,0.13081823475014553,0.0,0.0,2025-08-26 20:41:00,抢修,中,华东
TK004251,0.1589,low,0.4352,0.6284,0.4789,quality(0.50); equipment(0.40); cost(0.12),0,0,1,0.0,0,0.11939101934307439,0.5,0.4,2025-11-08 16:19:00,抢修,紧急,华北
TK004252,0.2294,low,0.0945,0.0652,0.0081,compliance(0.50); equipment(0.40); cost(0.22),0,0,1,0.5,0,0.2218396200193944,0.0,0.4,2025-12-27 16:29:00,保养,高,华南
TK004253,0.0123,low,0.0191,0.0407,0.0034,,0,0,1,0.0,0,0.06163330323098537,0.0,0.0,2025-05-09 13:36:00,改造,高,华北
TK004254,0.193,low,0.356,0.5459,0.3057,compliance(0.50); cost(0.34),0,0,1,0.5,0,0.33989210538991377,0.0,0.0,2025-11-23 20:22:00,抢修,中,西南
TK004255,0.0873,low,0.0462,0.0496,0.0075,quality(0.25); cost(0.25),0,0,1,0.0,0,0.24894906996125976,0.25,0.0,2025-02-22 18:59:00,巡检,低,西北
TK004256,0.2187,low,0.2888,0.4962,0.1416,equipment(0.60); cost(0.33); compliance(0.25),0,0,1,0.25,0,0.33095151111397647,0.0,0.6,2025-09-15 11:21:00,保养,中,华中
TK004257,0.0724,low,0.1252,0.1874,0.1082,equipment(0.40),0,0,1,0.0,0,0.062160262985727965,0.0,0.4,2025-02-07 11:45:00,保养,中,西南
TK004258,0.2081,low,0.2579,0.3554,0.203,equipment(0.80); compliance(0.25); cost(0.13),0,0,1,0.25,0,0.12805939133688626,0.0,0.8,2025-05-20 11:39:00,巡检,中,华南
TK004259,0.077,low,0.0252,0.0058,0.0001,cost(0.24); equipment(0.20),0,0,1,0.0,0,0.23521592571392236,0.0,0.2,2025-10-19 16:54:00,保养,中,西南
TK004260,0.133,low,0.1403,0.2075,0.0793,compliance(0.25); quality(0.25); cost(0.17),0,0,1,0.25,0,0.16512963271135706,0.25,0.0,2025-09-01 19:13:00,改造,紧急,华中
TK004261,0.2631,low,0.522,0.7051,0.5609,equipment(0.60); quality(0.50); compliance(0.25),0,0,1,0.25,0,0.17811355601622048,0.5,0.6,2025-05-21 16:24:00,保养,中,华东
TK004262,0.1656,low,0.206,0.2876,0.159,equipment(0.40); cost(0.34); quality(0.25),0,0,1,0.0,0,0.3404516334226907,0.25,0.4,2025-09-11 13:21:00,巡检,高,华南
TK004263,0.0973,low,0.0677,0.093,0.0169,equipment(0.40); cost(0.19),0,0,1,0.0,0,0.18660807762552556,0.0,0.4,2025-06-11 14:20:00,抢修,中,西北
TK004264,0.1295,low,0.165,0.2728,0.0877,quality(0.50); cost(0.27),0,0,1,0.0,0,0.27255716521718665,0.5,0.0,2025-11-13 12:36:00,巡检,高,华东
TK004265,0.1824,low,0.1619,0.2911,0.0151,equipment(0.40); compliance(0.25); quality(0.25),0,0,1,0.25,0,0.11182486417385751,0.25,0.4,2025-04-02 16:28:00,保养,中,华东
TK004266,0.0627,low,0.0582,0.083,0.0295,equipment(0.20); cost(0.16),0,0,1,0.0,0,0.163628007006955,0.0,0.2,2025-04-28 16:19:00,巡检,中,华东
TK004267,0.0301,low,0.0268,0.0497,0.0011,cost(0.15),0,0,1,0.0,0,0.1506521128838092,0.0,0.0,2025-01-18 07:10:00,抢修,低,西南
TK004268,0.0927,low,0.051,0.0535,0.0127,quality(0.25); equipment(0.20); cost(0.13),0,0,1,0.0,0,0.12575387996890663,0.25,0.2,2025-02-07 08:30:00,巡检,中,华南
TK004269,0.1724,low,0.2167,0.3728,0.0987,cost(0.40); compliance(0.25); equipment(0.20),0,0,1,0.25,0,0.39944620253164564,0.0,0.2,2025-09-17 18:31:00,巡检,低,华南
TK004270,0.1537,low,0.0808,0.0935,0.0056,equipment(0.40); compliance(0.25); cost(0.16),0,0,1,0.25,0,0.15599872851662677,0.0,0.4,2025-08-14 13:41:00,抢修,高,华南
TK004271,0.1206,low,0.0627,0.0665,0.0094,equipment(0.40); quality(0.25); cost(0.12),0,0,1,0.0,0,0.11551457935860188,0.25,0.4,2025-05-26 09:11:00,抢修,低,华中
TK004272,0.1849,low,0.1513,0.2312,0.0426,equipment(0.40); compliance(0.25); quality(0.25),0,0,1,0.25,0,0.12467374612700699,0.25,0.4,2025-07-31 13:13:00,抢修,高,华南
TK004273,0.0154,low,0.0282,0.0545,0.013,,0,0,1,0.0,0,0.07692783531543168,0.0,0.0,2025-08-17 20:40:00,巡检,中,华东
TK004274,0.1859,low,0.0707,0.0377,0.0051,equipment(1.00); cost(0.18),0,0,1,0.0,0,0.1795539980885632,0.0,1.0,2025-04-24 16:55:00,抢修,中,西南
TK004275,0.2492,low,0.7125,0.9461,0.8759,equipment(0.60); quality(0.50); compliance(0.25),0,0,1,0.25,0,0.10850043040153923,0.5,0.6,2025-09-20 11:32:00,抢修,中,华东
TK004276,0.0583,low,0.1404,0.142,0.2091,cost(0.29),0,0,1,0.0,0,0.2917244917057751,0.0,0.0,2025-05-05 14:43:00,改造,紧急,西北
TK004277,0.0745,low,0.0431,0.0343,0.0249,quality(0.25); cost(0.18),0,0,1,0.0,0,0.18495964869939907,0.25,0.0,2025-01-03 14:48:00,巡检,高,西北
TK004278,0.2653,low,0.3588,0.6452,0.1525,compliance(0.50); cost(0.40); equipment(0.40),0,0,1,0.5,0,0.4015352256644127,0.0,0.4,2025-04-08 09:57:00,改造,低,西南
TK004279,0.0218,low,0.0101,0.0099,0.0004,cost(0.11),0,0,1,0.0,0,0.10876027705600344,0.0,0.0,2025-11-25 18:39:00,巡检,中,华东
TK004280,0.1678,low,0.0769,0.0739,0.002,equipment(0.40); cost(0.35); quality(0.25),0,0,1,0.0,0,0.3513279432738987,0.25,0.4,2025-09-18 20:26:00,抢修,低,西南
TK004281,0.3398,low,0.5698,0.7582,0.5785,compliance(0.75); equipment(0.40); cost(0.27),0,0,1,0.75,0,0.2740002131541167,0.25,0.4,2025-06-07 13:01:00,保养,高,华南
TK004282,0.0774,low,0.0285,0.0142,0.0009,equipment(0.40),0,0,1,0.0,0,0.0872057165947131,0.0,0.4,2025-12-01 07:21:00,巡检,中,西南
TK004283,0.1482,low,0.0799,0.0919,0.0093,equipment(0.80); cost(0.14),0,0,1,0.0,0,0.14118167671374193,0.0,0.8,2025-03-09 09:53:00,改造,中,华东
TK004284,0.1937,low,0.1013,0.1077,0.0156,quality(0.75); equipment(0.40); cost(0.11),0,0,1,0.0,0,0.10597283354631071,0.75,0.4,2025-11-20 19:23:00,改造,中,华中
TK004285,0.2327,low,0.6769,0.9034,0.8311,quality(0.50); equipment(0.40); compliance(0.25),0,0,1,0.25,0,0.17587773729933143,0.5,0.4,2025-03-20 18:54:00,巡检,中,西南
TK004286,0.0415,low,0.0164,0.0112,0.0002,cost(0.21),0,0,1,0.0,0,0.20732539105129144,0.0,0.0,2025-05-16 09:29:00,保养,高,华南
TK004287,0.0466,low,0.0782,0.1017,0.0817,equipment(0.20),0,0,1,0.0,0,0.08283030444691175,0.0,0.2,2025-01-26 09:41:00,改造,中,华南
TK004288,0.1047,low,0.054,0.0565,0.0079,compliance(0.25); cost(0.21),0,0,1,0.25,0,0.21122009505678108,0.0,0.0,2025-08-12 10:20:00,改造,高,华中
TK004289,0.3025,low,0.6428,0.876,0.7013,equipment(0.80); compliance(0.50); quality(0.25),0,0,1,0.5,0,0.10017278938246343,0.25,0.8,2025-07-31 09:02:00,巡检,中,华中
TK004290,0.3563,low,0.5931,0.7442,0.645,compliance(0.75); equipment(0.40); cost(0.36),0,0,1,0.75,0,0.3566702470461869,0.25,0.4,2025-10-20 11:01:00,保养,高,西南
TK004291,0.1545,low,0.1655,0.2301,0.1102,quality(0.50); equipment(0.40),0,0,1,0.0,0,0.09737042414332642,0.5,0.4,2025-11-19 15:52:00,抢修,低,华南
TK004292,0.1513,low,0.4369,0.7293,0.3893,equipment(0.40); compliance(0.25); cost(0.14),0,0,1,0.25,0,0.1441359313384365,0.0,0.4,2025-12-12 16:46:00,抢修,中,华北
TK004293,0.1716,low,0.3649,0.6843,0.2112,quality(0.50); compliance(0.25); cost(0.17),0,0,1,0.25,0,0.17039850881496632,0.5,0.0,2025-11-20 16:08:00,巡检,紧急,华南
TK004294,0.1423,low,0.2197,0.2915,0.2143,compliance(0.50),0,0,1,0.5,0,0.08637590673965823,0.0,0.0,2025-11-17 20:50:00,抢修,低,西北
TK004295,0.0764,low,0.0478,0.0605,0.0106,compliance(0.25),0,0,1,0.25,0,0.06928459060603787,0.0,0.0,2025-02-25 14:19:00,抢修,中,华东
TK004296,0.0805,low,0.058,0.0845,0.0123,compliance(0.25),0,0,1,0.25,0,0.09020817351646149,0.0,0.0,2025-11-28 19:15:00,巡检,低,华东
TK004297,0.0707,low,0.0371,0.0417,0.0037,cost(0.20); equipment(0.20),0,0,1,0.0,0,0.20330003292166687,0.0,0.2,2025-02-24 10:13:00,巡检,低,华东
TK004298,0.0565,low,0.0237,0.0162,0.0031,quality(0.25),0,0,1,0.0,0,0.09523751876422448,0.25,0.0,2025-01-01 14:40:00,保养,中,华南
TK004299,0.2299,low,0.4494,0.6623,0.4246,quality(0.50); cost(0.31); compliance(0.25),0,0,1,0.25,0,0.311805053851839,0.5,0.2,2025-08-06 07:15:00,巡检,低,华中
TK004300,0.1531,low,0.0925,0.116,0.0171,compliance(0.50); cost(0.14),0,0,1,0.5,0,0.14042457766482286,0.0,0.0,2025-11-21 15:33:00,保养,中,华中
TK004301,0.1526,low,0.2578,0.4797,0.126,quality(0.50); cost(0.24); equipment(0.20),0,0,1,0.0,0,0.23795241913926768,0.5,0.2,2025-10-23 12:05:00,巡检,中,华中
TK004302,0.1594,low,0.0906,0.1217,0.0006,cost(0.33); compliance(0.25); equipment(0.20),0,0,1,0.25,0,0.334304124100258,0.0,0.2,2025-12-16 19:50:00,巡检,高,西北
TK004303,0.2207,low,0.5215,0.7688,0.532,equipment(0.40); cost(0.30); compliance(0.25),0,0,1,0.25,0,0.3033721249885458,0.25,0.4,2025-11-23 19:07:00,巡检,高,华东
TK004304,0.0673,low,0.0336,0.0369,0.0015,equipment(0.20); cost(0.19),0,0,1,0.0,0,0.18672059764982252,0.0,0.2,2025-08-24 10:50:00,巡检,中,华中
TK004305,0.0667,low,0.0508,0.0756,0.0125,quality(0.25); cost(0.15),0,0,1,0.0,0,0.14595607140233602,0.25,0.0,2025-10-14 14:54:00,抢修,高,华北
TK004306,0.1827,low,0.4403,0.5007,0.6008,quality(1.00); cost(0.16),0,0,1,0.0,0,0.16336145661186974,1.0,0.0,2025-12-08 14:15:00,保养,中,华南
TK004307,0.2294,low,0.5598,0.9171,0.4858,quality(0.75); compliance(0.25); equipment(0.20),0,0,1,0.25,0,0.12218567552010529,0.75,0.2,2025-09-26 07:49:00,抢修,高,华中
TK004308,0.1041,low,0.0851,0.1311,0.0228,equipment(0.40); cost(0.22),0,0,1,0.0,0,0.22044297097743826,0.0,0.4,2025-07-09 19:50:00,改造,高,华南
TK004309,0.0744,low,0.0738,0.1181,0.0289,equipment(0.40),0,0,1,0.0,0,0.07190163305854269,0.0,0.4,2025-07-02 16:57:00,保养,高,西北
TK004310,0.1891,low,0.1028,0.1075,0.0242,equipment(0.40); compliance(0.25); quality(0.25),0,0,1,0.25,0,0.14526456864886328,0.25,0.4,2025-01-27 11:26:00,抢修,高,华南
TK004311,0.2167,low,0.1226,0.1524,0.0122,equipment(0.60); cost(0.32); compliance(0.25),0,0,1,0.25,0,0.3211882664654687,0.0,0.6,2025-09-04 08:58:00,抢修,高,西南
TK004312,0.0834,low,0.0374,0.025,0.0103,compliance(0.25); cost(0.10),0,0,1,0.25,0,0.10427154692225815,0.0,0.0,2025-02-28 15:47:00,改造,中,华北
TK004313,0.116,low,0.2274,0.3179,0.2324,compliance(0.25); equipment(0.20); cost(0.12),0,0,1,0.25,0,0.11773142964555128,0.0,0.2,2025-04-26 10:43:00,保养,紧急,华北
TK004314,0.251,low,0.6182,0.8888,0.6622,compliance(0.75); equipment(0.20); cost(0.17),0,0,1,0.75,0,0.1673707550895448,0.0,0.2,2025-03-12 15:24:00,巡检,中,西北
TK004315,0.1906,low,0.3671,0.572,0.3135,quality(0.50); compliance(0.25); equipment(0.20),0,0,1,0.25,0,0.11573562224857781,0.5,0.2,2025-08-04 12:36:00,抢修,低,华东
TK004316,0.1266,low,0.1134,0.1383,0.0772,equipment(0.40); quality(0.25); cost(0.15),0,0,1,0.0,0,0.1452500929242414,0.25,0.4,2025-10-12 08:17:00,保养,紧急,华南
TK004317,0.2375,low,0.0799,0.0242,0.0005,compliance(0.75); cost(0.25),0,0,1,0.75,0,0.24983553013474913,0.0,0.0,2025-10-15 07:19:00,保养,低,华北
TK004318,0.0909,low,0.039,0.0223,0.0113,equipment(0.40); cost(0.15),0,0,1,0.0,0,0.15460010144354452,0.0,0.4,2025-01-12 15:18:00,改造,中,西南
TK004319,0.1015,low,0.2403,0.2642,0.3354,equipment(0.40); cost(0.21),0,0,1,0.0,0,0.2073042165098753,0.0,0.4,2025-10-29 18:43:00,抢修,紧急,华中
TK004320,0.3277,low,0.3096,0.4311,0.1725,quality(0.75); compliance(0.50); equipment(0.40),0,0,1,0.5,0,0.1509871623888266,0.75,0.4,2025-04-17 11:17:00,抢修,中,西南
TK004321,0.0807,low,0.0636,0.0811,0.0315,cost(0.25); equipment(0.20),0,0,1,0.0,0,0.2533406222214659,0.0,0.2,2025-09-02 20:35:00,保养,紧急,华东
TK004322,0.2674,low,0.2689,0.3278,0.2112,equipment(0.60); cost(0.39); compliance(0.25),0,0,1,0.25,0,0.38723346940467074,0.25,0.6,2025-11-26 08:48:00,保养,中,华南
TK004323,0.0446,low,0.0162,0.0056,0.0024,equipment(0.20),0,0,1,0.0,0,0.07320211991343484,0.0,0.2,2025-08-08 17:04:00,抢修,中,华南
TK004324,0.1152,low,0.0414,0.0168,0.0028,equipment(0.60); cost(0.13),0,0,1,0.0,0,0.12603024996937529,0.0,0.6,2025-11-04 14:53:00,巡检,中,华中
TK004325,0.1373,low,0.0526,0.0187,0.0138,equipment(0.40); cost(0.39),0,0,1,0.0,0,0.38659211508166824,0.0,0.4,2025-02-18 12:03:00,抢修,低,华东
TK004326,0.2323,low,0.6173,0.8416,0.7231,quality(1.00); equipment(0.40); cost(0.11),0,0,1,0.0,0,0.11168482961425363,1.0,0.4,2025-04-09 17:57:00,保养,高,华南
TK004327,0.1082,low,0.0425,0.0226,0.0061,equipment(0.40); cost(0.24),0,0,1,0.0,0,0.24103689378161264,0.0,0.4,2025-01-31 13:08:00,抢修,中,华南
TK004328,0.1937,low,0.1178,0.1458,0.0247,compliance(0.50); quality(0.25); cost(0.16),0,0,1,0.5,0,0.15575733386549595,0.25,0.0,2025-08-07 17:08:00,抢修,中,华南
TK004329,0.2017,low,0.1248,0.1154,0.0684,equipment(0.60); compliance(0.25); cost(0.25),0,0,1,0.25,0,0.24619540747411073,0.0,0.6,2025-10-27 18:58:00,巡检,中,西南
TK004330,0.2194,low,0.5124,0.6779,0.5979,quality(0.75); equipment(0.40); cost(0.23),0,0,1,0.0,0,0.2346940583053969,0.75,0.4,2025-04-01 13:29:00,保养,中,华东
TK004331,0.243,low,0.3873,0.6291,0.2692,quality(0.75); cost(0.34); compliance(0.25),0,0,1,0.25,0,0.34019729065043414,0.75,0.0,2025-08-18 08:07:00,巡检,高,西北
TK004332,0.1026,low,0.1535,0.3268,0.0237,quality(0.50); cost(0.14),0,0,1,0.0,0,0.13802778009671013,0.5,0.0,2025-05-15 10:06:00,抢修,中,华东
TK004333,0.1009,low,0.0361,0.0165,0.0002,equipment(0.40); cost(0.20),0,0,1,0.0,0,0.2047279116775368,0.0,0.4,2025-07-28 10:05:00,抢修,高,华南
TK004334,0.0462,low,0.028,0.0384,0.002,equipment(0.20),0,0,1,0.0,0,0.08103992970547402,0.0,0.2,2025-06-09 07:40:00,改造,中,西南
TK004335,0.0132,low,0.0049,0.0025,0.0001,,0,0,1,0.0,0,0.06620484220554423,0.0,0.0,2025-02-27 14:54:00,抢修,中,华中
TK004336,0.0877,low,0.038,0.0314,0.0019,equipment(0.40); cost(0.14),0,0,1,0.0,0,0.1386316836950845,0.0,0.4,2025-11-06 08:29:00,抢修,高,西南
TK004337,0.2357,low,0.1639,0.1912,0.0752,equipment(1.00); compliance(0.25); cost(0.12),0,0,1,0.25,0,0.11617459913463979,0.0,1.0,2025-10-17 15:06:00,保养,中,华南
TK004338,0.1308,low,0.1194,0.2157,0.0132,equipment(0.40); cost(0.35),0,0,1,0.0,0,0.35380344661397,0.0,0.4,2025-10-09 12:22:00,抢修,紧急,华北
TK004339,0.3112,low,0.6281,0.919,0.6089,quality(0.75); equipment(0.40); cost(0.38),0,0,1,0.25,0,0.3808394464104432,0.75,0.4,2025-03-31 18:16:00,抢修,低,西北
TK004340,0.14,low,0.1673,0.2621,0.096,equipment(0.40); quality(0.25); cost(0.21),0,0,1,0.0,0,0.2124083769633508,0.25,0.4,2025-07-12 16:30:00,保养,中,华南
TK004341,0.1758,low,0.2422,0.1948,0.3464,compliance(0.25); quality(0.25); cost(0.23),0,0,1,0.25,0,0.2291084322829664,0.25,0.2,2025-06-09 20:56:00,抢修,中,华东
TK004342,0.1913,low,0.0896,0.084,0.008,compliance(0.50); quality(0.25); cost(0.14),0,0,1,0.5,0,0.1439044877140232,0.25,0.0,2025-03-01 08:24:00,改造,低,西南
TK004343,0.1402,low,0.094,0.1396,0.0089,cost(0.36); quality(0.25); equipment(0.20),0,0,1,0.0,0,0.3636995897632319,0.25,0.2,2025-03-18 17:43:00,抢修,高,西南
TK004344,0.0898,low,0.0347,0.0163,0.0058,equipment(0.40); cost(0.15),0,0,1,0.0,0,0.14891777582003018,0.0,0.4,2025-11-13 12:32:00,巡检,紧急,华南
TK004345,0.1159,low,0.1313,0.1901,0.0857,compliance(0.25); equipment(0.20); cost(0.12),0,0,1,0.25,0,0.11681959064958525,0.0,0.2,2025-11-02 10:29:00,改造,中,西北
TK004346,0.1407,low,0.0488,0.0072,0.0115,compliance(0.50),0,0,1,0.5,0,0.07874970625524025,0.0,0.0,2025-05-16 10:18:00,抢修,中,华东
TK004347,0.0716,low,0.0511,0.0522,0.0323,equipment(0.40),0,0,1,0.0,0,0.05778003767621731,0.0,0.4,2025-04-03 19:51:00,抢修,高,华南
TK004348,0.1694,low,0.0559,0.0129,0.0017,compliance(0.50); cost(0.22),0,0,1,0.5,0,0.22214344386321394,0.0,0.0,2025-12-28 10:04:00,抢修,高,西南
TK004349,0.2101,low,0.1714,0.2807,0.0288,equipment(0.60); compliance(0.25); quality(0.25),0,0,1,0.25,0,0.10053984138548588,0.25,0.6,2025-05-22 20:41:00,保养,低,华中
TK004350,0.2407,low,0.6124,0.8352,0.7082,cost(0.40); equipment(0.40); compliance(0.25),0,0,1,0.25,0,0.4035410309776257,0.25,0.4,2025-07-24 18:26:00,巡检,高,华中
TK004351,0.3179,low,0.764,0.9528,0.9576,quality(1.00); cost(0.38); compliance(0.25),0,0,1,0.25,0,0.37722618136919384,1.0,0.2,2025-11-09 15:30:00,抢修,高,西南
TK004352,0.1257,low,0.0627,0.0514,0.0201,equipment(0.40); cost(0.33),0,0,1,0.0,0,0.3285756845074619,0.0,0.4,2025-06-07 13:56:00,保养,低,华北
TK004353,0.1647,low,0.1232,0.1779,0.0329,cost(0.32); compliance(0.25); quality(0.25),0,0,1,0.25,0,0.32368673361255484,0.25,0.0,2025-05-16 12:05:00,抢修,高,华中
TK004354,0.2431,low,0.1413,0.1473,0.048,compliance(0.75); equipment(0.20); cost(0.13),0,0,1,0.75,0,0.12818837097549252,0.0,0.2,2025-01-27 20:08:00,巡检,高,西北
TK004355,0.0114,low,0.007,0.0069,0.0033,,0,0,1,0.0,0,0.05686807260956883,0.0,0.0,2025-08-18 08:58:00,巡检,中,华东
TK004356,0.0658,low,0.0215,0.0049,0.0002,cost(0.33),0,0,1,0.0,0,0.32907738968789746,0.0,0.0,2025-05-25 07:50:00,巡检,中,华东
TK004357,0.1526,low,0.0602,0.0382,0.003,quality(0.75); cost(0.20),0,0,1,0.0,0,0.20057206954570939,0.75,0.0,2025-10-16 14:51:00,巡检,中,西南
TK004358,0.174,low,0.2323,0.2348,0.2799,equipment(0.40); compliance(0.25); quality(0.25),0,0,1,0.25,0,0.07022662471118046,0.25,0.4,2025-07-02 12:08:00,改造,低,西北
TK004359,0.1196,low,0.182,0.2212,0.1962,equipment(0.40); quality(0.25); cost(0.11),0,0,1,0.0,0,0.11046388314632005,0.25,0.4,2025-06-22 10:46:00,巡检,中,华北
TK004360,0.1507,low,0.0715,0.0535,0.0216,equipment(0.80); cost(0.15),0,0,1,0.0,0,0.15343840002204834,0.0,0.8,2025-03-07 07:35:00,保养,低,西南
TK004361,0.049,low,0.0187,0.0097,0.0017,equipment(0.20),0,0,1,0.0,0,0.09490242931103143,0.0,0.2,2025-05-23 20:50:00,保养,中,西北
TK004362,0.1282,low,0.1748,0.2962,0.0934,compliance(0.25); quality(0.25); cost(0.14),0,0,1,0.25,0,0.1407971984756411,0.25,0.0,2025-06-29 18:43:00,抢修,中,华北
TK004363,0.1648,low,0.1163,0.0989,0.0921,equipment(0.40); compliance(0.25); cost(0.21),0,0,1,0.25,0,0.21130956383737043,0.0,0.4,2025-01-22 14:28:00,抢修,中,华东
TK004364,0.17,low,0.0676,0.039,0.0083,compliance(0.50); equipment(0.20),0,0,1,0.5,0,0.07503143891579123,0.0,0.2,2025-02-27 14:19:00,抢修,中,西南
TK004365,0.2086,low,0.2961,0.3008,0.3663,equipment(0.40); compliance(0.25); quality(0.25),0,0,1,0.25,0,0.242926205033414,0.25,0.4,2025-06-09 13:47:00,抢修,高,华东
TK004366,0.0262,low,0.0272,0.0524,0.0028,cost(0.13),0,0,1,0.0,0,0.13107426748643014,0.0,0.0,2025-03-31 17:15:00,抢修,高,华北
TK004367,0.2672,low,0.1414,0.1478,0.0272,compliance(0.75); cost(0.40),0,0,1,0.75,0,0.39836641415210117,0.0,0.0,2025-06-14 12:48:00,巡检,中,华南
TK004368,0.184,low,0.0798,0.0559,0.0143,equipment(0.60); cost(0.28); quality(0.25),0,0,1,0.0,0,0.28263174837622385,0.25,0.6,2025-01-17 12:44:00,巡检,中,华北
TK004369,0.0953,low,0.0415,0.0368,0.0002,cost(0.33); equipment(0.20),0,0,1,0.0,0,0.3264398061133643,0.0,0.2,2025-11-29 07:38:00,改造,低,华中
TK004370,0.116,low,0.0857,0.1339,0.0116,quality(0.50); cost(0.20),0,0,1,0.0,0,0.2049230470456863,0.5,0.0,2025-05-05 08:28:00,抢修,中,华东
TK004371,0.2443,low,0.4376,0.4713,0.5696,equipment(0.80); quality(0.75),0,0,1,0.0,0,0.05923214172966884,0.75,0.8,2025-12-15 14:05:00,抢修,紧急,华北
TK004372,0.247,low,0.2815,0.2586,0.3341,equipment(0.60); cost(0.29); compliance(0.25),0,0,1,0.25,0,0.2851570820263645,0.25,0.6,2025-06-27 16:32:00,抢修,中,华南
TK004373,0.0756,low,0.0244,0.0043,0.0006,cost(0.23); equipment(0.20),0,0,1,0.0,0,0.22823841639420517,0.0,0.2,2025-01-13 20:16:00,抢修,中,华南
TK004374,0.2098,low,0.1075,0.0815,0.0457,equipment(0.60); compliance(0.25); quality(0.25),0,0,1,0.25,0,0.09888181408895869,0.25,0.6,2025-01-05 20:48:00,巡检,低,西南
TK004375,0.2987,low,0.122,0.0677,0.0248,compliance(0.75); equipment(0.40); quality(0.25),0,0,1,0.75,0,0.06856118252760424,0.25,0.4,2025-02-08 11:26:00,改造,低,华南
TK004376,0.1959,low,0.074,0.0312,0.0123,compliance(0.50); cost(0.35),0,0,1,0.5,0,0.3544797508218459,0.0,0.0,2025-05-26 20:53:00,抢修,中,西北
TK004377,0.291,low,0.1446,0.1315,0.0323,compliance(0.50); equipment(0.40); cost(0.34),0,0,1,0.5,0,0.34238102669555315,0.25,0.4,2025-06-06 07:28:00,抢修,高,西北
TK004378,0.264,low,0.4011,0.5618,0.3579,quality(0.75); cost(0.30); compliance(0.25),0,0,1,0.25,0,0.2950212228977859,0.75,0.2,2025-03-19 11:45:00,巡检,紧急,西北
TK004379,0.0357,low,0.0388,0.059,0.0213,cost(0.18),0,0,1,0.0,0,0.17853072605387899,0.0,0.0,2025-04-03 18:02:00,保养,中,华北
TK004380,0.1712,low,0.4554,0.5982,0.5563,quality(0.50); equipment(0.40); cost(0.18),0,0,1,0.0,0,0.18106999253830847,0.5,0.4,2025-12-07 12:04:00,抢修,紧急,西南
TK004381,0.1838,low,0.2618,0.3909,0.1996,equipment(0.60); compliance(0.25); cost(0.16),0,0,1,0.25,0,0.1564004576526138,0.0,0.6,2025-06-16 07:00:00,改造,紧急,西北
TK004382,0.155,low,0.0819,0.0755,0.0257,quality(0.75); cost(0.21),0,0,1,0.0,0,0.2126602885911817,0.75,0.0,2025-08-03 18:03:00,巡检,中,华北
TK004383,0.1801,low,0.0836,0.0627,0.0219,equipment(0.60); compliance(0.25); cost(0.14),0,0,1,0.25,0,0.138166919798148,0.0,0.6,2025-05-20 13:35:00,抢修,紧急,华东
TK004384,0.095,low,0.041,0.0299,0.0058,quality(0.25); equipment(0.20); cost(0.14),0,0,1,0.0,0,0.13726103506409515,0.25,0.2,2025-07-13 10:36:00,抢修,低,华南
TK004385,0.2693,low,0.2155,0.3411,0.0439,equipment(1.00); cost(0.28); compliance(0.25),0,0,1,0.25,0,0.28406427854034144,0.0,1.0,2025-03-26 08:40:00,巡检,低,华南
TK004386,0.2917,low,0.4928,0.6604,0.4976,equipment(0.60); quality(0.50); cost(0.32),0,0,1,0.25,0,0.32081970872446397,0.5,0.6,2025-12-20 08:55:00,巡检,中,华南
TK004387,0.2243,low,0.3796,0.4427,0.4496,compliance(0.75); cost(0.18),0,0,1,0.75,0,0.18414263473941728,0.0,0.0,2025-05-15 14:57:00,改造,中,华南
TK004388,0.1819,low,0.1363,0.2143,0.0192,quality(0.50); compliance(0.25); equipment(0.20),0,0,1,0.25,0,0.07197644158334482,0.5,0.2,2025-04-29 17:44:00,保养,低,华东
TK004389,0.1476,low,0.257,0.5419,0.0659,compliance(0.25); quality(0.25); cost(0.24),0,0,1,0.25,0,0.2380127509397889,0.25,0.0,2025-08-26 13:31:00,保养,低,华南
TK004390,0.1314,low,0.148,0.3049,0.0053,compliance(0.25); equipment(0.20); cost(0.19),0,0,1,0.25,0,0.19474178128390862,0.0,0.2,2025-04-27 08:22:00,改造,高,西北
TK004391,0.0497,low,0.0771,0.1687,0.0091,equipment(0.20),0,0,1,0.0,0,0.09842018310731737,0.0,0.2,2025-05-05 08:39:00,改造,高,华北
TK004392,0.1406,low,0.0838,0.0861,0.0328,quality(0.50); equipment(0.20); cost(0.18),0,0,1,0.0,0,0.177972895323252,0.5,0.2,2025-08-31 13:12:00,抢修,低,华东
TK004393,0.0238,low,0.0171,0.0212,0.0072,cost(0.12),0,0,1,0.0,0,0.11912720558232315,0.0,0.0,2025-01-23 09:59:00,保养,高,华东
TK004394,0.0875,low,0.0823,0.1436,0.0166,compliance(0.25); cost(0.12),0,0,1,0.25,0,0.12487582997856428,0.0,0.0,2025-04-04 14:11:00,巡检,中,华东
TK004395,0.1722,low,0.2792,0.2302,0.4199,cost(0.40); compliance(0.25); equipment(0.20),0,0,1,0.25,0,0.39870704826863357,0.0,0.2,2025-11-06 09:27:00,抢修,紧急,华东
TK004396,0.1421,low,0.0608,0.0448,0.0072,equipment(0.60); quality(0.25),0,0,1,0.0,0,0.07282595266251302,0.25,0.6,2025-02-15 16:19:00,改造,中,西北
TK004397,0.1267,low,0.1802,0.3311,0.0751,equipment(0.40); cost(0.33),0,0,1,0.0,0,0.3336888670185648,0.0,0.4,2025-11-07 16:37:00,保养,低,西南
TK004398,0.331,low,0.292,0.2102,0.3403,equipment(0.60); compliance(0.50); cost(0.39),0,0,1,0.5,0,0.3924435230197312,0.25,0.6,2025-07-17 14:06:00,巡检,中,西北
TK004399,0.1078,low,0.038,0.0156,0.0007,equipment(0.40); cost(0.24),0,0,1,0.0,0,0.23887759527694274,0.0,0.4,2025-11-25 07:11:00,抢修,中,西南
TK004400,0.0764,low,0.091,0.125,0.0694,cost(0.23); equipment(0.20),0,0,1,0.0,0,0.23217286570502704,0.0,0.2,2025-08-01 14:06:00,保养,中,华东
TK004401,0.036,low,0.0323,0.0565,0.005,cost(0.18),0,0,1,0.0,0,0.1798217889646243,0.0,0.0,2025-01-03 11:56:00,保养,紧急,华北
TK004402,0.1252,low,0.3318,0.6331,0.2075,compliance(0.25); equipment(0.20); cost(0.16),0,0,1,0.25,0,0.1633427178192315,0.0,0.2,2025-12-23 20:29:00,巡检,高,西南
TK004403,0.157,low,0.1867,0.2549,0.1439,equipment(0.60); cost(0.33),0,0,1,0.0,0,0.3348532418978374,0.0,0.6,2025-09-14 09:35:00,保养,中,华南
TK004404,0.1591,low,0.0614,0.031,0.0082,cost(0.33); compliance(0.25); equipment(0.20),0,0,1,0.25,0,0.33291184971098264,0.0,0.2,2025-06-04 18:03:00,巡检,低,华南
TK004405,0.1561,low,0.2184,0.2486,0.2415,equipment(0.40); cost(0.29); quality(0.25),0,0,1,0.0,0,0.29307614528218107,0.25,0.4,2025-09-30 20:15:00,巡检,高,华南
TK004406,0.2101,low,0.1283,0.1697,0.0167,compliance(0.50); equipment(0.40); cost(0.13),0,0,1,0.5,0,0.12540811025129195,0.0,0.4,2025-08-30 08:41:00,保养,中,西南
TK004407,0.2288,low,0.4078,0.5918,0.3772,compliance(0.50); cost(0.33); quality(0.25),0,0,1,0.5,0,0.33172144889388866,0.25,0.0,2025-07-15 16:50:00,保养,高,西北
TK004408,0.3223,low,0.625,0.6593,0.8502,equipment(0.60); compliance(0.50); cost(0.35),0,0,1,0.5,0,0.34902371377370767,0.25,0.6,2025-06-09 10:49:00,改造,中,华北
TK004409,0.1891,low,0.1682,0.1643,0.1543,equipment(0.80); cost(0.35),0,0,1,0.0,0,0.3454154591193016,0.0,0.8,2025-10-02 08:59:00,巡检,中,西北
TK004410,0.261,low,0.3337,0.297,0.4328,compliance(0.75); cost(0.22); equipment(0.20),0,0,1,0.75,0,0.21755068312716286,0.0,0.2,2025-07-13 10:30:00,抢修,中,华中
TK004411,0.2395,low,0.1997,0.3098,0.0555,quality(0.75); equipment(0.40); cost(0.34),0,0,1,0.0,0,0.33522915849500645,0.75,0.4,2025-08-06 17:20:00,抢修,中,华南
TK004412,0.1474,low,0.1047,0.1436,0.0291,compliance(0.25); quality(0.25); equipment(0.20),0,0,1,0.25,0,0.08708838932997043,0.25,0.2,2025-05-07 18:27:00,抢修,高,西南
TK004413,0.2148,low,0.4879,0.6588,0.5511,equipment(0.60); compliance(0.25); quality(0.25),0,0,1,0.25,0,0.1238521456006263,0.25,0.6,2025-10-08 14:39:00,保养,低,西北
TK004414,0.0752,low,0.0281,0.0149,0.0008,cost(0.23); equipment(0.20),0,0,1,0.0,0,0.22594520547945207,0.0,0.2,2025-01-25 19:55:00,巡检,高,华东
TK004415,0.2091,low,0.1528,0.1899,0.0673,quality(0.75); cost(0.33); equipment(0.20),0,0,1,0.0,0,0.33306259309888253,0.75,0.2,2025-06-11 15:13:00,巡检,紧急,华东
TK004416,0.1774,low,0.2158,0.3008,0.1637,equipment(0.60); compliance(0.25); cost(0.12),0,0,1,0.25,0,0.12439499105545615,0.0,0.6,2025-08-12 18:53:00,巡检,中,华北
TK004417,0.2965,low,0.3455,0.6368,0.0961,compliance(0.50); quality(0.50); equipment(0.40),0,0,1,0.5,0,0.18243029799581134,0.5,0.4,2025-11-04 10:57:00,巡检,高,华中
TK004418,0.0474,low,0.022,0.0187,0.0034,equipment(0.20),0,0,1,0.0,0,0.08723102335842492,0.0,0.2,2025-10-31 12:23:00,抢修,高,西北
TK004419,0.1817,low,0.3409,0.4374,0.3809,quality(0.50); equipment(0.40); cost(0.23),0,0,1,0.0,0,0.2333546233239031,0.5,0.4,2025-11-07 15:06:00,抢修,低,华东
TK004420,0.1058,low,0.0535,0.0561,0.0061,compliance(0.25); cost(0.22),0,0,1,0.25,0,0.21662803793992536,0.0,0.0,2025-06-01 10:16:00,改造,低,华东
TK004421,0.166,low,0.134,0.1892,0.0515,cost(0.37); compliance(0.25); equipment(0.20),0,0,1,0.25,0,0.3675118411928556,0.0,0.2,2025-10-12 12:42:00,巡检,中,西北
TK004422,0.0162,low,0.012,0.018,0.0025,,0,0,1,0.0,0,0.08118677904598937,0.0,0.0,2025-06-30 08:44:00,抢修,中,华北
TK004423,0.0959,low,0.0613,0.0523,0.0406,compliance(0.25); cost(0.17),0,0,1,0.25,0,0.16713402857681714,0.0,0.0,2025-12-18 07:39:00,保养,中,华北
TK004424,0.2189,low,0.4541,0.5398,0.5701,equipment(0.40); cost(0.29); compliance(0.25),0,0,1,0.25,0,0.2946203953279425,0.25,0.4,2025-12-11 18:27:00,巡检,中,华南
TK004425,0.3141,low,0.77,0.9744,0.9563,equipment(0.80); compliance(0.50); cost(0.35),0,0,1,0.5,0,0.3456707650611709,0.0,0.8,2025-10-07 12:12:00,抢修,中,西北
TK004426,0.1752,low,0.1582,0.2633,0.0386,equipment(0.40); cost(0.39); quality(0.25),0,0,1,0.0,0,0.38852863761165235,0.25,0.4,2025-07-28 17:05:00,抢修,中,西南
TK004427,0.1683,low,0.0669,0.0325,0.0144,compliance(0.50); cost(0.22),0,0,1,0.5,0,0.216422826570002,0.0,0.0,2025-11-08 09:55:00,巡检,高,华北
TK004428,0.1712,low,0.0787,0.0603,0.0178,equipment(0.40); compliance(0.25); cost(0.24),0,0,1,0.25,0,0.24365809855202603,0.0,0.4,2025-09-28 08:52:00,抢修,中,华北
TK004429,0.354,low,0.1496,0.1065,0.0176,compliance(0.75); equipment(0.40); cost(0.34),0,0,1,0.75,0,0.3449071280091196,0.25,0.4,2025-02-12 14:21:00,保养,中,西南
TK004430,0.0416,low,0.0184,0.0145,0.0025,equipment(0.20),0,0,1,0.0,0,0.05782577313863746,0.0,0.2,2025-02-08 10:14:00,抢修,中,华中
TK004431,0.1434,low,0.0644,0.0577,0.0034,equipment(0.40); quality(0.25); cost(0.23),0,0,1,0.0,0,0.22947170279196105,0.25,0.4,2025-02-08 07:09:00,改造,低,华中
TK004432,0.0298,low,0.0168,0.0188,0.0037,cost(0.15),0,0,1,0.0,0,0.14921979478338843,0.0,0.0,2025-04-24 13:11:00,保养,中,华南
TK004433,0.1374,low,0.0663,0.0588,0.0129,compliance(0.50),0,0,1,0.5,0,0.062145442757577385,0.0,0.0,2025-11-05 10:02:00,抢修,高,华北
TK004434,0.13,low,0.0415,0.0054,0.0018,equipment(0.60); cost(0.20),0,0,1,0.0,0,0.1999304218570247,0.0,0.6,2025-04-15 18:09:00,保养,高,华东
TK004435,0.057,low,0.0266,0.0244,0.0028,quality(0.25),0,0,1,0.0,0,0.09741600027743791,0.25,0.0,2025-12-17 11:46:00,抢修,中,华中
TK004436,0.1094,low,0.0775,0.1073,0.0203,equipment(0.40); cost(0.25),0,0,1,0.0,0,0.24685409932711266,0.0,0.4,2025-03-31 16:51:00,保养,紧急,华南
TK004437,0.2284,low,0.0957,0.0571,0.0206,compliance(0.50); cost(0.33); quality(0.25),0,0,1,0.5,0,0.32956558923873525,0.25,0.0,2025-11-20 09:47:00,巡检,中,西北
TK004438,0.1424,low,0.0729,0.079,0.0073,cost(0.37); quality(0.25); equipment(0.20),0,0,1,0.0,0,0.3745178811247566,0.25,0.2,2025-09-16 20:28:00,抢修,低,华东
TK004439,0.1125,low,0.1353,0.2236,0.0665,equipment(0.40); quality(0.25),0,0,1,0.0,0,0.07481322491435172,0.25,0.4,2025-11-30 18:25:00,抢修,中,西北
TK004440,0.1416,low,0.3795,0.6318,0.331,compliance(0.25); quality(0.25); equipment(0.20),0,0,1,0.25,0,0.05775108333829959,0.25,0.2,2025-11-13 08:14:00,抢修,高,西南
TK004441,0.0136,low,0.0257,0.0526,0.0093,,0,0,1,0.0,0,0.06777049397830137,0.0,0.0,2025-12-04 17:48:00,巡检,高,西北
TK004442,0.1111,low,0.0392,0.0116,0.0052,equipment(0.60); cost(0.11),0,0,1,0.0,0,0.1055970124503347,0.0,0.6,2025-03-20 10:20:00,巡检,中,华中
TK004443,0.0652,low,0.042,0.0358,0.0284,equipment(0.20); cost(0.18),0,0,1,0.0,0,0.17593230991044284,0.0,0.2,2025-12-02 20:06:00,抢修,高,华东
TK004444,0.156,low,0.1806,0.2807,0.1016,equipment(0.80); cost(0.18),0,0,1,0.0,0,0.1798647539004009,0.0,0.8,2025-01-12 09:39:00,改造,中,华中
TK004445,0.0152,low,0.0072,0.007,0.0004,,0,0,1,0.0,0,0.0761191187267799,0.0,0.0,2025-10-03 16:49:00,巡检,中,西北
TK004446,0.1346,low,0.1104,0.137,0.063,equipment(0.40); cost(0.37),0,0,1,0.0,0,0.37279273008086755,0.0,0.4,2025-06-12 10:22:00,巡检,高,华中
TK004447,0.2055,low,0.3034,0.5301,0.1607,compliance(0.50); equipment(0.40); cost(0.10),0,0,1,0.5,0,0.10235246056020819,0.0,0.4,2025-10-13 19:24:00,巡检,中,华中
TK004448,0.1934,low,0.5698,0.8066,0.6557,quality(0.50); cost(0.28); compliance(0.25),0,0,1,0.25,0,0.27925300735695346,0.5,0.0,2025-11-06 17:50:00,巡检,中,西北
TK004449,0.1702,low,0.0843,0.0792,0.0158,compliance(0.50); equipment(0.20),0,0,1,0.5,0,0.07588777060387397,0.0,0.2,2025-05-24 11:51:00,巡检,紧急,华中
TK004450,0.1896,low,0.2478,0.4372,0.1083,quality(1.00); cost(0.20),0,0,1,0.0,0,0.19812407485269634,1.0,0.0,2025-06-13 09:32:00,巡检,高,华南
TK004451,0.1864,low,0.0905,0.0777,0.0212,equipment(0.40); cost(0.32); compliance(0.25),0,0,1,0.25,0,0.31942246286269615,0.0,0.4,2025-12-24 11:20:00,巡检,高,华中
TK004452,0.3042,low,0.7447,0.94,0.927,compliance(0.50); cost(0.41); equipment(0.40),0,0,1,0.5,0,0.40854432191101264,0.25,0.4,2025-06-20 07:18:00,改造,高,西北
TK004453,0.3209,low,0.7329,0.9399,0.879,equipment(0.60); compliance(0.50); cost(0.34),0,0,1,0.5,0,0.3418056696213645,0.25,0.6,2025-08-15 08:54:00,抢修,中,西南
TK004454,0.328,low,0.3,0.4528,0.1231,compliance(0.75); cost(0.36); quality(0.25),0,0,1,0.75,0,0.36480079124795206,0.25,0.2,2025-07-23 13:32:00,巡检,高,华中
TK004455,0.3318,low,0.1553,0.1552,0.004,quality(0.75); compliance(0.50); cost(0.32),0,0,1,0.5,0,0.3216039337148058,0.75,0.2,2025-03-17 19:18:00,保养,中,华东
TK004456,0.1514,low,0.1399,0.1843,0.0857,cost(0.29); compliance(0.25); equipment(0.20),0,0,1,0.25,0,0.29434673366834163,0.0,0.2,2025-04-06 10:44:00,抢修,中,华中
TK004457,0.1626,low,0.2482,0.4397,0.1301,quality(0.50); equipment(0.40); cost(0.14),0,0,1,0.0,0,0.13815714592844586,0.5,0.4,2025-04-07 09:24:00,改造,低,西北
TK004458,0.1701,low,0.1594,0.2619,0.0476,quality(0.50); cost(0.33); equipment(0.20),0,0,1,0.0,0,0.32549097878280686,0.5,0.2,2025-04-30 09:25:00,保养,低,华东
TK004459,0.2718,low,0.21,0.2829,0.084,compliance(0.50); quality(0.50); equipment(0.40),0,0,1,0.5,0,0.05918945833040645,0.5,0.4,2025-07-04 12:44:00,巡检,低,华中
TK004460,0.1233,low,0.2748,0.3748,0.3048,compliance(0.25); equipment(0.20); cost(0.15),0,0,1,0.25,0,0.15400665185918316,0.0,0.2,2025-07-18 15:51:00,抢修,高,华东
TK004461,0.0602,low,0.0348,0.0368,0.0109,equipment(0.20); cost(0.15),0,0,1,0.0,0,0.1512380300826882,0.0,0.2,2025-03-27 07:13:00,抢修,高,西北
TK004462,0.0928,low,0.0408,0.0336,0.0034,cost(0.28); quality(0.25),0,0,1,0.0,0,0.27669897953972034,0.25,0.0,2025-05-26 08:19:00,改造,高,华东
TK004463,0.2275,low,0.0951,0.0696,0.0072,compliance(0.75); cost(0.20),0,0,1,0.75,0,0.19997814371444445,0.0,0.0,2025-05-10 17:18:00,抢修,紧急,华南
TK004464,0.1773,low,0.3161,0.6167,0.1344,quality(0.50); compliance(0.25); cost(0.20),0,0,1,0.25,0,0.19886689773931465,0.5,0.0,2025-02-12 15:30:00,巡检,紧急,华东
TK004465,0.1365,low,0.0652,0.0548,0.0144,equipment(0.40); cost(0.38),0,0,1,0.0,0,0.38241326705644485,0.0,0.4,2025-03-01 15:33:00,巡检,中,华南
TK004466,0.2725,low,0.6691,0.8286,0.8495,quality(0.75); cost(0.34); compliance(0.25),0,0,1,0.25,0,0.337390435845775,0.75,0.2,2025-02-27 09:52:00,巡检,中,西南
TK004467,0.2128,low,0.4764,0.765,0.4138,equipment(0.40); cost(0.26); compliance(0.25),0,0,1,0.25,0,0.26385070048444714,0.25,0.4,2025-06-30 17:14:00,巡检,高,华北
TK004468,0.24,low,0.0976,0.0362,0.037,compliance(0.75); quality(0.25),0,0,1,0.75,0,0.07511396297038975,0.25,0.0,2025-08-21 20:07:00,巡检,低,华中
TK004469,0.1413,low,0.3378,0.4993,0.3448,equipment(0.60); cost(0.26),0,0,1,0.0,0,0.256610239449088,0.0,0.6,2025-12-19 20:51:00,保养,紧急,西北
TK004470,0.2818,low,0.1767,0.225,0.0384,compliance(0.50); quality(0.50); equipment(0.40),0,0,1,0.5,0,0.10917666192315512,0.5,0.4,2025-01-15 11:21:00,保养,高,华东
TK004471,0.1158,low,0.0682,0.0689,0.0268,equipment(0.40); cost(0.28),0,0,1,0.0,0,0.2789020953103317,0.0,0.4,2025-05-14 10:47:00,保养,中,华北
TK004472,0.3946,low,0.4443,0.6903,0.241,compliance(0.75); quality(0.75); equipment(0.40),0,0,1,0.75,0,0.17317993797760245,0.75,0.4,2025-07-12 12:50:00,巡检,低,华东
TK004473,0.145,low,0.4184,0.6827,0.3885,equipment(0.40); compliance(0.25); cost(0.11),0,0,1,0.25,0,0.11241260025510369,0.0,0.4,2025-08-12 11:24:00,巡检,高,华东
TK004474,0.0526,low,0.0271,0.0288,0.0036,equipment(0.20); cost(0.11),0,0,1,0.0,0,0.11304870961669111,0.0,0.2,2025-04-18 13:10:00,抢修,高,华南
TK004475,0.302,low,0.3623,0.6396,0.1368,equipment(0.60); compliance(0.50); quality(0.50),0,0,1,0.5,0,0.05980199669820896,0.5,0.6,2025-10-06 15:32:00,巡检,中,西南
TK004476,0.1736,low,0.056,0.0103,0.0009,compliance(0.50); quality(0.25),0,0,1,0.5,0,0.05567058730951102,0.25,0.0,2025-10-18 19:55:00,抢修,低,西北
TK004477,0.349,low,0.5946,0.8863,0.5134,equipment(1.00); quality(0.75); compliance(0.25),0,0,1,0.25,0,0.11985715844741651,0.75,1.0,2025-09-30 12:23:00,巡检,中,华东
TK004478,0.1827,low,0.4397,0.577,0.5226,quality(0.50); cost(0.39); equipment(0.20),0,0,1,0.0,0,0.3887258760943725,0.5,0.2,2025-08-10 08:37:00,抢修,低,华中
TK004479,0.2886,low,0.5998,0.7369,0.7293,equipment(0.80); quality(0.50); compliance(0.25),0,0,1,0.25,0,0.15526124818577647,0.5,0.8,2025-02-25 12:18:00,保养,高,华中
TK004480,0.0224,low,0.0084,0.0038,0.001,cost(0.11),0,0,1,0.0,0,0.11187609151039823,0.0,0.0,2025-06-25 19:28:00,抢修,低,西北
TK004481,0.1152,low,0.151,0.2632,0.0694,equipment(0.40); cost(0.28),0,0,1,0.0,0,0.27618427659003064,0.0,0.4,2025-09-20 07:51:00,巡检,高,西北
TK004482,0.2835,low,0.3916,0.5501,0.3259,equipment(1.00); quality(0.50); cost(0.29),0,0,1,0.0,0,0.29262651816437446,0.5,1.0,2025-08-27 19:15:00,抢修,高,华北
TK004483,0.2,low,0.3571,0.5922,0.2567,cost(1.00),0,0,1,0.0,0,1.0,0.0,0.0,2025-03-22 15:09:00,抢修,低,华中
TK004484,0.1179,low,0.2122,0.3772,0.1281,compliance(0.25); equipment(0.20); cost(0.13),0,0,1,0.25,0,0.12696520341219175,0.0,0.2,2025-11-24 16:21:00,巡检,高,华东
TK004485,0.2657,low,0.1556,0.1875,0.0293,compliance(0.75); quality(0.25); cost(0.20),0,0,1,0.75,0,0.20332724757047071,0.25,0.0,2025-12-03 07:54:00,抢修,中,华东
TK004486,0.0991,low,0.0362,0.0165,0.002,cost(0.31); quality(0.25),0,0,1,0.0,0,0.30781940518374007,0.25,0.0,2025-04-30 08:32:00,巡检,中,西南
TK004487,0.0169,low,0.0172,0.0315,0.0031,,0,0,1,0.0,0,0.08426069607625797,0.0,0.0,2025-11-22 10:15:00,保养,中,华东
TK004488,0.099,low,0.1686,0.2206,0.1762,compliance(0.25); cost(0.18),0,0,1,0.25,0,0.18237036869724965,0.0,0.0,2025-05-14 14:00:00,巡检,中,华东
TK004489,0.0987,low,0.0539,0.0509,0.0184,quality(0.25); equipment(0.20); cost(0.16),0,0,1,0.0,0,0.1559010849728889,0.25,0.2,2025-10-16 18:53:00,抢修,紧急,西南
TK004490,0.1757,low,0.0953,0.0763,0.0454,equipment(0.80); cost(0.28),0,0,1,0.0,0,0.27848060472429603,0.0,0.8,2025-01-10 10:02:00,巡检,紧急,华南
TK004491,0.0475,low,0.0353,0.047,0.0131,equipment(0.20),0,0,1,0.0,0,0.0874818193617275,0.0,0.2,2025-01-27 10:21:00,抢修,中,华北
TK004492,0.293,low,0.7613,0.9589,0.965,quality(0.75); compliance(0.50); equipment(0.20),0,0,1,0.5,0,0.12744201373243935,0.75,0.2,2025-05-17 12:18:00,保养,高,西南
TK004493,0.2161,low,0.165,0.2394,0.0467,quality(0.50); cost(0.41); equipment(0.40),0,0,1,0.0,0,0.4053101647322602,0.5,0.4,2025-08-23 07:42:00,保养,中,西南
TK004494,0.1364,low,0.4393,0.6879,0.4503,equipment(0.40); compliance(0.25),0,0,1,0.25,0,0.06939145326149054,0.0,0.4,2025-08-19 15:11:00,改造,高,华东
TK004495,0.2085,low,0.7307,0.9495,0.9594,compliance(0.50); equipment(0.40); cost(0.12),0,0,1,0.5,0,0.11733071048253318,0.0,0.4,2025-09-25 11:29:00,改造,中,西北
TK004496,0.1435,low,0.2376,0.4453,0.1107,cost(0.40); compliance(0.25),0,0,1,0.25,0,0.40483772362966997,0.0,0.0,2025-01-24 07:46:00,抢修,低,华南
TK004497,0.126,low,0.1482,0.2082,0.1071,compliance(0.25); equipment(0.20); cost(0.17),0,0,1,0.25,0,0.1676718375975378,0.0,0.2,2025-11-10 15:12:00,保养,高,华南
TK004498,0.1089,low,0.048,0.0385,0.0054,equipment(0.60),0,0,1,0.0,0,0.0943406970179379,0.0,0.6,2025-02-19 07:54:00,巡检,中,华东
TK004499,0.2006,low,0.0663,0.0159,0.0016,compliance(0.50); cost(0.23); equipment(0.20),0,0,1,0.5,0,0.22816841327849446,0.0,0.2,2025-12-30 12:01:00,抢修,紧急,西南
TK004500,0.1727,low,0.0613,0.0231,0.0039,equipment(0.60); quality(0.25); cost(0.23),0,0,1,0.0,0,0.22600961395804287,0.25,0.6,2025-02-08 12:47:00,巡检,低,西北
TK004501,0.1713,low,0.3492,0.5418,0.309,quality(0.50); equipment(0.40); cost(0.18),0,0,1,0.0,0,0.1816903367197935,0.5,0.4,2025-12-27 12:34:00,巡检,低,华南
TK004502,0.1082,low,0.0632,0.0754,0.0125,equipment(0.40); cost(0.24),0,0,1,0.0,0,0.2411855571987056,0.0,0.4,2025-12-28 15:02:00,保养,中,西南
TK004503,0.1391,low,0.1343,0.1397,0.1248,equipment(0.40); compliance(0.25),0,0,1,0.25,0,0.08281061118635857,0.0,0.4,2025-09-17 11:52:00,抢修,中,华南
TK004504,0.2169,low,0.4119,0.4649,0.526,quality(1.00); equipment(0.20); cost(0.18),0,0,1,0.0,0,0.18451918758421082,1.0,0.2,2025-08-16 11:43:00,巡检,中,华北
TK004505,0.276,low,0.7547,0.9641,0.9556,quality(1.00); equipment(0.40); cost(0.33),0,0,1,0.0,0,0.3297579176063208,1.0,0.4,2025-06-21 07:37:00,抢修,中,西南
TK004506,0.2235,low,0.1513,0.1534,0.0872,equipment(0.60); compliance(0.25); quality(0.25),0,0,1,0.25,0,0.16750123416765528,0.25,0.6,2025-01-01 17:22:00,巡检,中,西北
TK004507,0.0429,low,0.0164,0.0097,0.0003,cost(0.21),0,0,1,0.0,0,0.21449655235004184,0.0,0.0,2025-02-28 08:58:00,保养,高,西北
TK004508,0.0881,low,0.0895,0.1197,0.0604,quality(0.25); equipment(0.20); cost(0.10),0,0,1,0.0,0,0.10303729635641778,0.25,0.2,2025-05-13 13:25:00,抢修,低,华南
TK004509,0.2602,low,0.6993,0.9112,0.8638,quality(1.00); equipment(0.40); cost(0.25),0,0,1,0.0,0,0.251214705342822,1.0,0.4,2025-01-02 08:40:00,抢修,高,西北
TK004510,0.0675,low,0.0418,0.059,0.0025,equipment(0.20); cost(0.19),0,0,1,0.0,0,0.18738952280063004,0.0,0.2,2025-06-08 10:00:00,巡检,中,西南
TK004511,0.1438,low,0.0715,0.0531,0.028,quality(0.50); cost(0.34),0,0,1,0.0,0,0.34404293205117853,0.5,0.0,2025-03-18 09:47:00,保养,中,华北
TK004512,0.1694,low,0.1605,0.257,0.0565,equipment(0.60); compliance(0.25),0,0,1,0.25,0,0.08437625754527156,0.0,0.6,2025-01-03 11:38:00,改造,高,华南
TK004513,0.1362,low,0.0429,0.0053,0.0005,compliance(0.50),0,0,1,0.5,0,0.056218143139980636,0.0,0.0,2025-07-17 09:44:00,保养,高,华中
TK004514,0.332,low,0.147,0.1232,0.0122,compliance(0.75); equipment(0.60); cost(0.27),0,0,1,0.75,0,0.27248170803957594,0.0,0.6,2025-03-31 17:50:00,抢修,低,西南
TK004515,0.1005,low,0.0664,0.0975,0.0061,quality(0.25); equipment(0.20); cost(0.16),0,0,1,0.0,0,0.16476723405502014,0.25,0.2,2025-09-21 18:08:00,巡检,中,华北
TK004516,0.2411,low,0.6557,0.8999,0.767,quality(0.50); cost(0.37); compliance(0.25),0,0,1,0.25,0,0.36794892367509036,0.5,0.2,2025-05-03 17:54:00,巡检,低,西南
TK004517,0.0496,low,0.02,0.0111,0.0036,cost(0.25),0,0,1,0.0,0,0.2480016673614006,0.0,0.0,2025-01-12 10:04:00,保养,高,华南
TK004518,0.2302,low,0.1146,0.1192,0.011,equipment(0.60); compliance(0.50),0,0,1,0.5,0,0.07616123601069624,0.0,0.6,2025-04-13 13:14:00,保养,中,华南
TK004519,0.293,low,0.1372,0.1092,0.0316,equipment(0.60); compliance(0.50); cost(0.39),0,0,1,0.5,0,0.3899012697841229,0.0,0.6,2025-03-15 08:17:00,保养,低,华东
TK004520,0.0474,low,0.0687,0.1282,0.0274,cost(0.24),0,0,1,0.0,0,0.23723903356446907,0.0,0.0,2025-10-02 12:10:00,抢修,高,华南
TK004521,0.1185,low,0.0805,0.0976,0.0307,compliance(0.25); equipment(0.20); cost(0.13),0,0,1,0.25,0,0.13020887917899437,0.0,0.2,2025-07-12 09:12:00,巡检,高,华北
TK004522,0.1601,low,0.1516,0.258,0.0378,equipment(0.40); compliance(0.25); cost(0.19),0,0,1,0.25,0,0.18798680109543586,0.0,0.4,2025-04-12 16:33:00,巡检,中,华北
TK004523,0.2686,low,0.59,0.636,0.8195,quality(1.00); equipment(0.40); cost(0.29),0,0,1,0.0,0,0.29306439712417853,1.0,0.4,2025-02-27 07:04:00,抢修,中,西北
TK004524,0.0506,low,0.032,0.0331,0.015,cost(0.25),0,0,1,0.0,0,0.25305655361740054,0.0,0.0,2025-01-20 13:02:00,巡检,中,华南
TK004525,0.0848,low,0.1043,0.1826,0.0427,compliance(0.25); cost(0.11),0,0,1,0.25,0,0.11127360091922811,0.0,0.0,2025-01-25 14:59:00,保养,低,华东
TK004526,0.2256,low,0.1597,0.1799,0.083,compliance(0.75); cost(0.19),0,0,1,0.75,0,0.19063211969696536,0.0,0.0,2025-05-20 16:01:00,保养,中,西北
TK004527,0.0382,low,0.0208,0.017,0.0097,cost(0.19),0,0,1,0.0,0,0.19099838027356264,0.0,0.0,2025-03-23 07:12:00,抢修,高,华东
TK004528,0.2105,low,0.6409,0.8645,0.7861,quality(0.50); cost(0.36); compliance(0.25),0,0,1,0.25,0,0.3649712912006039,0.5,0.0,2025-10-09 09:19:00,保养,中,华南
TK004529,0.1584,low,0.1313,0.2306,0.0087,equipment(0.80); cost(0.19),0,0,1,0.0,0,0.19184471708101825,0.0,0.8,2025-10-18 13:20:00,保养,低,西南
TK004530,0.2425,low,0.4023,0.658,0.2835,equipment(0.80); quality(0.50); cost(0.24),0,0,1,0.0,0,0.23726667076016206,0.5,0.8,2025-04-26 18:16:00,保养,高,华中
TK004531,0.1652,low,0.1356,0.2013,0.0446,quality(0.50); equipment(0.40); cost(0.15),0,0,1,0.0,0,0.15096883247149806,0.5,0.4,2025-11-08 15:53:00,巡检,中,华北
TK004532,0.1489,low,0.0598,0.0386,0.0046,compliance(0.50); cost(0.12),0,0,1,0.5,0,0.11967498431586832,0.0,0.0,2025-06-14 15:55:00,保养,低,华北
TK004533,0.0775,low,0.0419,0.0514,0.0019,cost(0.39),0,0,1,0.0,0,0.3874791149815199,0.0,0.0,2025-01-08 15:09:00,巡检,中,华中
TK004534,0.1512,low,0.2864,0.5112,0.1774,equipment(0.40); compliance(0.25); cost(0.14),0,0,1,0.25,0,0.14326945014830017,0.0,0.4,2025-01-04 18:08:00,巡检,高,华北
TK004535,0.041,low,0.0527,0.0885,0.027,cost(0.21),0,0,1,0.0,0,0.20522482303986267,0.0,0.0,2025-10-25 08:40:00,保养,中,华中
TK004536,0.2024,low,0.1265,0.1666,0.0214,quality(1.00); cost(0.26),0,0,1,0.0,0,0.2617893457358925,1.0,0.0,2025-05-15 07:55:00,保养,高,西北
TK004537,0.145,low,0.0661,0.0315,0.033,compliance(0.50),0,0,1,0.5,0,0.09995905325270726,0.0,0.0,2025-11-21 10:12:00,抢修,中,华北
TK004538,0.1509,low,0.1048,0.1471,0.0229,cost(0.25); compliance(0.25); quality(0.25),0,0,1,0.25,0,0.2543920351265344,0.25,0.0,2025-05-10 11:20:00,巡检,中,华中
TK004539,0.0898,low,0.117,0.1677,0.0895,compliance(0.25); cost(0.14),0,0,1,0.25,0,0.1362693674913794,0.0,0.0,2025-10-21 15:34:00,巡检,中,华中
TK004540,0.138,low,0.0471,0.0123,0.004,compliance(0.50),0,0,1,0.5,0,0.0648996719427708,0.0,0.0,2025-09-18 15:07:00,保养,低,华中
TK004541,0.1874,low,0.1133,0.1471,0.0161,compliance(0.50); quality(0.25); cost(0.12),0,0,1,0.5,0,0.12437930672497766,0.25,0.0,2025-07-10 16:28:00,巡检,高,西南
TK004542,0.2005,low,0.107,0.1196,0.0144,equipment(0.80); compliance(0.25),0,0,1,0.25,0,0.08997597437266414,0.0,0.8,2025-05-03 17:08:00,巡检,高,西北
TK004543,0.0843,low,0.1633,0.2871,0.1073,cost(0.27); equipment(0.20),0,0,1,0.0,0,0.27151519117101786,0.0,0.2,2025-01-10 17:47:00,巡检,紧急,华北
TK004544,0.0782,low,0.071,0.1234,0.0124,cost(0.24); equipment(0.20),0,0,1,0.0,0,0.2410383620990847,0.0,0.2,2025-05-12 12:05:00,抢修,中,华南
TK004545,0.0774,low,0.0262,0.0086,0.0,cost(0.39),0,0,1,0.0,0,0.3870214426313522,0.0,0.0,2025-11-26 15:38:00,改造,低,华中
TK004546,0.2405,low,0.4154,0.7337,0.2471,quality(0.75); equipment(0.60); cost(0.19),0,0,1,0.0,0,0.18980070039209984,0.75,0.6,2025-03-21 09:57:00,巡检,高,华中
TK004547,0.3125,low,0.1643,0.1846,0.017,compliance(0.75); equipment(0.40); cost(0.32),0,0,1,0.75,0,0.3248026640355205,0.0,0.4,2025-01-14 16:34:00,巡检,中,西南
TK004548,0.1907,low,0.2921,0.5357,0.1353,equipment(0.60); compliance(0.25); cost(0.19),0,0,1,0.25,0,0.1909241869119328,0.0,0.6,2025-07-25 08:53:00,巡检,中,华东
TK004549,0.0849,low,0.0452,0.0437,0.0127,cost(0.27); equipment(0.20),0,0,1,0.0,0,0.27441935508459714,0.0,0.2,2025-02-11 08:32:00,抢修,低,华中
TK004550,0.2332,low,0.5778,0.8352,0.6159,compliance(0.50); quality(0.50); cost(0.17),0,0,1,0.5,0,0.16608406766666817,0.5,0.0,2025-01-13 11:23:00,改造,高,华北
TK004551,0.1917,low,0.2986,0.4745,0.2142,quality(1.00); equipment(0.20),0,0,1,0.0,0,0.05832926574158004,1.0,0.2,2025-04-10 08:26:00,抢修,中,华中
TK004552,0.257,low,0.1784,0.2706,0.0188,compliance(0.50); quality(0.50); equipment(0.20),0,0,1,0.5,0,0.1348687605352782,0.5,0.2,2025-07-06 16:15:00,抢修,中,西北
TK004553,0.3003,low,0.6413,0.9504,0.6246,quality(0.75); equipment(0.40); cost(0.33),0,0,1,0.25,0,0.3265354480417947,0.75,0.4,2025-07-25 10:11:00,保养,中,华东
TK004554,0.1607,low,0.1489,0.2457,0.042,compliance(0.50); cost(0.18),0,0,1,0.5,0,0.17829296070787148,0.0,0.0,2025-05-31 20:22:00,抢修,中,华南
TK004555,0.1295,low,0.1494,0.2437,0.0723,compliance(0.25); equipment(0.20); cost(0.19),0,0,1,0.25,0,0.18513576548761024,0.0,0.2,2025-11-26 08:07:00,巡检,中,华中
TK004556,0.0809,low,0.085,0.1482,0.0252,compliance(0.25),0,0,1,0.25,0,0.09216523124366416,0.0,0.0,2025-08-19 14:17:00,巡检,中,西南
TK004557,0.2398,low,0.1032,0.0804,0.0089,equipment(0.60); compliance(0.50); cost(0.12),0,0,1,0.5,0,0.12377215064909419,0.0,0.6,2025-09-01 16:28:00,抢修,中,华东
TK004558,0.0431,low,0.0145,0.0029,0.0017,cost(0.22),0,0,1,0.0,0,0.21529132833973275,0.0,0.0,2025-05-24 14:09:00,巡检,中,华中
TK004559,0.2418,low,0.1195,0.1133,0.0209,compliance(0.75); equipment(0.20); cost(0.12),0,0,1,0.75,0,0.1213664886987661,0.0,0.2,2025-09-03 12:13:00,巡检,中,西北
TK004560,0.1041,low,0.145,0.2214,0.1037,quality(0.50); cost(0.15),0,0,1,0.0,0,0.1453866625560487,0.5,0.0,2025-12-20 11:44:00,改造,高,华东
TK004561,0.485,medium,0.7783,0.89,0.9181,cost(1.00); compliance(0.75); equipment(0.40),0,1,0,0.75,0,1.0,0.25,0.4,2025-01-15 14:00:00,抢修,中,西北
TK004562,0.0898,low,0.0548,0.0783,0.0013,equipment(0.40); cost(0.15),0,0,1,0.0,0,0.14900511904151625,0.0,0.4,2025-04-19 18:06:00,抢修,中,华南
TK004563,0.0832,low,0.0382,0.0315,0.0063,quality(0.25); equipment(0.20),0,0,1,0.0,0,0.07836909185344998,0.25,0.2,2025-01-31 17:11:00,巡检,紧急,西南
TK004564,0.3511,low,0.563,0.563,0.7445,quality(0.75); compliance(0.50); equipment(0.40),0,0,1,0.5,0,0.2679262124367747,0.75,0.4,2025-09-13 07:20:00,保养,中,西南
TK004565,0.3304,low,0.6713,0.9229,0.712,quality(0.75); equipment(0.60); cost(0.33),0,0,1,0.25,0,0.3270267408505477,0.75,0.6,2025-03-08 20:08:00,巡检,紧急,华南
TK004566,0.0898,low,0.0635,0.0973,0.0072,compliance(0.25); cost(0.14),0,0,1,0.25,0,0.1364653599609087,0.0,0.0,2025-03-24 13:05:00,抢修,中,华北
TK004567,0.061,low,0.0452,0.0596,0.0172,equipment(0.20); cost(0.16),0,0,1,0.0,0,0.1550107449323458,0.0,0.2,2025-12-06 20:22:00,抢修,低,华东
TK004568,0.2098,low,0.641,0.7642,0.8873,quality(0.50); equipment(0.40); compliance(0.25),0,0,1,0.25,0,0.0615535500780775,0.5,0.4,2025-08-19 09:36:00,巡检,中,华中
TK004569,0.3553,low,0.5365,0.4822,0.7461,compliance(0.75); equipment(0.60); cost(0.39),0,0,1,0.75,0,0.38908081580598874,0.0,0.6,2025-03-22 15:42:00,改造,中,西南
TK004570,0.077,low,0.0581,0.0454,0.0547,equipment(0.40),0,0,1,0.0,0,0.08475623346544825,0.0,0.4,2025-02-19 09:12:00,巡检,低,华东
TK004571,0.1176,low,0.0706,0.0892,0.0117,cost(0.25); quality(0.25); equipment(0.20),0,0,1,0.0,0,0.25066408961869024,0.25,0.2,2025-09-17 14:15:00,抢修,中,华中
TK004572,0.16,low,0.1732,0.2864,0.0714,compliance(0.50); cost(0.17),0,0,1,0.5,0,0.17498981084126486,0.0,0.0,2025-09-19 20:56:00,抢修,低,华南
TK004573,0.2028,low,0.1194,0.1146,0.0528,equipment(0.60); quality(0.50); cost(0.19),0,0,1,0.0,0,0.188979722087954,0.5,0.6,2025-01-27 19:53:00,保养,中,华南
TK004574,0.1456,low,0.1278,0.1408,0.0995,quality(0.50); cost(0.20); equipment(0.20),0,0,1,0.0,0,0.20303529879453275,0.5,0.2,2025-05-16 09:44:00,抢修,低,西北
TK004575,0.1095,low,0.0851,0.0759,0.0733,equipment(0.60),0,0,1,0.0,0,0.09770000149804514,0.0,0.6,2025-04-17 07:24:00,保养,中,华中
TK004576,0.2856,low,0.1753,0.208,0.0481,compliance(0.50); equipment(0.40); cost(0.32),0,0,1,0.5,0,0.3157012015356594,0.25,0.4,2025-03-30 20:22:00,巡检,中,华南
TK004577,0.0713,low,0.0534,0.085,0.0066,cost(0.21); equipment(0.20),0,0,1,0.0,0,0.2066935348093274,0.0,0.2,2025-12-06 13:10:00,保养,高,华中
TK004578,0.1083,low,0.0878,0.1489,0.009,equipment(0.40); cost(0.24),0,0,1,0.0,0,0.24156768759031466,0.0,0.4,2025-07-24 14:58:00,抢修,低,华南
TK004579,0.1006,low,0.037,0.0174,0.0021,compliance(0.25); cost(0.19),0,0,1,0.25,0,0.19057050740165526,0.0,0.0,2025-08-16 12:31:00,保养,中,华南
TK004580,0.1126,low,0.072,0.0734,0.0359,compliance(0.25); equipment(0.20); cost(0.10),0,0,1,0.25,0,0.10042785961871759,0.0,0.2,2025-07-14 10:27:00,保养,中,华东
TK004581,0.0131,low,0.01,0.015,0.0022,,0,0,1,0.0,0,0.06574679593947785,0.0,0.0,2025-01-03 13:20:00,抢修,低,华中
TK004582,0.0138,low,0.0105,0.0173,0.0009,,0,0,1,0.0,0,0.06922532969204209,0.0,0.0,2025-09-19 11:59:00,改造,低,西南
TK004583,0.1182,low,0.0485,0.0294,0.0079,equipment(0.40); cost(0.29),0,0,1,0.0,0,0.29083298650003764,0.0,0.4,2025-09-06 15:28:00,保养,中,华中
TK004584,0.1095,low,0.1439,0.2552,0.0621,equipment(0.40); cost(0.25),0,0,1,0.0,0,0.24761810707303356,0.0,0.4,2025-06-25 13:33:00,巡检,中,西南
TK004585,0.2033,low,0.1441,0.2106,0.0269,compliance(0.75),0,0,1,0.75,0,0.0789937983538731,0.0,0.0,2025-11-26 07:57:00,巡检,高,西南
TK004586,0.342,low,0.7691,0.9724,0.9319,quality(0.75); equipment(0.60); cost(0.39),0,0,1,0.25,0,0.38514712751050917,0.75,0.6,2025-08-30 15:29:00,巡检,中,华中
TK004587,0.0917,low,0.079,0.1293,0.0178,quality(0.50),0,0,1,0.0,0,0.0836324136930443,0.5,0.0,2025-06-04 19:31:00,巡检,低,西北
TK004588,0.07,low,0.0534,0.0828,0.0098,cost(0.35),0,0,1,0.0,0,0.3498896175783197,0.0,0.0,2025-02-01 20:03:00,抢修,中,华北
TK004589,0.116,low,0.071,0.0693,0.0342,equipment(0.40); quality(0.25),0,0,1,0.0,0,0.09261855613319803,0.25,0.4,2025-05-03 20:08:00,抢修,低,华中
TK004590,0.0936,low,0.1485,0.266,0.078,cost(0.32); equipment(0.20),0,0,1,0.0,0,0.31793402475496946,0.0,0.2,2025-03-04 15:48:00,抢修,紧急,西南
TK004591,0.0585,low,0.0871,0.1591,0.0395,equipment(0.20); cost(0.14),0,0,1,0.0,0,0.14263900758039116,0.0,0.2,2025-05-07 08:21:00,改造,高,华北
TK004592,0.2326,low,0.6562,0.8585,0.817,compliance(0.50); equipment(0.40); cost(0.24),0,0,1,0.5,0,0.2380186819376643,0.0,0.4,2025-05-06 08:48:00,巡检,中,华北
TK004593,0.0759,low,0.0376,0.0248,0.0177,equipment(0.40),0,0,1,0.0,0,0.07959551621216132,0.0,0.4,2025-07-19 15:20:00,改造,中,华东
TK004594,0.0975,low,0.0462,0.0445,0.0039,quality(0.25); equipment(0.20); cost(0.15),0,0,1,0.0,0,0.15004793390063353,0.25,0.2,2025-11-03 09:00:00,巡检,中,华南
TK004595,0.1295,low,0.1513,0.2456,0.0757,cost(0.34); compliance(0.25),0,0,1,0.25,0,0.33508097660675806,0.0,0.0,2025-03-08 18:14:00,巡检,中,西北
TK004596,0.1128,low,0.0551,0.0454,0.0153,equipment(0.40); cost(0.26),0,0,1,0.0,0,0.2638105864207658,0.0,0.4,2025-09-02 18:44:00,巡检,中,华中
TK004597,0.2213,low,0.5221,0.7417,0.5604,quality(0.75); compliance(0.25); equipment(0.20),0,0,1,0.25,0,0.08133790479279301,0.75,0.2,2025-03-28 07:20:00,巡检,低,华东
TK004598,0.1883,low,0.2057,0.3208,0.1055,quality(0.75); compliance(0.25),0,0,1,0.25,0,0.06672363871914344,0.75,0.0,2025-06-12 12:13:00,巡检,中,华南
TK004599,0.0597,low,0.0206,0.0054,0.0023,cost(0.30),0,0,1,0.0,0,0.29825827252052706,0.0,0.0,2025-04-05 07:50:00,保养,低,华北
TK004600,0.1382,low,0.0538,0.0347,0.0005,cost(0.38); compliance(0.25),0,0,1,0.25,0,0.37839510667734644,0.0,0.0,2025-04-27 19:41:00,保养,高,华北
TK004601,0.1843,low,0.3289,0.4977,0.2841,equipment(0.40); compliance(0.25); quality(0.25),0,0,1,0.25,0,0.1215597385200049,0.25,0.4,2025-06-20 12:11:00,保养,中,华东
TK004602,0.1718,low,0.1641,0.2621,0.0595,quality(0.50); compliance(0.25); cost(0.17),0,0,1,0.25,0,0.17168015018102167,0.5,0.0,2025-07-30 09:17:00,抢修,高,西北
TK004603,0.2969,low,0.6834,0.9102,0.7879,quality(0.75); equipment(0.60); compliance(0.25),0,0,1,0.25,0,0.15937694556745552,0.75,0.6,2025-06-30 07:34:00,改造,高,西南
TK004604,0.1166,low,0.0453,0.0272,0.0024,equipment(0.40); cost(0.28),0,0,1,0.0,0,0.28295746935068866,0.0,0.4,2025-03-16 11:44:00,保养,中,华中
TK004605,0.1958,low,0.1692,0.2902,0.0255,quality(0.75); equipment(0.40); cost(0.12),0,0,1,0.0,0,0.11663737679150332,0.75,0.4,2025-01-15 16:27:00,巡检,中,华中
TK004606,0.0281,low,0.0765,0.1523,0.0421,cost(0.14),0,0,1,0.0,0,0.14043594048515018,0.0,0.0,2025-06-03 13:21:00,抢修,中,华北
TK004607,0.1641,low,0.1095,0.1249,0.0473,equipment(0.60); quality(0.25); cost(0.18),0,0,1,0.0,0,0.18275200017705573,0.25,0.6,2025-12-19 11:43:00,改造,低,华中
TK004608,0.2369,low,0.3084,0.4419,0.2361,compliance(0.50); equipment(0.40); cost(0.26),0,0,1,0.5,0,0.25956930736910466,0.0,0.4,2025-02-19 07:48:00,保养,低,华东
TK004609,0.1663,low,0.2143,0.4518,0.0179,equipment(0.40); compliance(0.25); cost(0.22),0,0,1,0.25,0,0.21915477399469063,0.0,0.4,2025-06-06 19:11:00,巡检,中,华南
TK004610,0.0766,low,0.027,0.0097,0.0019,equipment(0.40),0,0,1,0.0,0,0.08281447386193008,0.0,0.4,2025-05-20 16:12:00,巡检,高,西北
TK004611,0.0127,low,0.008,0.0083,0.0037,,0,0,1,0.0,0,0.06362686089052982,0.0,0.0,2025-05-17 18:22:00,巡检,中,华东
TK004612,0.325,low,0.7258,0.9353,0.8598,cost(1.00); compliance(0.50),0,0,1,0.5,0,1.0,0.0,0.0,2025-09-20 09:22:00,巡检,中,华东
TK004613,0.1779,low,0.1597,0.1915,0.1123,compliance(0.25); quality(0.25); cost(0.24),0,0,1,0.25,0,0.23949889170360983,0.25,0.2,2025-05-11 09:51:00,巡检,中,华中
TK004614,0.1948,low,0.1601,0.1747,0.1159,cost(0.32); compliance(0.25); quality(0.25),0,0,1,0.25,0,0.32379315292790256,0.25,0.2,2025-01-07 17:29:00,保养,低,华东
TK004615,0.0729,low,0.0412,0.0364,0.0188,quality(0.25); cost(0.18),0,0,1,0.0,0,0.1771964975284419,0.25,0.0,2025-12-20 14:37:00,抢修,低,西北
TK004616,0.0944,low,0.1148,0.2241,0.0229,compliance(0.25); cost(0.16),0,0,1,0.25,0,0.1596722843930901,0.0,0.0,2025-08-12 13:46:00,保养,高,华中
TK004617,0.0207,low,0.0116,0.0128,0.0027,cost(0.10),0,0,1,0.0,0,0.10326866748737107,0.0,0.0,2025-08-27 09:43:00,抢修,中,西北
TK004618,0.0784,low,0.077,0.1097,0.043,cost(0.24); equipment(0.20),0,0,1,0.0,0,0.24184480106067618,0.0,0.2,2025-07-17 12:22:00,抢修,高,西北
TK004619,0.1826,low,0.0594,0.0118,0.0015,compliance(0.50); cost(0.29),0,0,1,0.5,0,0.28797546012269937,0.0,0.0,2025-12-05 18:14:00,抢修,中,西北
TK004620,0.2132,low,0.0843,0.0507,0.0073,compliance(0.75); cost(0.13),0,0,1,0.75,0,0.1286983464929239,0.0,0.0,2025-04-04 09:05:00,巡检,高,华东
TK004621,0.2349,low,0.5806,0.6105,0.8469,compliance(0.50); equipment(0.40); quality(0.25),0,0,1,0.5,0,0.062126687662105495,0.25,0.4,2025-08-19 15:14:00,巡检,低,华南
TK004622,0.0548,low,0.0435,0.0477,0.0297,quality(0.25),0,0,1,0.0,0,0.0866532138098749,0.25,0.0,2025-12-03 11:54:00,巡检,高,华中
TK004623,0.0383,low,0.019,0.0195,0.0021,cost(0.19),0,0,1,0.0,0,0.19127187471333273,0.0,0.0,2025-10-18 18:50:00,保养,中,华中
TK004624,0.1892,low,0.2462,0.2518,0.2894,compliance(0.50); equipment(0.20); cost(0.17),0,0,1,0.5,0,0.17079179500491715,0.0,0.2,2025-04-06 18:03:00,巡检,中,华北
TK004625,0.1746,low,0.1555,0.1714,0.1231,equipment(0.40); cost(0.26); compliance(0.25),0,0,1,0.25,0,0.26055820669103846,0.0,0.4,2025-06-27 14:09:00,巡检,中,华中
TK004626,0.2899,low,0.5552,0.8486,0.4891,quality(0.75); compliance(0.50); equipment(0.20),0,0,1,0.5,0,0.11224854699310383,0.75,0.2,2025-11-11 08:11:00,巡检,低,西南
TK004627,0.1548,low,0.3389,0.5243,0.3114,quality(0.50); compliance(0.25),0,0,1,0.25,0,0.08650643287888349,0.5,0.0,2025-06-29 10:31:00,巡检,中,西南
TK004628,0.0799,low,0.0399,0.0383,0.0073,cost(0.40),0,0,1,0.0,0,0.39934846101999544,0.0,0.0,2025-01-07 18:00:00,巡检,中,华中
TK004629,0.1676,low,0.1507,0.2254,0.0616,equipment(0.40); compliance(0.25); cost(0.23),0,0,1,0.25,0,0.22554242908114464,0.0,0.4,2025-09-15 08:48:00,抢修,中,西南
TK004630,0.1615,low,0.129,0.1824,0.0478,equipment(0.40); cost(0.32); quality(0.25),0,0,1,0.0,0,0.31992276280049525,0.25,0.4,2025-08-09 13:22:00,抢修,低,华东
TK004631,0.1493,low,0.3943,0.3764,0.6223,equipment(0.40); compliance(0.25); cost(0.13),0,0,1,0.25,0,0.13379420218580362,0.0,0.4,2025-05-09 20:00:00,抢修,中,华东
TK004632,0.1475,low,0.2802,0.4351,0.2391,equipment(0.40); compliance(0.25); cost(0.12),0,0,1,0.25,0,0.1248661391964756,0.0,0.4,2025-08-23 13:42:00,改造,高,华中
TK004633,0.1894,low,0.2563,0.4119,0.158,equipment(0.60); compliance(0.25); cost(0.18),0,0,1,0.25,0,0.18444651750650753,0.0,0.6,2025-07-29 17:06:00,巡检,低,华中
TK004634,0.0541,low,0.0913,0.1878,0.0267,equipment(0.20); cost(0.12),0,0,1,0.0,0,0.12042035501485715,0.0,0.2,2025-09-02 11:30:00,巡检,低,西南
TK004635,0.1272,low,0.0497,0.0168,0.0163,equipment(0.60); cost(0.19),0,0,1,0.0,0,0.18589874316986976,0.0,0.6,2025-05-21 08:21:00,巡检,紧急,华北
TK004636,0.0916,low,0.0524,0.0494,0.0217,compliance(0.25); cost(0.15),0,0,1,0.25,0,0.1455641973652091,0.0,0.0,2025-05-18 16:10:00,改造,中,西北
TK004637,0.0796,low,0.0271,0.0082,0.0009,quality(0.25); equipment(0.20),0,0,1,0.0,0,0.060737353039711395,0.25,0.2,2025-02-24 10:09:00,保养,中,西北
TK004638,0.1767,low,0.328,0.7069,0.0787,compliance(0.25); quality(0.25); cost(0.23),0,0,1,0.25,0,0.23337761377613786,0.25,0.2,2025-02-24 14:21:00,抢修,中,华东
TK004639,0.0889,low,0.0442,0.0286,0.0215,cost(0.29); equipment(0.20),0,0,1,0.0,0,0.29454614295591475,0.0,0.2,2025-03-13 16:22:00,保养,高,华中
TK004640,0.0388,low,0.0375,0.0292,0.0447,cost(0.19),0,0,1,0.0,0,0.19398679160239318,0.0,0.0,2025-06-16 12:51:00,抢修,低,华北
TK004641,0.2961,low,0.4766,0.6541,0.4537,compliance(1.00); equipment(0.20),0,0,1,1.0,0,0.08048443816347328,0.0,0.2,2025-11-21 07:59:00,保养,高,华中
TK004642,0.2709,low,0.7083,0.9358,0.8557,quality(1.00); equipment(0.40); cost(0.30),0,0,1,0.0,0,0.30437265154469695,1.0,0.4,2025-01-14 14:42:00,保养,中,西南
TK004643,0.2168,low,0.3067,0.3103,0.3802,equipment(0.60); compliance(0.25); quality(0.25),0,0,1,0.25,0,0.1342443937502691,0.25,0.6,2025-07-02 10:39:00,抢修,低,西北
TK004644,0.1554,low,0.0537,0.0198,0.0003,equipment(0.60); quality(0.25); cost(0.14),0,0,1,0.0,0,0.13967537694665466,0.25,0.6,2025-02-21 09:44:00,改造,低,华中
TK004645,0.0592,low,0.0206,0.0077,0.0005,cost(0.30),0,0,1,0.0,0,0.29585119913981883,0.0,0.0,2025-11-13 11:27:00,改造,中,华南
TK004646,0.2126,low,0.1927,0.2671,0.1012,equipment(0.40); cost(0.26); compliance(0.25),0,0,1,0.25,0,0.2630115728165425,0.25,0.4,2025-02-11 15:46:00,巡检,中,华北
TK004647,0.0549,low,0.0201,0.0081,0.0022,cost(0.27),0,0,1,0.0,0,0.2745977602841577,0.0,0.0,2025-09-20 19:43:00,改造,高,华北
TK004648,0.113,low,0.08,0.123,0.0087,equipment(0.60); cost(0.12),0,0,1,0.0,0,0.11523154848046302,0.0,0.6,2025-11-25 14:24:00,巡检,中,西南
TK004649,0.335,low,0.7941,0.9988,0.9829,cost(1.00); quality(0.50); equipment(0.40),0,0,1,0.0,0,1.0,0.5,0.4,2025-11-01 19:22:00,抢修,中,华南
TK004650,0.1897,low,0.1518,0.252,0.0191,equipment(0.60); compliance(0.25); cost(0.19),0,0,1,0.25,0,0.18597984279676416,0.0,0.6,2025-03-03 15:17:00,巡检,中,华南
TK004651,0.2802,low,0.3004,0.5048,0.1133,equipment(0.80); cost(0.30); compliance(0.25),0,0,1,0.25,0,0.3009946233847457,0.25,0.8,2025-12-20 19:33:00,巡检,低,华北
TK004652,0.1199,low,0.0681,0.0903,0.0016,equipment(0.60); cost(0.15),0,0,1,0.0,0,0.14969992736669102,0.0,0.6,2025-10-13 09:21:00,保养,低,华东
TK004653,0.1316,low,0.0529,0.0307,0.0077,equipment(0.40); cost(0.36),0,0,1,0.0,0,0.3578963736257036,0.0,0.4,2025-07-20 10:20:00,巡检,中,华东
TK004654,0.1314,low,0.1458,0.2613,0.0427,cost(0.34); compliance(0.25),0,0,1,0.25,0,0.3444742203597806,0.0,0.0,2025-03-11 13:02:00,巡检,中,华东
TK004655,0.306,low,0.6034,0.9004,0.5612,quality(0.75); equipment(0.60); compliance(0.25),0,0,1,0.25,0,0.20476004089848865,0.75,0.6,2025-07-30 15:22:00,巡检,紧急,华南
TK004656,0.1789,low,0.1578,0.1443,0.1532,quality(0.75); cost(0.33),0,0,1,0.0,0,0.3319419760795427,0.75,0.0,2025-07-02 20:17:00,保养,中,华北
TK004657,0.1121,low,0.056,0.0627,0.0012,compliance(0.25); cost(0.25),0,0,1,0.25,0,0.24811411329035804,0.0,0.0,2025-03-14 12:15:00,改造,高,西北
TK004658,0.1555,low,0.2922,0.3406,0.3609,quality(0.50); compliance(0.25),0,0,1,0.25,0,0.09007105243165658,0.5,0.0,2025-07-18 09:05:00,巡检,中,西北
TK004659,0.2101,low,0.2414,0.3241,0.1856,cost(0.40); compliance(0.25); quality(0.25),0,0,1,0.25,0,0.4006133969868466,0.25,0.2,2025-02-27 08:59:00,巡检,中,华中
TK004660,0.1028,low,0.052,0.0593,0.0011,compliance(0.25); cost(0.20),0,0,1,0.25,0,0.20132944002072894,0.0,0.0,2025-05-26 07:02:00,保养,中,西北
TK004661,0.1295,low,0.0974,0.1444,0.023,quality(0.50); equipment(0.20); cost(0.12),0,0,1,0.0,0,0.12264919091857496,0.5,0.2,2025-01-08 08:46:00,抢修,低,华东
TK004662,0.1157,low,0.0783,0.1051,0.0194,equipment(0.40); cost(0.28),0,0,1,0.0,0,0.2785616703708991,0.0,0.4,2025-05-17 12:11:00,巡检,中,西南
TK004663,0.0557,low,0.0389,0.0552,0.0082,cost(0.28),0,0,1,0.0,0,0.2786923387927285,0.0,0.0,2025-03-08 20:13:00,巡检,中,华东
TK004664,0.2958,low,0.4536,0.6368,0.4057,quality(1.00); equipment(0.40); compliance(0.25),0,0,1,0.25,0,0.11674276053610078,1.0,0.4,2025-01-08 20:37:00,保养,中,华东
TK004665,0.1202,low,0.1052,0.1816,0.0158,quality(0.50); cost(0.23),0,0,1,0.0,0,0.22598397673965975,0.5,0.0,2025-02-09 07:07:00,抢修,高,西南
TK004666,0.0855,low,0.0696,0.0997,0.0258,compliance(0.25); cost(0.12),0,0,1,0.25,0,0.11510536922604675,0.0,0.0,2025-09-05 09:34:00,抢修,中,华中
TK004667,0.0737,low,0.0504,0.0509,0.03,compliance(0.25),0,0,1,0.25,0,0.05584598622592285,0.0,0.0,2025-11-12 20:05:00,改造,高,华东
TK004668,0.051,low,0.0278,0.0317,0.0041,equipment(0.20); cost(0.11),0,0,1,0.0,0,0.10521381434608534,0.0,0.2,2025-10-11 20:16:00,保养,紧急,西南
TK004669,0.2588,low,0.1642,0.11,0.1372,quality(0.75); compliance(0.50); cost(0.11),0,0,1,0.5,0,0.10647777798448466,0.75,0.0,2025-07-19 16:54:00,抢修,高,西北
TK004670,0.119,low,0.0377,0.0046,0.001,equipment(0.60); cost(0.15),0,0,1,0.0,0,0.1452145214521452,0.0,0.6,2025-01-27 16:08:00,改造,中,西北
TK004671,0.0525,low,0.0453,0.0471,0.0372,cost(0.26),0,0,1,0.0,0,0.26252603311453737,0.0,0.0,2025-10-28 20:08:00,保养,低,华东
TK004672,0.051,low,0.0574,0.1154,0.0048,cost(0.25),0,0,1,0.0,0,0.2548286841149594,0.0,0.0,2025-11-20 11:29:00,保养,高,华中
TK004673,0.0972,low,0.0335,0.0063,0.0061,cost(0.34); equipment(0.20),0,0,1,0.0,0,0.3358907888133221,0.0,0.2,2025-05-02 11:44:00,抢修,中,华东
TK004674,0.1013,low,0.1267,0.1661,0.1092,cost(0.32); quality(0.25),0,0,1,0.0,0,0.3191886648105938,0.25,0.0,2025-03-18 10:47:00,保养,中,华北
TK004675,0.2387,low,0.0775,0.0157,0.001,compliance(0.50); quality(0.25); cost(0.23),0,0,1,0.5,0,0.23115776181832537,0.25,0.2,2025-02-10 13:52:00,巡检,中,华中
TK004676,0.0545,low,0.0221,0.0135,0.003,equipment(0.20); cost(0.12),0,0,1,0.0,0,0.12232383722042595,0.0,0.2,2025-07-01 18:30:00,巡检,中,西北
TK004677,0.1516,low,0.2004,0.3843,0.0582,equipment(0.40); cost(0.27); quality(0.25),0,0,1,0.0,0,0.2706578995612372,0.25,0.4,2025-11-10 13:59:00,保养,中,华中
TK004678,0.0843,low,0.1141,0.2326,0.0212,compliance(0.25); cost(0.11),0,0,1,0.25,0,0.10888072045579855,0.0,0.0,2025-05-09 08:02:00,巡检,中,华东
TK004679,0.1382,low,0.0518,0.0231,0.0064,equipment(0.60); cost(0.24),0,0,1,0.0,0,0.24118321235605533,0.0,0.6,2025-08-15 20:22:00,保养,低,华东
TK004680,0.2924,low,0.7511,0.9522,0.9433,quality(0.75); equipment(0.60); compliance(0.25),0,0,1,0.25,0,0.13677825412751987,0.75,0.6,2025-08-27 12:08:00,巡检,高,西北
TK004681,0.1537,low,0.4004,0.6364,0.3759,equipment(0.40); compliance(0.25); cost(0.16),0,0,1,0.25,0,0.15583011255043533,0.0,0.4,2025-02-22 08:37:00,抢修,高,华北
TK004682,0.2309,low,0.1331,0.1668,0.0156,equipment(0.60); cost(0.39); compliance(0.25),0,0,1,0.25,0,0.39186425016275706,0.0,0.6,2025-03-25 19:22:00,巡检,高,西北
TK004683,0.2047,low,0.1055,0.0943,0.0316,compliance(0.50); equipment(0.40),0,0,1,0.5,0,0.098399511650754,0.0,0.4,2025-02-22 15:26:00,巡检,低,华中
TK004684,0.1474,low,0.2979,0.3807,0.3442,equipment(0.40); compliance(0.25); cost(0.12),0,0,1,0.25,0,0.12432669593939283,0.0,0.4,2025-01-17 13:40:00,抢修,中,西南
TK004685,0.1587,low,0.1663,0.2867,0.0524,equipment(0.40); cost(0.31); quality(0.25),0,0,1,0.0,0,0.3059829600383084,0.25,0.4,2025-04-16 20:28:00,抢修,高,华北
TK004686,0.0961,low,0.0334,0.0124,0.0007,cost(0.33); equipment(0.20),0,0,1,0.0,0,0.3303518892255578,0.0,0.2,2025-11-10 20:39:00,巡检,低,华东
TK004687,0.1422,low,0.4732,0.5657,0.6644,equipment(0.40); compliance(0.25),0,0,1,0.25,0,0.09867755390387345,0.0,0.4,2025-12-04 08:54:00,巡检,中,华北
TK004688,0.1835,low,0.4296,0.6763,0.3938,quality(0.50); equipment(0.40); cost(0.24),0,0,1,0.0,0,0.24260745163898734,0.5,0.4,2025-07-16 13:10:00,抢修,中,华中
TK004689,0.2331,low,0.1026,0.0828,0.0105,quality(0.50); equipment(0.40); compliance(0.25),0,0,1,0.25,0,0.1778909136278254,0.5,0.4,2025-12-27 19:02:00,抢修,中,华中
TK004690,0.3919,low,0.7867,0.9669,0.945,equipment(0.80); compliance(0.50); quality(0.50),0,0,1,0.5,0,0.35938825694933785,0.5,0.8,2025-10-22 15:25:00,保养,低,西南
TK004691,0.113,low,0.0468,0.0298,0.0072,quality(0.25); cost(0.23); equipment(0.20),0,0,1,0.0,0,0.22751781344527866,0.25,0.2,2025-09-22 14:13:00,保养,中,西北
TK004692,0.176,low,0.2614,0.4439,0.1522,equipment(0.40); compliance(0.25); quality(0.25),0,0,1,0.25,0,0.08000338320427036,0.25,0.4,2025-06-14 19:15:00,巡检,低,华东
TK004693,0.0581,low,0.0228,0.0097,0.0056,equipment(0.20); cost(0.14),0,0,1,0.0,0,0.14068560957616438,0.0,0.2,2025-03-04 11:56:00,保养,中,华中
TK004694,0.1173,low,0.0633,0.0772,0.0031,equipment(0.40); cost(0.29),0,0,1,0.0,0,0.28639247546249746,0.0,0.4,2025-02-09 07:03:00,保养,高,华南
TK004695,0.1577,low,0.2606,0.4332,0.1763,equipment(0.40); compliance(0.25); cost(0.18),0,0,1,0.25,0,0.17616946706525105,0.0,0.4,2025-02-13 19:38:00,保养,中,西北
TK004696,0.2537,low,0.2775,0.4982,0.0771,equipment(0.60); cost(0.32); compliance(0.25),0,0,1,0.25,0,0.3187443173661292,0.25,0.6,2025-11-14 13:43:00,巡检,高,华南
TK004697,0.3525,low,0.8058,1.0,1.0,cost(1.00); equipment(0.60); compliance(0.25),0,0,1,0.25,0,1.0,0.0,0.6,2025-06-24 07:26:00,改造,紧急,华南
TK004698,0.1546,low,0.2199,0.3619,0.134,equipment(0.60); cost(0.32),0,0,1,0.0,0,0.32316370357487123,0.0,0.6,2025-01-29 18:15:00,巡检,中,西北
TK004699,0.2207,low,0.2353,0.3839,0.0991,equipment(0.80); compliance(0.25); cost(0.19),0,0,1,0.25,0,0.19118082338232623,0.0,0.8,2025-01-24 07:45:00,抢修,高,华东
TK004700,0.1001,low,0.0429,0.0315,0.0053,cost(0.31); quality(0.25),0,0,1,0.0,0,0.3128443640255868,0.25,0.0,2025-01-18 08:30:00,巡检,高,西北
TK004701,0.2616,low,0.1911,0.2071,0.1147,compliance(0.75); equipment(0.40),0,0,1,0.75,0,0.07042572463768115,0.0,0.4,2025-07-08 12:28:00,巡检,紧急,华南
TK004702,0.1809,low,0.0771,0.0502,0.0149,equipment(0.60); cost(0.27); quality(0.25),0,0,1,0.0,0,0.2670133711951673,0.25,0.6,2025-04-16 09:18:00,改造,中,华中
TK004703,0.2205,low,0.0904,0.0508,0.0186,compliance(0.50); cost(0.33); equipment(0.20),0,0,1,0.5,0,0.3273247724091779,0.0,0.2,2025-03-22 10:04:00,保养,低,华中
TK004704,0.0468,low,0.0433,0.0751,0.0086,equipment(0.20),0,0,1,0.0,0,0.08384915421480321,0.0,0.2,2025-09-01 08:51:00,保养,低,西南
TK004705,0.0551,low,0.0559,0.0849,0.0277,equipment(0.20); cost(0.13),0,0,1,0.0,0,0.12570484801975246,0.0,0.2,2025-01-14 16:17:00,巡检,中,华中
TK004706,0.2451,low,0.1117,0.0837,0.0253,compliance(0.50); quality(0.50); equipment(0.20),0,0,1,0.5,0,0.07559806156936633,0.5,0.2,2025-11-05 17:08:00,抢修,低,西南
TK004707,0.2609,low,0.6194,0.7626,0.7834,quality(0.50); equipment(0.40); cost(0.32),0,0,1,0.25,0,0.3170164925273071,0.5,0.4,2025-05-08 19:14:00,抢修,中,西南
TK004708,0.1453,low,0.1202,0.1661,0.0527,equipment(0.40); compliance(0.25); cost(0.11),0,0,1,0.25,0,0.11375251157508515,0.0,0.4,2025-07-18 16:22:00,巡检,中,华南
TK004709,0.2572,low,0.4516,0.6727,0.397,quality(0.50); equipment(0.40); cost(0.30),0,0,1,0.25,0,0.2983276525448538,0.5,0.4,2025-09-09 16:20:00,抢修,中,华东
TK004710,0.1789,low,0.0588,0.0136,0.001,compliance(0.50); cost(0.27),0,0,1,0.5,0,0.2692841464619329,0.0,0.0,2025-05-07 09:58:00,保养,中,华东
TK004711,0.1399,low,0.1604,0.2174,0.1209,cost(0.39); compliance(0.25),0,0,1,0.25,0,0.3870897027445708,0.0,0.0,2025-04-13 19:41:00,抢修,低,华北
TK004712,0.1852,low,0.0602,0.0103,0.0029,equipment(0.60); compliance(0.25); cost(0.16),0,0,1,0.25,0,0.16338976786209303,0.0,0.6,2025-12-26 18:26:00,改造,低,华北
TK004713,0.1719,low,0.1759,0.302,0.0531,equipment(0.60); quality(0.25); cost(0.22),0,0,1,0.0,0,0.22196953996712587,0.25,0.6,2025-10-10 10:16:00,保养,中,华南
TK004714,0.1881,low,0.3187,0.3884,0.361,equipment(0.60); compliance(0.25); cost(0.18),0,0,1,0.25,0,0.17784679469790665,0.0,0.6,2025-10-08 12:23:00,巡检,中,西北
TK004715,0.0858,low,0.0419,0.0427,0.0035,compliance(0.25); cost(0.12),0,0,1,0.25,0,0.11662833977383191,0.0,0.0,2025-05-22 15:02:00,抢修,低,华北
TK004716,0.2152,low,0.142,0.1543,0.067,compliance(0.50); equipment(0.40); cost(0.15),0,0,1,0.5,0,0.15119059255193568,0.0,0.4,2025-01-12 10:01:00,巡检,中,华北
TK004717,0.1691,low,0.0605,0.0262,0.0018,equipment(1.00),0,0,1,0.0,0,0.09539562596218254,0.0,1.0,2025-02-23 18:58:00,巡检,高,华东
TK004718,0.1413,low,0.289,0.6012,0.1035,compliance(0.25); cost(0.24); equipment(0.20),0,0,1,0.25,0,0.24420863626997902,0.0,0.2,2025-01-09 17:34:00,抢修,高,华南
TK004719,0.1199,low,0.0559,0.0522,0.0048,equipment(0.40); cost(0.30),0,0,1,0.0,0,0.299455282623722,0.0,0.4,2025-03-02 07:22:00,抢修,中,西北
TK004720,0.1358,low,0.2996,0.3674,0.3721,equipment(0.40); cost(0.38),0,0,1,0.0,0,0.37906140749372896,0.0,0.4,2025-03-07 08:32:00,巡检,高,华中
TK004721,0.1399,low,0.1256,0.1999,0.039,equipment(0.40); compliance(0.25),0,0,1,0.25,0,0.08686887226973772,0.0,0.4,2025-01-24 09:32:00,抢修,低,华南
TK004722,0.2271,low,0.6401,0.782,0.8523,compliance(0.50); equipment(0.40); cost(0.21),0,0,1,0.5,0,0.2103794393457017,0.0,0.4,2025-11-13 13:49:00,保养,中,华北
TK004723,0.0207,low,0.023,0.0429,0.0051,cost(0.10),0,0,1,0.0,0,0.10363310382608915,0.0,0.0,2025-10-28 19:04:00,保养,中,华南
TK004724,0.2076,low,0.214,0.32,0.1135,equipment(0.80); cost(0.25); quality(0.25),0,0,1,0.0,0,0.25048784119495626,0.25,0.8,2025-09-29 15:25:00,保养,低,华中
TK004725,0.1255,low,0.1188,0.1416,0.0903,compliance(0.25); quality(0.25); cost(0.13),0,0,1,0.25,0,0.12743620202351202,0.25,0.0,2025-08-05 17:00:00,巡检,中,西北
TK004726,0.2272,low,0.078,0.0264,0.0018,compliance(0.50); equipment(0.40); cost(0.21),0,0,1,0.5,0,0.21087100381078416,0.0,0.4,2025-11-02 20:59:00,巡检,低,西北
TK004727,0.1233,low,0.1157,0.2155,0.0095,compliance(0.25); equipment(0.20); cost(0.15),0,0,1,0.25,0,0.15417668253960182,0.0,0.2,2025-03-25 15:43:00,巡检,低,华东
TK004728,0.0804,low,0.062,0.0632,0.0451,quality(0.25); equipment(0.20),0,0,1,0.0,0,0.06456740690018026,0.25,0.2,2025-04-08 10:07:00,抢修,低,华北
TK004729,0.0548,low,0.068,0.0717,0.0757,equipment(0.20); cost(0.12),0,0,1,0.0,0,0.12402447047043685,0.0,0.2,2025-08-12 18:36:00,巡检,中,西北
TK004730,0.1511,low,0.1453,0.2794,0.0061,equipment(0.60); cost(0.31),0,0,1,0.0,0,0.3057240204429301,0.0,0.6,2025-05-16 07:12:00,抢修,低,西南
TK004731,0.1651,low,0.0583,0.0235,0.0016,equipment(0.60); cost(0.38),0,0,1,0.0,0,0.3755257346218227,0.0,0.6,2025-03-01 16:04:00,改造,低,西南
TK004732,0.0751,low,0.1366,0.2601,0.0657,equipment(0.40),0,0,1,0.0,0,0.07571332155832222,0.0,0.4,2025-05-05 16:01:00,巡检,高,华南
TK004733,0.0776,low,0.0317,0.0214,0.0027,cost(0.24); equipment(0.20),0,0,1,0.0,0,0.2382058580479295,0.0,0.2,2025-08-17 16:46:00,巡检,高,华中
TK004734,0.091,low,0.1553,0.1669,0.1989,quality(0.50),0,0,1,0.0,0,0.08010158165323622,0.5,0.0,2025-04-05 19:12:00,巡检,高,华中
TK004735,0.0943,low,0.1722,0.318,0.0931,equipment(0.40); cost(0.17),0,0,1,0.0,0,0.17163042631802095,0.0,0.4,2025-07-14 07:45:00,巡检,低,华中
TK004736,0.0832,low,0.0334,0.0204,0.0038,quality(0.25); cost(0.23),0,0,1,0.0,0,0.22848207569528167,0.25,0.0,2025-10-20 10:28:00,保养,紧急,华东
TK004737,0.1187,low,0.0626,0.0579,0.0191,cost(0.41); quality(0.25),0,0,1,0.0,0,0.4057528002866496,0.25,0.0,2025-11-18 19:20:00,抢修,紧急,西南
TK004738,0.0936,low,0.0646,0.0793,0.0249,quality(0.50),0,0,1,0.0,0,0.09290168541408683,0.5,0.0,2025-06-26 15:35:00,巡检,中,华南
TK004739,0.208,low,0.124,0.1396,0.0364,equipment(0.60); cost(0.28); compliance(0.25),0,0,1,0.25,0,0.2772678124929606,0.0,0.6,2025-03-25 20:58:00,抢修,中,华东
TK004740,0.1028,low,0.0869,0.137,0.0231,equipment(0.40); cost(0.21),0,0,1,0.0,0,0.2140445644834571,0.0,0.4,2025-08-16 08:03:00,保养,低,华南
TK004741,0.1736,low,0.3096,0.364,0.3718,equipment(0.40); cost(0.26); compliance(0.25),0,0,1,0.25,0,0.2555905206683904,0.0,0.4,2025-09-11 08:37:00,保养,中,华北
TK004742,0.1183,low,0.0619,0.0662,0.0092,quality(0.50); cost(0.22),0,0,1,0.0,0,0.21639964713582416,0.5,0.0,2025-05-19 16:41:00,巡检,中,西南
TK004743,0.2656,low,0.1729,0.1073,0.159,compliance(0.75); cost(0.39),0,0,1,0.75,0,0.39055921359533596,0.0,0.0,2025-03-28 20:23:00,保养,紧急,华中
TK004744,0.3161,low,0.2803,0.2907,0.2391,compliance(0.75); equipment(0.40); quality(0.25),0,0,1,0.75,0,0.15526890190865372,0.25,0.4,2025-05-08 20:34:00,改造,紧急,华南
TK004745,0.2785,low,0.14,0.1388,0.0224,compliance(0.50); quality(0.50); cost(0.39),0,0,1,0.5,0,0.39230769230769225,0.5,0.0,2025-08-18 20:17:00,改造,中,西北
TK004746,0.0849,low,0.0422,0.0401,0.0077,cost(0.27); equipment(0.20),0,0,1,0.0,0,0.27471102949119575,0.0,0.2,2025-07-25 10:21:00,巡检,中,西北
TK004747,0.1479,low,0.072,0.0767,0.0021,equipment(0.40); cost(0.25); quality(0.25),0,0,1,0.0,0,0.2521474858090119,0.25,0.4,2025-12-06 16:58:00,保养,低,华南
TK004748,0.2289,low,0.1961,0.1987,0.1653,equipment(0.60); compliance(0.25); quality(0.25),0,0,1,0.25,0,0.19463196996988197,0.25,0.6,2025-08-17 20:59:00,巡检,中,西北
TK004749,0.1347,low,0.0821,0.1104,0.0087,cost(0.34); quality(0.25); equipment(0.20),0,0,1,0.0,0,0.33613277735618785,0.25,0.2,2025-08-22 20:15:00,抢修,中,华中
TK004750,0.0205,low,0.0098,0.0099,0.0006,cost(0.10),0,0,1,0.0,0,0.10254479101607938,0.0,0.0,2025-05-02 14:23:00,巡检,中,西南
TK004751,0.0992,low,0.0639,0.0827,0.0149,quality(0.25); equipment(0.20); cost(0.16),0,0,1,0.0,0,0.15864256573425206,0.25,0.2,2025-08-14 15:20:00,保养,中,西北
TK004752,0.1968,low,0.1904,0.3475,0.0279,equipment(0.40); compliance(0.25); quality(0.25),0,0,1,0.25,0,0.1842420022119362,0.25,0.4,2025-09-14 10:59:00,抢修,中,华中
TK004753,0.1742,low,0.0721,0.0504,0.0064,quality(0.50); equipment(0.40); cost(0.20),0,0,1,0.0,0,0.19622887083980378,0.5,0.4,2025-11-24 10:06:00,巡检,高,华中
TK004754,0.1595,low,0.2088,0.1402,0.3196,equipment(0.80); cost(0.20),0,0,1,0.0,0,0.1972839741521737,0.0,0.8,2025-04-16 15:22:00,抢修,紧急,华北
TK004755,0.1674,low,0.0646,0.033,0.008,cost(0.37); compliance(0.25); equipment(0.20),0,0,1,0.25,0,0.3744092597740656,0.0,0.2,2025-10-23 14:36:00,巡检,中,华东
TK004756,0.1866,low,0.2246,0.3966,0.0853,quality(0.75); equipment(0.40),0,0,1,0.0,0,0.0703748610690107,0.75,0.4,2025-09-03 10:57:00,抢修,低,华东
TK004757,0.1753,low,0.1412,0.2127,0.0405,equipment(0.60); compliance(0.25); cost(0.11),0,0,1,0.25,0,0.1138914437891877,0.0,0.6,2025-10-27 07:33:00,改造,高,华北
TK004758,0.0896,low,0.1054,0.2164,0.008,equipment(0.40); cost(0.15),0,0,1,0.0,0,0.14799417839503304,0.0,0.4,2025-09-07 18:42:00,巡检,低,华中
TK004759,0.1833,low,0.536,0.6756,0.6987,equipment(0.60); compliance(0.25); cost(0.15),0,0,1,0.25,0,0.15393566025225525,0.0,0.6,2025-09-14 13:44:00,抢修,高,西北
TK004760,0.1622,low,0.2681,0.3704,0.2565,compliance(0.50); cost(0.19),0,0,1,0.5,0,0.18623573304618235,0.0,0.0,2025-08-19 14:36:00,巡检,紧急,华南
TK004761,0.2293,low,0.3272,0.5628,0.1755,quality(1.00); cost(0.40),0,0,1,0.0,0,0.3965611227822996,1.0,0.0,2025-10-03 16:55:00,巡检,中,华中
TK004762,0.0663,low,0.025,0.0115,0.003,quality(0.25); cost(0.14),0,0,1,0.0,0,0.14394755286595895,0.25,0.0,2025-12-24 07:18:00,巡检,中,西南
TK004763,0.1834,low,0.3655,0.5593,0.3277,equipment(0.40); cost(0.30); compliance(0.25),0,0,1,0.25,0,0.30454639681127715,0.0,0.4,2025-08-28 19:32:00,保养,紧急,华北
TK004764,0.1799,low,0.3249,0.5019,0.2722,quality(0.50); compliance(0.25); cost(0.21),0,0,1,0.25,0,0.21214143764675464,0.5,0.0,2025-12-12 09:23:00,巡检,低,华东
TK004765,0.2438,low,0.0857,0.0332,0.0028,compliance(0.50); equipment(0.40); cost(0.29),0,0,1,0.5,0,0.2939950404572276,0.0,0.4,2025-09-06 15:38:00,巡检,低,西北
TK004766,0.0917,low,0.0329,0.0141,0.0014,cost(0.27); quality(0.25),0,0,1,0.0,0,0.2712128636104214,0.25,0.0,2025-10-29 12:04:00,抢修,中,西北
TK004767,0.0686,low,0.0296,0.0242,0.0015,cost(0.34),0,0,1,0.0,0,0.3428872364023432,0.0,0.0,2025-12-15 08:22:00,保养,低,华中
TK004768,0.0263,low,0.0263,0.0464,0.0061,cost(0.13),0,0,1,0.0,0,0.1313487241798299,0.0,0.0,2025-09-08 11:00:00,保养,高,华南
TK004769,0.3225,low,0.7551,0.9528,0.9283,cost(1.00); equipment(0.40); compliance(0.25),0,0,1,0.25,0,1.0,0.0,0.4,2025-12-24 09:36:00,抢修,中,华东
TK004770,0.3212,low,0.3935,0.5628,0.2861,compliance(0.75); quality(0.50); equipment(0.20),0,0,1,0.75,0,0.14331978519771582,0.5,0.2,2025-04-01 07:38:00,抢修,中,西南
TK004771,0.3124,low,0.1907,0.2255,0.0516,compliance(0.75); equipment(0.40); cost(0.32),0,0,1,0.75,0,0.3245372395372861,0.0,0.4,2025-05-17 15:37:00,保养,中,华南
TK004772,0.1368,low,0.1289,0.1622,0.0889,quality(0.50); cost(0.31),0,0,1,0.0,0,0.3089164490861619,0.5,0.0,2025-03-04 13:38:00,抢修,低,华中
TK004773,0.118,low,0.0801,0.0916,0.0361,equipment(0.40); cost(0.29),0,0,1,0.0,0,0.2900144226690422,0.0,0.4,2025-11-14 20:44:00,巡检,低,西北
TK004774,0.1938,low,0.1025,0.1088,0.0179,equipment(0.60); compliance(0.25); cost(0.21),0,0,1,0.25,0,0.20629671304809216,0.0,0.6,2025-12-14 18:05:00,抢修,中,华南
TK004775,0.0779,low,0.046,0.0609,0.0038,equipment(0.40),0,0,1,0.0,0,0.08942357717093696,0.0,0.4,2025-11-19 12:00:00,抢修,低,西北
TK004776,0.1772,low,0.0635,0.0275,0.002,compliance(0.50); quality(0.25),0,0,1,0.5,0,0.07336528427318056,0.25,0.0,2025-06-12 11:44:00,改造,中,西南
TK004777,0.1625,low,0.1884,0.3173,0.0818,compliance(0.50); cost(0.19),0,0,1,0.5,0,0.1876785049590025,0.0,0.0,2025-01-03 17:32:00,保养,中,西南
TK004778,0.0762,low,0.0298,0.0162,0.0036,cost(0.38),0,0,1,0.0,0,0.38108248426244407,0.0,0.0,2025-03-21 10:09:00,抢修,低,西南
TK004779,0.1553,low,0.2426,0.457,0.1031,quality(0.50); cost(0.25); equipment(0.20),0,0,1,0.0,0,0.2512892268437764,0.5,0.2,2025-07-29 09:33:00,抢修,中,华中
TK004780,0.1353,low,0.1012,0.1071,0.066,quality(0.50); cost(0.30),0,0,1,0.0,0,0.30140425948331084,0.5,0.0,2025-05-20 20:37:00,抢修,高,华中
TK004781,0.0835,low,0.1112,0.1153,0.1308,compliance(0.25); cost(0.11),0,0,1,0.25,0,0.10511959511212954,0.0,0.0,2025-05-24 11:44:00,保养,高,华北
TK004782,0.1148,low,0.0474,0.0348,0.0022,equipment(0.40); quality(0.25),0,0,1,0.0,0,0.08641674249317566,0.25,0.4,2025-11-20 15:19:00,抢修,中,西北
TK004783,0.1288,low,0.0771,0.0988,0.011,compliance(0.25); equipment(0.20); cost(0.18),0,0,1,0.25,0,0.18157331562246326,0.0,0.2,2025-01-28 10:55:00,巡检,高,华东
TK004784,0.2662,low,0.2648,0.2346,0.2938,compliance(0.50); cost(0.41); equipment(0.40),0,0,1,0.5,0,0.40614507118663945,0.0,0.4,2025-03-17 12:18:00,改造,紧急,华中
TK004785,0.1418,low,0.1766,0.2748,0.1081,compliance(0.25); cost(0.25); equipment(0.20),0,0,1,0.25,0,0.2463920727505654,0.0,0.2,2025-04-24 07:25:00,保养,中,华北
TK004786,0.14,low,0.1184,0.1988,0.0195,cost(0.36); quality(0.25); equipment(0.20),0,0,1,0.0,0,0.36243129290744136,0.25,0.2,2025-10-27 12:12:00,改造,中,华南
TK004787,0.3625,low,0.7486,0.95,0.8781,compliance(1.00); quality(0.50); cost(0.19),0,0,1,1.0,0,0.1877176368279283,0.5,0.0,2025-07-13 07:38:00,保养,中,华南
TK004788,0.2201,low,0.0903,0.0393,0.0301,compliance(0.50); cost(0.33); equipment(0.20),0,0,1,0.5,0,0.3257086052464859,0.0,0.2,2025-06-04 07:46:00,保养,低,西北
TK004789,0.1946,low,0.5394,0.5067,0.8675,quality(0.50); equipment(0.40); cost(0.30),0,0,1,0.0,0,0.2982488480843133,0.5,0.4,2025-10-24 20:13:00,改造,中,华东
TK004790,0.0443,low,0.0238,0.0182,0.0118,equipment(0.20),0,0,1,0.0,0,0.07159450225718778,0.0,0.2,2025-11-12 11:31:00,改造,中,华北
TK004791,0.2803,low,0.4531,0.6354,0.4189,quality(0.75); equipment(0.60); compliance(0.25),0,0,1,0.25,0,0.07666562046797543,0.75,0.6,2025-07-05 18:00:00,巡检,高,华北
TK004792,0.2149,low,0.1551,0.2234,0.0355,compliance(0.50); quality(0.25); equipment(0.20),0,0,1,0.5,0,0.11185332163363615,0.25,0.2,2025-10-28 10:58:00,巡检,低,华南
TK004793,0.2517,low,0.559,0.8023,0.579,quality(1.00); equipment(0.40); cost(0.21),0,0,1,0.0,0,0.20868695659116498,1.0,0.4,2025-11-26 08:45:00,保养,紧急,华中
TK004794,0.2123,low,0.1562,0.2315,0.0329,equipment(0.60); compliance(0.25); quality(0.25),0,0,1,0.25,0,0.11162476957457557,0.25,0.6,2025-09-06 08:55:00,保养,中,华北
TK004795,0.1254,low,0.1596,0.2925,0.056,quality(0.50); equipment(0.20); cost(0.10),0,0,1,0.0,0,0.1021845731948221,0.5,0.2,2025-08-22 15:49:00,保养,中,华北
TK004796,0.2046,low,0.0743,0.0305,0.0063,compliance(0.50); equipment(0.40),0,0,1,0.5,0,0.09791167076047813,0.0,0.4,2025-12-10 08:17:00,改造,低,西北
TK004797,0.1115,low,0.0607,0.073,0.0048,cost(0.41); equipment(0.20),0,0,1,0.0,0,0.40771533919214875,0.0,0.2,2025-05-06 15:00:00,巡检,中,华中
TK004798,0.0147,low,0.0134,0.0222,0.0035,,0,0,1,0.0,0,0.07343975613669185,0.0,0.0,2025-08-09 11:05:00,保养,中,华中
TK004799,0.2577,low,0.1013,0.068,0.0006,compliance(0.50); equipment(0.40); cost(0.36),0,0,1,0.5,0,0.3636187788726304,0.0,0.4,2025-04-15 12:34:00,抢修,高,西南
TK004800,0.0771,low,0.2107,0.3013,0.2347,equipment(0.40),0,0,1,0.0,0,0.08568515245522756,0.0,0.4,2025-04-27 19:03:00,巡检,中,西南
TK004801,0.1552,low,0.2727,0.4887,0.1574,quality(0.50); cost(0.40),0,0,1,0.0,0,0.40089187825539363,0.5,0.0,2025-03-08 18:09:00,巡检,低,华中
TK004802,0.1979,low,0.0942,0.0913,0.0082,equipment(0.40); cost(0.38); compliance(0.25),0,0,1,0.25,0,0.37685021544615227,0.0,0.4,2025-04-28 12:26:00,抢修,紧急,华南
TK004803,0.1701,low,0.3138,0.474,0.2768,compliance(0.50); equipment(0.20),0,0,1,0.5,0,0.07547292512681181,0.0,0.2,2025-06-06 18:58:00,巡检,中,西南
TK004804,0.2234,low,0.3714,0.695,0.1748,equipment(0.80); quality(0.50); cost(0.14),0,0,1,0.0,0,0.14211424760052904,0.5,0.8,2025-10-29 11:41:00,保养,紧急,华南
TK004805,0.0837,low,0.0302,0.0124,0.0021,equipment(0.40); cost(0.12),0,0,1,0.0,0,0.11867775844262407,0.0,0.4,2025-12-09 19:44:00,改造,中,华中
TK004806,0.1822,low,0.3904,0.6268,0.3325,quality(0.50); compliance(0.25); equipment(0.20),0,0,1,0.25,0,0.07335162070992451,0.5,0.2,2025-06-08 10:55:00,改造,低,华北
TK004807,0.1677,low,0.4842,0.4101,0.8297,equipment(0.40); compliance(0.25); cost(0.23),0,0,1,0.25,0,0.2257955760732867,0.0,0.4,2025-06-05 17:01:00,巡检,中,西南
TK004808,0.04,low,0.0185,0.0165,0.002,cost(0.20),0,0,1,0.0,0,0.19994943226221662,0.0,0.0,2025-01-02 17:00:00,抢修,高,西北
TK004809,0.1474,low,0.1484,0.2401,0.0575,equipment(0.40); compliance(0.25); cost(0.12),0,0,1,0.25,0,0.1244475547618884,0.0,0.4,2025-06-19 09:29:00,保养,中,西北
TK004810,0.1555,low,0.2125,0.2751,0.1987,equipment(0.60); quality(0.25); cost(0.14),0,0,1,0.0,0,0.13991834120048796,0.25,0.6,2025-01-07 10:02:00,抢修,低,西北
TK004811,0.1281,low,0.0439,0.0136,0.0021,equipment(0.40); quality(0.25); cost(0.15),0,0,1,0.0,0,0.1529311180869255,0.25,0.4,2025-05-30 07:33:00,巡检,低,华东
TK004812,0.0224,low,0.0141,0.0186,0.0026,cost(0.11),0,0,1,0.0,0,0.1120865334778306,0.0,0.0,2025-06-12 16:33:00,保养,低,华北
TK004813,0.2266,low,0.2072,0.2591,0.1387,equipment(0.60); quality(0.50); cost(0.31),0,0,1,0.0,0,0.307864814410745,0.5,0.6,2025-09-06 09:17:00,保养,中,华北
TK004814,0.1337,low,0.061,0.0539,0.0058,equipment(0.40); cost(0.37),0,0,1,0.0,0,0.3682533078935162,0.0,0.4,2025-03-09 07:43:00,保养,中,西北
TK004815,0.2255,low,0.1852,0.3218,0.014,quality(0.50); equipment(0.40); compliance(0.25),0,0,1,0.25,0,0.14000944945665617,0.5,0.4,2025-01-05 09:15:00,抢修,中,华东
TK004816,0.2641,low,0.583,0.8261,0.6132,equipment(0.80); compliance(0.25); quality(0.25),0,0,1,0.25,0,0.22050689631029896,0.25,0.8,2025-07-26 20:38:00,抢修,高,西南
TK004817,0.167,low,0.0655,0.03,0.0139,equipment(0.80); cost(0.24),0,0,1,0.0,0,0.23500442394403243,0.0,0.8,2025-01-02 13:27:00,巡检,中,华南
TK004818,0.1066,low,0.1278,0.1837,0.09,compliance(0.25); equipment(0.20),0,0,1,0.25,0,0.07028802027277836,0.0,0.2,2025-09-23 16:11:00,保养,中,华北
TK004819,0.0729,low,0.0734,0.1133,0.0338,cost(0.21); equipment(0.20),0,0,1,0.0,0,0.2144990138096512,0.0,0.2,2025-11-07 14:39:00,巡检,高,华北
TK004820,0.2313,low,0.3156,0.4984,0.2052,equipment(0.60); cost(0.39); compliance(0.25),0,0,1,0.25,0,0.39399856248390486,0.0,0.6,2025-07-31 08:24:00,巡检,中,华南
TK004821,0.1095,low,0.0463,0.0301,0.0083,equipment(0.60),0,0,1,0.0,0,0.09746177003667444,0.0,0.6,2025-07-29 18:28:00,巡检,中,华东
TK004822,0.1391,low,0.3414,0.5305,0.3257,compliance(0.25); cost(0.23); equipment(0.20),0,0,1,0.25,0,0.23302823763275693,0.0,0.2,2025-08-18 09:49:00,保养,低,华东
TK004823,0.088,low,0.0594,0.0655,0.0288,cost(0.25); quality(0.25),0,0,1,0.0,0,0.2525489359384079,0.25,0.0,2025-05-24 16:47:00,巡检,紧急,华南
TK004824,0.1854,low,0.0665,0.0282,0.0029,compliance(0.50); cost(0.30),0,0,1,0.5,0,0.3020628743759891,0.0,0.0,2025-12-02 11:16:00,巡检,高,华东
TK004825,0.3626,low,0.6818,0.8123,0.825,compliance(0.75); equipment(0.40); cost(0.39),0,0,1,0.75,0,0.3882075323144478,0.25,0.4,2025-01-10 17:42:00,保养,中,华北
TK004826,0.0392,low,0.0241,0.0195,0.0158,cost(0.20),0,0,1,0.0,0,0.19585322116331172,0.0,0.0,2025-12-19 17:52:00,巡检,中,西南
TK004827,0.0821,low,0.0406,0.0265,0.019,equipment(0.40); cost(0.11),0,0,1,0.0,0,0.11071374800935574,0.0,0.4,2025-01-27 10:05:00,抢修,高,华中
TK004828,0.2657,low,0.5752,0.8434,0.5722,compliance(0.50); quality(0.50); equipment(0.20),0,0,1,0.5,0,0.17846884103734195,0.5,0.2,2025-01-01 15:46:00,改造,中,华东
TK004829,0.1407,low,0.0644,0.0578,0.0055,equipment(0.40); compliance(0.25),0,0,1,0.25,0,0.09076626852723668,0.0,0.4,2025-06-26 17:26:00,抢修,低,华东
TK004830,0.0143,low,0.0157,0.0263,0.0063,,0,0,1,0.0,0,0.07145021951362474,0.0,0.0,2025-01-12 12:07:00,巡检,中,西南
TK004831,0.1141,low,0.1259,0.1913,0.0706,equipment(0.60); cost(0.12),0,0,1,0.0,0,0.12073707088514596,0.0,0.6,2025-08-11 12:50:00,巡检,中,西北
TK004832,0.28,low,0.2533,0.4087,0.075,equipment(0.80); compliance(0.50); cost(0.18),0,0,1,0.5,0,0.17515226619558633,0.0,0.8,2025-07-30 11:55:00,抢修,低,华南
TK004833,0.0955,low,0.0404,0.0323,0.0013,equipment(0.40); cost(0.18),0,0,1,0.0,0,0.17730751451024707,0.0,0.4,2025-06-05 11:15:00,保养,紧急,华东
TK004834,0.3127,low,0.1712,0.2178,0.0032,compliance(0.75); equipment(0.40); cost(0.33),0,0,1,0.75,0,0.326225679310992,0.0,0.4,2025-05-03 09:48:00,巡检,低,西北
TK004835,0.1345,low,0.0906,0.1145,0.0291,equipment(0.60); cost(0.22),0,0,1,0.0,0,0.22247056172473978,0.0,0.6,2025-05-28 10:01:00,巡检,中,西南
TK004836,0.1083,low,0.0468,0.0274,0.0134,cost(0.35); quality(0.25),0,0,1,0.0,0,0.3539936126188262,0.25,0.0,2025-02-08 08:58:00,保养,低,华北
TK004837,0.2625,low,0.679,0.993,0.7219,cost(1.00); compliance(0.25),0,0,1,0.25,0,1.0,0.0,0.0,2025-07-13 17:01:00,抢修,中,华南
TK004838,0.3479,low,0.162,0.1367,0.0279,compliance(0.75); equipment(0.60); cost(0.35),0,0,1,0.75,0,0.3520391112889403,0.0,0.6,2025-03-21 19:27:00,巡检,中,华北
TK004839,0.0462,low,0.0285,0.0352,0.0065,equipment(0.20),0,0,1,0.0,0,0.08089078678709494,0.0,0.2,2025-06-04 20:27:00,巡检,高,华南
TK004840,0.1372,low,0.3271,0.3666,0.4505,equipment(0.40); compliance(0.25),0,0,1,0.25,0,0.07366601807692363,0.0,0.4,2025-04-05 20:51:00,抢修,高,西南
TK004841,0.1464,low,0.0975,0.0726,0.0806,equipment(0.60); cost(0.28),0,0,1,0.0,0,0.28190642724236115,0.0,0.6,2025-01-24 10:39:00,保养,紧急,西北
TK004842,0.089,low,0.0579,0.0441,0.0451,equipment(0.40); cost(0.14),0,0,1,0.0,0,0.14478998921737551,0.0,0.4,2025-03-13 11:44:00,保养,中,华北
TK004843,0.0309,low,0.0149,0.0105,0.0057,cost(0.15),0,0,1,0.0,0,0.15448322093400835,0.0,0.0,2025-03-26 20:10:00,抢修,低,华南
TK004844,0.1013,low,0.051,0.0538,0.005,equipment(0.40); cost(0.21),0,0,1,0.0,0,0.2063478940458373,0.0,0.4,2025-02-14 16:50:00,抢修,高,西北
TK004845,0.1088,low,0.0602,0.0612,0.0174,compliance(0.25); cost(0.23),0,0,1,0.25,0,0.2314963845580993,0.0,0.0,2025-09-24 17:10:00,抢修,低,华东
TK004846,0.2213,low,0.0948,0.0548,0.0263,compliance(0.50); quality(0.25); equipment(0.20),0,0,1,0.5,0,0.14422771823438163,0.25,0.2,2025-03-19 19:33:00,保养,中,西南
TK004847,0.294,low,0.3709,0.4757,0.3319,equipment(0.60); compliance(0.50); quality(0.25),0,0,1,0.5,0,0.20745276186714057,0.25,0.6,2025-09-18 19:52:00,巡检,中,西北
TK004848,0.1825,low,0.0718,0.0464,0.0024,quality(0.75); cost(0.35),0,0,1,0.0,0,0.3499187344614093,0.75,0.0,2025-08-21 14:18:00,抢修,低,华中
TK004849,0.1193,low,0.0817,0.1206,0.0105,cost(0.28); compliance(0.25),0,0,1,0.25,0,0.2837520303443495,0.0,0.0,2025-01-20 11:59:00,巡检,紧急,西北
TK004850,0.1828,low,0.0916,0.0989,0.006,cost(0.26); compliance(0.25); quality(0.25),0,0,1,0.25,0,0.2641250920779482,0.25,0.2,2025-10-12 18:03:00,保养,高,华南
TK004851,0.1297,low,0.0567,0.038,0.0128,cost(0.34); compliance(0.25),0,0,1,0.25,0,0.3358967610337057,0.0,0.0,2025-09-23 17:20:00,抢修,紧急,西北
TK004852,0.0973,low,0.0522,0.0517,0.0141,compliance(0.25); cost(0.17),0,0,1,0.25,0,0.17410993190650015,0.0,0.0,2025-11-09 19:21:00,改造,低,华南
TK004853,0.163,low,0.1678,0.3204,0.0193,cost(0.35); compliance(0.25); equipment(0.20),0,0,1,0.25,0,0.35272806515758226,0.0,0.2,2025-04-05 07:17:00,抢修,中,华南
TK004854,0.2776,low,0.3316,0.5122,0.1974,compliance(0.50); equipment(0.40); cost(0.28),0,0,1,0.5,0,0.27563126016529416,0.25,0.4,2025-06-15 14:40:00,改造,低,西北
TK004855,0.1727,low,0.1259,0.1882,0.0235,cost(0.40); compliance(0.25); equipment(0.20),0,0,1,0.25,0,0.401039834135423,0.0,0.2,2025-04-06 09:28:00,保养,低,华北
TK004856,0.1247,low,0.0636,0.0687,0.0061,quality(0.50); equipment(0.20),0,0,1,0.0,0,0.09848169520385963,0.5,0.2,2025-12-08 19:25:00,保养,低,华东
TK004857,0.144,low,0.0528,0.0215,0.0058,equipment(0.60); quality(0.25),0,0,1,0.0,0,0.08261982374942312,0.25,0.6,2025-03-22 11:22:00,巡检,中,西北
TK004858,0.2344,low,0.3156,0.3818,0.3189,quality(0.75); equipment(0.60); cost(0.16),0,0,1,0.0,0,0.15947572564625379,0.75,0.6,2025-06-03 07:25:00,改造,紧急,华北
TK004859,0.107,low,0.0802,0.1254,0.012,cost(0.38); equipment(0.20),0,0,1,0.0,0,0.38498008646772064,0.0,0.2,2025-12-01 15:26:00,巡检,中,西南
TK004860,0.1652,low,0.1242,0.1668,0.0466,compliance(0.25); quality(0.25); equipment(0.20),0,0,1,0.25,0,0.1762197840123093,0.25,0.2,2025-06-06 09:51:00,抢修,中,西北
TK004861,0.0807,low,0.0352,0.0232,0.0082,equipment(0.40); cost(0.10),0,0,1,0.0,0,0.10369233735559236,0.0,0.4,2025-09-09 20:04:00,保养,中,西北
TK004862,0.2312,low,0.2327,0.242,0.2248,equipment(0.60); quality(0.50); cost(0.33),0,0,1,0.0,0,0.3311051782524065,0.5,0.6,2025-03-13 08:40:00,改造,高,华中
TK004863,0.241,low,0.2452,0.3925,0.1016,quality(0.50); equipment(0.40); compliance(0.25),0,0,1,0.25,0,0.21752099481220344,0.5,0.4,2025-09-18 17:15:00,抢修,高,西北
TK004864,0.1858,low,0.0705,0.0354,0.0068,compliance(0.50); quality(0.25); cost(0.12),0,0,1,0.5,0,0.11664518393454726,0.25,0.0,2025-07-21 12:07:00,保养,低,华南
TK004865,0.1767,low,0.2579,0.2945,0.2908,equipment(0.40); compliance(0.25); quality(0.25),0,0,1,0.25,0,0.08343545236327465,0.25,0.4,2025-03-07 11:40:00,巡检,中,华南
TK004866,0.1265,low,0.1466,0.2807,0.0297,compliance(0.25); quality(0.25); cost(0.13),0,0,1,0.25,0,0.13250952103163882,0.25,0.0,2025-11-27 14:58:00,抢修,低,华北
TK004867,0.2027,low,0.2766,0.4151,0.2014,quality(0.50); compliance(0.25); equipment(0.20),0,0,1,0.25,0,0.1761359136151226,0.5,0.2,2025-09-08 07:43:00,保养,低,华东
TK004868,0.1292,low,0.3478,0.6607,0.2222,quality(0.50); equipment(0.20); cost(0.12),0,0,1,0.0,0,0.12082805704713284,0.5,0.2,2025-07-21 11:38:00,保养,中,华中
TK004869,0.1659,low,0.1044,0.12,0.036,equipment(0.40); cost(0.34); quality(0.25),0,0,1,0.0,0,0.3419993846590774,0.25,0.4,2025-04-12 10:30:00,保养,低,华东
TK004870,0.1248,low,0.0757,0.0728,0.0364,equipment(0.40); cost(0.32),0,0,1,0.0,0,0.3242023255230756,0.0,0.4,2025-12-13 08:09:00,保养,中,华北
TK004871,0.0146,low,0.0146,0.0241,0.0052,,0,0,1,0.0,0,0.0731108682010485,0.0,0.0,2025-09-20 12:08:00,巡检,高,华北
TK004872,0.2335,low,0.0897,0.0395,0.0167,equipment(0.60); compliance(0.50),0,0,1,0.5,0,0.09253530108408492,0.0,0.6,2025-01-17 14:07:00,保养,中,华南
TK004873,0.1449,low,0.1337,0.19,0.0677,quality(0.50); cost(0.35),0,0,1,0.0,0,0.34947183612045973,0.5,0.0,2025-10-18 08:11:00,抢修,高,华北
TK004874,0.1032,low,0.0632,0.0891,0.003,equipment(0.40); cost(0.22),0,0,1,0.0,0,0.21588979895755778,0.0,0.4,2025-11-19 08:09:00,抢修,中,华北
TK004875,0.1389,low,0.0982,0.1326,0.029,equipment(0.40); cost(0.39),0,0,1,0.0,0,0.3944887671667857,0.0,0.4,2025-05-11 18:05:00,保养,高,华中
TK004876,0.0791,low,0.0789,0.0889,0.0686,equipment(0.40),0,0,1,0.0,0,0.09568326953732798,0.0,0.4,2025-10-22 07:12:00,抢修,低,华东
TK004877,0.145,low,0.1184,0.1836,0.0304,quality(0.50); cost(0.20); equipment(0.20),0,0,1,0.0,0,0.20024075074927528,0.5,0.2,2025-01-29 16:55:00,保养,中,华南
TK004878,0.1487,low,0.2575,0.4364,0.172,quality(0.50); compliance(0.25),0,0,1,0.25,0,0.05575230463533021,0.5,0.0,2025-10-03 15:07:00,巡检,高,华南
TK004879,0.0866,low,0.1143,0.1613,0.091,equipment(0.40); cost(0.13),0,0,1,0.0,0,0.13292887980004542,0.0,0.4,2025-03-20 07:39:00,巡检,中,西南
TK004880,0.0753,low,0.0487,0.054,0.0206,cost(0.23); equipment(0.20),0,0,1,0.0,0,0.22634203660183938,0.0,0.2,2025-09-14 16:21:00,抢修,中,华中
TK004881,0.1267,low,0.1842,0.3835,0.0343,equipment(0.40); quality(0.25); cost(0.15),0,0,1,0.0,0,0.14612434334103586,0.25,0.4,2025-10-01 13:43:00,保养,中,西南
TK004882,0.4452,medium,0.766,0.8925,0.9146,compliance(1.00); quality(0.50); equipment(0.40),0,1,0,1.0,0,0.30102203323698273,0.5,0.4,2025-07-10 20:17:00,巡检,中,华中
TK004883,0.115,low,0.0705,0.0788,0.0241,compliance(0.25); quality(0.25),0,0,1,0.25,0,0.07512362631147951,0.25,0.0,2025-01-25 19:03:00,改造,中,西北
TK004884,0.2093,low,0.5803,0.7217,0.7568,quality(0.50); compliance(0.25); cost(0.21),0,0,1,0.25,0,0.20905107123482614,0.5,0.2,2025-10-20 15:13:00,巡检,高,华中
TK004885,0.1514,low,0.2039,0.2397,0.2131,cost(0.29); compliance(0.25); equipment(0.20),0,0,1,0.25,0,0.2944567710879621,0.0,0.2,2025-12-10 16:23:00,抢修,中,华中
TK004886,0.1628,low,0.1153,0.1418,0.0482,equipment(0.80); cost(0.21),0,0,1,0.0,0,0.21385580772143586,0.0,0.8,2025-09-30 08:17:00,巡检,低,华东
TK004887,0.172,low,0.4328,0.6432,0.4458,compliance(0.50); equipment(0.20),0,0,1,0.5,0,0.0851923571768134,0.0,0.2,2025-06-17 15:48:00,抢修,低,西南
TK004888,0.1063,low,0.0657,0.0913,0.0054,compliance(0.25); cost(0.22),0,0,1,0.25,0,0.2188569472963724,0.0,0.0,2025-09-11 17:40:00,改造,高,华南
TK004889,0.1545,low,0.0532,0.0168,0.0029,quality(0.50); equipment(0.40),0,0,1,0.0,0,0.09764082255039763,0.5,0.4,2025-07-25 14:29:00,保养,低,华北
TK004890,0.2,low,0.5032,0.7974,0.469,cost(1.00),0,0,1,0.0,0,1.0,0.0,0.0,2025-07-15 07:31:00,改造,高,华东
TK004891,0.2523,low,0.5467,0.7335,0.6122,equipment(0.80); compliance(0.25); quality(0.25),0,0,1,0.25,0,0.16128833651608598,0.25,0.8,2025-11-02 13:50:00,抢修,中,华中
TK004892,0.1645,low,0.1222,0.1319,0.0763,equipment(0.80); cost(0.22),0,0,1,0.0,0,0.22229413423015987,0.0,0.8,2025-07-16 12:41:00,抢修,中,华东
TK004893,0.1363,low,0.0922,0.1008,0.0457,equipment(0.40); cost(0.38),0,0,1,0.0,0,0.38154629687627994,0.0,0.4,2025-10-25 13:34:00,巡检,低,华中
TK004894,0.1216,low,0.0689,0.045,0.0475,cost(0.27); quality(0.25); equipment(0.20),0,0,1,0.0,0,0.2706679035250463,0.25,0.2,2025-08-17 09:51:00,巡检,高,华东
TK004895,0.0796,low,0.0376,0.0273,0.012,equipment(0.40),0,0,1,0.0,0,0.09792774782381375,0.0,0.4,2025-08-23 13:17:00,抢修,紧急,华中
TK004896,0.0393,low,0.0165,0.0124,0.0011,cost(0.20),0,0,1,0.0,0,0.19664459022568193,0.0,0.0,2025-05-29 10:36:00,巡检,中,华北
TK004897,0.0814,low,0.0322,0.0203,0.0018,quality(0.25); equipment(0.20),0,0,1,0.0,0,0.06962370668849294,0.25,0.2,2025-01-09 13:19:00,抢修,高,华东
TK004898,0.149,low,0.0893,0.0582,0.0692,compliance(0.25); quality(0.25); equipment(0.20),0,0,1,0.25,0,0.09521696541446545,0.25,0.2,2025-07-29 19:12:00,保养,低,西南
TK004899,0.2472,low,0.3796,0.5459,0.3268,equipment(0.80); cost(0.32); compliance(0.25),0,0,1,0.25,0,0.3237349233978988,0.0,0.8,2025-03-25 16:14:00,抢修,紧急,西南
TK004900,0.1072,low,0.0445,0.0337,0.0015,equipment(0.40); cost(0.24),0,0,1,0.0,0,0.2362242574507919,0.0,0.4,2025-04-19 09:49:00,巡检,中,华东
TK004901,0.133,low,0.0726,0.0914,0.0021,equipment(0.40); cost(0.37),0,0,1,0.0,0,0.3651785258645619,0.0,0.4,2025-04-10 08:22:00,巡检,高,西南
TK004902,0.1362,low,0.1705,0.342,0.0285,equipment(0.40); cost(0.38),0,0,1,0.0,0,0.3808370541849654,0.0,0.4,2025-02-11 11:05:00,改造,中,西北
TK004903,0.3966,low,0.5624,0.458,0.809,equipment(0.80); compliance(0.75); cost(0.26),0,0,1,0.75,0,0.25803847968694016,0.25,0.8,2025-04-24 10:41:00,巡检,高,华北
TK004904,0.0275,low,0.0424,0.0475,0.05,cost(0.14),0,0,1,0.0,0,0.13746180068549774,0.0,0.0,2025-04-30 10:14:00,保养,中,华南
TK004905,0.2295,low,0.4121,0.5845,0.3961,equipment(0.60); compliance(0.50),0,0,1,0.5,0,0.07237857197246489,0.0,0.6,2025-02-16 13:18:00,抢修,高,华北
TK004906,0.2567,low,0.3969,0.5413,0.3728,equipment(0.80); cost(0.37); compliance(0.25),0,0,1,0.25,0,0.3709273089463042,0.0,0.8,2025-06-21 19:49:00,抢修,中,西南
TK004907,0.1628,low,0.2828,0.3872,0.2812,quality(0.50); equipment(0.40); cost(0.14),0,0,1,0.0,0,0.13914506539162552,0.5,0.4,2025-07-10 20:17:00,巡检,中,华中
TK004908,0.2,low,0.1004,0.1101,0.0054,cost(1.00),0,0,1,0.0,0,1.0,0.0,0.0,2025-01-03 13:44:00,巡检,低,西南
TK004909,0.0138,low,0.0065,0.0048,0.0019,,0,0,1,0.0,0,0.06921494295973307,0.0,0.0,2025-07-18 07:01:00,抢修,高,西南
TK004910,0.3569,low,0.5792,0.5174,0.8316,compliance(0.75); quality(0.50); cost(0.32),0,0,1,0.75,0,0.32183868337778276,0.5,0.2,2025-11-15 12:28:00,抢修,中,西南
TK004911,0.4346,medium,0.7964,0.9361,0.9668,compliance(1.00); equipment(0.80); quality(0.25),0,1,0,1.0,0,0.1353514541564308,0.25,0.8,2025-04-22 18:55:00,抢修,紧急,西南
TK004912,0.1703,low,0.2318,0.4527,0.0635,quality(0.75); cost(0.29),0,0,1,0.0,0,0.28884060990248306,0.75,0.0,2025-06-30 11:01:00,保养,高,华北
TK004913,0.1435,low,0.3759,0.5404,0.4107,equipment(0.60); quality(0.25),0,0,1,0.0,0,0.0798526960558743,0.25,0.6,2025-08-12 19:28:00,保养,中,西南
TK004914,0.0748,low,0.0464,0.0621,0.0063,compliance(0.25),0,0,1,0.25,0,0.06129217252671004,0.0,0.0,2025-02-25 14:46:00,巡检,高,西北
TK004915,0.1012,low,0.0418,0.023,0.0097,cost(0.36); equipment(0.20),0,0,1,0.0,0,0.3560997262866805,0.0,0.2,2025-09-28 20:52:00,巡检,低,华东
TK004916,0.3335,low,0.3368,0.529,0.1473,equipment(0.80); compliance(0.75); cost(0.13),0,0,1,0.75,0,0.13020842774168317,0.0,0.8,2025-05-28 12:17:00,改造,紧急,华南
TK004917,0.3914,low,0.7629,0.8998,0.9444,equipment(1.00); compliance(0.75); quality(0.25),0,0,1,0.75,0,0.08198421199658856,0.25,1.0,2025-12-05 09:34:00,巡检,高,华南
TK004918,0.0785,low,0.0505,0.0533,0.0236,cost(0.24); equipment(0.20),0,0,1,0.0,0,0.24262470849396278,0.0,0.2,2025-06-15 07:01:00,保养,中,华东
TK004919,0.0752,low,0.0588,0.0936,0.01,compliance(0.25),0,0,1,0.25,0,0.06374859827488166,0.0,0.0,2025-10-05 14:25:00,巡检,紧急,华南
TK004920,0.0954,low,0.035,0.0143,0.004,equipment(0.40); cost(0.18),0,0,1,0.0,0,0.1771631125748272,0.0,0.4,2025-10-23 16:10:00,巡检,低,西南
TK004921,0.132,low,0.3507,0.4713,0.4176,quality(0.50); cost(0.29),0,0,1,0.0,0,0.2850261506746964,0.5,0.0,2025-10-06 15:32:00,保养,中,华中
TK004922,0.2043,low,0.2161,0.2306,0.2117,equipment(0.60); cost(0.26); compliance(0.25),0,0,1,0.25,0,0.25911235741888483,0.0,0.6,2025-01-06 20:05:00,改造,紧急,西南
TK004923,0.1583,low,0.2812,0.4046,0.2631,equipment(0.60); quality(0.25); cost(0.15),0,0,1,0.0,0,0.15380125524289268,0.25,0.6,2025-01-02 20:31:00,保养,紧急,西北
TK004924,0.0523,low,0.0176,0.0055,0.0001,cost(0.26),0,0,1,0.0,0,0.2616863947722907,0.0,0.0,2025-10-27 07:21:00,保养,中,西南
TK004925,0.2478,low,0.2795,0.4677,0.1184,equipment(0.60); cost(0.29); compliance(0.25),0,0,1,0.25,0,0.2889640228639744,0.25,0.6,2025-09-02 08:40:00,保养,低,华东
TK004926,0.0472,low,0.021,0.0166,0.003,cost(0.24),0,0,1,0.0,0,0.2361729053414091,0.0,0.0,2025-01-31 11:37:00,巡检,紧急,西北
TK004927,0.1515,low,0.1968,0.3651,0.0674,compliance(0.50); cost(0.13),0,0,1,0.5,0,0.13226434651506114,0.0,0.0,2025-10-07 14:39:00,改造,紧急,华中
TK004928,0.0856,low,0.0359,0.0237,0.0054,quality(0.25); cost(0.24),0,0,1,0.0,0,0.24040110868487974,0.25,0.0,2025-02-09 13:53:00,巡检,紧急,西南
TK004929,0.2624,low,0.1274,0.0584,0.0808,equipment(0.80); compliance(0.50),0,0,1,0.5,0,0.0870023602619181,0.0,0.8,2025-05-01 10:37:00,抢修,低,西南
TK004930,0.0752,low,0.1398,0.1869,0.1482,equipment(0.40),0,0,1,0.0,0,0.07584292317315122,0.0,0.4,2025-06-21 10:08:00,改造,紧急,西北
TK004931,0.1219,low,0.1007,0.1472,0.036,compliance(0.25); quality(0.25); cost(0.11),0,0,1,0.25,0,0.10968584178013008,0.25,0.0,2025-03-01 16:15:00,保养,低,华东
TK004932,0.1212,low,0.0841,0.0891,0.0472,equipment(0.40); quality(0.25); cost(0.12),0,0,1,0.0,0,0.11851400973896387,0.25,0.4,2025-07-25 20:54:00,抢修,中,华东
TK004933,0.2464,low,0.2945,0.4703,0.1598,equipment(1.00); quality(0.50); cost(0.11),0,0,1,0.0,0,0.10710862580947544,0.5,1.0,2025-10-19 18:00:00,保养,低,华东
TK004934,0.1418,low,0.0494,0.0161,0.0035,compliance(0.50),0,0,1,0.5,0,0.08398923487334453,0.0,0.0,2025-10-25 13:26:00,巡检,高,华北
TK004935,0.044,low,0.0457,0.0675,0.0253,cost(0.22),0,0,1,0.0,0,0.22013947850849147,0.0,0.0,2025-07-23 08:03:00,巡检,中,华中
TK004936,0.0682,low,0.0311,0.0272,0.0031,cost(0.34),0,0,1,0.0,0,0.3412109446349266,0.0,0.0,2025-09-25 14:01:00,改造,低,华东
TK004937,0.114,low,0.1419,0.23,0.0776,equipment(0.40); cost(0.27),0,0,1,0.0,0,0.2700592813859082,0.0,0.4,2025-08-04 09:35:00,保养,低,西南
TK004938,0.1966,low,0.1,0.0657,0.0516,equipment(0.40); compliance(0.25); quality(0.25),0,0,1,0.25,0,0.18300967239114296,0.25,0.4,2025-05-17 11:06:00,抢修,中,华中
TK004939,0.3004,low,0.5309,0.7438,0.5155,equipment(1.00); quality(0.50); cost(0.38),0,0,1,0.0,0,0.3767839633947053,0.5,1.0,2025-05-02 20:58:00,保养,高,西北
TK004940,0.2662,low,0.0974,0.0407,0.0093,compliance(0.75); cost(0.24); equipment(0.20),0,0,1,0.75,0,0.24352517256688522,0.0,0.2,2025-01-10 14:56:00,抢修,低,西北
TK004941,0.0499,low,0.0636,0.0745,0.0645,equipment(0.20),0,0,1,0.0,0,0.09960830601092896,0.0,0.2,2025-03-13 19:12:00,巡检,中,西北
TK004942,0.198,low,0.3491,0.4634,0.3642,compliance(0.50); equipment(0.40),0,0,1,0.5,0,0.064856445230277,0.0,0.4,2025-11-09 11:39:00,改造,中,西南
TK004943,0.2378,low,0.6707,0.8384,0.874,quality(0.50); cost(0.35); compliance(0.25),0,0,1,0.25,0,0.351675901076386,0.5,0.2,2025-05-12 08:45:00,巡检,中,华北
TK004944,0.1317,low,0.1943,0.1834,0.2589,cost(0.35); compliance(0.25),0,0,1,0.25,0,0.3458315730636492,0.0,0.0,2025-12-19 16:03:00,巡检,紧急,西北
TK004945,0.0222,low,0.0091,0.0064,0.0006,cost(0.11),0,0,1,0.0,0,0.11102876852708143,0.0,0.0,2025-08-13 15:08:00,抢修,中,华南
TK004946,0.1412,low,0.0614,0.0397,0.0148,equipment(0.60); cost(0.26),0,0,1,0.0,0,0.25608171107281097,0.0,0.6,2025-02-12 10:24:00,保养,中,华东
TK004947,0.0989,low,0.0414,0.0269,0.0066,cost(0.34); equipment(0.20),0,0,1,0.0,0,0.3447049487508673,0.0,0.2,2025-04-06 12:48:00,巡检,低,西南
TK004948,0.1495,low,0.2466,0.4958,0.0806,cost(0.28); compliance(0.25); equipment(0.20),0,0,1,0.25,0,0.2848306237450613,0.0,0.2,2025-02-12 19:02:00,保养,低,华北
TK004949,0.0825,low,0.0652,0.0738,0.0419,quality(0.25); equipment(0.20),0,0,1,0.0,0,0.0751762659912103,0.25,0.2,2025-09-12 20:27:00,抢修,低,西北
TK004950,0.2664,low,0.3862,0.6442,0.231,equipment(1.00); quality(0.50); cost(0.21),0,0,1,0.0,0,0.20707566141199318,0.5,1.0,2025-11-15 19:47:00,巡检,高,西北
TK004951,0.0764,low,0.1299,0.1788,0.1269,equipment(0.40),0,0,1,0.0,0,0.08193649093829691,0.0,0.4,2025-06-26 07:23:00,保养,中,华南
TK004952,0.1787,low,0.1246,0.1894,0.0134,equipment(0.40); compliance(0.25); quality(0.25),0,0,1,0.25,0,0.09344181215688219,0.25,0.4,2025-07-25 18:16:00,巡检,紧急,华南
TK004953,0.0624,low,0.0346,0.0407,0.0047,quality(0.25); cost(0.12),0,0,1,0.0,0,0.12457732458054682,0.25,0.0,2025-06-13 18:19:00,巡检,紧急,华北
TK004954,0.2258,low,0.2319,0.3914,0.0775,quality(0.50); cost(0.29); compliance(0.25),0,0,1,0.25,0,0.2914511659105753,0.5,0.2,2025-11-29 12:36:00,巡检,高,华中
TK004955,0.0807,low,0.0444,0.0417,0.016,cost(0.40),0,0,1,0.0,0,0.403325006908288,0.0,0.0,2025-12-31 07:11:00,保养,中,华东
TK004956,0.2816,low,0.2026,0.2942,0.0432,compliance(0.75); equipment(0.40); cost(0.17),0,0,1,0.75,0,0.17034965680433656,0.0,0.4,2025-04-25 14:51:00,保养,高,华北
TK004957,0.0413,low,0.0353,0.0371,0.0283,equipment(0.20),0,0,1,0.0,0,0.05667733405557973,0.0,0.2,2025-09-11 18:00:00,巡检,高,华中
TK004958,0.1217,low,0.04,0.0091,0.0008,cost(0.30); compliance(0.25),0,0,1,0.25,0,0.2960162142666729,0.0,0.0,2025-06-10 11:43:00,巡检,高,华中
TK004959,0.1373,low,0.0787,0.103,0.0041,equipment(0.40); compliance(0.25),0,0,1,0.25,0,0.07384364743937855,0.0,0.4,2025-04-08 20:35:00,巡检,低,西南
TK004960,0.1163,low,0.1682,0.3401,0.0408,cost(0.27); compliance(0.25),0,0,1,0.25,0,0.26917944101854474,0.0,0.0,2025-07-21 20:24:00,巡检,中,西南
TK004961,0.0322,low,0.0299,0.0432,0.0145,cost(0.16),0,0,1,0.0,0,0.16115176748781834,0.0,0.0,2025-05-26 08:22:00,巡检,中,西南
TK004962,0.132,low,0.0644,0.0611,0.0099,compliance(0.25); quality(0.25); cost(0.16),0,0,1,0.25,0,0.16006544154015911,0.25,0.0,2025-04-05 13:17:00,保养,中,西南
TK004963,0.1851,low,0.2705,0.5145,0.0997,quality(0.75); equipment(0.40),0,0,1,0.0,0,0.06318343395587656,0.75,0.4,2025-02-04 09:48:00,保养,中,华中
TK004964,0.2489,low,0.1992,0.2248,0.131,equipment(1.00); compliance(0.25); cost(0.18),0,0,1,0.25,0,0.1819787512598232,0.0,1.0,2025-03-24 11:45:00,保养,中,华南
TK004965,0.1044,low,0.0509,0.0536,0.0023,quality(0.25); equipment(0.20); cost(0.18),0,0,1,0.0,0,0.18453243199742475,0.25,0.2,2025-09-18 08:43:00,抢修,高,西南
TK004966,0.1498,low,0.1059,0.1534,0.0209,equipment(0.80); cost(0.15),0,0,1,0.0,0,0.1488027265705142,0.0,0.8,2025-02-18 13:42:00,抢修,中,华北
TK004967,0.1741,low,0.342,0.3087,0.5192,quality(0.50); equipment(0.40); cost(0.20),0,0,1,0.0,0,0.19536810210936795,0.5,0.4,2025-05-16 13:39:00,保养,中,西南
TK004968,0.0233,low,0.0114,0.0116,0.0009,cost(0.12),0,0,1,0.0,0,0.11673923661809227,0.0,0.0,2025-03-07 14:50:00,巡检,低,西南
TK004969,0.094,low,0.0355,0.0185,0.0024,cost(0.32); equipment(0.20),0,0,1,0.0,0,0.3201155942092806,0.0,0.2,2025-08-04 16:32:00,巡检,中,华东
TK004970,0.1369,low,0.1181,0.1796,0.0404,quality(0.50); equipment(0.20); cost(0.16),0,0,1,0.0,0,0.15940383010942472,0.5,0.2,2025-07-16 09:17:00,抢修,高,华中
TK004971,0.1702,low,0.0563,0.0148,0.0002,compliance(0.50); cost(0.23),0,0,1,0.5,0,0.22581125039669947,0.0,0.0,2025-03-15 14:50:00,巡检,紧急,华南
TK004972,0.1849,low,0.2373,0.3631,0.1563,compliance(0.50); cost(0.30),0,0,1,0.5,0,0.29928305648053477,0.0,0.0,2025-08-27 15:15:00,抢修,中,西南
TK004973,0.1391,low,0.1215,0.1495,0.0785,equipment(0.40); quality(0.25); cost(0.21),0,0,1,0.0,0,0.20791786559451586,0.25,0.4,2025-10-24 19:22:00,巡检,中,西北
TK004974,0.1064,low,0.104,0.1341,0.0719,equipment(0.40); cost(0.23),0,0,1,0.0,0,0.23204101496470708,0.0,0.4,2025-11-05 17:08:00,巡检,中,华中
TK004975,0.1597,low,0.1708,0.2807,0.0704,quality(0.50); equipment(0.40); cost(0.12),0,0,1,0.0,0,0.12346990195890817,0.5,0.4,2025-04-26 08:01:00,巡检,中,西北
TK004976,0.2786,low,0.2522,0.3726,0.1093,quality(0.75); compliance(0.50); cost(0.21),0,0,1,0.5,0,0.20574284073314753,0.75,0.0,2025-02-05 14:23:00,改造,中,华东
TK004977,0.2984,low,0.1639,0.1676,0.0448,compliance(0.75); equipment(0.40); quality(0.25),0,0,1,0.75,0,0.0671104067306304,0.25,0.4,2025-08-26 08:31:00,巡检,中,华中
TK004978,0.0786,low,0.0559,0.0877,0.0046,compliance(0.25),0,0,1,0.25,0,0.08072786408306576,0.0,0.0,2025-01-18 13:06:00,改造,高,华北
TK004979,0.325,low,0.1584,0.152,0.0221,cost(1.00); compliance(0.50),0,0,1,0.5,0,1.0,0.0,0.0,2025-02-27 18:49:00,抢修,中,华中
TK004980,0.1877,low,0.1696,0.267,0.0568,equipment(0.60); compliance(0.25); cost(0.18),0,0,1,0.25,0,0.1759759200645442,0.0,0.6,2025-11-11 09:42:00,保养,低,华北
TK004981,0.2381,low,0.2269,0.3593,0.0848,equipment(0.80); cost(0.28); compliance(0.25),0,0,1,0.25,0,0.2782350202260254,0.0,0.8,2025-05-21 20:03:00,保养,低,华北
TK004982,0.1205,low,0.1136,0.2029,0.0184,compliance(0.25); equipment(0.20); cost(0.14),0,0,1,0.25,0,0.13997382111837064,0.0,0.2,2025-03-08 11:18:00,巡检,中,华南
TK004983,0.0204,low,0.01,0.0093,0.0017,cost(0.10),0,0,1,0.0,0,0.10204507134180607,0.0,0.0,2025-06-04 09:42:00,改造,低,华南
TK004984,0.175,low,0.1328,0.2153,0.0142,equipment(0.80); quality(0.25),0,0,1,0.0,0,0.0873403067763675,0.25,0.8,2025-06-15 15:08:00,巡检,紧急,华中
TK004985,0.3513,low,0.3742,0.1214,0.6467,compliance(0.75); equipment(0.60); cost(0.37),0,0,1,0.75,0,0.3692050056328593,0.0,0.6,2025-04-30 15:33:00,保养,低,西北
TK004986,0.1869,low,0.6901,0.8966,0.9149,quality(0.50); compliance(0.25); equipment(0.20),0,0,1,0.25,0,0.09695058901146303,0.5,0.2,2025-01-21 20:55:00,抢修,低,华北
TK004987,0.1558,low,0.1169,0.1161,0.0844,equipment(0.60); quality(0.25); cost(0.14),0,0,1,0.0,0,0.141440768320223,0.25,0.6,2025-12-24 08:40:00,抢修,高,华中
TK004988,0.1092,low,0.0464,0.0374,0.0017,equipment(0.40); quality(0.25),0,0,1,0.0,0,0.05827665102571067,0.25,0.4,2025-03-28 16:20:00,改造,中,华中
TK004989,0.0739,low,0.0517,0.0674,0.0171,equipment(0.40),0,0,1,0.0,0,0.06945289374636332,0.0,0.4,2025-06-10 10:28:00,巡检,紧急,华东
TK004990,0.022,low,0.0136,0.0153,0.0046,cost(0.11),0,0,1,0.0,0,0.11014590694308457,0.0,0.0,2025-07-03 17:52:00,改造,中,华南
TK004991,0.1954,low,0.5342,0.5452,0.8136,quality(1.00); cost(0.23),0,0,1,0.0,0,0.22721937407635073,1.0,0.0,2025-09-28 18:15:00,抢修,高,华南
TK004992,0.1044,low,0.0598,0.075,0.0065,quality(0.25); equipment(0.20); cost(0.18),0,0,1,0.0,0,0.18458466364819615,0.25,0.2,2025-09-17 10:23:00,保养,高,华东
TK004993,0.1489,low,0.3496,0.4599,0.4114,compliance(0.25); quality(0.25); equipment(0.20),0,0,1,0.25,0,0.09466880550316847,0.25,0.2,2025-06-18 20:04:00,巡检,中,华中
TK004994,0.1331,low,0.0839,0.063,0.0625,equipment(0.60); cost(0.22),0,0,1,0.0,0,0.21547934489110965,0.0,0.6,2025-02-10 18:55:00,巡检,紧急,华东
TK004995,0.1166,low,0.0433,0.0164,0.0073,equipment(0.40); cost(0.28),0,0,1,0.0,0,0.28282134087754884,0.0,0.4,2025-03-12 13:07:00,保养,中,华南
TK004996,0.0837,low,0.035,0.0268,0.0015,equipment(0.40); cost(0.12),0,0,1,0.0,0,0.11862380770387959,0.0,0.4,2025-10-20 08:21:00,抢修,低,华北
TK004997,0.113,low,0.0737,0.1057,0.0081,quality(0.50); cost(0.19),0,0,1,0.0,0,0.19004593374485057,0.5,0.0,2025-09-19 17:21:00,改造,低,华南
TK004998,0.201,low,0.2527,0.3187,0.2311,equipment(0.60); quality(0.50); cost(0.18),0,0,1,0.0,0,0.1798119962635386,0.5,0.6,2025-05-22 13:24:00,巡检,中,华南
TK004999,0.1224,low,0.0627,0.061,0.0133,equipment(0.60); cost(0.16),0,0,1,0.0,0,0.16205250596658716,0.0,0.6,2025-10-31 17:12:00,抢修,中,西南
TK005000,0.058,low,0.0372,0.0493,0.0074,equipment(0.20); cost(0.14),0,0,1,0.0,0,0.13983543209209315,0.0,0.2,2025-11-10 11:46:00,保养,中,华中
