ticket_id,material_id,material_category,qty_used,qty_returned,unit_price
TK000001,MAT0003,辅材,19.5,0.0,257.39
TK000001,MAT0034,电气元件,16.7,0.9,315.38
TK000001,MAT0030,机械零件,19.8,0.0,30.34
TK000002,MAT0004,绝缘材料,3.9,0.0,12.91
TK000002,MAT0034,线缆,14.6,0.0,261.59
TK000002,MAT0029,绝缘材料,4.5,0.0,88.04
TK000002,MAT0004,机械零件,15.1,0.0,242.45
TK000003,MAT0025,绝缘材料,17.1,0.0,373.33
TK000004,MAT0037,工具,3.9,0.0,378.54
TK000005,MAT0017,线缆,6.1,0.0,206.05
TK000005,MAT0006,线缆,2.3,0.0,327.94
TK000006,MAT0039,线缆,1.8,1.9,453.97
TK000006,MAT0030,电气元件,7.7,0.0,109.23
TK000007,MAT0031,辅材,1.9,0.0,229.66
TK000007,MAT0037,机械零件,2.8,0.0,100.15
TK000008,MAT0048,绝缘材料,5.1,0.0,95.21
TK000008,MAT0043,工具,4.0,0.0,202.18
TK000009,MAT0030,绝缘材料,16.8,0.0,408.94
TK000009,MAT0017,绝缘材料,9.8,0.0,264.51
TK000009,MAT0001,机械零件,17.0,0.0,17.22
TK000009,MAT0017,工具,4.8,0.0,314.45
TK000010,MAT0001,线缆,8.8,0.0,239.87
TK000010,MAT0001,绝缘材料,14.8,0.0,312.89
TK000011,MAT0036,线缆,7.5,0.0,454.03
TK000011,MAT0009,辅材,5.4,0.0,336.97
TK000011,MAT0019,辅材,3.3,0.0,449.4
TK000011,MAT0018,绝缘材料,19.6,0.0,292.49
TK000011,MAT0004,机械零件,18.6,0.0,474.46
TK000012,MAT0036,机械零件,4.1,0.0,412.53
TK000012,MAT0019,工具,13.8,0.0,195.78
TK000012,MAT0011,工具,15.4,0.0,475.26
TK000013,MAT0004,绝缘材料,15.2,1.9,335.7
TK000013,MAT0016,电气元件,2.7,0.0,400.2
TK000013,MAT0032,机械零件,7.7,0.0,446.95
TK000013,MAT0021,辅材,17.5,0.0,116.2
TK000013,MAT0027,线缆,5.4,0.0,82.71
TK000014,MAT0027,工具,8.5,0.0,85.02
TK000014,MAT0030,工具,1.6,0.0,35.42
TK000014,MAT0006,线缆,6.0,0.0,410.62
TK000014,MAT0042,机械零件,15.9,0.0,355.48
TK000015,MAT0041,线缆,15.3,0.0,173.33
TK000015,MAT0048,电气元件,5.9,0.0,327.98
TK000016,MAT0014,线缆,7.9,0.0,280.31
TK000016,MAT0032,绝缘材料,6.5,0.0,187.34
TK000018,MAT0022,机械零件,15.4,0.0,111.92
TK000018,MAT0017,辅材,11.9,0.0,466.6
TK000018,MAT0016,机械零件,8.9,0.0,173.24
TK000018,MAT0001,线缆,8.3,0.0,249.03
TK000018,MAT0030,绝缘材料,16.9,1.4,355.21
TK000019,MAT0026,工具,4.6,0.0,287.34
TK000020,MAT0044,工具,9.9,0.0,259.65
TK000020,MAT0030,工具,11.4,0.0,119.86
TK000020,MAT0033,线缆,1.0,0.0,277.74
TK000020,MAT0026,辅材,12.4,0.0,201.39
TK000021,MAT0022,辅材,6.6,0.0,436.72
TK000021,MAT0007,电气元件,5.9,0.0,287.62
TK000021,MAT0013,线缆,1.9,0.0,408.58
TK000021,MAT0005,线缆,8.0,0.0,158.36
TK000021,MAT0042,电气元件,15.7,0.5,247.28
TK000023,MAT0049,工具,11.2,0.5,187.03
TK000023,MAT0020,辅材,15.2,1.3,140.31
TK000023,MAT0002,辅材,8.3,0.0,415.16
TK000023,MAT0023,绝缘材料,11.4,0.0,178.2
TK000023,MAT0018,机械零件,6.7,0.0,59.23
TK000024,MAT0046,工具,1.8,0.0,331.16
TK000024,MAT0019,电气元件,2.2,0.0,132.82
TK000024,MAT0027,辅材,11.3,0.0,144.93
TK000024,MAT0037,线缆,8.8,1.2,381.88
TK000025,MAT0010,线缆,15.2,0.0,495.7
TK000026,MAT0010,辅材,6.3,0.1,78.35
TK000026,MAT0033,工具,1.0,0.0,319.32
TK000026,MAT0008,电气元件,5.3,0.0,50.47
TK000027,MAT0043,辅材,16.0,0.9,183.47
TK000027,MAT0049,机械零件,19.9,1.2,287.17
TK000027,MAT0026,电气元件,10.8,0.0,373.53
TK000028,MAT0041,辅材,19.7,0.0,309.24
TK000028,MAT0019,绝缘材料,18.3,0.0,148.72
TK000028,MAT0048,电气元件,4.4,0.0,135.72
TK000028,MAT0042,线缆,2.5,0.0,164.67
TK000029,MAT0029,工具,10.8,0.0,225.86
TK000029,MAT0014,绝缘材料,13.6,0.0,465.74
TK000030,MAT0019,线缆,17.7,0.0,148.51
TK000030,MAT0030,辅材,20.0,0.0,16.52
TK000030,MAT0028,线缆,9.7,0.0,218.5
TK000030,MAT0027,机械零件,3.4,0.0,38.36
TK000030,MAT0022,线缆,15.9,0.0,462.97
TK000031,MAT0046,绝缘材料,2.9,0.0,134.6
TK000031,MAT0049,辅材,19.3,0.0,405.99
TK000031,MAT0016,绝缘材料,5.1,0.5,444.04
TK000031,MAT0017,线缆,0.6,0.0,365.78
TK000031,MAT0016,机械零件,15.4,0.0,31.37
TK000032,MAT0049,机械零件,5.3,0.0,269.27
TK000033,MAT0030,线缆,1.1,0.0,232.35
TK000033,MAT0015,线缆,5.8,0.0,492.41
TK000033,MAT0017,辅材,14.5,0.0,298.36
TK000033,MAT0024,线缆,14.7,0.0,299.26
TK000033,MAT0040,工具,1.2,0.0,149.92
TK000034,MAT0047,绝缘材料,8.8,0.0,8.55
TK000034,MAT0027,线缆,2.4,1.1,106.51
TK000034,MAT0002,电气元件,8.8,0.0,180.12
TK000034,MAT0008,绝缘材料,11.2,0.0,53.86
TK000035,MAT0001,机械零件,11.8,0.0,259.72
TK000035,MAT0007,线缆,7.6,0.0,496.05
TK000035,MAT0038,绝缘材料,9.0,0.0,179.04
TK000036,MAT0013,机械零件,3.7,0.0,308.49
TK000036,MAT0037,工具,3.7,0.0,74.87
TK000036,MAT0006,机械零件,8.1,0.0,259.14
TK000036,MAT0025,绝缘材料,2.3,0.5,237.44
TK000036,MAT0019,机械零件,14.7,0.0,469.55
TK000037,MAT0038,电气元件,15.3,0.0,9.42
TK000037,MAT0016,辅材,4.8,0.0,70.01
TK000037,MAT0041,辅材,2.7,0.0,449.75
TK000037,MAT0014,辅材,4.0,0.0,105.33
TK000037,MAT0012,电气元件,10.8,0.0,155.73
TK000038,MAT0014,工具,19.3,0.9,248.32
TK000038,MAT0017,工具,9.0,0.0,446.79
TK000038,MAT0030,辅材,16.1,0.0,145.81
TK000038,MAT0050,绝缘材料,0.8,1.4,31.11
TK000039,MAT0022,绝缘材料,10.3,0.7,267.93
TK000039,MAT0014,机械零件,17.5,1.4,160.8
TK000039,MAT0023,辅材,6.7,0.0,372.35
TK000040,MAT0010,绝缘材料,19.7,0.0,481.21
TK000041,MAT0010,工具,13.4,0.8,61.13
TK000041,MAT0002,辅材,1.4,0.0,256.1
TK000041,MAT0026,电气元件,9.1,0.0,17.74
TK000041,MAT0046,电气元件,6.7,0.0,135.62
TK000042,MAT0042,线缆,10.5,0.0,470.15
TK000044,MAT0011,电气元件,8.9,1.8,483.69
TK000044,MAT0003,工具,3.7,0.0,451.64
TK000044,MAT0001,辅材,7.9,0.0,426.78
TK000045,MAT0023,辅材,16.8,0.8,37.67
TK000046,MAT0043,线缆,10.4,0.0,168.59
TK000046,MAT0006,辅材,18.2,0.9,158.19
TK000047,MAT0036,绝缘材料,4.4,0.0,445.85
TK000047,MAT0016,辅材,15.9,0.6,416.85
TK000047,MAT0026,电气元件,13.4,0.0,226.22
TK000048,MAT0014,线缆,13.0,0.0,180.67
TK000048,MAT0005,线缆,15.6,0.0,301.33
TK000048,MAT0043,工具,1.8,0.0,372.27
TK000048,MAT0013,辅材,2.9,0.0,34.5
TK000049,MAT0036,工具,13.7,0.3,279.17
TK000049,MAT0042,机械零件,5.9,0.0,333.96
TK000050,MAT0021,工具,10.8,0.0,350.33
TK000050,MAT0004,绝缘材料,6.6,0.0,374.15
TK000051,MAT0001,辅材,12.1,0.0,16.75
TK000051,MAT0050,工具,10.4,0.0,249.42
TK000051,MAT0029,辅材,7.5,0.0,437.81
TK000051,MAT0034,线缆,8.5,0.3,116.47
TK000051,MAT0039,电气元件,19.2,0.0,78.48
TK000052,MAT0042,工具,17.9,1.0,74.96
TK000053,MAT0018,机械零件,17.2,0.0,392.15
TK000053,MAT0012,电气元件,15.8,1.3,157.7
TK000054,MAT0003,工具,15.4,0.0,219.18
TK000054,MAT0017,电气元件,15.7,0.0,92.69
TK000054,MAT0013,绝缘材料,10.4,0.0,407.34
TK000054,MAT0021,工具,15.7,0.0,131.23
TK000056,MAT0004,绝缘材料,8.1,0.0,36.57
TK000057,MAT0047,工具,9.1,1.3,291.47
TK000057,MAT0022,机械零件,8.5,0.0,250.8
TK000057,MAT0026,绝缘材料,15.6,0.0,204.57
TK000058,MAT0032,线缆,3.2,0.4,450.29
TK000058,MAT0016,工具,13.0,0.2,104.45
TK000058,MAT0028,绝缘材料,0.8,0.0,412.73
TK000058,MAT0019,机械零件,15.8,0.0,239.12
TK000060,MAT0037,辅材,3.3,0.0,313.58
TK000060,MAT0019,电气元件,8.9,0.0,71.46
TK000060,MAT0011,辅材,10.2,0.0,193.26
TK000061,MAT0046,机械零件,1.4,0.0,362.21
TK000062,MAT0016,工具,2.5,0.0,146.45
TK000062,MAT0050,辅材,15.5,0.0,73.45
TK000062,MAT0033,线缆,8.5,0.0,254.9
TK000062,MAT0027,电气元件,12.5,0.0,39.38
TK000064,MAT0023,工具,18.5,0.0,339.48
TK000064,MAT0023,辅材,2.2,0.3,146.42
TK000064,MAT0025,辅材,11.9,1.1,498.72
TK000064,MAT0001,辅材,10.4,0.0,74.28
TK000064,MAT0017,绝缘材料,18.4,0.0,393.16
TK000065,MAT0036,绝缘材料,18.7,0.0,259.3
TK000065,MAT0044,线缆,11.2,0.0,13.12
TK000065,MAT0020,辅材,5.8,0.0,51.6
TK000065,MAT0036,线缆,2.4,1.4,487.62
TK000065,MAT0002,机械零件,18.0,0.0,442.48
TK000066,MAT0022,辅材,4.5,0.0,130.79
TK000066,MAT0014,绝缘材料,14.8,0.0,99.2
TK000066,MAT0019,电气元件,1.7,0.0,40.92
TK000066,MAT0043,线缆,6.7,0.0,18.65
TK000067,MAT0029,线缆,5.1,0.0,256.14
TK000067,MAT0043,辅材,15.9,0.0,292.16
TK000067,MAT0008,电气元件,2.9,0.0,431.17
TK000068,MAT0046,绝缘材料,11.0,1.3,397.28
TK000068,MAT0020,辅材,1.1,0.0,30.48
TK000068,MAT0014,绝缘材料,7.3,0.0,279.64
TK000068,MAT0024,机械零件,4.1,0.0,123.17
TK000070,MAT0020,线缆,10.5,0.0,7.59
TK000070,MAT0003,工具,1.4,1.3,111.6
TK000070,MAT0003,线缆,5.3,0.0,413.9
TK000071,MAT0031,绝缘材料,17.3,0.0,245.31
TK000071,MAT0004,绝缘材料,10.8,0.0,51.84
TK000073,MAT0038,工具,18.9,0.0,152.89
TK000073,MAT0030,工具,14.1,0.0,278.72
TK000073,MAT0036,线缆,8.9,0.0,491.62
TK000073,MAT0041,工具,19.4,0.3,485.54
TK000074,MAT0023,辅材,19.2,0.0,199.15
TK000075,MAT0045,辅材,10.6,0.0,421.25
TK000075,MAT0048,机械零件,2.4,0.0,253.73
TK000075,MAT0011,电气元件,18.1,1.8,174.32
TK000075,MAT0047,机械零件,5.1,0.0,383.3
TK000075,MAT0013,绝缘材料,3.9,0.7,41.8
TK000076,MAT0009,工具,19.3,0.0,83.95
TK000076,MAT0020,辅材,4.1,1.4,329.54
TK000076,MAT0029,电气元件,13.1,1.5,111.9
TK000077,MAT0009,线缆,8.4,1.0,110.73
TK000077,MAT0010,电气元件,9.8,0.6,350.04
TK000077,MAT0035,辅材,16.7,0.0,287.27
TK000078,MAT0033,机械零件,0.5,0.0,408.47
TK000078,MAT0032,绝缘材料,13.7,0.0,68.42
TK000078,MAT0003,线缆,1.1,0.0,307.96
TK000079,MAT0040,线缆,16.1,0.0,45.91
TK000080,MAT0017,绝缘材料,2.5,0.0,283.32
TK000081,MAT0012,绝缘材料,18.7,0.0,378.36
TK000082,MAT0005,工具,16.7,1.6,489.38
TK000082,MAT0041,辅材,7.2,0.0,249.57
TK000082,MAT0014,电气元件,7.5,0.0,113.7
TK000082,MAT0018,辅材,5.4,0.0,6.33
TK000082,MAT0030,辅材,1.6,0.0,472.04
TK000083,MAT0006,电气元件,16.7,0.0,494.43
TK000083,MAT0019,绝缘材料,1.4,0.7,204.42
TK000083,MAT0001,辅材,4.6,0.0,58.5
TK000083,MAT0010,工具,4.1,0.0,187.02
TK000084,MAT0041,线缆,6.9,0.0,132.43
TK000084,MAT0042,辅材,10.3,0.0,395.14
TK000085,MAT0044,辅材,9.0,0.0,102.81
TK000086,MAT0046,机械零件,18.6,0.0,176.23
TK000086,MAT0032,电气元件,5.7,0.0,265.87
TK000086,MAT0014,机械零件,6.3,1.3,19.4
TK000087,MAT0031,线缆,1.9,0.6,276.64
TK000087,MAT0031,电气元件,7.1,0.0,276.92
TK000087,MAT0021,工具,19.4,0.5,311.77
TK000087,MAT0045,电气元件,18.9,0.0,235.34
TK000088,MAT0032,绝缘材料,1.2,0.0,450.08
TK000091,MAT0033,电气元件,6.5,0.0,143.78
TK000091,MAT0041,工具,8.9,0.0,88.04
TK000093,MAT0007,工具,16.1,0.0,27.03
TK000093,MAT0020,电气元件,3.0,0.0,141.4
TK000093,MAT0011,机械零件,17.1,0.0,37.53
TK000093,MAT0020,工具,18.3,0.0,358.79
TK000093,MAT0020,辅材,8.5,1.4,499.99
TK000094,MAT0014,辅材,11.1,0.0,183.97
TK000094,MAT0009,辅材,14.4,0.0,280.08
TK000094,MAT0030,机械零件,10.1,0.0,274.79
TK000094,MAT0017,工具,10.2,0.0,407.01
TK000094,MAT0015,绝缘材料,19.2,0.0,52.1
TK000095,MAT0014,机械零件,15.1,0.0,132.55
TK000095,MAT0016,工具,4.6,0.0,202.64
TK000095,MAT0018,线缆,0.8,0.0,210.43
TK000095,MAT0003,线缆,4.8,0.0,355.31
TK000095,MAT0021,线缆,3.0,0.0,178.22
TK000096,MAT0047,机械零件,17.6,0.0,457.31
TK000096,MAT0027,机械零件,15.4,0.0,144.19
TK000096,MAT0038,辅材,10.7,0.0,114.03
TK000096,MAT0011,辅材,15.2,0.0,174.94
TK000098,MAT0010,机械零件,6.6,0.0,136.57
TK000098,MAT0041,辅材,8.8,0.0,493.18
TK000098,MAT0043,工具,7.4,0.0,498.67
TK000098,MAT0039,电气元件,5.8,0.1,285.44
TK000099,MAT0018,工具,13.1,0.0,57.35
TK000099,MAT0047,辅材,8.9,0.0,26.25
TK000099,MAT0017,绝缘材料,10.8,0.0,63.94
TK000099,MAT0032,工具,16.4,0.0,267.75
TK000100,MAT0011,电气元件,6.6,0.5,237.15
TK000101,MAT0001,辅材,17.4,0.0,236.49
TK000101,MAT0017,电气元件,2.1,0.0,75.69
TK000101,MAT0050,线缆,4.7,0.3,218.16
TK000101,MAT0005,机械零件,14.9,0.0,399.1
TK000101,MAT0024,电气元件,16.5,0.0,119.76
TK000103,MAT0026,绝缘材料,13.9,0.0,409.04
TK000104,MAT0020,辅材,16.6,1.7,292.07
TK000104,MAT0049,机械零件,18.5,0.0,358.41
TK000104,MAT0050,电气元件,17.3,0.0,64.37
TK000104,MAT0027,绝缘材料,16.3,0.0,94.32
TK000105,MAT0046,机械零件,6.2,0.0,67.28
TK000105,MAT0019,电气元件,14.5,0.0,389.15
TK000105,MAT0028,工具,11.0,0.0,74.79
TK000106,MAT0031,绝缘材料,4.9,0.0,81.29
TK000106,MAT0040,辅材,7.2,2.0,267.7
TK000106,MAT0035,机械零件,18.9,0.0,138.87
TK000106,MAT0013,线缆,11.7,0.0,204.96
TK000106,MAT0006,辅材,1.9,0.0,234.66
TK000108,MAT0032,线缆,6.4,0.0,342.76
TK000108,MAT0035,机械零件,9.7,0.0,8.91
TK000109,MAT0029,辅材,18.8,0.0,299.19
TK000109,MAT0030,机械零件,9.8,0.0,387.17
TK000109,MAT0006,辅材,10.5,0.0,423.84
TK000109,MAT0032,工具,10.8,0.0,323.28
TK000109,MAT0017,机械零件,13.1,0.0,208.79
TK000110,MAT0041,辅材,2.6,0.0,460.64
TK000110,MAT0027,绝缘材料,1.8,0.0,64.39
TK000111,MAT0023,绝缘材料,8.9,0.0,422.7
TK000111,MAT0027,机械零件,2.9,1.9,404.64
TK000111,MAT0012,工具,5.8,0.0,283.56
TK000111,MAT0032,辅材,16.3,0.0,90.39
TK000111,MAT0021,绝缘材料,3.8,0.0,14.67
TK000112,MAT0020,电气元件,16.8,0.0,24.03
TK000112,MAT0024,线缆,4.2,0.0,369.57
TK000112,MAT0020,工具,4.6,0.0,243.24
TK000112,MAT0004,辅材,15.7,0.0,361.29
TK000113,MAT0007,线缆,19.9,0.5,484.25
TK000114,MAT0007,线缆,8.2,0.0,471.26
TK000114,MAT0041,电气元件,12.3,1.0,438.22
TK000115,MAT0031,线缆,15.4,0.0,207.92
TK000115,MAT0013,工具,3.1,0.0,48.2
TK000115,MAT0030,工具,2.2,0.0,391.87
TK000116,MAT0013,辅材,4.3,0.0,249.48
TK000116,MAT0002,辅材,1.9,0.0,221.36
TK000116,MAT0036,线缆,19.3,0.0,274.96
TK000116,MAT0047,电气元件,13.2,1.7,114.44
TK000116,MAT0030,线缆,3.9,0.0,492.72
TK000117,MAT0037,绝缘材料,8.2,0.0,364.62
TK000118,MAT0002,工具,12.4,0.0,172.48
TK000118,MAT0046,电气元件,5.2,0.0,395.51
TK000119,MAT0002,工具,17.6,0.9,352.1
TK000119,MAT0042,机械零件,2.3,0.0,367.72
TK000119,MAT0017,电气元件,16.7,0.0,490.7
TK000119,MAT0028,工具,6.9,0.8,86.03
TK000120,MAT0049,绝缘材料,14.1,0.0,431.28
TK000120,MAT0030,辅材,13.7,0.0,469.04
TK000120,MAT0029,线缆,9.4,0.0,485.37
TK000120,MAT0041,机械零件,16.6,0.0,379.92
TK000121,MAT0038,辅材,17.7,0.0,461.23
TK000122,MAT0020,电气元件,16.3,0.0,254.75
TK000122,MAT0023,机械零件,14.9,0.0,284.71
TK000122,MAT0044,绝缘材料,8.0,0.5,73.02
TK000122,MAT0049,绝缘材料,14.5,0.0,264.98
TK000123,MAT0020,辅材,12.6,0.0,360.34
TK000123,MAT0032,电气元件,10.3,0.0,219.99
TK000123,MAT0001,机械零件,13.2,0.0,474.96
TK000123,MAT0045,线缆,18.5,0.0,241.18
TK000123,MAT0009,机械零件,12.7,0.0,275.71
TK000124,MAT0013,电气元件,19.4,0.0,409.95
TK000124,MAT0023,机械零件,12.3,0.0,145.8
TK000124,MAT0017,电气元件,4.9,0.0,300.27
TK000124,MAT0036,辅材,10.1,0.0,429.29
TK000126,MAT0017,辅材,12.8,0.0,315.98
TK000126,MAT0040,电气元件,15.1,0.7,35.61
TK000126,MAT0039,辅材,13.5,1.8,259.07
TK000128,MAT0037,机械零件,9.5,1.7,499.33
TK000129,MAT0013,工具,8.6,0.0,424.19
TK000130,MAT0040,线缆,12.4,0.0,31.4
TK000131,MAT0007,机械零件,11.3,0.0,184.94
TK000131,MAT0036,机械零件,7.8,0.0,24.1
TK000131,MAT0025,辅材,11.0,1.1,143.55
TK000131,MAT0007,线缆,18.7,0.0,329.84
TK000132,MAT0048,辅材,11.0,0.0,59.73
TK000133,MAT0010,辅材,1.6,1.5,11.01
TK000134,MAT0022,机械零件,2.9,0.0,16.74
TK000136,MAT0021,电气元件,2.8,0.3,437.88
TK000136,MAT0044,辅材,16.6,0.0,126.37
TK000136,MAT0023,工具,9.5,0.3,20.4
TK000136,MAT0004,线缆,9.3,0.0,449.92
TK000136,MAT0024,辅材,8.6,0.0,51.31
TK000137,MAT0032,线缆,15.8,0.5,98.0
TK000140,MAT0003,辅材,3.8,1.0,85.35
TK000140,MAT0043,工具,2.9,0.0,317.62
TK000140,MAT0039,绝缘材料,14.6,0.0,491.86
TK000140,MAT0009,绝缘材料,11.2,0.0,202.62
TK000140,MAT0029,工具,7.8,0.0,409.46
TK000141,MAT0015,工具,6.3,0.0,262.45
TK000141,MAT0035,线缆,8.6,1.8,84.94
TK000142,MAT0004,机械零件,15.1,0.0,355.05
TK000142,MAT0030,辅材,8.6,0.0,342.62
TK000142,MAT0013,工具,2.5,0.0,106.93
TK000142,MAT0003,绝缘材料,16.9,0.0,305.52
TK000142,MAT0023,机械零件,12.8,0.0,414.27
TK000143,MAT0009,辅材,18.5,2.0,276.83
TK000144,MAT0037,线缆,4.1,0.0,97.68
TK000144,MAT0024,电气元件,3.7,0.0,57.08
TK000144,MAT0034,绝缘材料,3.6,1.8,239.99
TK000146,MAT0003,机械零件,10.3,0.0,361.8
TK000146,MAT0041,绝缘材料,7.2,0.0,220.86
TK000147,MAT0049,辅材,0.6,0.0,123.53
TK000147,MAT0022,绝缘材料,4.5,0.0,434.92
TK000147,MAT0037,工具,16.3,0.0,170.21
TK000147,MAT0011,辅材,9.5,0.8,157.16
TK000148,MAT0007,电气元件,14.0,2.0,438.8
TK000149,MAT0002,辅材,14.5,0.0,478.87
TK000150,MAT0006,电气元件,0.8,0.0,239.11
TK000150,MAT0021,机械零件,18.5,0.0,99.26
TK000151,MAT0020,电气元件,0.5,0.0,436.01
TK000151,MAT0035,电气元件,18.8,0.0,148.39
TK000151,MAT0015,线缆,19.1,0.0,215.95
TK000152,MAT0038,工具,17.4,0.0,348.39
TK000152,MAT0040,工具,18.3,0.0,160.53
TK000152,MAT0016,线缆,9.8,0.0,25.52
TK000152,MAT0045,机械零件,1.6,0.0,83.73
TK000152,MAT0022,辅材,10.9,0.9,326.38
TK000153,MAT0031,绝缘材料,11.4,0.0,436.83
TK000153,MAT0035,线缆,13.6,0.0,491.99
TK000153,MAT0003,绝缘材料,9.4,0.0,381.22
TK000153,MAT0050,机械零件,10.8,0.0,325.57
TK000154,MAT0022,辅材,3.0,0.0,52.24
TK000154,MAT0014,工具,1.5,0.0,355.47
TK000154,MAT0038,线缆,4.8,0.7,136.08
TK000155,MAT0033,机械零件,13.3,1.5,9.65
TK000155,MAT0049,机械零件,5.9,0.0,146.75
TK000155,MAT0022,线缆,7.0,0.0,474.75
TK000155,MAT0022,电气元件,3.8,0.0,199.71
TK000155,MAT0034,工具,16.3,0.0,101.89
TK000157,MAT0031,线缆,19.9,0.0,53.13
TK000157,MAT0041,工具,3.3,0.0,385.72
TK000157,MAT0008,机械零件,11.8,0.0,225.98
TK000158,MAT0013,绝缘材料,4.2,0.0,18.05
TK000158,MAT0034,工具,17.0,0.0,444.14
TK000159,MAT0050,辅材,11.7,0.0,9.75
TK000161,MAT0023,线缆,9.5,0.0,238.53
TK000161,MAT0046,工具,6.8,2.0,126.37
TK000161,MAT0005,机械零件,8.5,0.0,147.41
TK000161,MAT0045,工具,14.0,0.0,318.15
TK000161,MAT0012,电气元件,0.6,0.0,168.09
TK000162,MAT0025,辅材,17.6,0.0,396.98
TK000163,MAT0007,工具,18.5,0.0,483.07
TK000164,MAT0021,线缆,3.8,0.0,398.09
TK000164,MAT0039,机械零件,16.4,0.0,59.4
TK000164,MAT0015,电气元件,14.3,0.0,189.9
TK000164,MAT0004,绝缘材料,11.7,0.0,240.57
TK000164,MAT0024,辅材,7.6,0.0,98.03
TK000165,MAT0021,电气元件,5.2,0.7,397.85
TK000165,MAT0013,工具,3.1,0.0,34.06
TK000165,MAT0027,电气元件,13.6,0.0,149.57
TK000165,MAT0020,线缆,4.3,0.0,340.75
TK000165,MAT0031,工具,18.3,0.0,423.17
TK000166,MAT0004,绝缘材料,3.3,0.0,132.27
TK000166,MAT0044,辅材,6.9,0.0,435.49
TK000166,MAT0012,电气元件,8.2,0.0,257.22
TK000169,MAT0006,机械零件,6.6,0.0,258.8
TK000169,MAT0023,辅材,3.6,0.0,331.0
TK000169,MAT0004,电气元件,18.8,0.0,227.05
TK000170,MAT0044,工具,4.7,0.0,182.32
TK000171,MAT0024,线缆,1.1,0.0,155.81
TK000171,MAT0017,辅材,11.2,0.0,33.78
TK000172,MAT0022,工具,11.0,0.8,495.59
TK000172,MAT0015,机械零件,6.9,0.0,93.95
TK000172,MAT0046,线缆,1.4,0.3,446.35
TK000172,MAT0045,线缆,5.8,1.0,295.38
TK000174,MAT0036,机械零件,8.8,0.0,267.79
TK000174,MAT0039,工具,14.2,0.0,423.78
TK000176,MAT0033,绝缘材料,11.9,0.0,61.08
TK000176,MAT0012,工具,17.4,0.0,41.77
TK000176,MAT0028,线缆,9.2,1.7,282.72
TK000176,MAT0020,辅材,5.0,0.5,284.98
TK000176,MAT0004,机械零件,6.3,0.0,42.46
TK000177,MAT0044,线缆,8.0,0.0,186.91
TK000179,MAT0028,机械零件,0.6,0.0,498.65
TK000179,MAT0043,电气元件,12.1,0.0,115.98
TK000179,MAT0007,绝缘材料,15.7,0.0,417.02
TK000179,MAT0007,辅材,8.6,0.0,276.11
TK000180,MAT0011,机械零件,19.4,0.0,287.29
TK000180,MAT0034,机械零件,6.3,0.0,50.18
TK000180,MAT0031,线缆,5.3,0.0,371.94
TK000180,MAT0018,线缆,9.3,0.0,130.7
TK000182,MAT0021,绝缘材料,10.6,0.0,481.26
TK000182,MAT0019,电气元件,1.8,0.0,156.68
TK000184,MAT0015,工具,19.6,0.0,344.24
TK000184,MAT0022,机械零件,15.4,0.0,498.5
TK000184,MAT0026,电气元件,1.1,0.0,6.13
TK000186,MAT0008,机械零件,2.5,0.0,342.56
TK000186,MAT0003,机械零件,3.1,1.4,435.8
TK000186,MAT0010,辅材,13.1,0.0,408.28
TK000186,MAT0037,绝缘材料,15.0,1.0,207.71
TK000186,MAT0007,线缆,7.6,0.0,291.88
TK000187,MAT0015,电气元件,13.8,0.0,432.21
TK000187,MAT0050,辅材,18.1,1.9,106.53
TK000188,MAT0039,线缆,14.0,0.0,308.43
TK000189,MAT0037,绝缘材料,11.3,0.5,83.6
TK000189,MAT0029,工具,0.8,1.9,67.34
TK000189,MAT0025,工具,12.0,0.0,392.13
TK000189,MAT0034,辅材,15.8,0.0,343.66
TK000189,MAT0001,工具,5.5,0.0,195.38
TK000191,MAT0032,机械零件,3.9,0.0,207.44
TK000191,MAT0023,电气元件,6.2,0.0,41.53
TK000191,MAT0033,线缆,4.9,0.0,134.95
TK000191,MAT0007,电气元件,18.3,0.0,480.95
TK000191,MAT0012,线缆,12.7,0.0,260.93
TK000192,MAT0003,机械零件,17.9,0.1,192.14
TK000193,MAT0040,绝缘材料,16.3,0.0,324.52
TK000193,MAT0017,工具,8.5,0.0,130.35
TK000193,MAT0017,线缆,4.6,0.1,111.96
TK000194,MAT0021,线缆,2.3,0.0,211.25
TK000194,MAT0009,线缆,18.4,1.7,401.8
TK000194,MAT0022,工具,17.5,0.0,430.71
TK000195,MAT0042,机械零件,5.9,0.0,184.76
TK000195,MAT0022,绝缘材料,9.9,0.0,185.24
TK000195,MAT0048,机械零件,9.3,0.3,13.03
TK000195,MAT0020,工具,6.4,0.0,313.02
TK000196,MAT0009,机械零件,18.0,0.0,95.79
TK000196,MAT0030,机械零件,9.9,0.5,9.46
TK000197,MAT0006,线缆,16.0,0.0,80.54
TK000197,MAT0023,电气元件,19.8,0.0,492.41
TK000197,MAT0034,辅材,8.7,0.0,336.45
TK000198,MAT0019,工具,19.1,0.0,146.01
TK000198,MAT0005,辅材,13.5,0.0,194.01
TK000198,MAT0009,工具,8.1,1.8,10.88
TK000198,MAT0007,辅材,1.0,0.2,253.53
TK000199,MAT0001,工具,12.6,0.0,182.07
TK000199,MAT0041,电气元件,4.4,0.0,399.39
TK000199,MAT0048,绝缘材料,16.7,0.7,334.56
TK000200,MAT0036,线缆,11.6,0.0,488.51
TK000200,MAT0049,电气元件,16.5,0.0,350.9
TK000201,MAT0012,辅材,11.0,0.0,269.99
TK000201,MAT0005,辅材,6.5,0.0,28.22
TK000202,MAT0033,绝缘材料,14.4,0.0,463.28
TK000204,MAT0043,工具,5.8,0.4,298.73
TK000204,MAT0033,电气元件,5.8,0.0,459.57
TK000204,MAT0043,辅材,11.1,0.0,104.28
TK000204,MAT0033,线缆,6.1,0.0,250.62
TK000204,MAT0046,线缆,15.2,0.0,134.53
TK000205,MAT0012,电气元件,7.4,0.0,13.6
TK000205,MAT0020,机械零件,16.2,0.0,413.25
TK000205,MAT0027,工具,13.4,0.0,254.83
TK000205,MAT0022,线缆,12.8,1.1,442.01
TK000206,MAT0010,绝缘材料,12.7,0.0,89.24
TK000207,MAT0010,工具,19.8,0.0,338.3
TK000207,MAT0031,线缆,10.3,0.0,212.05
TK000208,MAT0012,线缆,11.8,0.0,406.62
TK000208,MAT0043,绝缘材料,7.8,0.0,290.6
TK000208,MAT0050,绝缘材料,12.4,0.0,382.12
TK000208,MAT0050,辅材,16.1,0.0,170.24
TK000208,MAT0004,机械零件,2.4,0.0,182.21
TK000209,MAT0016,辅材,13.6,0.8,207.67
TK000209,MAT0043,绝缘材料,10.1,0.7,229.33
TK000209,MAT0035,线缆,3.6,1.5,410.55
TK000209,MAT0024,辅材,3.4,0.0,221.02
TK000210,MAT0049,线缆,7.3,1.7,61.59
TK000210,MAT0013,工具,17.3,0.0,375.59
TK000211,MAT0026,工具,4.3,0.0,428.08
TK000212,MAT0033,辅材,8.2,0.0,101.89
TK000212,MAT0019,辅材,5.9,0.0,400.01
TK000212,MAT0035,机械零件,11.2,0.0,59.57
TK000212,MAT0026,电气元件,16.1,0.0,198.07
TK000213,MAT0010,辅材,17.8,0.0,322.32
TK000213,MAT0046,绝缘材料,15.4,0.3,196.25
TK000214,MAT0001,电气元件,10.1,0.0,293.96
TK000214,MAT0008,辅材,3.7,1.9,131.97
TK000215,MAT0037,工具,17.4,0.0,131.59
TK000215,MAT0045,辅材,0.8,0.0,194.88
TK000215,MAT0015,辅材,16.7,0.0,464.66
TK000215,MAT0015,辅材,18.2,0.0,24.62
TK000215,MAT0039,机械零件,2.1,0.0,107.09
TK000216,MAT0031,绝缘材料,7.7,0.0,184.15
TK000216,MAT0045,工具,19.2,0.0,259.1
TK000216,MAT0014,工具,8.4,0.0,411.29
TK000217,MAT0005,机械零件,2.0,0.0,34.26
TK000217,MAT0017,工具,19.9,0.0,69.83
TK000218,MAT0006,绝缘材料,4.2,0.0,21.52
TK000219,MAT0023,辅材,3.4,0.0,264.86
TK000219,MAT0045,辅材,10.0,0.0,34.93
TK000219,MAT0037,工具,12.4,0.0,400.4
TK000220,MAT0039,辅材,8.4,0.0,454.12
TK000220,MAT0043,辅材,2.3,0.0,207.38
TK000220,MAT0019,辅材,18.6,0.1,340.15
TK000221,MAT0029,机械零件,1.1,0.0,416.24
TK000223,MAT0041,线缆,1.4,0.2,476.34
TK000223,MAT0008,绝缘材料,0.8,1.5,457.72
TK000223,MAT0007,电气元件,7.5,0.0,280.41
TK000224,MAT0004,工具,4.4,0.0,409.26
TK000224,MAT0031,电气元件,14.3,0.5,19.86
TK000224,MAT0003,线缆,8.3,0.0,382.69
TK000224,MAT0007,电气元件,4.2,0.0,228.3
TK000225,MAT0021,辅材,15.8,0.0,21.96
TK000225,MAT0049,绝缘材料,5.1,0.0,454.89
TK000226,MAT0009,电气元件,5.0,0.0,224.5
TK000226,MAT0033,电气元件,8.1,0.0,53.67
TK000226,MAT0006,机械零件,13.3,0.0,282.57
TK000227,MAT0005,绝缘材料,1.1,1.7,352.83
TK000228,MAT0026,电气元件,13.4,0.0,80.83
TK000228,MAT0046,机械零件,15.9,1.2,469.96
TK000228,MAT0024,辅材,4.7,0.0,241.64
TK000228,MAT0043,工具,3.8,1.4,394.85
TK000228,MAT0002,绝缘材料,9.9,0.0,408.17
TK000229,MAT0035,工具,19.4,0.0,299.58
TK000229,MAT0048,线缆,10.7,0.0,493.68
TK000231,MAT0040,辅材,17.3,0.0,466.73
TK000231,MAT0042,绝缘材料,1.9,0.0,273.2
TK000234,MAT0011,机械零件,6.4,0.0,270.67
TK000234,MAT0039,机械零件,7.1,0.4,276.72
TK000234,MAT0023,工具,9.0,0.0,485.9
TK000234,MAT0023,辅材,10.7,0.0,368.84
TK000234,MAT0008,工具,3.3,0.0,65.38
TK000235,MAT0005,机械零件,9.7,0.0,129.09
TK000235,MAT0040,线缆,9.1,0.0,230.9
TK000236,MAT0048,电气元件,13.9,0.0,100.21
TK000236,MAT0018,电气元件,8.5,0.0,186.02
TK000238,MAT0006,辅材,2.9,0.0,180.85
TK000239,MAT0014,机械零件,13.2,0.0,257.53
TK000239,MAT0028,电气元件,14.5,0.0,166.2
TK000239,MAT0018,线缆,9.0,0.0,490.53
TK000239,MAT0016,线缆,2.7,0.0,37.04
TK000239,MAT0026,工具,14.1,0.0,467.04
TK000240,MAT0011,线缆,5.4,0.0,439.19
TK000240,MAT0032,工具,17.4,0.0,221.52
TK000241,MAT0006,线缆,19.2,0.0,42.24
TK000241,MAT0048,电气元件,7.4,0.7,352.95
TK000242,MAT0034,辅材,20.0,0.0,98.64
TK000242,MAT0018,机械零件,8.0,0.0,39.49
TK000243,MAT0007,机械零件,8.5,0.0,453.93
TK000244,MAT0047,辅材,16.4,0.0,221.0
TK000244,MAT0009,电气元件,6.1,0.0,105.15
TK000244,MAT0040,辅材,11.6,0.0,461.05
TK000244,MAT0004,辅材,12.2,0.0,273.98
TK000245,MAT0041,绝缘材料,3.1,0.0,203.95
TK000245,MAT0033,线缆,18.4,0.7,465.1
TK000245,MAT0034,机械零件,11.6,0.0,481.44
TK000246,MAT0037,电气元件,8.9,0.0,119.38
TK000247,MAT0031,机械零件,9.2,1.0,70.17
TK000247,MAT0020,机械零件,16.5,0.0,378.05
TK000248,MAT0044,辅材,0.8,0.0,146.77
TK000249,MAT0049,绝缘材料,4.6,0.0,104.78
TK000249,MAT0031,线缆,15.0,0.0,63.1
TK000250,MAT0005,机械零件,13.5,0.0,76.99
TK000250,MAT0044,辅材,17.9,0.6,479.45
TK000251,MAT0039,绝缘材料,19.3,0.0,307.25
TK000251,MAT0011,线缆,19.4,0.0,467.17
TK000251,MAT0017,机械零件,8.5,0.0,162.01
TK000251,MAT0034,辅材,16.1,0.0,192.36
TK000251,MAT0023,线缆,17.5,0.0,180.99
TK000252,MAT0030,辅材,2.1,0.0,109.97
TK000252,MAT0005,机械零件,3.4,0.0,214.11
TK000254,MAT0005,机械零件,5.9,0.0,369.61
TK000254,MAT0020,绝缘材料,11.2,0.0,250.63
TK000254,MAT0049,电气元件,10.3,0.0,488.75
TK000254,MAT0028,工具,11.9,0.0,395.61
TK000256,MAT0039,线缆,2.4,0.0,395.55
TK000256,MAT0039,机械零件,15.9,0.7,462.31
TK000256,MAT0005,绝缘材料,17.3,0.5,182.97
TK000256,MAT0035,机械零件,8.3,0.0,135.3
TK000257,MAT0006,工具,1.9,0.0,57.72
TK000258,MAT0024,电气元件,14.7,0.0,114.26
TK000259,MAT0001,机械零件,1.2,0.0,430.84
TK000259,MAT0040,工具,5.0,0.0,460.57
TK000260,MAT0017,线缆,16.0,0.0,127.01
TK000260,MAT0027,线缆,13.3,0.0,43.27
TK000260,MAT0037,线缆,10.0,0.0,477.23
TK000260,MAT0035,线缆,14.7,0.0,273.37
TK000262,MAT0005,绝缘材料,3.4,0.0,357.11
TK000262,MAT0030,线缆,4.0,0.0,215.52
TK000263,MAT0033,线缆,8.0,0.0,362.25
TK000264,MAT0009,机械零件,3.0,0.0,46.91
TK000264,MAT0037,机械零件,16.8,0.0,269.01
TK000264,MAT0038,电气元件,9.3,2.0,121.09
TK000264,MAT0046,线缆,10.2,0.0,349.32
TK000264,MAT0048,工具,11.1,0.0,137.58
TK000265,MAT0021,绝缘材料,17.1,0.0,395.32
TK000265,MAT0049,工具,15.9,0.0,98.79
TK000269,MAT0029,电气元件,10.4,0.0,445.34
TK000269,MAT0048,机械零件,18.8,0.0,438.12
TK000270,MAT0042,工具,8.2,0.0,35.49
TK000270,MAT0033,工具,17.4,0.0,431.28
TK000270,MAT0009,电气元件,6.9,0.0,11.43
TK000270,MAT0023,工具,17.1,0.0,359.98
TK000270,MAT0023,绝缘材料,8.1,0.0,118.73
TK000271,MAT0024,工具,1.2,0.0,104.41
TK000271,MAT0031,辅材,7.4,0.7,61.98
TK000271,MAT0003,线缆,5.0,0.0,285.23
TK000271,MAT0019,绝缘材料,15.9,0.0,395.77
TK000271,MAT0024,绝缘材料,10.8,0.0,177.46
TK000272,MAT0003,机械零件,10.8,0.0,103.95
TK000272,MAT0038,绝缘材料,14.2,0.0,335.5
TK000272,MAT0042,电气元件,16.2,0.0,145.56
TK000274,MAT0031,绝缘材料,13.6,0.0,407.7
TK000274,MAT0050,辅材,1.2,0.0,226.51
TK000275,MAT0032,机械零件,17.6,1.0,270.96
TK000275,MAT0020,辅材,18.8,0.0,470.21
TK000276,MAT0004,电气元件,14.5,0.0,474.87
TK000276,MAT0034,辅材,10.8,0.3,142.65
TK000276,MAT0020,工具,12.4,0.0,438.95
TK000276,MAT0012,工具,4.2,1.8,479.98
TK000276,MAT0041,工具,6.3,0.0,58.6
TK000277,MAT0024,绝缘材料,1.2,0.0,334.51
TK000277,MAT0030,辅材,13.7,0.0,337.21
TK000277,MAT0018,线缆,12.2,0.0,196.43
TK000277,MAT0028,机械零件,6.8,0.0,469.33
TK000278,MAT0002,机械零件,2.9,0.5,342.23
TK000278,MAT0031,线缆,4.9,1.7,249.95
TK000278,MAT0042,线缆,1.6,1.7,366.29
TK000279,MAT0029,绝缘材料,8.9,0.0,413.7
TK000279,MAT0020,辅材,8.5,0.0,198.69
TK000279,MAT0021,机械零件,4.2,0.0,428.19
TK000280,MAT0028,绝缘材料,16.0,0.0,38.51
TK000280,MAT0024,电气元件,4.4,0.0,446.14
TK000280,MAT0034,工具,19.1,0.0,166.78
TK000280,MAT0036,绝缘材料,5.2,0.2,29.29
TK000280,MAT0036,线缆,8.6,0.0,105.36
TK000281,MAT0008,线缆,9.5,0.0,385.78
TK000281,MAT0032,线缆,0.6,0.0,289.97
TK000281,MAT0020,线缆,7.4,0.0,444.06
TK000283,MAT0038,机械零件,14.8,1.4,319.41
TK000285,MAT0016,机械零件,9.4,0.0,326.31
TK000285,MAT0006,工具,13.1,0.0,196.53
TK000286,MAT0007,机械零件,9.6,0.0,379.57
TK000287,MAT0004,工具,10.0,0.0,235.05
TK000289,MAT0004,线缆,8.1,0.1,408.09
TK000289,MAT0025,辅材,15.1,0.0,357.15
TK000289,MAT0004,机械零件,2.3,0.0,378.87
TK000290,MAT0031,机械零件,14.7,0.0,165.27
TK000290,MAT0033,绝缘材料,18.6,0.0,301.41
TK000291,MAT0027,辅材,9.1,1.2,321.98
TK000293,MAT0035,线缆,3.7,0.2,293.28
TK000293,MAT0003,工具,14.4,0.0,61.59
TK000293,MAT0019,机械零件,8.8,0.0,204.83
TK000293,MAT0038,绝缘材料,4.0,0.0,111.07
TK000293,MAT0026,工具,4.2,0.0,306.48
TK000294,MAT0050,线缆,9.7,0.4,390.7
TK000296,MAT0038,辅材,11.9,0.0,46.0
TK000296,MAT0022,线缆,14.9,0.0,223.5
TK000296,MAT0034,工具,10.9,0.6,321.49
TK000297,MAT0011,机械零件,10.4,0.0,137.89
TK000297,MAT0011,工具,16.8,0.0,142.18
TK000298,MAT0036,辅材,0.6,0.0,70.65
TK000298,MAT0045,工具,13.3,0.0,447.17
TK000299,MAT0040,机械零件,10.0,0.0,376.39
TK000299,MAT0006,绝缘材料,17.8,0.0,195.7
TK000299,MAT0002,绝缘材料,2.1,0.0,54.31
TK000299,MAT0027,工具,11.5,1.7,155.4
TK000300,MAT0044,线缆,6.6,0.0,138.99
TK000300,MAT0013,辅材,11.9,0.0,91.51
TK000300,MAT0015,绝缘材料,7.7,0.0,37.01
TK000300,MAT0034,辅材,7.7,0.0,227.15
TK000300,MAT0019,绝缘材料,13.4,0.0,341.7
TK000301,MAT0050,工具,6.2,0.0,64.75
TK000302,MAT0023,电气元件,14.4,1.6,466.57
TK000303,MAT0039,线缆,15.5,0.0,398.91
TK000303,MAT0029,电气元件,10.5,0.0,185.04
TK000303,MAT0034,辅材,16.8,0.0,138.49
TK000304,MAT0033,机械零件,2.6,0.0,209.02
TK000304,MAT0047,线缆,4.3,0.0,41.42
TK000304,MAT0041,辅材,5.2,0.0,387.05
TK000305,MAT0021,工具,17.1,0.0,150.64
TK000305,MAT0033,线缆,7.9,0.0,77.9
TK000307,MAT0001,线缆,13.3,0.0,369.92
TK000307,MAT0016,绝缘材料,5.7,0.0,408.06
TK000307,MAT0015,绝缘材料,6.5,0.0,289.07
TK000309,MAT0007,机械零件,9.9,0.0,339.97
TK000309,MAT0044,工具,14.2,0.0,234.59
TK000310,MAT0011,辅材,9.9,0.3,9.5
TK000310,MAT0047,线缆,1.6,0.0,155.68
TK000310,MAT0023,工具,4.0,0.0,141.76
TK000310,MAT0040,电气元件,8.4,0.0,211.58
TK000312,MAT0023,绝缘材料,14.6,0.0,467.68
TK000312,MAT0020,辅材,13.9,0.0,294.36
TK000312,MAT0002,线缆,10.1,0.0,406.09
TK000312,MAT0002,电气元件,15.9,0.0,328.78
TK000312,MAT0002,辅材,18.5,0.0,159.32
TK000313,MAT0004,辅材,18.3,0.0,205.43
TK000313,MAT0028,机械零件,7.5,1.8,138.66
TK000314,MAT0018,工具,13.6,1.6,473.38
TK000314,MAT0036,工具,19.9,0.0,42.86
TK000314,MAT0028,机械零件,6.7,0.0,284.27
TK000315,MAT0040,绝缘材料,5.1,0.0,149.02
TK000315,MAT0048,机械零件,16.2,0.8,394.76
TK000315,MAT0047,线缆,11.8,1.5,147.95
TK000316,MAT0024,辅材,3.6,0.0,8.66
TK000316,MAT0044,线缆,16.1,0.0,359.44
TK000317,MAT0030,机械零件,13.4,0.0,409.8
TK000318,MAT0047,线缆,12.1,0.0,245.6
TK000318,MAT0042,机械零件,6.4,0.0,14.73
TK000318,MAT0042,工具,2.7,0.0,130.88
TK000318,MAT0025,电气元件,7.3,0.0,138.13
TK000318,MAT0038,工具,6.2,0.0,413.11
TK000319,MAT0022,工具,11.1,0.0,27.82
TK000319,MAT0011,电气元件,7.6,0.0,303.74
TK000319,MAT0004,机械零件,0.7,0.0,436.13
TK000320,MAT0006,工具,11.0,0.0,316.87
TK000321,MAT0019,辅材,0.6,0.0,341.12
TK000321,MAT0034,电气元件,2.6,1.1,228.02
TK000321,MAT0015,机械零件,11.7,1.0,402.33
TK000321,MAT0037,机械零件,0.6,0.0,490.07
TK000322,MAT0016,辅材,13.7,0.0,451.81
TK000323,MAT0015,线缆,12.0,1.0,267.23
TK000323,MAT0015,辅材,7.1,0.0,238.22
TK000323,MAT0036,机械零件,7.8,1.5,339.5
TK000323,MAT0024,绝缘材料,6.5,0.0,356.98
TK000323,MAT0010,辅材,16.4,2.0,10.35
TK000324,MAT0050,工具,9.4,0.0,372.78
TK000324,MAT0033,电气元件,8.2,0.0,309.1
TK000324,MAT0048,机械零件,17.1,0.0,273.35
TK000324,MAT0022,机械零件,17.6,0.0,282.95
TK000325,MAT0036,辅材,1.5,0.0,270.4
TK000325,MAT0023,工具,1.3,0.0,198.97
TK000326,MAT0044,工具,6.8,0.0,98.98
TK000327,MAT0012,辅材,15.2,0.0,376.24
TK000327,MAT0037,电气元件,5.2,0.0,231.88
TK000327,MAT0033,绝缘材料,3.7,1.5,143.43
TK000328,MAT0014,工具,19.3,0.0,327.51
TK000329,MAT0014,辅材,14.8,0.0,272.92
TK000329,MAT0049,电气元件,0.9,0.0,259.21
TK000329,MAT0004,机械零件,19.9,0.0,306.1
TK000329,MAT0046,机械零件,4.8,0.0,339.47
TK000329,MAT0014,绝缘材料,0.8,0.0,14.83
TK000330,MAT0011,机械零件,10.0,0.0,430.81
TK000330,MAT0028,机械零件,16.5,0.0,18.93
TK000330,MAT0046,绝缘材料,5.5,0.0,374.06
TK000331,MAT0042,机械零件,18.8,0.0,431.32
TK000331,MAT0012,线缆,0.9,0.0,73.82
TK000331,MAT0007,线缆,17.3,1.4,329.65
TK000331,MAT0027,工具,8.1,0.0,163.38
TK000331,MAT0013,工具,12.8,0.0,427.74
TK000332,MAT0003,辅材,1.4,0.0,36.25
TK000333,MAT0020,辅材,10.5,0.0,437.97
TK000333,MAT0026,电气元件,14.1,0.0,70.31
TK000333,MAT0023,辅材,7.2,0.5,68.01
TK000333,MAT0013,辅材,2.3,0.0,200.17
TK000335,MAT0018,绝缘材料,4.0,0.0,259.86
TK000335,MAT0018,机械零件,1.6,0.9,351.18
TK000335,MAT0050,工具,3.0,0.0,133.52
TK000336,MAT0013,线缆,9.8,0.0,333.34
TK000336,MAT0047,辅材,7.3,0.0,95.47
TK000336,MAT0034,线缆,7.4,0.0,73.11
TK000336,MAT0045,电气元件,2.4,0.0,275.16
TK000337,MAT0046,机械零件,15.7,0.0,426.59
TK000337,MAT0042,辅材,4.2,0.0,271.69
TK000338,MAT0031,机械零件,20.0,0.0,297.02
TK000338,MAT0011,线缆,18.0,0.0,187.19
TK000339,MAT0039,电气元件,11.3,0.0,45.14
TK000339,MAT0013,电气元件,10.2,1.9,167.95
TK000340,MAT0021,工具,3.0,1.0,187.69
TK000340,MAT0012,线缆,15.0,0.0,416.45
TK000340,MAT0009,绝缘材料,7.7,0.0,162.53
TK000341,MAT0026,线缆,6.2,0.0,342.14
TK000341,MAT0027,绝缘材料,5.3,1.5,355.54
TK000342,MAT0033,辅材,17.2,0.0,5.9
TK000342,MAT0008,工具,6.3,1.5,317.09
TK000342,MAT0049,绝缘材料,17.6,1.8,341.62
TK000342,MAT0033,辅材,5.2,0.0,449.78
TK000343,MAT0034,工具,0.5,0.0,318.64
TK000343,MAT0047,工具,9.1,0.0,59.18
TK000343,MAT0004,工具,8.2,0.0,91.59
TK000343,MAT0025,辅材,3.4,0.0,102.58
TK000343,MAT0041,线缆,19.5,0.0,473.45
TK000345,MAT0002,线缆,14.2,0.0,139.33
TK000345,MAT0002,电气元件,8.6,0.4,144.57
TK000345,MAT0013,绝缘材料,0.6,0.0,381.89
TK000345,MAT0014,辅材,13.4,0.0,175.0
TK000346,MAT0027,辅材,1.6,0.5,489.96
TK000346,MAT0017,辅材,1.8,0.0,252.95
TK000346,MAT0017,工具,9.2,0.0,462.23
TK000347,MAT0023,工具,6.1,0.0,222.29
TK000347,MAT0001,电气元件,9.1,1.0,101.81
TK000347,MAT0008,电气元件,19.2,0.0,150.46
TK000347,MAT0043,辅材,9.1,0.0,345.26
TK000347,MAT0023,工具,12.3,1.4,59.55
TK000348,MAT0010,电气元件,2.9,0.0,208.57
TK000348,MAT0039,电气元件,7.0,0.0,84.41
TK000349,MAT0048,机械零件,9.5,0.8,276.94
TK000349,MAT0026,工具,14.7,0.0,20.48
TK000349,MAT0043,机械零件,18.2,0.0,482.08
TK000349,MAT0039,线缆,14.5,0.5,186.8
TK000350,MAT0016,绝缘材料,11.4,0.4,163.84
TK000350,MAT0037,线缆,17.8,0.0,240.35
TK000350,MAT0035,辅材,13.6,0.4,79.21
TK000351,MAT0044,线缆,5.2,0.0,27.65
TK000351,MAT0019,绝缘材料,8.3,0.0,20.12
TK000351,MAT0021,电气元件,4.0,0.0,287.58
TK000352,MAT0038,工具,13.6,0.0,6.81
TK000352,MAT0043,电气元件,6.6,0.0,87.79
TK000353,MAT0008,辅材,17.0,0.8,450.09
TK000354,MAT0022,线缆,3.6,0.0,330.66
TK000354,MAT0049,机械零件,3.7,0.0,266.71
TK000356,MAT0012,线缆,3.3,0.0,82.93
TK000356,MAT0037,电气元件,17.5,0.0,418.86
TK000357,MAT0004,线缆,7.4,0.4,171.59
TK000358,MAT0006,机械零件,10.1,1.2,295.0
TK000358,MAT0004,绝缘材料,9.8,1.9,349.91
TK000358,MAT0009,工具,4.1,1.4,6.79
TK000358,MAT0029,机械零件,18.9,0.0,343.12
TK000359,MAT0025,绝缘材料,18.6,0.0,309.82
TK000359,MAT0021,绝缘材料,9.5,0.0,157.21
TK000360,MAT0047,辅材,0.8,0.0,61.92
TK000360,MAT0032,绝缘材料,4.9,0.0,57.09
TK000360,MAT0046,工具,4.9,0.0,462.12
TK000361,MAT0026,工具,4.7,0.0,187.39
TK000361,MAT0018,机械零件,2.7,1.1,409.69
TK000361,MAT0018,电气元件,6.4,0.8,122.32
TK000362,MAT0033,机械零件,12.7,0.0,276.58
TK000362,MAT0044,辅材,8.0,0.0,226.58
TK000362,MAT0044,电气元件,4.5,0.0,19.33
TK000363,MAT0038,工具,3.0,0.0,174.68
TK000363,MAT0028,工具,9.9,0.0,43.12
TK000363,MAT0046,辅材,4.6,0.0,191.68
TK000364,MAT0016,线缆,13.6,0.0,153.95
TK000364,MAT0019,绝缘材料,2.3,0.7,203.66
TK000364,MAT0032,电气元件,14.2,0.0,330.42
TK000364,MAT0032,辅材,11.0,0.0,423.04
TK000365,MAT0040,电气元件,11.1,1.8,207.45
TK000365,MAT0042,电气元件,6.7,1.1,172.91
TK000365,MAT0011,电气元件,8.9,0.0,358.58
TK000365,MAT0040,线缆,3.8,0.0,375.0
TK000365,MAT0046,工具,12.3,0.8,220.46
TK000366,MAT0014,工具,11.8,0.0,173.42
TK000367,MAT0003,工具,15.3,0.0,165.12
TK000367,MAT0015,线缆,2.3,0.0,91.53
TK000367,MAT0028,线缆,11.9,0.0,296.37
TK000368,MAT0004,工具,8.6,0.1,55.42
TK000368,MAT0018,工具,8.5,0.0,365.44
TK000368,MAT0001,线缆,5.8,0.0,439.63
TK000368,MAT0001,辅材,13.6,0.0,374.87
TK000369,MAT0022,线缆,3.9,0.0,62.65
TK000369,MAT0017,绝缘材料,7.3,0.0,406.19
TK000369,MAT0030,工具,1.7,0.0,456.39
TK000369,MAT0004,机械零件,1.9,0.0,304.15
TK000369,MAT0020,绝缘材料,5.2,1.0,90.62
TK000370,MAT0044,工具,7.1,0.0,269.9
TK000370,MAT0031,机械零件,13.0,0.0,422.64
TK000370,MAT0044,绝缘材料,8.5,0.0,190.29
TK000370,MAT0016,工具,17.6,0.0,477.09
TK000372,MAT0006,线缆,1.8,0.0,84.46
TK000372,MAT0002,机械零件,19.7,0.0,49.36
TK000372,MAT0022,机械零件,3.5,0.0,60.75
TK000372,MAT0024,辅材,19.9,0.0,345.37
TK000372,MAT0034,绝缘材料,15.5,0.0,8.59
TK000373,MAT0037,机械零件,19.9,0.0,273.87
TK000373,MAT0003,电气元件,19.3,0.0,27.95
TK000373,MAT0039,电气元件,10.1,0.0,65.1
TK000373,MAT0032,电气元件,7.3,0.0,153.66
TK000374,MAT0036,电气元件,7.9,0.0,456.63
TK000374,MAT0021,工具,15.7,0.0,114.7
TK000374,MAT0005,工具,13.6,0.0,148.63
TK000374,MAT0034,线缆,3.5,0.0,484.27
TK000376,MAT0008,电气元件,5.8,0.0,151.65
TK000376,MAT0043,辅材,5.3,0.1,362.45
TK000377,MAT0012,辅材,8.4,0.0,304.4
TK000377,MAT0033,机械零件,16.4,1.5,216.25
TK000377,MAT0001,机械零件,10.9,0.0,108.62
TK000379,MAT0015,绝缘材料,11.5,0.0,464.99
TK000379,MAT0012,绝缘材料,13.5,0.0,190.19
TK000379,MAT0023,电气元件,3.4,0.0,344.55
TK000379,MAT0013,辅材,12.0,0.0,11.4
TK000379,MAT0048,辅材,4.2,0.0,413.45
TK000380,MAT0047,辅材,9.0,0.0,70.76
TK000380,MAT0050,工具,13.7,0.0,217.1
TK000381,MAT0035,绝缘材料,18.4,0.0,469.05
TK000382,MAT0022,电气元件,9.8,0.0,271.58
TK000382,MAT0037,绝缘材料,11.8,0.0,10.33
TK000382,MAT0004,辅材,6.0,1.7,349.17
TK000383,MAT0040,辅材,6.1,0.0,477.33
TK000383,MAT0036,电气元件,14.4,0.0,435.12
TK000383,MAT0007,绝缘材料,12.1,0.0,54.11
TK000383,MAT0020,电气元件,8.1,0.0,383.94
TK000383,MAT0028,电气元件,14.0,1.0,290.75
TK000384,MAT0049,绝缘材料,13.8,1.3,110.43
TK000385,MAT0004,工具,4.0,0.0,400.77
TK000385,MAT0010,绝缘材料,19.9,0.0,340.09
TK000386,MAT0020,线缆,13.5,0.0,485.25
TK000386,MAT0026,机械零件,9.5,1.9,17.33
TK000388,MAT0026,机械零件,1.9,0.0,493.6
TK000388,MAT0016,绝缘材料,15.5,0.0,499.78
TK000388,MAT0015,电气元件,2.0,0.0,297.37
TK000388,MAT0047,绝缘材料,4.8,0.1,150.83
TK000389,MAT0007,工具,16.2,0.0,380.84
TK000389,MAT0030,线缆,15.2,0.0,320.66
TK000389,MAT0031,电气元件,2.4,0.0,446.05
TK000389,MAT0048,辅材,4.9,0.0,264.22
TK000390,MAT0016,绝缘材料,11.9,0.0,203.57
TK000390,MAT0027,绝缘材料,2.2,0.7,493.65
TK000390,MAT0042,辅材,17.9,0.0,58.6
TK000390,MAT0044,电气元件,6.9,1.4,22.7
TK000391,MAT0009,机械零件,13.5,0.0,51.7
TK000391,MAT0040,绝缘材料,14.2,0.0,330.65
TK000391,MAT0035,工具,17.9,0.0,12.72
TK000392,MAT0017,辅材,7.6,0.0,463.57
TK000392,MAT0028,线缆,7.8,1.6,35.36
TK000392,MAT0048,辅材,11.0,0.0,185.87
TK000393,MAT0044,线缆,5.0,0.0,355.58
TK000393,MAT0024,机械零件,6.8,0.3,351.13
TK000393,MAT0006,绝缘材料,16.0,0.0,273.52
TK000393,MAT0038,工具,8.4,0.0,369.31
TK000393,MAT0027,辅材,19.7,0.0,433.31
TK000394,MAT0050,辅材,4.5,0.0,200.01
TK000394,MAT0022,线缆,15.3,0.0,246.47
TK000394,MAT0049,工具,19.6,0.0,297.72
TK000394,MAT0016,绝缘材料,18.3,0.0,370.44
TK000394,MAT0042,绝缘材料,16.7,1.6,89.66
TK000395,MAT0003,工具,7.5,0.0,288.04
TK000395,MAT0012,电气元件,11.0,0.0,194.09
TK000396,MAT0032,绝缘材料,5.3,0.0,92.55
TK000396,MAT0033,辅材,19.8,0.0,235.32
TK000396,MAT0023,电气元件,17.8,0.0,311.88
TK000396,MAT0037,工具,7.2,0.0,356.98
TK000396,MAT0005,工具,13.6,0.2,411.63
TK000397,MAT0005,电气元件,7.6,0.0,414.61
TK000397,MAT0020,电气元件,19.3,0.0,421.73
TK000398,MAT0044,工具,4.7,0.0,286.57
TK000398,MAT0033,工具,9.8,0.0,98.95
TK000400,MAT0050,辅材,12.2,1.4,214.76
TK000401,MAT0047,机械零件,2.6,0.0,106.42
TK000401,MAT0036,工具,15.3,0.0,70.68
TK000401,MAT0048,电气元件,5.0,0.0,75.79
TK000401,MAT0003,线缆,1.0,0.0,221.79
TK000402,MAT0022,辅材,15.9,0.2,353.1
TK000402,MAT0026,线缆,8.0,0.0,42.53
TK000403,MAT0012,绝缘材料,1.9,0.0,251.53
TK000403,MAT0031,绝缘材料,11.7,1.6,400.48
TK000403,MAT0022,电气元件,4.8,0.0,251.29
TK000403,MAT0011,辅材,5.2,0.0,91.76
TK000404,MAT0041,工具,3.6,0.0,128.47
TK000404,MAT0024,工具,5.3,0.0,93.78
TK000404,MAT0029,机械零件,2.7,0.0,245.42
TK000404,MAT0030,辅材,3.4,0.0,386.71
TK000404,MAT0050,线缆,4.8,0.0,35.04
TK000405,MAT0005,辅材,1.3,0.0,136.5
TK000405,MAT0007,电气元件,12.4,0.0,27.05
TK000405,MAT0044,绝缘材料,11.7,0.0,134.76
TK000405,MAT0004,电气元件,16.6,0.0,419.51
TK000405,MAT0040,绝缘材料,8.5,0.0,169.11
TK000406,MAT0024,辅材,5.5,0.0,240.19
TK000406,MAT0050,线缆,8.9,1.3,499.7
TK000406,MAT0011,绝缘材料,2.2,0.0,296.16
TK000407,MAT0043,工具,12.4,1.0,455.92
TK000407,MAT0044,机械零件,15.8,0.0,263.07
TK000407,MAT0035,辅材,10.4,1.7,189.25
TK000408,MAT0042,电气元件,1.9,0.0,241.42
TK000408,MAT0016,电气元件,6.5,0.0,245.99
TK000408,MAT0002,工具,14.3,0.0,446.68
TK000408,MAT0001,辅材,8.8,0.0,486.92
TK000408,MAT0022,机械零件,12.9,0.7,70.19
TK000409,MAT0034,电气元件,11.5,0.0,113.84
TK000409,MAT0048,绝缘材料,12.2,0.0,129.12
TK000409,MAT0041,线缆,14.7,0.0,105.9
TK000409,MAT0017,绝缘材料,7.5,0.4,395.4
TK000410,MAT0028,辅材,15.3,0.0,347.9
TK000411,MAT0011,绝缘材料,5.4,0.0,142.49
TK000411,MAT0012,绝缘材料,6.4,0.0,450.54
TK000411,MAT0049,辅材,9.9,0.0,109.24
TK000411,MAT0008,机械零件,14.1,0.0,237.92
TK000412,MAT0017,线缆,15.3,0.0,189.33
TK000412,MAT0010,工具,10.6,0.0,483.69
TK000412,MAT0048,线缆,15.3,0.0,408.79
TK000415,MAT0036,电气元件,7.3,1.3,456.78
TK000415,MAT0028,绝缘材料,14.4,0.0,226.42
TK000415,MAT0046,线缆,12.4,0.0,120.87
TK000415,MAT0023,辅材,8.9,0.0,36.52
TK000415,MAT0049,电气元件,19.0,0.0,394.25
TK000416,MAT0047,绝缘材料,3.3,0.0,220.04
TK000417,MAT0005,线缆,10.0,0.0,432.02
TK000417,MAT0032,辅材,7.7,0.0,473.97
TK000417,MAT0050,电气元件,4.5,0.0,338.04
TK000417,MAT0005,辅材,8.8,0.0,473.76
TK000419,MAT0027,绝缘材料,11.7,0.2,496.73
TK000420,MAT0019,线缆,1.9,0.0,461.36
TK000420,MAT0019,线缆,8.8,0.0,36.28
TK000420,MAT0030,辅材,13.1,0.0,42.1
TK000420,MAT0041,绝缘材料,6.5,0.0,316.0
TK000420,MAT0045,机械零件,18.1,0.0,432.01
TK000421,MAT0045,绝缘材料,2.0,0.0,27.21
TK000421,MAT0025,工具,3.1,0.0,417.83
TK000421,MAT0035,机械零件,5.0,0.3,404.44
TK000421,MAT0011,绝缘材料,6.4,0.0,31.31
TK000422,MAT0015,辅材,6.9,0.0,138.17
TK000422,MAT0004,绝缘材料,6.2,0.0,337.34
TK000422,MAT0022,辅材,17.4,0.0,355.65
TK000423,MAT0035,机械零件,7.7,0.0,249.76
TK000423,MAT0043,电气元件,14.0,0.2,492.22
TK000423,MAT0048,辅材,1.0,0.0,266.56
TK000423,MAT0035,机械零件,17.1,0.0,496.52
TK000423,MAT0044,线缆,5.9,0.0,184.57
TK000424,MAT0035,线缆,9.6,0.0,124.83
TK000424,MAT0014,辅材,5.5,0.0,338.49
TK000424,MAT0046,线缆,4.0,0.0,475.73
TK000424,MAT0016,工具,14.2,0.5,115.13
TK000424,MAT0020,电气元件,6.6,0.0,51.83
TK000425,MAT0018,机械零件,1.3,0.0,84.19
TK000425,MAT0025,绝缘材料,8.4,0.0,184.22
TK000426,MAT0021,线缆,18.0,0.0,454.32
TK000426,MAT0047,电气元件,6.1,0.0,148.13
TK000428,MAT0032,电气元件,8.4,1.4,365.6
TK000428,MAT0022,电气元件,8.6,0.0,15.43
TK000428,MAT0027,辅材,17.8,0.0,407.69
TK000428,MAT0046,工具,11.4,0.0,22.73
TK000429,MAT0017,辅材,15.6,0.0,178.27
TK000430,MAT0003,工具,0.7,0.0,299.88
TK000430,MAT0043,机械零件,7.9,0.0,92.56
TK000430,MAT0046,工具,8.4,0.0,266.61
TK000430,MAT0049,机械零件,9.5,0.0,306.64
TK000430,MAT0033,线缆,15.4,0.0,386.95
TK000431,MAT0015,电气元件,0.6,0.0,244.35
TK000431,MAT0030,绝缘材料,2.7,0.0,114.21
TK000431,MAT0036,线缆,11.3,0.0,287.19
TK000431,MAT0004,机械零件,6.2,0.0,160.28
TK000432,MAT0025,绝缘材料,16.4,0.0,429.23
TK000432,MAT0025,电气元件,4.5,0.0,454.21
TK000432,MAT0028,工具,16.7,0.0,76.82
TK000432,MAT0046,辅材,4.2,0.0,169.84
TK000433,MAT0044,机械零件,19.1,0.0,110.91
TK000433,MAT0049,绝缘材料,2.0,0.0,213.7
TK000436,MAT0005,线缆,7.5,0.0,154.42
TK000436,MAT0027,工具,19.1,0.0,218.57
TK000436,MAT0044,电气元件,1.7,0.0,84.81
TK000436,MAT0003,电气元件,17.1,0.0,193.48
TK000437,MAT0034,线缆,1.7,0.0,267.65
TK000437,MAT0037,电气元件,1.5,0.0,216.38
TK000437,MAT0014,机械零件,1.7,1.3,400.2
TK000438,MAT0009,工具,13.6,1.7,284.49
TK000438,MAT0036,机械零件,18.4,1.6,172.26
TK000438,MAT0049,电气元件,9.9,1.3,496.17
TK000438,MAT0034,电气元件,13.6,0.0,190.44
TK000438,MAT0043,电气元件,13.2,0.5,356.13
TK000439,MAT0040,机械零件,4.4,1.7,293.67
TK000439,MAT0041,线缆,15.5,1.4,365.95
TK000439,MAT0009,工具,10.9,0.0,467.49
TK000439,MAT0049,绝缘材料,12.5,0.0,148.25
TK000439,MAT0031,机械零件,7.7,0.0,481.36
TK000440,MAT0008,线缆,13.8,0.0,359.34
TK000441,MAT0040,辅材,14.6,0.0,412.9
TK000441,MAT0036,绝缘材料,3.2,0.0,43.68
TK000441,MAT0005,辅材,4.9,0.0,290.81
TK000441,MAT0050,绝缘材料,0.9,0.0,102.49
TK000441,MAT0033,机械零件,7.6,0.0,350.11
TK000442,MAT0036,辅材,19.6,0.0,312.49
TK000442,MAT0032,工具,2.1,0.0,355.34
TK000443,MAT0006,工具,12.0,0.0,63.04
TK000444,MAT0047,机械零件,15.0,1.8,154.67
TK000444,MAT0008,线缆,6.8,0.0,391.8
TK000444,MAT0016,绝缘材料,1.1,0.0,104.44
TK000444,MAT0012,线缆,9.5,0.0,380.85
TK000444,MAT0040,绝缘材料,10.5,0.7,23.3
TK000445,MAT0032,机械零件,3.3,0.0,382.27
TK000445,MAT0022,电气元件,15.0,1.6,76.56
TK000445,MAT0039,辅材,4.4,0.0,12.1
TK000446,MAT0020,辅材,5.5,0.0,85.5
TK000447,MAT0014,工具,2.8,1.0,175.12
TK000447,MAT0016,辅材,11.8,1.5,307.45
TK000447,MAT0034,绝缘材料,4.8,0.0,153.35
TK000447,MAT0041,工具,9.0,0.0,16.54
TK000448,MAT0026,电气元件,12.7,0.0,22.35
TK000448,MAT0038,线缆,4.1,0.0,246.22
TK000448,MAT0031,机械零件,8.5,0.0,450.49
TK000448,MAT0015,工具,8.3,0.3,129.4
TK000448,MAT0026,机械零件,17.2,0.0,78.15
TK000449,MAT0021,线缆,3.0,0.0,455.77
TK000449,MAT0011,线缆,5.1,1.4,431.19
TK000449,MAT0046,工具,16.3,0.2,210.92
TK000449,MAT0010,工具,17.7,0.0,486.71
TK000450,MAT0022,辅材,16.6,0.0,311.19
TK000450,MAT0021,电气元件,2.7,0.0,460.17
TK000451,MAT0027,工具,7.8,0.0,283.9
TK000452,MAT0013,绝缘材料,5.4,0.0,192.5
TK000452,MAT0020,绝缘材料,8.0,0.0,125.99
TK000453,MAT0020,电气元件,19.3,0.0,467.15
TK000453,MAT0017,工具,15.6,0.0,46.38
TK000453,MAT0028,线缆,1.6,0.0,12.76
TK000453,MAT0033,线缆,18.2,0.0,390.86
TK000453,MAT0023,工具,5.3,0.0,366.77
TK000454,MAT0045,工具,8.4,1.1,256.92
TK000454,MAT0008,机械零件,11.4,0.0,92.46
TK000454,MAT0048,绝缘材料,6.5,0.0,13.93
TK000454,MAT0033,机械零件,5.6,0.8,167.85
TK000455,MAT0015,电气元件,4.1,0.3,483.72
TK000455,MAT0042,工具,13.8,0.0,458.34
TK000455,MAT0033,辅材,17.9,0.0,389.21
TK000455,MAT0037,辅材,4.9,0.0,382.01
TK000456,MAT0038,辅材,17.8,0.0,204.63
TK000456,MAT0038,电气元件,7.0,1.8,8.99
TK000457,MAT0040,绝缘材料,5.4,0.0,201.53
TK000457,MAT0027,绝缘材料,5.3,0.0,279.66
TK000457,MAT0006,辅材,6.1,1.9,351.91
TK000458,MAT0045,机械零件,15.3,0.0,174.85
TK000458,MAT0011,绝缘材料,16.1,1.5,429.49
TK000458,MAT0030,线缆,19.3,1.2,486.45
TK000458,MAT0040,线缆,2.2,1.5,288.38
TK000459,MAT0011,工具,4.1,0.0,422.53
TK000459,MAT0015,工具,3.7,0.0,31.53
TK000459,MAT0040,线缆,13.4,0.0,378.69
TK000459,MAT0037,工具,10.4,0.0,476.34
TK000460,MAT0023,辅材,20.0,0.0,208.04
TK000460,MAT0034,工具,1.8,0.0,88.2
TK000461,MAT0036,电气元件,12.9,0.1,269.5
TK000461,MAT0038,工具,15.1,1.2,276.36
TK000461,MAT0012,辅材,16.4,1.7,173.98
TK000461,MAT0047,电气元件,9.2,0.0,478.55
TK000462,MAT0042,机械零件,13.9,0.0,251.87
TK000462,MAT0018,电气元件,19.2,1.8,157.28
TK000462,MAT0046,工具,9.5,0.0,37.9
TK000463,MAT0044,机械零件,1.6,0.0,143.0
TK000463,MAT0044,线缆,3.7,0.0,207.72
TK000463,MAT0041,绝缘材料,18.4,0.0,407.2
TK000465,MAT0033,工具,3.0,0.0,334.49
TK000465,MAT0035,辅材,7.5,0.0,483.17
TK000465,MAT0047,辅材,16.1,0.0,169.85
TK000465,MAT0025,工具,16.6,0.0,339.2
TK000465,MAT0039,辅材,12.7,0.0,167.14
TK000466,MAT0008,线缆,14.2,1.5,308.71
TK000467,MAT0022,电气元件,7.6,0.0,399.29
TK000467,MAT0031,辅材,12.0,0.0,215.88
TK000468,MAT0040,工具,13.2,0.0,295.55
TK000468,MAT0001,绝缘材料,17.3,0.9,380.97
TK000470,MAT0015,电气元件,12.5,0.0,380.99
TK000470,MAT0034,工具,5.1,0.0,288.25
TK000470,MAT0005,绝缘材料,11.4,0.0,255.74
TK000470,MAT0038,辅材,5.6,0.0,140.16
TK000470,MAT0017,电气元件,1.4,0.0,362.83
TK000471,MAT0007,机械零件,2.5,0.0,169.89
TK000471,MAT0002,电气元件,14.6,0.0,357.28
TK000471,MAT0019,线缆,6.9,0.0,79.12
TK000472,MAT0021,辅材,4.9,0.0,171.65
TK000472,MAT0041,电气元件,18.8,0.0,356.85
TK000473,MAT0023,线缆,3.9,0.0,351.45
TK000474,MAT0009,电气元件,7.5,0.0,228.21
TK000474,MAT0005,辅材,0.5,0.0,172.19
TK000475,MAT0034,线缆,14.4,0.0,175.6
TK000477,MAT0031,机械零件,3.3,0.0,166.57
TK000477,MAT0028,机械零件,10.5,0.0,11.71
TK000478,MAT0003,机械零件,12.1,0.0,376.25
TK000479,MAT0024,电气元件,11.9,0.0,452.66
TK000479,MAT0026,辅材,5.7,0.0,118.76
TK000479,MAT0031,工具,5.7,0.0,235.81
TK000479,MAT0039,工具,18.9,0.0,281.42
TK000479,MAT0037,线缆,19.2,0.1,47.48
TK000480,MAT0038,辅材,13.9,0.3,242.33
TK000480,MAT0046,机械零件,14.4,0.0,311.96
TK000480,MAT0020,工具,9.6,0.0,10.16
TK000480,MAT0037,绝缘材料,7.2,0.0,17.37
TK000481,MAT0050,机械零件,11.0,0.0,271.33
TK000482,MAT0036,工具,0.6,0.0,243.98
TK000482,MAT0002,机械零件,3.8,0.0,471.92
TK000482,MAT0037,机械零件,7.2,0.0,314.33
TK000482,MAT0029,电气元件,0.6,0.0,268.26
TK000483,MAT0013,线缆,16.6,0.7,480.27
TK000483,MAT0033,机械零件,6.4,0.0,122.91
TK000484,MAT0014,机械零件,11.2,0.0,413.87
TK000485,MAT0039,工具,12.7,0.0,363.21
TK000485,MAT0021,绝缘材料,8.0,0.0,56.3
TK000485,MAT0001,线缆,1.7,0.0,46.49
TK000487,MAT0007,线缆,1.0,0.0,339.92
TK000487,MAT0046,机械零件,13.7,0.0,300.9
TK000487,MAT0010,电气元件,18.3,0.0,420.49
TK000487,MAT0005,绝缘材料,8.0,0.0,103.09
TK000488,MAT0018,机械零件,4.6,0.0,148.96
TK000488,MAT0010,线缆,3.8,0.0,166.05
TK000488,MAT0019,机械零件,15.9,0.0,386.1
TK000488,MAT0016,电气元件,5.4,0.0,141.22
TK000488,MAT0002,工具,10.5,0.0,132.81
TK000489,MAT0026,机械零件,10.5,0.0,206.49
TK000489,MAT0029,机械零件,3.7,0.0,242.5
TK000489,MAT0048,绝缘材料,7.0,1.0,106.84
TK000490,MAT0007,线缆,16.5,0.0,192.19
TK000490,MAT0046,线缆,8.1,0.0,423.96
TK000490,MAT0009,工具,6.8,0.0,180.3
TK000491,MAT0025,工具,5.2,0.0,319.13
TK000492,MAT0049,辅材,11.3,1.2,217.59
TK000492,MAT0035,辅材,2.4,0.0,41.37
TK000492,MAT0020,工具,17.7,0.0,250.56
TK000492,MAT0004,电气元件,9.4,0.0,75.09
TK000493,MAT0019,机械零件,17.2,0.0,278.2
TK000493,MAT0045,绝缘材料,2.2,0.0,269.58
TK000493,MAT0035,绝缘材料,1.9,1.8,293.25
TK000493,MAT0004,辅材,5.2,0.6,265.42
TK000494,MAT0014,机械零件,11.5,0.0,402.32
TK000494,MAT0024,工具,19.3,0.0,52.4
TK000494,MAT0039,线缆,10.0,0.0,468.07
TK000495,MAT0034,工具,0.8,0.0,352.7
TK000495,MAT0033,绝缘材料,13.6,0.4,92.81
TK000496,MAT0029,机械零件,9.3,0.0,396.32
TK000498,MAT0005,机械零件,13.7,0.0,105.99
TK000499,MAT0044,线缆,14.7,0.0,67.92
TK000499,MAT0013,辅材,9.9,0.0,386.9
TK000499,MAT0035,绝缘材料,10.0,1.1,318.36
TK000499,MAT0006,工具,4.5,1.5,5.84
TK000500,MAT0004,电气元件,14.3,0.0,19.69
TK000500,MAT0034,线缆,12.1,0.0,366.02
TK000500,MAT0030,机械零件,12.0,0.0,87.78
TK000500,MAT0040,线缆,2.2,0.0,213.6
TK000501,MAT0048,机械零件,9.6,0.0,396.47
TK000501,MAT0024,线缆,2.6,0.0,270.5
TK000502,MAT0020,电气元件,10.5,0.0,415.13
TK000502,MAT0042,机械零件,7.8,1.5,88.25
TK000502,MAT0026,线缆,15.9,0.0,453.19
TK000503,MAT0043,线缆,15.0,0.0,437.65
TK000503,MAT0042,线缆,11.4,1.6,66.18
TK000503,MAT0047,辅材,13.4,0.0,313.62
TK000503,MAT0012,电气元件,7.6,0.0,405.05
TK000504,MAT0020,绝缘材料,5.4,1.2,19.66
TK000504,MAT0023,线缆,5.3,0.0,262.18
TK000504,MAT0026,辅材,4.8,0.0,92.09
TK000505,MAT0023,机械零件,2.9,0.0,261.47
TK000505,MAT0044,电气元件,1.8,0.0,346.47
TK000505,MAT0028,机械零件,8.8,0.0,376.06
TK000505,MAT0008,线缆,1.4,0.0,85.4
TK000505,MAT0018,线缆,5.6,0.0,62.87
TK000506,MAT0036,机械零件,19.2,0.0,285.63
TK000508,MAT0034,工具,17.6,0.1,338.45
TK000508,MAT0024,电气元件,13.8,0.0,33.18
TK000508,MAT0001,辅材,1.6,0.0,107.01
TK000508,MAT0009,绝缘材料,16.0,0.0,72.5
TK000508,MAT0006,机械零件,5.4,0.0,108.65
TK000509,MAT0037,辅材,9.7,0.0,399.62
TK000509,MAT0029,电气元件,13.5,1.3,419.84
TK000510,MAT0005,绝缘材料,11.2,0.0,271.51
TK000511,MAT0020,辅材,13.5,1.6,127.56
TK000511,MAT0046,辅材,1.6,0.0,482.62
TK000511,MAT0031,电气元件,4.5,0.3,371.38
TK000511,MAT0030,电气元件,8.9,1.9,442.86
TK000511,MAT0002,绝缘材料,3.8,0.0,149.2
TK000513,MAT0002,辅材,5.6,0.0,240.51
TK000513,MAT0002,辅材,13.6,0.0,214.56
TK000513,MAT0029,线缆,18.5,0.0,156.38
TK000513,MAT0029,电气元件,10.5,0.0,36.79
TK000513,MAT0033,机械零件,2.3,0.0,411.32
TK000515,MAT0042,机械零件,11.3,0.2,396.7
TK000515,MAT0027,机械零件,16.3,0.0,44.45
TK000516,MAT0017,工具,17.0,0.5,365.57
TK000518,MAT0037,辅材,3.2,0.0,479.64
TK000519,MAT0014,机械零件,1.3,0.0,252.5
TK000519,MAT0017,线缆,4.2,0.0,424.11
TK000519,MAT0043,工具,8.9,0.0,382.04
TK000520,MAT0036,工具,13.5,0.0,463.26
TK000520,MAT0019,辅材,18.9,0.1,58.39
TK000520,MAT0018,绝缘材料,17.9,0.0,467.92
TK000520,MAT0022,工具,10.2,1.1,415.79
TK000521,MAT0038,电气元件,1.4,1.7,141.11
TK000521,MAT0035,绝缘材料,7.7,0.0,481.37
TK000521,MAT0012,工具,17.2,0.0,247.07
TK000521,MAT0043,工具,7.9,0.0,419.72
TK000521,MAT0034,绝缘材料,14.7,0.0,493.35
TK000522,MAT0040,机械零件,2.2,0.0,98.17
TK000522,MAT0037,绝缘材料,16.4,0.0,371.79
TK000522,MAT0016,电气元件,18.3,0.0,227.79
TK000522,MAT0001,工具,7.5,0.0,277.1
TK000522,MAT0023,电气元件,14.0,0.0,345.03
TK000523,MAT0007,绝缘材料,7.7,1.6,221.54
TK000523,MAT0014,工具,14.2,0.0,105.02
TK000523,MAT0004,电气元件,17.9,0.0,410.63
TK000524,MAT0005,线缆,19.4,0.0,332.21
TK000524,MAT0001,工具,9.7,0.0,335.97
TK000524,MAT0030,工具,18.3,0.0,74.13
TK000525,MAT0006,机械零件,4.7,0.0,252.29
TK000526,MAT0020,绝缘材料,18.9,0.0,420.32
TK000527,MAT0014,辅材,5.4,0.0,398.19
TK000527,MAT0039,机械零件,19.1,0.0,291.68
TK000527,MAT0008,辅材,16.4,0.3,484.39
TK000527,MAT0046,线缆,17.3,0.0,368.86
TK000527,MAT0003,辅材,14.8,0.0,482.38
TK000528,MAT0048,电气元件,18.4,1.1,411.54
TK000528,MAT0021,电气元件,18.9,0.0,436.75
TK000528,MAT0007,绝缘材料,5.5,0.9,220.4
TK000531,MAT0024,电气元件,6.9,0.0,160.4
TK000532,MAT0035,绝缘材料,16.2,0.0,45.09
TK000534,MAT0021,线缆,2.1,0.0,449.57
TK000534,MAT0001,机械零件,3.7,0.0,318.91
TK000535,MAT0048,机械零件,11.7,0.0,7.43
TK000535,MAT0021,电气元件,16.6,0.4,132.5
TK000536,MAT0017,工具,2.3,0.0,27.91
TK000536,MAT0022,绝缘材料,11.6,0.0,123.37
TK000537,MAT0005,工具,5.0,0.0,451.58
TK000537,MAT0024,绝缘材料,8.8,0.0,76.51
TK000538,MAT0046,线缆,10.6,0.0,464.74
TK000538,MAT0004,机械零件,5.1,0.0,104.77
TK000538,MAT0010,线缆,1.9,0.0,123.14
TK000541,MAT0040,辅材,19.4,0.0,421.32
TK000541,MAT0004,绝缘材料,3.9,0.7,226.26
TK000541,MAT0005,机械零件,3.3,0.0,105.15
TK000541,MAT0007,辅材,15.0,0.0,66.09
TK000541,MAT0043,绝缘材料,4.2,0.0,351.14
TK000542,MAT0043,辅材,5.3,0.0,392.18
TK000542,MAT0045,机械零件,11.5,0.0,26.53
TK000542,MAT0010,工具,13.5,0.0,194.1
TK000543,MAT0034,电气元件,18.9,1.2,294.29
TK000543,MAT0038,机械零件,17.8,0.0,459.75
TK000544,MAT0029,工具,4.4,1.4,31.09
TK000544,MAT0020,机械零件,1.0,0.0,354.35
TK000546,MAT0029,机械零件,14.2,0.0,433.04
TK000546,MAT0050,工具,9.3,0.0,31.39
TK000546,MAT0017,电气元件,3.6,0.0,68.21
TK000546,MAT0042,工具,19.2,0.0,338.11
TK000547,MAT0005,机械零件,9.4,0.0,218.11
TK000547,MAT0016,电气元件,19.6,0.0,217.9
TK000547,MAT0004,绝缘材料,19.9,0.4,306.02
TK000548,MAT0028,机械零件,9.8,0.5,91.69
TK000548,MAT0042,线缆,15.1,0.0,40.21
TK000549,MAT0038,电气元件,11.0,0.0,450.54
TK000549,MAT0009,辅材,11.4,0.0,340.71
TK000549,MAT0006,辅材,17.2,1.3,283.61
TK000549,MAT0019,辅材,19.3,0.0,281.72
TK000549,MAT0022,工具,7.0,0.0,53.26
TK000550,MAT0035,机械零件,10.7,0.0,110.14
TK000551,MAT0032,绝缘材料,11.7,0.0,135.5
TK000551,MAT0043,绝缘材料,16.4,0.0,241.59
TK000551,MAT0018,绝缘材料,9.0,0.5,22.67
TK000551,MAT0029,线缆,9.3,0.0,279.45
TK000551,MAT0050,工具,1.0,0.0,86.95
TK000552,MAT0013,电气元件,1.8,0.0,250.0
TK000552,MAT0027,工具,6.3,0.0,188.4
TK000553,MAT0047,线缆,4.6,0.0,112.2
TK000553,MAT0049,工具,6.3,0.0,276.69
TK000554,MAT0040,绝缘材料,18.3,0.0,119.24
TK000554,MAT0047,机械零件,7.5,0.0,15.23
TK000554,MAT0032,电气元件,7.9,0.0,202.26
TK000555,MAT0042,电气元件,6.4,0.0,37.84
TK000555,MAT0049,工具,5.7,0.6,61.67
TK000555,MAT0020,电气元件,8.4,0.0,305.38
TK000555,MAT0040,电气元件,9.4,1.8,20.53
TK000555,MAT0028,线缆,18.5,0.0,84.02
TK000556,MAT0040,机械零件,15.2,0.0,236.56
TK000556,MAT0035,电气元件,17.1,0.9,340.66
TK000556,MAT0031,线缆,3.8,0.0,95.97
TK000557,MAT0038,线缆,19.9,0.0,7.5
TK000557,MAT0034,电气元件,15.7,0.0,56.25
TK000557,MAT0036,工具,9.6,0.0,301.33
TK000557,MAT0010,绝缘材料,14.3,0.0,137.47
TK000559,MAT0022,工具,3.9,0.0,402.7
TK000559,MAT0047,机械零件,2.9,0.0,161.4
TK000559,MAT0007,工具,8.1,0.7,51.17
TK000559,MAT0011,电气元件,8.5,0.0,188.18
TK000560,MAT0024,绝缘材料,5.5,0.0,49.56
TK000561,MAT0022,机械零件,0.5,1.2,299.59
TK000561,MAT0045,电气元件,12.2,0.0,103.28
TK000561,MAT0017,工具,3.7,1.9,159.16
TK000561,MAT0048,线缆,8.6,0.0,24.47
TK000561,MAT0033,绝缘材料,0.7,0.0,83.29
TK000562,MAT0016,绝缘材料,4.9,0.0,361.45
TK000563,MAT0042,绝缘材料,4.0,0.0,273.91
TK000563,MAT0045,电气元件,15.1,0.0,74.87
TK000563,MAT0008,辅材,1.3,1.1,368.25
TK000563,MAT0050,工具,3.3,0.0,166.11
TK000563,MAT0022,电气元件,15.0,0.0,112.16
TK000565,MAT0015,机械零件,5.1,0.0,128.86
TK000565,MAT0001,绝缘材料,5.8,0.0,454.04
TK000566,MAT0030,绝缘材料,18.2,1.7,311.16
TK000566,MAT0022,辅材,13.3,0.0,263.27
TK000567,MAT0014,绝缘材料,19.6,0.0,132.11
TK000567,MAT0037,机械零件,4.6,1.6,402.06
TK000567,MAT0034,绝缘材料,19.3,0.0,123.97
TK000567,MAT0049,工具,10.3,0.0,380.75
TK000567,MAT0033,机械零件,6.8,0.0,461.59
TK000568,MAT0009,线缆,17.2,0.0,66.58
TK000568,MAT0009,工具,9.5,0.0,424.37
TK000568,MAT0037,电气元件,13.8,0.0,192.36
TK000568,MAT0034,工具,11.3,0.0,97.46
TK000568,MAT0029,辅材,1.5,1.5,163.1
TK000569,MAT0014,绝缘材料,8.5,0.0,493.93
TK000570,MAT0026,机械零件,2.2,0.0,245.87
TK000571,MAT0006,机械零件,16.1,0.0,326.87
TK000571,MAT0002,绝缘材料,9.4,0.0,376.4
TK000571,MAT0013,绝缘材料,8.3,0.0,137.63
TK000572,MAT0045,工具,17.3,0.0,119.66
TK000573,MAT0037,工具,13.0,0.0,181.01
TK000573,MAT0007,机械零件,7.1,0.6,156.94
TK000573,MAT0005,辅材,5.7,0.0,171.63
TK000573,MAT0013,线缆,9.7,0.0,483.06
TK000573,MAT0012,绝缘材料,1.2,0.0,297.15
TK000574,MAT0029,线缆,1.2,0.0,103.41
TK000574,MAT0010,辅材,0.9,0.0,182.78
TK000574,MAT0049,线缆,6.9,0.0,153.63
TK000574,MAT0040,绝缘材料,11.5,0.0,201.26
TK000575,MAT0013,工具,13.0,0.0,65.33
TK000575,MAT0037,机械零件,13.9,0.0,496.63
TK000575,MAT0022,线缆,19.0,0.0,129.92
TK000575,MAT0021,绝缘材料,4.1,0.0,55.48
TK000575,MAT0025,工具,15.7,1.2,118.09
TK000577,MAT0010,机械零件,14.9,0.0,355.22
TK000578,MAT0032,线缆,15.3,0.0,482.45
TK000578,MAT0045,机械零件,5.7,0.0,180.91
TK000578,MAT0034,工具,8.9,0.0,134.71
TK000578,MAT0042,工具,18.7,0.0,442.86
TK000580,MAT0042,工具,7.8,0.0,260.54
TK000581,MAT0011,辅材,17.1,0.0,172.34
TK000581,MAT0021,绝缘材料,9.7,0.0,189.59
TK000582,MAT0007,辅材,13.9,0.0,283.28
TK000582,MAT0001,绝缘材料,5.3,0.0,169.43
TK000583,MAT0003,机械零件,19.1,0.0,74.15
TK000583,MAT0005,工具,14.6,0.0,329.81
TK000584,MAT0029,辅材,15.2,1.5,46.71
TK000584,MAT0026,工具,17.4,1.2,14.36
TK000585,MAT0039,机械零件,2.8,0.0,188.57
TK000585,MAT0043,电气元件,2.5,0.0,370.32
TK000585,MAT0036,辅材,14.4,0.0,354.58
TK000586,MAT0025,绝缘材料,17.2,0.0,82.07
TK000586,MAT0047,机械零件,17.9,0.0,122.23
TK000586,MAT0019,辅材,12.5,0.0,422.8
TK000586,MAT0020,绝缘材料,14.4,0.0,178.51
TK000586,MAT0004,辅材,6.7,0.3,81.11
TK000587,MAT0013,辅材,12.7,0.8,10.39
TK000587,MAT0048,工具,1.4,0.0,41.58
TK000587,MAT0027,线缆,17.3,0.0,58.53
TK000587,MAT0012,线缆,18.7,0.0,31.11
TK000587,MAT0004,辅材,19.3,1.5,442.93
TK000588,MAT0019,辅材,2.9,0.5,197.3
TK000588,MAT0043,线缆,2.4,0.0,107.34
TK000588,MAT0040,辅材,9.2,0.0,348.64
TK000589,MAT0041,工具,18.8,0.4,427.4
TK000589,MAT0044,辅材,2.7,0.0,155.88
TK000590,MAT0001,线缆,2.5,1.3,138.46
TK000590,MAT0024,辅材,19.0,0.0,368.43
TK000591,MAT0019,机械零件,5.9,0.0,115.25
TK000591,MAT0040,机械零件,10.8,0.0,298.82
TK000592,MAT0032,辅材,11.8,0.0,491.13
TK000592,MAT0009,机械零件,15.0,0.0,466.09
TK000592,MAT0045,线缆,16.5,1.5,99.72
TK000592,MAT0011,电气元件,7.8,0.0,220.32
TK000592,MAT0027,机械零件,3.1,0.0,332.34
TK000593,MAT0019,机械零件,7.8,0.0,136.77
TK000593,MAT0045,电气元件,16.3,0.0,328.23
TK000593,MAT0050,线缆,9.6,0.0,198.4
TK000593,MAT0041,机械零件,3.6,0.1,137.04
TK000596,MAT0013,电气元件,10.4,0.0,346.05
TK000596,MAT0029,工具,4.4,0.0,45.91
TK000596,MAT0046,绝缘材料,10.6,0.8,328.8
TK000596,MAT0021,绝缘材料,9.0,0.0,96.62
TK000597,MAT0035,电气元件,2.6,0.0,180.17
TK000597,MAT0030,辅材,10.7,0.0,195.18
TK000597,MAT0044,线缆,7.1,0.0,127.5
TK000597,MAT0041,线缆,12.8,0.0,252.76
TK000597,MAT0048,电气元件,6.5,0.0,357.99
TK000599,MAT0050,工具,8.7,0.0,137.73
TK000599,MAT0025,工具,9.6,0.0,76.91
TK000599,MAT0008,辅材,5.0,0.0,399.0
TK000601,MAT0015,电气元件,9.9,0.0,182.0
TK000601,MAT0001,辅材,2.2,0.0,147.65
TK000601,MAT0007,工具,10.5,0.0,194.35
TK000601,MAT0020,电气元件,7.7,0.0,304.86
TK000601,MAT0034,电气元件,0.8,0.0,343.12
TK000604,MAT0045,机械零件,16.5,0.0,42.33
TK000605,MAT0003,工具,18.4,0.0,257.76
TK000606,MAT0036,绝缘材料,6.6,0.0,160.25
TK000606,MAT0005,线缆,18.3,0.0,331.94
TK000606,MAT0046,绝缘材料,5.1,0.0,283.89
TK000607,MAT0041,绝缘材料,16.6,0.0,335.18
TK000607,MAT0045,辅材,7.3,0.0,7.12
TK000607,MAT0031,线缆,11.3,0.0,45.06
TK000607,MAT0008,绝缘材料,6.8,0.0,494.25
TK000608,MAT0001,电气元件,12.4,0.0,62.09
TK000608,MAT0049,电气元件,7.3,0.0,187.06
TK000609,MAT0037,线缆,14.7,0.0,44.71
TK000610,MAT0001,线缆,17.9,0.0,263.62
TK000610,MAT0016,工具,16.4,0.0,477.66
TK000611,MAT0014,辅材,3.6,0.0,164.57
TK000612,MAT0038,线缆,7.1,0.0,13.76
TK000612,MAT0004,辅材,16.1,0.0,72.24
TK000612,MAT0012,工具,9.9,0.0,118.83
TK000613,MAT0022,辅材,4.5,0.0,389.28
TK000613,MAT0032,绝缘材料,5.3,0.0,179.09
TK000613,MAT0036,电气元件,15.7,0.0,18.85
TK000614,MAT0011,绝缘材料,14.7,0.0,293.77
TK000614,MAT0026,线缆,15.4,0.0,289.59
TK000614,MAT0030,绝缘材料,5.6,0.0,288.28
TK000614,MAT0049,辅材,6.9,0.0,309.11
TK000615,MAT0013,机械零件,5.1,0.0,332.84
TK000615,MAT0017,机械零件,3.5,0.0,333.59
TK000616,MAT0032,线缆,7.6,0.0,332.54
TK000616,MAT0001,电气元件,8.1,0.0,375.4
TK000617,MAT0024,工具,5.5,0.6,255.93
TK000617,MAT0036,线缆,1.0,1.9,98.03
TK000617,MAT0041,电气元件,6.9,1.9,379.37
TK000619,MAT0016,电气元件,16.3,0.0,236.33
TK000619,MAT0021,工具,10.9,0.0,240.06
TK000620,MAT0044,线缆,10.7,1.9,317.72
TK000620,MAT0004,线缆,13.3,0.0,310.57
TK000621,MAT0020,电气元件,11.2,0.0,80.8
TK000621,MAT0043,辅材,5.4,0.0,162.2
TK000621,MAT0013,工具,1.2,0.0,120.02
TK000621,MAT0019,辅材,16.3,0.0,345.01
TK000621,MAT0033,绝缘材料,14.5,0.0,306.1
TK000622,MAT0050,机械零件,2.3,0.0,291.81
TK000622,MAT0045,机械零件,19.7,0.0,485.05
TK000622,MAT0047,工具,11.6,0.0,229.51
TK000623,MAT0020,绝缘材料,7.5,0.0,163.83
TK000625,MAT0031,线缆,6.8,0.0,405.0
TK000625,MAT0036,机械零件,12.7,0.0,24.6
TK000625,MAT0009,电气元件,4.2,1.4,273.63
TK000625,MAT0037,机械零件,10.6,0.0,327.6
TK000625,MAT0050,电气元件,6.9,0.0,424.9
TK000626,MAT0022,绝缘材料,6.4,0.0,104.8
TK000626,MAT0027,机械零件,13.6,1.8,223.81
TK000626,MAT0032,电气元件,5.1,0.0,153.86
TK000626,MAT0025,绝缘材料,17.5,0.0,214.99
TK000626,MAT0018,绝缘材料,13.4,0.0,124.27
TK000627,MAT0021,辅材,14.3,0.0,496.92
TK000627,MAT0044,工具,7.9,0.0,193.05
TK000627,MAT0048,电气元件,3.5,0.0,221.34
TK000627,MAT0030,机械零件,16.4,0.0,43.37
TK000627,MAT0023,绝缘材料,3.7,0.0,213.26
TK000628,MAT0003,机械零件,5.6,0.0,407.94
TK000629,MAT0034,电气元件,9.1,0.0,353.53
TK000629,MAT0029,电气元件,18.8,0.0,7.87
TK000629,MAT0044,绝缘材料,8.0,0.3,405.2
TK000629,MAT0049,工具,13.0,0.8,444.14
TK000630,MAT0039,电气元件,10.5,0.0,400.01
TK000631,MAT0038,绝缘材料,4.2,0.0,45.69
TK000631,MAT0015,绝缘材料,1.2,0.0,457.27
TK000631,MAT0013,绝缘材料,14.1,0.5,46.34
TK000631,MAT0018,工具,11.2,0.0,133.85
TK000631,MAT0031,线缆,11.1,0.0,422.07
TK000632,MAT0037,辅材,0.6,0.0,224.18
TK000633,MAT0004,线缆,7.2,1.3,172.24
TK000633,MAT0027,绝缘材料,17.1,0.0,326.65
TK000633,MAT0024,工具,7.5,0.0,341.22
TK000634,MAT0014,工具,18.1,0.0,58.65
TK000634,MAT0025,绝缘材料,8.3,0.0,99.73
TK000634,MAT0005,线缆,13.5,0.0,332.68
TK000634,MAT0048,工具,0.9,0.0,464.49
TK000634,MAT0005,辅材,13.9,0.0,270.44
TK000635,MAT0017,绝缘材料,14.9,1.4,271.14
TK000635,MAT0007,辅材,13.2,0.0,238.29
TK000635,MAT0002,线缆,7.5,1.0,314.91
TK000635,MAT0048,工具,3.9,0.0,477.54
TK000636,MAT0021,辅材,5.4,0.0,95.5
TK000636,MAT0049,机械零件,3.0,0.0,331.04
TK000636,MAT0023,机械零件,14.0,0.0,145.12
TK000636,MAT0037,工具,3.1,0.0,355.19
TK000636,MAT0030,线缆,11.0,0.0,442.33
TK000637,MAT0034,绝缘材料,14.1,0.0,129.66
TK000639,MAT0044,工具,18.4,1.6,316.41
TK000639,MAT0030,电气元件,11.4,0.0,194.24
TK000640,MAT0047,线缆,11.2,0.0,55.52
TK000641,MAT0036,线缆,3.4,0.9,292.1
TK000642,MAT0023,辅材,5.6,0.0,492.3
TK000642,MAT0022,工具,19.3,0.2,455.0
TK000642,MAT0047,电气元件,5.5,0.0,195.54
TK000643,MAT0013,工具,4.7,0.0,68.59
TK000643,MAT0004,辅材,17.2,0.0,421.28
TK000643,MAT0017,绝缘材料,7.2,0.0,382.97
TK000643,MAT0037,机械零件,1.9,0.0,162.28
TK000643,MAT0029,线缆,4.2,0.0,58.33
TK000644,MAT0010,电气元件,7.8,0.0,71.23
TK000644,MAT0042,线缆,12.9,0.9,142.55
TK000644,MAT0004,绝缘材料,8.1,0.0,111.52
TK000645,MAT0012,工具,15.3,0.6,320.16
TK000645,MAT0034,机械零件,10.3,0.0,87.07
TK000645,MAT0036,机械零件,7.0,1.8,406.53
TK000645,MAT0020,辅材,13.1,1.2,383.02
TK000646,MAT0004,辅材,15.4,0.0,155.01
TK000646,MAT0049,辅材,18.1,0.0,24.48
TK000646,MAT0048,机械零件,12.0,1.6,364.62
TK000646,MAT0013,辅材,14.5,0.0,414.71
TK000646,MAT0001,线缆,5.3,0.7,406.1
TK000647,MAT0019,机械零件,1.7,0.0,46.47
TK000647,MAT0038,电气元件,11.0,0.0,229.7
TK000647,MAT0010,机械零件,11.3,0.0,383.28
TK000648,MAT0044,工具,13.5,0.0,290.47
TK000648,MAT0009,绝缘材料,1.7,0.0,107.24
TK000648,MAT0004,辅材,3.3,0.0,10.08
TK000648,MAT0003,电气元件,15.0,0.0,380.92
TK000649,MAT0018,电气元件,3.8,0.0,472.5
TK000649,MAT0041,绝缘材料,19.2,0.0,62.61
TK000649,MAT0049,工具,18.2,0.0,442.55
TK000650,MAT0004,电气元件,9.6,0.0,147.06
TK000650,MAT0015,绝缘材料,14.2,0.0,455.45
TK000650,MAT0007,机械零件,14.5,0.0,205.28
TK000650,MAT0019,机械零件,13.7,0.0,284.16
TK000650,MAT0034,电气元件,7.0,0.0,252.84
TK000653,MAT0004,工具,4.8,0.0,259.45
TK000653,MAT0034,线缆,1.7,0.3,281.71
TK000653,MAT0001,线缆,5.0,0.0,301.63
TK000654,MAT0044,机械零件,11.0,0.0,31.97
TK000654,MAT0014,辅材,2.3,1.7,329.98
TK000655,MAT0012,绝缘材料,3.0,0.0,313.62
TK000655,MAT0012,电气元件,5.8,0.0,424.02
TK000655,MAT0029,线缆,1.5,0.0,72.81
TK000655,MAT0044,绝缘材料,8.9,1.8,82.27
TK000656,MAT0001,电气元件,2.8,0.0,78.72
TK000656,MAT0023,辅材,4.6,0.0,475.52
TK000656,MAT0049,电气元件,5.2,0.0,341.89
TK000656,MAT0045,机械零件,2.6,0.0,249.42
TK000658,MAT0039,电气元件,9.7,0.0,35.31
TK000658,MAT0025,绝缘材料,1.6,0.0,153.6
TK000658,MAT0005,电气元件,2.3,0.0,124.84
TK000658,MAT0015,辅材,7.5,0.0,115.85
TK000658,MAT0037,绝缘材料,7.7,1.9,268.57
TK000659,MAT0025,绝缘材料,5.5,0.0,389.65
TK000659,MAT0015,辅材,14.3,0.0,439.07
TK000659,MAT0015,工具,0.7,0.0,90.26
TK000660,MAT0029,线缆,16.7,0.0,236.47
TK000660,MAT0005,线缆,16.9,0.2,36.61
TK000661,MAT0045,机械零件,17.5,0.0,400.41
TK000661,MAT0018,电气元件,19.4,0.2,388.33
TK000661,MAT0038,机械零件,16.3,0.0,497.83
TK000662,MAT0013,机械零件,3.7,1.1,271.64
TK000662,MAT0011,绝缘材料,7.5,0.0,54.88
TK000662,MAT0029,辅材,14.4,0.0,433.19
TK000662,MAT0041,绝缘材料,18.7,0.0,75.33
TK000662,MAT0034,工具,8.5,0.0,316.53
TK000664,MAT0036,绝缘材料,2.6,0.0,38.67
TK000665,MAT0027,线缆,10.5,0.1,190.77
TK000665,MAT0037,辅材,19.2,0.0,65.53
TK000665,MAT0044,辅材,18.8,0.0,67.53
TK000665,MAT0004,辅材,19.7,0.0,153.41
TK000666,MAT0048,辅材,2.5,0.0,43.47
TK000666,MAT0047,工具,19.5,0.0,81.55
TK000667,MAT0026,电气元件,18.4,0.3,408.1
TK000667,MAT0016,机械零件,8.7,0.0,397.08
TK000667,MAT0028,绝缘材料,9.4,0.0,38.23
TK000667,MAT0024,绝缘材料,4.5,0.0,101.55
TK000667,MAT0022,线缆,18.7,0.0,308.33
TK000668,MAT0011,工具,10.5,0.0,169.0
TK000668,MAT0049,工具,1.7,0.0,102.94
TK000668,MAT0024,机械零件,9.9,0.0,198.5
TK000668,MAT0044,绝缘材料,6.1,0.0,466.01
TK000668,MAT0040,线缆,16.6,0.0,297.34
TK000669,MAT0026,电气元件,4.9,0.0,249.09
TK000669,MAT0006,机械零件,8.1,0.0,393.98
TK000669,MAT0030,线缆,12.0,0.2,467.9
TK000669,MAT0025,电气元件,1.8,0.2,416.48
TK000670,MAT0014,电气元件,4.1,0.0,345.64
TK000670,MAT0003,线缆,17.4,0.0,127.96
TK000670,MAT0039,绝缘材料,8.0,0.0,473.38
TK000670,MAT0050,线缆,5.0,1.5,163.12
TK000671,MAT0046,电气元件,13.7,1.8,495.83
TK000671,MAT0023,工具,8.0,0.0,47.92
TK000672,MAT0045,电气元件,17.9,0.0,105.13
TK000672,MAT0002,辅材,11.5,0.0,163.2
TK000672,MAT0009,电气元件,14.6,0.0,51.94
TK000672,MAT0025,辅材,1.1,0.0,286.12
TK000673,MAT0017,电气元件,13.2,0.0,427.67
TK000676,MAT0037,绝缘材料,1.0,0.0,360.84
TK000676,MAT0026,辅材,1.5,0.0,28.99
TK000676,MAT0009,辅材,9.3,0.0,116.16
TK000676,MAT0035,线缆,2.6,0.0,118.25
TK000676,MAT0019,绝缘材料,9.8,0.5,397.5
TK000677,MAT0047,绝缘材料,5.5,0.0,122.72
TK000677,MAT0035,机械零件,13.0,1.4,321.66
TK000678,MAT0016,绝缘材料,16.7,1.2,432.36
TK000678,MAT0044,工具,16.3,0.0,174.46
TK000678,MAT0032,线缆,6.1,0.0,312.75
TK000678,MAT0013,机械零件,4.0,0.0,469.46
TK000679,MAT0032,电气元件,12.2,0.0,18.24
TK000680,MAT0038,绝缘材料,19.8,0.0,430.41
TK000680,MAT0024,机械零件,4.0,0.0,487.19
TK000680,MAT0048,绝缘材料,8.5,1.7,28.07
TK000680,MAT0041,工具,11.4,0.0,411.71
TK000680,MAT0009,线缆,16.7,0.6,88.94
TK000681,MAT0001,绝缘材料,9.1,0.0,213.01
TK000681,MAT0038,绝缘材料,0.8,0.0,58.27
TK000682,MAT0021,电气元件,6.5,0.0,299.36
TK000683,MAT0019,线缆,6.5,0.0,218.65
TK000683,MAT0047,线缆,5.8,0.0,140.88
TK000683,MAT0047,电气元件,7.7,0.0,102.29
TK000683,MAT0004,线缆,19.1,0.0,21.13
TK000685,MAT0017,工具,15.6,0.0,373.66
TK000685,MAT0020,电气元件,7.9,0.0,46.09
TK000685,MAT0025,绝缘材料,16.7,0.0,374.92
TK000686,MAT0032,线缆,0.7,1.3,422.45
TK000686,MAT0019,电气元件,13.6,0.0,179.51
TK000686,MAT0012,辅材,1.1,0.0,430.44
TK000686,MAT0037,工具,11.0,0.0,266.31
TK000686,MAT0010,绝缘材料,7.8,1.6,41.33
TK000687,MAT0043,机械零件,12.9,0.0,8.46
TK000687,MAT0031,工具,19.1,0.0,55.91
TK000687,MAT0001,电气元件,9.8,0.0,268.01
TK000688,MAT0007,电气元件,3.3,0.0,463.05
TK000688,MAT0042,绝缘材料,8.2,0.0,403.96
TK000688,MAT0039,绝缘材料,4.1,0.0,115.85
TK000688,MAT0047,绝缘材料,17.6,0.0,310.95
TK000688,MAT0048,线缆,11.1,0.0,182.58
TK000689,MAT0042,线缆,20.0,0.0,91.16
TK000689,MAT0001,辅材,3.0,0.0,466.32
TK000689,MAT0025,线缆,18.7,0.0,333.09
TK000689,MAT0031,绝缘材料,10.4,0.0,192.67
TK000690,MAT0036,线缆,4.0,0.0,351.96
TK000690,MAT0006,绝缘材料,17.0,0.1,56.02
TK000690,MAT0026,机械零件,13.3,0.0,493.9
TK000690,MAT0047,绝缘材料,17.5,0.0,229.77
TK000690,MAT0042,绝缘材料,19.9,0.0,188.17
TK000691,MAT0024,辅材,12.8,0.0,454.42
TK000692,MAT0020,电气元件,6.8,0.0,68.59
TK000693,MAT0015,工具,18.6,0.0,256.95
TK000693,MAT0004,机械零件,9.4,0.0,87.3
TK000693,MAT0037,机械零件,16.9,0.0,153.58
TK000693,MAT0004,工具,4.4,0.0,376.55
TK000693,MAT0036,绝缘材料,15.3,0.0,85.2
TK000694,MAT0033,线缆,18.6,0.0,348.27
TK000694,MAT0047,电气元件,13.5,0.0,245.62
TK000695,MAT0047,电气元件,5.3,0.3,146.22
TK000695,MAT0046,电气元件,14.5,0.0,429.15
TK000696,MAT0018,工具,8.4,0.0,424.24
TK000697,MAT0049,工具,8.2,0.9,399.14
TK000697,MAT0008,机械零件,2.0,0.0,364.72
TK000697,MAT0050,线缆,8.8,0.0,463.14
TK000698,MAT0020,线缆,9.8,0.0,99.83
TK000698,MAT0050,电气元件,8.3,0.0,204.53
TK000698,MAT0029,绝缘材料,17.2,0.0,336.42
TK000698,MAT0012,电气元件,17.3,0.0,308.03
TK000698,MAT0041,线缆,12.2,0.0,179.98
TK000699,MAT0047,线缆,12.0,0.0,372.79
TK000699,MAT0007,电气元件,12.6,0.6,107.67
TK000699,MAT0041,辅材,18.3,0.0,184.12
TK000699,MAT0012,工具,2.2,0.0,267.98
TK000700,MAT0038,机械零件,0.7,0.0,289.92
TK000703,MAT0042,线缆,5.1,0.0,328.61
TK000703,MAT0041,辅材,14.5,0.8,489.99
TK000703,MAT0039,绝缘材料,16.2,0.0,73.52
TK000703,MAT0045,机械零件,8.6,0.0,280.88
TK000704,MAT0006,绝缘材料,13.8,0.0,497.98
TK000704,MAT0011,辅材,12.3,0.4,380.23
TK000704,MAT0021,线缆,3.3,0.0,161.46
TK000706,MAT0018,线缆,17.7,0.0,98.49
TK000707,MAT0019,辅材,18.0,0.0,169.82
TK000707,MAT0043,工具,1.5,0.0,133.18
TK000707,MAT0031,工具,18.9,0.0,154.23
TK000707,MAT0049,机械零件,16.8,0.0,248.88
TK000708,MAT0015,工具,2.2,1.2,140.75
TK000708,MAT0033,电气元件,17.3,0.0,99.92
TK000709,MAT0049,绝缘材料,2.0,0.0,179.82
TK000711,MAT0018,机械零件,7.4,0.0,276.11
TK000711,MAT0042,辅材,15.0,1.1,157.65
TK000712,MAT0015,线缆,12.6,0.0,172.42
TK000712,MAT0034,线缆,3.2,0.0,87.11
TK000713,MAT0007,机械零件,9.7,0.0,212.01
TK000713,MAT0041,工具,0.7,0.0,432.05
TK000714,MAT0037,线缆,19.4,0.0,489.37
TK000714,MAT0038,辅材,14.5,0.0,442.22
TK000715,MAT0018,工具,19.9,0.0,279.9
TK000715,MAT0049,机械零件,1.7,0.0,347.55
TK000715,MAT0033,线缆,7.0,0.0,355.42
TK000717,MAT0002,工具,17.9,0.0,351.48
TK000717,MAT0047,机械零件,14.4,0.0,320.25
TK000717,MAT0048,工具,8.0,0.2,421.54
TK000720,MAT0048,电气元件,7.3,0.1,461.08
TK000720,MAT0036,绝缘材料,10.0,0.0,203.13
TK000720,MAT0014,绝缘材料,16.2,0.0,311.06
TK000720,MAT0047,工具,10.3,0.0,323.91
TK000721,MAT0002,电气元件,11.3,1.0,410.85
TK000721,MAT0036,机械零件,4.5,0.0,468.91
TK000721,MAT0019,绝缘材料,3.6,0.0,344.26
TK000721,MAT0003,线缆,6.6,0.9,449.15
TK000721,MAT0040,辅材,0.9,0.7,232.7
TK000722,MAT0037,电气元件,4.4,0.0,301.02
TK000722,MAT0028,辅材,4.7,0.0,215.66
TK000723,MAT0022,绝缘材料,15.9,0.0,20.54
TK000723,MAT0014,线缆,3.4,0.0,64.96
TK000723,MAT0033,工具,13.2,0.0,159.2
TK000723,MAT0050,电气元件,13.4,0.0,494.09
TK000723,MAT0048,机械零件,12.5,1.3,485.0
TK000724,MAT0031,工具,13.1,0.0,344.71
TK000724,MAT0041,机械零件,17.2,0.0,497.01
TK000724,MAT0019,辅材,9.5,0.0,131.9
TK000724,MAT0039,工具,3.3,0.0,284.49
TK000724,MAT0031,线缆,15.6,0.0,465.44
TK000725,MAT0049,辅材,2.0,0.0,134.22
TK000725,MAT0020,机械零件,15.3,1.9,395.78
TK000726,MAT0024,工具,5.2,0.0,217.15
TK000726,MAT0048,工具,2.7,0.0,49.1
TK000726,MAT0016,绝缘材料,12.0,0.0,201.72
TK000726,MAT0050,机械零件,8.0,0.0,396.7
TK000727,MAT0032,辅材,12.8,1.0,267.78
TK000727,MAT0042,机械零件,7.2,0.0,303.42
TK000727,MAT0023,辅材,13.2,0.0,279.23
TK000730,MAT0017,线缆,14.5,0.0,468.25
TK000730,MAT0008,机械零件,11.7,0.0,497.06
TK000731,MAT0037,机械零件,7.4,0.0,402.89
TK000731,MAT0042,工具,9.6,0.0,395.27
TK000731,MAT0010,辅材,10.8,0.0,91.16
TK000731,MAT0022,线缆,13.1,0.0,270.68
TK000731,MAT0029,电气元件,17.1,0.0,216.34
TK000732,MAT0025,机械零件,5.4,1.7,474.06
TK000732,MAT0009,机械零件,13.3,0.0,332.39
TK000733,MAT0017,机械零件,8.2,0.0,194.37
TK000733,MAT0013,电气元件,5.7,0.0,100.55
TK000733,MAT0031,绝缘材料,13.3,0.0,79.87
TK000733,MAT0042,线缆,3.4,0.0,415.65
TK000734,MAT0008,线缆,16.7,0.0,296.29
TK000734,MAT0014,机械零件,10.0,1.2,393.66
TK000734,MAT0049,辅材,4.5,0.0,489.84
TK000734,MAT0029,机械零件,19.0,0.0,93.21
TK000734,MAT0020,绝缘材料,17.4,0.0,96.15
TK000735,MAT0035,线缆,19.2,0.0,101.96
TK000735,MAT0011,电气元件,8.8,0.0,274.29
TK000737,MAT0022,电气元件,6.6,0.0,378.69
TK000737,MAT0023,线缆,9.6,1.3,258.17
TK000738,MAT0011,机械零件,14.5,0.0,69.42
TK000738,MAT0028,工具,1.9,0.0,141.88
TK000738,MAT0024,辅材,9.1,0.0,175.92
TK000742,MAT0022,辅材,9.9,0.0,450.37
TK000742,MAT0013,电气元件,8.0,0.0,23.94
TK000743,MAT0034,机械零件,13.3,0.0,321.46
TK000743,MAT0007,线缆,18.2,0.0,240.67
TK000744,MAT0019,电气元件,12.1,0.0,124.72
TK000744,MAT0002,工具,18.6,0.0,310.68
TK000744,MAT0006,辅材,12.2,0.0,262.29
TK000744,MAT0014,机械零件,1.9,0.0,450.52
TK000744,MAT0032,线缆,15.2,1.2,12.53
TK000745,MAT0033,绝缘材料,17.3,0.0,176.9
TK000745,MAT0027,电气元件,5.4,0.0,11.58
TK000745,MAT0043,辅材,12.0,0.0,30.55
TK000745,MAT0025,工具,12.0,0.0,258.71
TK000745,MAT0026,机械零件,18.2,1.2,392.62
TK000746,MAT0046,线缆,7.7,0.0,177.52
TK000746,MAT0006,线缆,2.7,0.0,105.42
TK000746,MAT0016,绝缘材料,5.9,1.7,244.96
TK000747,MAT0050,工具,16.2,0.1,142.29
TK000747,MAT0020,绝缘材料,5.6,1.2,86.98
TK000747,MAT0034,电气元件,9.1,0.0,472.78
TK000747,MAT0025,机械零件,13.9,0.0,83.27
TK000747,MAT0035,电气元件,17.5,0.0,147.81
TK000748,MAT0020,绝缘材料,10.9,0.0,358.31
TK000748,MAT0017,线缆,6.9,0.0,319.04
TK000748,MAT0042,机械零件,1.1,0.0,295.28
TK000749,MAT0004,线缆,5.3,1.5,213.35
TK000749,MAT0008,线缆,19.7,0.0,346.24
TK000750,MAT0028,工具,2.9,0.0,319.68
TK000750,MAT0007,辅材,12.6,0.0,120.57
TK000750,MAT0037,辅材,14.7,0.0,477.49
TK000750,MAT0036,机械零件,15.7,0.0,321.23
TK000750,MAT0013,电气元件,10.5,0.0,112.47
TK000752,MAT0046,线缆,3.3,0.0,323.88
TK000752,MAT0045,工具,6.8,0.0,217.21
TK000752,MAT0018,辅材,11.6,0.0,329.35
TK000752,MAT0029,电气元件,13.9,0.0,451.32
TK000752,MAT0024,辅材,19.1,0.0,280.75
TK000753,MAT0031,辅材,5.3,0.0,275.43
TK000753,MAT0025,绝缘材料,0.9,0.0,21.73
TK000754,MAT0033,工具,16.4,0.0,408.49
TK000756,MAT0036,线缆,17.5,0.0,326.39
TK000756,MAT0013,电气元件,6.6,0.0,388.99
TK000756,MAT0011,辅材,2.1,0.0,99.65
TK000756,MAT0035,线缆,2.9,0.0,439.51
TK000756,MAT0034,电气元件,11.5,1.9,367.4
TK000758,MAT0023,绝缘材料,13.6,0.0,72.84
TK000758,MAT0035,工具,18.6,0.0,465.33
TK000758,MAT0006,机械零件,16.1,0.0,213.5
TK000759,MAT0037,电气元件,9.6,0.0,209.75
TK000760,MAT0034,工具,10.3,0.0,14.41
TK000760,MAT0013,线缆,9.5,0.2,484.11
TK000761,MAT0035,线缆,14.9,1.4,211.36
TK000761,MAT0004,电气元件,18.0,0.0,457.93
TK000761,MAT0003,线缆,14.4,0.0,313.19
TK000763,MAT0045,机械零件,3.8,0.0,59.75
TK000763,MAT0047,工具,2.5,0.0,12.33
TK000763,MAT0004,工具,6.0,0.8,224.26
TK000763,MAT0040,机械零件,1.9,0.0,250.79
TK000763,MAT0011,电气元件,4.1,0.2,377.96
TK000764,MAT0038,绝缘材料,8.8,0.0,431.05
TK000764,MAT0001,机械零件,12.6,0.0,265.79
TK000764,MAT0018,机械零件,8.8,0.0,242.24
TK000764,MAT0011,辅材,1.1,0.0,195.05
TK000765,MAT0013,绝缘材料,3.6,0.0,19.93
TK000765,MAT0044,辅材,20.0,0.0,177.64
TK000765,MAT0033,工具,5.6,0.0,164.76
TK000765,MAT0041,工具,18.3,0.0,399.31
TK000767,MAT0014,机械零件,3.1,0.0,89.43
TK000767,MAT0003,机械零件,17.3,0.0,312.87
TK000767,MAT0025,辅材,14.7,0.2,134.42
TK000768,MAT0019,绝缘材料,8.8,0.0,56.56
TK000768,MAT0003,辅材,13.5,0.0,151.45
TK000769,MAT0037,辅材,5.0,0.0,181.55
TK000770,MAT0023,机械零件,2.9,0.0,17.26
TK000771,MAT0010,辅材,10.5,0.0,40.22
TK000771,MAT0046,线缆,14.3,0.0,38.97
TK000772,MAT0004,工具,13.2,0.0,91.99
TK000772,MAT0038,线缆,18.5,0.0,175.64
TK000772,MAT0011,线缆,19.3,0.1,199.22
TK000772,MAT0002,辅材,3.6,0.0,419.03
TK000774,MAT0027,工具,5.7,0.0,330.84
TK000774,MAT0038,绝缘材料,13.5,0.0,45.63
TK000778,MAT0038,辅材,12.2,0.2,305.95
TK000778,MAT0011,电气元件,8.8,0.0,207.78
TK000778,MAT0044,线缆,19.3,0.0,82.93
TK000779,MAT0001,线缆,6.2,1.2,219.23
TK000779,MAT0020,线缆,15.7,1.6,434.08
TK000779,MAT0014,工具,18.9,0.0,288.09
TK000780,MAT0009,电气元件,19.5,0.0,177.69
TK000780,MAT0025,线缆,19.5,0.3,316.1
TK000780,MAT0016,线缆,8.4,0.0,164.26
TK000780,MAT0037,机械零件,12.5,0.0,480.64
TK000782,MAT0009,电气元件,19.1,0.0,404.42
TK000782,MAT0032,辅材,0.7,0.0,357.1
TK000782,MAT0022,工具,13.2,0.2,252.77
TK000783,MAT0027,工具,14.9,0.0,6.9
TK000783,MAT0013,工具,9.7,0.7,249.11
TK000783,MAT0042,电气元件,4.5,0.0,29.6
TK000783,MAT0004,绝缘材料,16.2,0.0,102.89
TK000783,MAT0027,电气元件,14.1,0.0,416.18
TK000784,MAT0030,工具,15.5,0.0,117.37
TK000784,MAT0015,辅材,11.2,0.0,426.48
TK000786,MAT0020,辅材,6.1,0.0,90.83
TK000786,MAT0011,电气元件,2.3,0.1,235.32
TK000786,MAT0003,辅材,11.5,0.0,239.72
TK000786,MAT0044,绝缘材料,4.5,0.0,102.03
TK000787,MAT0050,绝缘材料,15.3,0.0,268.78
TK000787,MAT0038,电气元件,15.3,0.0,128.33
TK000787,MAT0050,电气元件,11.8,0.0,139.74
TK000787,MAT0022,工具,19.3,0.0,97.56
TK000788,MAT0025,绝缘材料,16.5,0.0,77.83
TK000788,MAT0040,线缆,8.5,0.0,42.1
TK000789,MAT0023,机械零件,19.5,0.6,410.4
TK000789,MAT0015,电气元件,18.7,1.4,118.67
TK000789,MAT0015,辅材,18.1,0.0,292.15
TK000791,MAT0042,绝缘材料,11.3,0.0,346.56
TK000791,MAT0014,机械零件,7.3,0.0,356.62
TK000791,MAT0050,工具,16.6,0.0,169.12
TK000791,MAT0031,机械零件,13.1,0.0,246.29
TK000791,MAT0014,工具,5.4,1.7,101.49
TK000792,MAT0016,辅材,17.5,1.2,237.34
TK000792,MAT0036,工具,14.4,0.0,392.39
TK000792,MAT0028,电气元件,9.9,0.0,378.47
TK000792,MAT0003,工具,3.8,0.0,478.24
TK000792,MAT0007,机械零件,6.6,1.0,464.72
TK000793,MAT0012,工具,2.3,0.0,176.13
TK000793,MAT0009,电气元件,16.6,0.0,32.89
TK000793,MAT0047,绝缘材料,0.5,0.0,243.73
TK000794,MAT0034,机械零件,16.4,0.0,267.2
TK000794,MAT0010,工具,12.4,0.0,45.51
TK000795,MAT0006,工具,7.0,1.5,465.3
TK000796,MAT0033,电气元件,3.9,0.0,177.15
TK000796,MAT0041,线缆,0.6,0.0,20.66
TK000796,MAT0044,绝缘材料,6.1,0.0,44.91
TK000796,MAT0046,机械零件,9.9,0.0,325.62
TK000796,MAT0020,绝缘材料,18.6,0.0,238.81
TK000797,MAT0003,线缆,2.0,0.0,112.49
TK000797,MAT0021,线缆,1.0,1.4,62.2
TK000798,MAT0013,工具,9.0,0.0,442.13
TK000798,MAT0030,工具,19.0,0.5,467.66
TK000798,MAT0043,辅材,15.8,0.4,426.13
TK000799,MAT0035,绝缘材料,16.2,0.0,425.76
TK000799,MAT0036,绝缘材料,5.7,0.0,359.96
TK000799,MAT0002,机械零件,15.2,0.5,467.35
TK000799,MAT0031,绝缘材料,6.0,0.0,477.58
TK000800,MAT0007,工具,12.0,0.0,8.53
TK000800,MAT0009,电气元件,1.7,0.7,298.59
TK000800,MAT0032,电气元件,19.3,0.0,173.08
TK000800,MAT0015,绝缘材料,12.7,0.0,7.45
TK000800,MAT0004,电气元件,18.7,0.7,497.29
TK000802,MAT0025,线缆,16.5,0.0,255.07
TK000802,MAT0007,绝缘材料,17.5,0.0,129.91
TK000802,MAT0020,工具,11.3,0.0,398.56
TK000802,MAT0047,线缆,16.2,0.0,480.0
TK000803,MAT0019,工具,10.0,0.0,450.6
TK000803,MAT0012,电气元件,7.9,1.5,35.46
TK000803,MAT0001,电气元件,15.5,0.0,91.26
TK000803,MAT0019,线缆,7.2,0.0,260.26
TK000804,MAT0019,绝缘材料,10.7,0.0,344.78
TK000804,MAT0002,线缆,8.8,0.0,442.83
TK000804,MAT0048,绝缘材料,17.8,0.0,136.26
TK000805,MAT0025,机械零件,15.7,0.0,17.34
TK000807,MAT0049,辅材,12.4,0.0,362.27
TK000807,MAT0014,工具,13.4,0.7,8.23
TK000808,MAT0002,电气元件,4.5,0.0,325.74
TK000808,MAT0042,辅材,4.5,0.0,335.88
TK000808,MAT0032,电气元件,9.2,0.0,186.2
TK000808,MAT0037,绝缘材料,13.4,0.0,230.05
TK000809,MAT0038,工具,13.3,0.0,445.84
TK000809,MAT0029,绝缘材料,6.1,0.0,483.23
TK000809,MAT0032,机械零件,12.6,1.4,186.17
TK000809,MAT0033,工具,17.6,0.5,33.04
TK000812,MAT0009,绝缘材料,13.8,0.0,345.44
TK000812,MAT0013,线缆,17.7,0.0,359.15
TK000812,MAT0010,辅材,19.0,0.0,373.93
TK000812,MAT0030,电气元件,1.6,0.0,257.99
TK000813,MAT0039,电气元件,8.4,0.0,246.25
TK000814,MAT0035,线缆,18.6,1.7,377.57
TK000814,MAT0003,机械零件,17.8,0.0,51.49
TK000814,MAT0004,辅材,6.0,0.0,75.96
TK000816,MAT0003,辅材,3.3,0.0,134.68
TK000817,MAT0023,工具,9.0,0.2,494.58
TK000818,MAT0024,辅材,10.3,0.0,288.78
TK000818,MAT0014,辅材,1.6,0.0,219.44
TK000818,MAT0024,工具,15.7,0.0,288.98
TK000818,MAT0028,辅材,6.4,1.7,428.6
TK000820,MAT0035,绝缘材料,13.7,0.4,250.39
TK000820,MAT0019,线缆,18.4,0.0,450.16
TK000821,MAT0006,工具,2.7,0.0,172.17
TK000821,MAT0048,电气元件,3.0,0.0,98.39
TK000821,MAT0014,绝缘材料,7.9,0.0,318.73
TK000821,MAT0049,电气元件,15.0,0.0,80.81
TK000822,MAT0041,电气元件,0.6,0.0,184.54
TK000822,MAT0010,绝缘材料,8.7,0.0,229.51
TK000822,MAT0010,辅材,19.2,0.0,444.03
TK000823,MAT0001,工具,5.4,0.0,90.37
TK000823,MAT0011,电气元件,3.1,0.0,163.47
TK000825,MAT0006,工具,5.5,0.7,46.86
TK000825,MAT0042,辅材,0.9,0.0,207.41
TK000825,MAT0026,机械零件,16.7,0.0,369.06
TK000825,MAT0050,绝缘材料,11.7,0.0,184.24
TK000826,MAT0019,电气元件,19.2,0.6,14.38
TK000826,MAT0021,辅材,5.3,0.0,277.72
TK000826,MAT0003,电气元件,10.5,0.0,429.27
TK000827,MAT0003,机械零件,9.7,0.0,182.46
TK000827,MAT0048,绝缘材料,5.6,0.0,282.22
TK000827,MAT0028,线缆,6.9,1.3,36.92
TK000828,MAT0012,线缆,12.5,2.0,50.84
TK000828,MAT0036,绝缘材料,5.4,1.7,248.7
TK000830,MAT0036,电气元件,16.0,0.0,72.11
TK000830,MAT0048,工具,4.2,0.0,289.85
TK000830,MAT0007,电气元件,19.9,0.0,264.8
TK000830,MAT0020,机械零件,2.4,0.0,203.65
TK000830,MAT0031,电气元件,1.1,0.0,453.26
TK000831,MAT0049,辅材,3.5,0.0,254.0
TK000831,MAT0007,机械零件,7.6,0.0,97.57
TK000831,MAT0021,机械零件,3.3,1.6,470.87
TK000831,MAT0010,工具,11.5,0.0,200.52
TK000833,MAT0039,电气元件,2.8,0.0,377.31
TK000833,MAT0028,绝缘材料,5.9,0.0,150.62
TK000833,MAT0025,线缆,16.6,0.0,266.33
TK000834,MAT0027,电气元件,14.2,0.0,177.98
TK000834,MAT0029,辅材,15.9,0.0,88.49
TK000834,MAT0041,辅材,1.7,0.0,443.98
TK000835,MAT0018,机械零件,6.4,0.0,277.87
TK000837,MAT0016,工具,8.3,0.0,435.27
TK000838,MAT0036,辅材,5.3,1.8,365.67
TK000838,MAT0004,辅材,17.3,0.0,83.78
TK000839,MAT0032,线缆,6.6,0.0,107.43
TK000839,MAT0035,绝缘材料,7.2,0.0,284.48
TK000841,MAT0020,机械零件,6.6,0.0,179.68
TK000841,MAT0033,线缆,8.9,0.0,284.59
TK000841,MAT0048,辅材,8.6,0.0,444.2
TK000841,MAT0029,线缆,11.5,0.0,425.23
TK000841,MAT0024,工具,9.0,0.0,471.04
TK000842,MAT0039,辅材,7.5,0.0,381.96
TK000842,MAT0040,辅材,14.6,0.0,468.37
TK000842,MAT0050,辅材,1.7,0.0,468.53
TK000842,MAT0006,线缆,0.7,0.0,312.13
TK000843,MAT0010,线缆,11.3,0.0,499.71
TK000843,MAT0026,工具,18.2,0.0,434.18
TK000843,MAT0028,辅材,8.2,0.0,406.01
TK000843,MAT0027,线缆,2.3,0.6,136.65
TK000844,MAT0002,辅材,19.0,0.0,16.3
TK000844,MAT0009,辅材,11.0,0.0,8.1
TK000845,MAT0026,辅材,12.2,0.0,370.04
TK000845,MAT0016,辅材,3.6,0.0,459.41
TK000845,MAT0026,工具,12.7,0.0,441.68
TK000846,MAT0004,线缆,3.9,1.3,331.03
TK000846,MAT0041,工具,12.9,0.0,307.84
TK000846,MAT0031,辅材,10.1,0.0,450.01
TK000846,MAT0044,电气元件,14.2,0.0,362.22
TK000847,MAT0021,绝缘材料,8.6,0.0,96.6
TK000847,MAT0019,工具,2.6,0.0,389.71
TK000847,MAT0035,工具,14.8,0.0,463.12
TK000847,MAT0045,机械零件,11.3,0.0,380.31
TK000847,MAT0016,线缆,11.2,0.0,92.45
TK000849,MAT0049,工具,19.2,0.0,423.8
TK000849,MAT0021,辅材,10.1,0.0,412.92
TK000849,MAT0015,绝缘材料,11.2,0.0,391.61
TK000849,MAT0048,辅材,8.8,0.0,433.44
TK000849,MAT0028,辅材,5.8,0.5,464.24
TK000850,MAT0007,工具,18.9,0.0,488.43
TK000850,MAT0001,绝缘材料,8.8,0.0,478.95
TK000850,MAT0017,机械零件,5.8,0.0,456.96
TK000852,MAT0028,电气元件,8.3,0.0,327.9
TK000852,MAT0017,线缆,13.1,0.0,34.47
TK000852,MAT0016,绝缘材料,2.0,0.0,269.8
TK000852,MAT0033,工具,17.2,1.0,357.94
TK000852,MAT0020,辅材,4.6,0.0,274.91
TK000853,MAT0022,线缆,12.0,1.6,481.65
TK000853,MAT0029,电气元件,18.7,0.0,301.26
TK000853,MAT0036,机械零件,4.6,0.0,489.13
TK000853,MAT0026,线缆,5.9,0.0,121.48
TK000853,MAT0004,绝缘材料,3.8,0.0,299.22
TK000854,MAT0006,辅材,8.6,1.0,394.45
TK000856,MAT0045,机械零件,12.1,1.4,35.34
TK000856,MAT0031,辅材,15.1,0.0,373.4
TK000856,MAT0030,绝缘材料,18.1,0.9,155.4
TK000856,MAT0001,辅材,14.3,0.0,478.43
TK000857,MAT0043,线缆,2.7,0.0,357.35
TK000857,MAT0050,工具,15.4,0.0,123.27
TK000857,MAT0017,电气元件,13.1,0.0,158.33
TK000857,MAT0005,机械零件,10.7,0.1,193.64
TK000857,MAT0022,线缆,16.1,0.0,445.35
TK000858,MAT0003,机械零件,12.9,0.0,160.6
TK000858,MAT0046,机械零件,5.4,0.0,448.22
TK000858,MAT0006,电气元件,13.9,0.0,320.49
TK000859,MAT0046,绝缘材料,3.3,0.0,408.05
TK000859,MAT0037,机械零件,4.1,0.0,152.19
TK000860,MAT0048,工具,9.3,0.0,393.47
TK000860,MAT0044,线缆,17.0,0.0,447.11
TK000862,MAT0002,绝缘材料,1.7,0.0,141.3
TK000864,MAT0002,线缆,4.5,0.0,183.05
TK000864,MAT0034,绝缘材料,16.3,0.0,395.71
TK000864,MAT0048,绝缘材料,5.4,1.4,290.68
TK000865,MAT0023,电气元件,5.0,1.4,487.0
TK000865,MAT0013,辅材,13.5,0.0,99.29
TK000865,MAT0001,工具,12.8,0.0,409.66
TK000865,MAT0027,辅材,13.8,0.0,490.67
TK000866,MAT0015,电气元件,9.6,0.0,240.39
TK000866,MAT0037,工具,17.8,0.0,59.12
TK000866,MAT0010,工具,9.8,0.8,451.4
TK000868,MAT0033,工具,5.5,0.0,277.91
TK000868,MAT0002,线缆,12.5,0.0,8.43
TK000868,MAT0004,绝缘材料,5.9,0.9,421.65
TK000868,MAT0022,线缆,13.0,1.4,307.6
TK000869,MAT0039,电气元件,18.4,0.0,165.31
TK000869,MAT0033,工具,16.4,0.0,324.17
TK000869,MAT0022,辅材,2.3,0.0,351.03
TK000869,MAT0004,线缆,9.0,0.0,395.39
TK000869,MAT0037,电气元件,15.8,1.1,328.23
TK000870,MAT0007,工具,13.9,0.0,172.71
TK000871,MAT0021,工具,12.3,0.0,367.34
TK000871,MAT0042,线缆,13.2,0.0,490.49
TK000871,MAT0045,绝缘材料,9.8,0.0,385.78
TK000871,MAT0033,绝缘材料,16.8,0.0,340.57
TK000872,MAT0044,工具,3.9,0.0,396.28
TK000872,MAT0011,线缆,8.9,0.0,435.92
TK000873,MAT0002,电气元件,0.6,0.0,358.65
TK000873,MAT0019,线缆,5.4,0.0,195.21
TK000875,MAT0014,辅材,16.7,0.0,216.62
TK000875,MAT0027,绝缘材料,2.2,0.0,479.1
TK000875,MAT0011,线缆,18.6,0.0,176.42
TK000876,MAT0008,辅材,18.2,0.0,432.48
TK000876,MAT0048,机械零件,18.4,0.0,68.9
TK000876,MAT0043,工具,16.4,0.0,99.01
TK000879,MAT0001,辅材,19.3,0.0,473.61
TK000880,MAT0039,机械零件,4.7,0.0,419.3
TK000880,MAT0043,辅材,17.7,0.0,266.39
TK000881,MAT0033,机械零件,4.8,0.0,230.38
TK000881,MAT0021,工具,4.5,0.0,432.35
TK000881,MAT0034,工具,17.5,0.0,420.75
TK000881,MAT0005,辅材,2.9,0.0,68.51
TK000881,MAT0036,工具,3.1,0.0,405.98
TK000882,MAT0007,线缆,18.6,0.0,339.77
TK000882,MAT0011,机械零件,8.1,0.0,38.11
TK000882,MAT0027,绝缘材料,19.9,0.0,339.15
TK000883,MAT0024,辅材,8.9,0.0,176.75
TK000883,MAT0007,工具,9.7,0.0,440.26
TK000883,MAT0019,绝缘材料,19.6,1.0,429.12
TK000884,MAT0040,工具,13.7,0.0,294.33
TK000884,MAT0003,线缆,12.8,0.0,292.67
TK000885,MAT0017,辅材,8.8,0.0,482.43
TK000885,MAT0027,机械零件,15.6,0.0,244.74
TK000885,MAT0023,电气元件,19.5,0.0,67.09
TK000885,MAT0006,电气元件,12.4,0.0,437.55
TK000886,MAT0028,工具,2.7,0.0,191.37
TK000886,MAT0045,线缆,6.0,0.0,250.1
TK000886,MAT0010,机械零件,11.3,1.0,429.59
TK000886,MAT0025,辅材,3.1,0.0,260.04
TK000886,MAT0031,工具,18.3,0.0,130.14
TK000888,MAT0032,辅材,11.3,0.1,450.81
TK000888,MAT0012,线缆,15.4,0.0,420.62
TK000889,MAT0018,电气元件,6.7,0.0,435.8
TK000889,MAT0016,电气元件,4.8,0.6,318.61
TK000889,MAT0036,绝缘材料,17.6,0.0,123.41
TK000889,MAT0049,绝缘材料,9.9,0.0,18.63
TK000890,MAT0031,电气元件,3.0,0.0,197.39
TK000890,MAT0011,工具,10.4,0.0,198.32
TK000891,MAT0026,线缆,15.0,0.0,132.26
TK000891,MAT0022,绝缘材料,9.6,0.0,24.07
TK000891,MAT0033,绝缘材料,9.4,0.4,292.85
TK000893,MAT0012,辅材,6.3,0.0,227.3
TK000893,MAT0037,工具,18.9,0.5,253.76
TK000893,MAT0001,电气元件,9.1,0.0,108.3
TK000893,MAT0036,电气元件,4.1,0.0,342.93
TK000894,MAT0038,辅材,14.0,0.0,82.96
TK000895,MAT0010,辅材,17.9,0.0,381.08
TK000895,MAT0009,绝缘材料,7.1,0.0,171.6
TK000895,MAT0041,机械零件,18.4,0.0,406.46
TK000895,MAT0007,线缆,6.8,0.0,153.86
TK000896,MAT0031,绝缘材料,4.8,0.0,139.48
TK000896,MAT0034,工具,14.6,0.0,38.22
TK000896,MAT0044,电气元件,13.2,0.0,361.09
TK000896,MAT0042,绝缘材料,5.9,1.1,372.15
TK000896,MAT0015,辅材,19.6,0.0,45.92
TK000897,MAT0006,工具,14.3,0.0,275.2
TK000897,MAT0023,辅材,2.9,0.0,33.09
TK000897,MAT0043,绝缘材料,0.7,0.0,157.78
TK000897,MAT0027,机械零件,9.5,0.0,366.22
TK000897,MAT0042,工具,4.6,0.0,293.74
TK000898,MAT0020,辅材,3.3,0.4,131.8
TK000898,MAT0043,电气元件,11.6,0.0,389.45
TK000898,MAT0042,电气元件,6.2,0.0,144.15
TK000898,MAT0004,辅材,14.0,0.0,173.39
TK000898,MAT0007,工具,5.8,0.0,384.85
TK000899,MAT0016,辅材,12.6,0.0,312.3
TK000899,MAT0013,机械零件,17.3,0.0,68.78
TK000900,MAT0012,绝缘材料,10.2,0.0,214.22
TK000900,MAT0040,绝缘材料,6.2,0.0,97.27
TK000900,MAT0006,绝缘材料,18.0,0.0,148.56
TK000901,MAT0030,电气元件,4.8,0.0,201.89
TK000901,MAT0003,线缆,2.2,1.6,65.07
TK000901,MAT0005,电气元件,1.0,0.0,305.05
TK000901,MAT0030,电气元件,14.0,0.0,98.41
TK000901,MAT0042,工具,13.6,0.0,437.2
TK000902,MAT0010,工具,14.4,0.0,57.7
TK000902,MAT0039,线缆,1.3,0.0,35.69
TK000902,MAT0001,辅材,15.9,1.4,238.68
TK000903,MAT0037,工具,19.1,0.0,41.02
TK000903,MAT0037,电气元件,16.0,0.0,155.11
TK000903,MAT0032,电气元件,2.1,1.6,189.62
TK000904,MAT0009,绝缘材料,8.0,0.0,406.85
TK000904,MAT0013,线缆,13.9,0.5,485.62
TK000904,MAT0015,电气元件,2.7,0.0,324.4
TK000905,MAT0047,绝缘材料,14.7,0.0,251.06
TK000905,MAT0036,电气元件,7.5,0.0,167.94
TK000905,MAT0027,辅材,3.6,0.0,356.98
TK000906,MAT0004,工具,19.2,0.1,144.44
TK000906,MAT0036,工具,3.4,0.0,55.34
TK000906,MAT0037,机械零件,11.7,2.0,366.41
TK000906,MAT0038,绝缘材料,10.7,1.7,51.62
TK000906,MAT0020,电气元件,14.9,0.0,241.89
TK000907,MAT0033,电气元件,13.5,1.8,58.14
TK000908,MAT0037,机械零件,10.1,0.0,290.42
TK000908,MAT0017,线缆,4.6,0.0,191.96
TK000908,MAT0037,绝缘材料,12.6,0.0,258.92
TK000908,MAT0042,辅材,15.9,0.0,23.05
TK000908,MAT0004,绝缘材料,1.1,0.0,253.94
TK000909,MAT0012,工具,1.7,0.5,209.31
TK000909,MAT0045,机械零件,7.7,1.1,410.11
TK000909,MAT0019,辅材,16.3,0.0,380.6
TK000909,MAT0042,线缆,17.2,0.8,462.87
TK000909,MAT0022,机械零件,7.7,0.0,349.7
TK000910,MAT0049,辅材,15.8,0.0,453.46
TK000910,MAT0021,绝缘材料,12.8,0.0,196.08
TK000910,MAT0020,电气元件,13.1,0.0,166.08
TK000910,MAT0043,工具,14.2,0.3,463.23
TK000911,MAT0027,电气元件,5.1,0.0,106.18
TK000911,MAT0029,辅材,20.0,0.0,120.51
TK000911,MAT0010,电气元件,12.6,0.0,231.81
TK000912,MAT0033,绝缘材料,19.4,0.0,173.79
TK000912,MAT0007,辅材,15.6,0.0,427.59
TK000912,MAT0016,绝缘材料,0.8,0.0,309.52
TK000913,MAT0010,线缆,12.2,0.0,345.41
TK000913,MAT0012,绝缘材料,17.3,1.6,214.71
TK000914,MAT0022,绝缘材料,17.1,0.4,483.41
TK000915,MAT0023,工具,19.7,0.0,163.93
TK000916,MAT0044,绝缘材料,10.6,0.0,426.95
TK000916,MAT0018,机械零件,17.1,0.0,326.18
TK000916,MAT0011,线缆,2.0,0.0,271.58
TK000916,MAT0004,绝缘材料,1.3,0.0,103.81
TK000916,MAT0050,机械零件,6.4,1.5,446.75
TK000917,MAT0047,线缆,18.0,0.0,173.11
TK000918,MAT0012,工具,3.8,0.0,166.31
TK000918,MAT0018,绝缘材料,14.4,0.0,331.7
TK000919,MAT0048,电气元件,19.3,0.0,476.62
TK000919,MAT0039,工具,13.4,0.0,125.72
TK000919,MAT0047,电气元件,9.4,0.0,261.39
TK000920,MAT0046,机械零件,19.9,0.0,193.17
TK000920,MAT0038,工具,3.1,1.0,484.02
TK000920,MAT0015,机械零件,4.1,0.0,242.18
TK000920,MAT0027,线缆,19.1,0.0,237.04
TK000921,MAT0030,工具,14.4,0.3,23.41
TK000921,MAT0017,电气元件,10.5,0.0,255.8
TK000921,MAT0013,工具,14.5,0.0,178.76
TK000921,MAT0034,机械零件,17.5,0.0,156.81
TK000922,MAT0014,线缆,7.4,0.0,223.96
TK000922,MAT0015,辅材,5.9,0.0,34.33
TK000922,MAT0030,工具,19.5,0.0,174.81
TK000922,MAT0012,电气元件,6.8,1.2,453.39
TK000922,MAT0024,辅材,13.3,0.0,384.41
TK000923,MAT0010,电气元件,15.1,0.0,219.42
TK000923,MAT0012,线缆,10.8,0.0,380.26
TK000923,MAT0023,绝缘材料,13.6,0.0,142.43
TK000923,MAT0031,工具,13.6,0.0,211.21
TK000923,MAT0022,线缆,19.5,1.3,354.72
TK000924,MAT0043,工具,1.1,0.0,198.99
TK000924,MAT0011,绝缘材料,18.8,1.1,294.42
TK000924,MAT0005,机械零件,6.5,0.0,404.09
TK000924,MAT0038,机械零件,7.5,0.0,89.3
TK000924,MAT0022,工具,11.3,0.0,161.96
TK000926,MAT0032,辅材,7.9,0.0,462.92
TK000927,MAT0042,辅材,15.6,0.0,24.1
TK000927,MAT0015,电气元件,7.6,0.0,75.03
TK000927,MAT0041,辅材,1.3,1.8,25.57
TK000927,MAT0005,工具,12.3,0.0,26.99
TK000928,MAT0037,绝缘材料,9.4,0.5,244.07
TK000928,MAT0002,线缆,13.3,1.5,488.67
TK000928,MAT0026,工具,14.7,0.0,488.55
TK000930,MAT0010,绝缘材料,8.9,0.0,34.74
TK000930,MAT0038,电气元件,15.2,0.0,397.26
TK000930,MAT0033,辅材,4.5,0.0,129.07
TK000930,MAT0018,绝缘材料,5.4,0.0,411.38
TK000930,MAT0047,工具,13.6,0.6,449.74
TK000932,MAT0042,线缆,3.1,1.9,322.34
TK000933,MAT0028,线缆,13.5,0.0,339.8
TK000934,MAT0044,线缆,18.1,0.0,433.97
TK000935,MAT0045,辅材,3.9,0.0,205.89
TK000935,MAT0044,辅材,2.6,0.0,33.86
TK000935,MAT0024,绝缘材料,7.3,0.0,214.5
TK000936,MAT0030,绝缘材料,13.2,0.0,254.57
TK000936,MAT0048,机械零件,14.6,0.9,416.44
TK000936,MAT0003,电气元件,5.3,0.0,82.94
TK000936,MAT0032,绝缘材料,2.5,0.0,163.67
TK000937,MAT0030,辅材,19.6,0.0,188.93
TK000938,MAT0001,电气元件,12.4,0.0,276.14
TK000938,MAT0030,线缆,14.5,0.0,36.7
TK000939,MAT0005,绝缘材料,19.5,0.0,255.84
TK000940,MAT0019,电气元件,11.4,0.0,41.81
TK000941,MAT0018,线缆,11.1,0.0,42.7
TK000941,MAT0047,机械零件,18.9,0.0,303.29
TK000942,MAT0048,绝缘材料,11.3,0.0,440.03
TK000942,MAT0026,线缆,4.7,0.0,156.29
TK000942,MAT0044,线缆,15.2,2.0,240.49
TK000942,MAT0029,线缆,0.9,1.9,303.78
TK000943,MAT0041,线缆,3.3,0.0,228.24
TK000943,MAT0029,工具,10.9,0.0,332.84
TK000943,MAT0019,线缆,19.7,0.0,398.08
TK000944,MAT0003,线缆,11.0,0.0,447.93
TK000944,MAT0040,绝缘材料,14.0,1.7,334.14
TK000944,MAT0013,线缆,1.5,1.7,165.1
TK000944,MAT0020,电气元件,19.6,1.3,24.06
TK000944,MAT0037,线缆,4.8,0.0,356.85
TK000945,MAT0002,机械零件,5.9,0.0,215.31
TK000945,MAT0005,机械零件,7.7,1.0,154.7
TK000945,MAT0010,机械零件,16.6,0.0,290.36
TK000945,MAT0029,工具,16.9,0.0,9.69
TK000945,MAT0013,绝缘材料,11.0,0.0,368.94
TK000946,MAT0031,辅材,6.5,1.7,70.71
TK000946,MAT0038,机械零件,3.1,0.3,99.2
TK000946,MAT0016,绝缘材料,1.5,1.5,246.95
TK000946,MAT0044,工具,6.8,0.0,217.66
TK000946,MAT0014,线缆,4.4,1.4,256.96
TK000948,MAT0047,线缆,8.9,0.0,31.55
TK000948,MAT0037,工具,9.6,0.0,192.25
TK000950,MAT0028,工具,9.3,0.0,292.38
TK000950,MAT0024,辅材,19.1,0.0,315.03
TK000950,MAT0050,电气元件,11.7,0.0,27.77
TK000950,MAT0015,电气元件,9.3,0.0,104.43
TK000950,MAT0017,线缆,9.3,0.0,344.39
TK000951,MAT0009,辅材,8.2,0.0,320.06
TK000951,MAT0003,线缆,2.9,0.0,445.04
TK000951,MAT0012,辅材,6.0,0.0,238.76
TK000952,MAT0024,电气元件,15.8,0.0,74.67
TK000952,MAT0036,机械零件,13.7,0.0,492.03
TK000953,MAT0009,工具,13.3,0.0,414.71
TK000953,MAT0005,辅材,11.0,1.8,211.08
TK000953,MAT0031,工具,16.2,0.0,112.15
TK000953,MAT0003,辅材,10.9,0.0,249.41
TK000954,MAT0023,机械零件,7.4,0.8,79.62
TK000954,MAT0012,辅材,13.1,0.0,72.73
TK000954,MAT0020,辅材,15.0,0.0,192.65
TK000955,MAT0048,绝缘材料,4.7,0.0,167.79
TK000955,MAT0015,线缆,11.8,1.7,236.81
TK000956,MAT0048,电气元件,14.3,0.0,410.33
TK000956,MAT0044,电气元件,7.5,0.0,429.26
TK000956,MAT0048,机械零件,8.5,0.0,217.06
TK000956,MAT0043,电气元件,3.6,0.5,233.69
TK000957,MAT0021,工具,7.3,1.4,461.33
TK000957,MAT0004,辅材,6.9,0.0,472.15
TK000957,MAT0035,工具,14.4,0.0,296.76
TK000958,MAT0021,工具,14.7,0.0,224.65
TK000958,MAT0049,工具,4.7,0.0,151.39
TK000958,MAT0028,线缆,17.9,0.0,252.42
TK000958,MAT0042,绝缘材料,15.1,0.0,261.8
TK000958,MAT0037,线缆,13.9,0.0,453.46
TK000959,MAT0014,线缆,10.4,0.0,452.48
TK000959,MAT0044,辅材,8.8,0.0,324.28
TK000959,MAT0049,电气元件,14.7,0.0,289.06
TK000959,MAT0048,绝缘材料,9.6,0.0,105.66
TK000959,MAT0022,线缆,18.2,0.0,72.78
TK000960,MAT0021,工具,8.9,1.7,307.54
TK000960,MAT0002,机械零件,15.0,0.0,18.03
TK000960,MAT0024,工具,8.3,0.0,218.44
TK000960,MAT0038,辅材,8.2,0.0,216.83
TK000960,MAT0036,电气元件,18.9,0.0,325.96
TK000961,MAT0021,线缆,12.3,0.0,293.32
TK000961,MAT0041,线缆,8.1,0.0,73.54
TK000961,MAT0023,线缆,7.4,0.0,481.91
TK000961,MAT0011,辅材,5.0,0.0,14.98
TK000961,MAT0003,辅材,18.6,0.0,229.32
TK000962,MAT0005,线缆,3.1,2.0,48.14
TK000962,MAT0002,电气元件,17.8,0.0,117.23
TK000963,MAT0050,辅材,17.2,0.0,141.61
TK000963,MAT0046,辅材,17.0,1.3,136.75
TK000963,MAT0027,线缆,17.9,0.0,350.65
TK000963,MAT0003,机械零件,10.4,1.6,147.02
TK000963,MAT0001,工具,19.4,0.0,315.27
TK000964,MAT0030,绝缘材料,18.1,0.0,488.56
TK000964,MAT0016,机械零件,10.0,0.0,207.18
TK000964,MAT0015,工具,8.4,0.0,378.47
TK000965,MAT0007,机械零件,12.0,0.0,425.51
TK000965,MAT0035,辅材,10.3,0.0,19.35
TK000966,MAT0023,机械零件,4.2,0.3,367.06
TK000966,MAT0024,工具,16.2,0.0,203.35
TK000966,MAT0020,线缆,11.5,0.0,177.27
TK000966,MAT0045,工具,14.3,0.0,294.28
TK000966,MAT0010,绝缘材料,14.8,0.0,371.9
TK000967,MAT0037,机械零件,15.9,0.3,457.41
TK000967,MAT0044,电气元件,10.0,0.5,139.82
TK000967,MAT0013,线缆,19.2,0.0,366.04
TK000967,MAT0026,机械零件,8.7,0.0,157.55
TK000967,MAT0043,机械零件,4.0,1.3,450.62
TK000968,MAT0012,线缆,5.7,0.0,413.75
TK000969,MAT0011,工具,5.5,0.0,144.29
TK000970,MAT0012,机械零件,14.3,0.0,494.93
TK000971,MAT0024,机械零件,1.8,0.0,453.32
TK000971,MAT0045,工具,4.1,0.0,193.66
TK000971,MAT0015,线缆,8.3,0.0,285.61
TK000972,MAT0020,机械零件,11.2,0.0,400.05
TK000972,MAT0011,绝缘材料,11.2,0.0,46.16
TK000972,MAT0004,辅材,11.7,1.7,455.45
TK000972,MAT0003,工具,13.7,0.0,81.07
TK000973,MAT0031,机械零件,2.6,0.2,378.25
TK000975,MAT0023,电气元件,8.3,0.0,336.08
TK000975,MAT0047,工具,19.3,0.0,411.7
TK000975,MAT0047,工具,2.9,0.0,30.8
TK000975,MAT0010,辅材,8.1,1.1,382.64
TK000976,MAT0043,电气元件,16.2,0.0,77.46
TK000976,MAT0005,工具,8.0,0.0,497.29
TK000977,MAT0009,机械零件,7.0,0.8,64.91
TK000977,MAT0027,辅材,13.6,0.0,263.22
TK000977,MAT0049,绝缘材料,0.9,0.3,371.99
TK000978,MAT0038,绝缘材料,12.8,0.0,204.06
TK000979,MAT0037,绝缘材料,4.1,0.0,93.7
TK000979,MAT0033,机械零件,4.2,0.0,291.89
TK000979,MAT0017,辅材,17.2,0.0,450.12
TK000980,MAT0006,线缆,15.5,0.6,393.39
TK000982,MAT0030,线缆,14.3,0.0,409.4
TK000983,MAT0028,绝缘材料,17.5,0.0,98.75
TK000984,MAT0041,机械零件,19.7,0.0,205.41
TK000985,MAT0041,绝缘材料,8.7,1.2,477.03
TK000986,MAT0039,工具,10.7,0.0,103.13
TK000986,MAT0020,线缆,9.7,0.0,31.6
TK000986,MAT0010,工具,3.6,0.0,457.89
TK000986,MAT0029,工具,5.9,1.2,145.13
TK000989,MAT0012,辅材,1.5,0.0,169.31
TK000989,MAT0045,线缆,18.8,0.0,477.17
TK000990,MAT0044,辅材,2.3,0.0,190.28
TK000990,MAT0049,工具,6.6,0.0,377.3
TK000990,MAT0025,电气元件,1.5,0.0,319.73
TK000990,MAT0048,线缆,6.8,0.0,243.09
TK000990,MAT0033,绝缘材料,12.9,0.0,126.47
TK000991,MAT0050,机械零件,1.4,0.0,450.99
TK000991,MAT0049,线缆,16.9,0.0,72.12
TK000991,MAT0023,线缆,1.7,0.0,72.95
TK000991,MAT0046,线缆,2.8,0.0,45.7
TK000992,MAT0021,电气元件,8.0,0.0,407.15
TK000992,MAT0047,绝缘材料,1.8,0.0,253.35
TK000992,MAT0048,绝缘材料,1.5,1.0,330.37
TK000993,MAT0024,绝缘材料,8.0,0.0,13.66
TK000994,MAT0024,工具,19.8,1.3,207.33
TK000994,MAT0034,辅材,11.1,0.0,458.81
TK000994,MAT0035,辅材,15.8,0.0,333.68
TK000994,MAT0003,电气元件,17.7,1.5,174.08
TK000994,MAT0025,工具,9.1,1.7,351.1
TK000996,MAT0033,电气元件,12.0,0.8,167.25
TK000996,MAT0047,电气元件,2.4,0.1,418.42
TK000998,MAT0049,机械零件,1.1,0.0,368.8
TK000998,MAT0046,机械零件,9.0,1.9,68.61
TK000999,MAT0045,辅材,2.2,0.0,269.9
TK000999,MAT0027,绝缘材料,4.7,0.0,486.92
TK000999,MAT0019,线缆,14.4,1.7,361.43
TK000999,MAT0044,机械零件,5.1,0.0,483.12
TK000999,MAT0024,绝缘材料,2.9,1.8,90.82
TK001000,MAT0025,电气元件,3.9,0.8,384.29
TK001000,MAT0041,线缆,10.9,0.0,489.39
TK001000,MAT0041,辅材,3.6,0.0,58.5
TK001001,MAT0033,电气元件,6.5,0.9,128.96
TK001001,MAT0030,辅材,1.6,0.8,239.85
TK001001,MAT0014,线缆,10.7,0.0,186.74
TK001002,MAT0007,线缆,1.7,0.0,94.93
TK001002,MAT0014,机械零件,14.0,0.0,262.07
TK001002,MAT0009,工具,2.8,0.0,204.36
TK001002,MAT0047,辅材,2.0,0.0,318.89
TK001002,MAT0029,辅材,5.6,0.0,437.24
TK001003,MAT0020,辅材,5.4,0.0,26.57
TK001003,MAT0019,绝缘材料,7.9,0.2,184.92
TK001006,MAT0011,工具,10.8,0.0,11.58
TK001006,MAT0013,线缆,10.6,0.0,304.54
TK001007,MAT0019,工具,12.9,1.6,459.58
TK001008,MAT0004,机械零件,17.4,0.5,309.35
TK001009,MAT0018,机械零件,16.9,1.1,161.82
TK001009,MAT0037,机械零件,9.7,1.0,61.77
TK001009,MAT0007,机械零件,20.0,0.5,473.59
TK001009,MAT0042,工具,2.8,0.0,385.7
TK001010,MAT0028,机械零件,9.3,0.0,57.07
TK001010,MAT0016,电气元件,1.3,0.0,408.29
TK001011,MAT0037,线缆,9.3,0.0,438.02
TK001011,MAT0021,线缆,5.8,0.0,291.17
TK001011,MAT0006,机械零件,4.2,0.0,191.39
TK001013,MAT0028,辅材,8.5,0.0,47.38
TK001013,MAT0035,辅材,4.7,0.0,492.74
TK001013,MAT0025,机械零件,14.6,1.6,280.06
TK001013,MAT0007,电气元件,4.3,0.6,205.36
TK001014,MAT0022,线缆,10.4,0.0,499.83
TK001014,MAT0039,线缆,19.3,0.0,121.86
TK001014,MAT0010,辅材,8.6,0.0,320.33
TK001015,MAT0030,机械零件,18.9,0.0,290.83
TK001015,MAT0041,绝缘材料,17.5,1.6,170.18
TK001016,MAT0044,工具,0.5,2.0,25.69
TK001016,MAT0017,机械零件,1.6,0.0,156.49
TK001016,MAT0006,机械零件,8.5,1.7,408.04
TK001016,MAT0031,线缆,19.3,0.0,160.11
TK001016,MAT0016,电气元件,17.3,0.0,191.18
TK001017,MAT0027,线缆,8.4,0.0,85.51
TK001017,MAT0042,线缆,12.1,0.0,491.56
TK001017,MAT0013,电气元件,17.4,1.9,475.56
TK001017,MAT0019,机械零件,5.2,0.0,26.0
TK001018,MAT0009,线缆,12.4,0.0,371.21
TK001018,MAT0003,辅材,13.1,0.0,185.81
TK001018,MAT0035,电气元件,18.2,0.0,386.44
TK001018,MAT0006,电气元件,14.1,1.9,57.26
TK001018,MAT0014,辅材,14.1,0.0,182.01
TK001019,MAT0027,绝缘材料,13.5,0.0,337.43
TK001019,MAT0024,线缆,17.5,0.0,417.29
TK001020,MAT0024,机械零件,18.5,0.0,285.09
TK001021,MAT0016,辅材,12.3,0.0,236.84
TK001021,MAT0046,工具,16.3,0.0,59.9
TK001022,MAT0032,辅材,9.4,0.0,212.37
TK001022,MAT0009,绝缘材料,14.1,0.0,40.41
TK001022,MAT0027,辅材,4.1,0.0,248.41
TK001022,MAT0042,线缆,10.5,1.1,133.36
TK001023,MAT0028,绝缘材料,1.9,1.9,65.74
TK001023,MAT0002,工具,19.1,0.0,461.88
TK001023,MAT0015,工具,17.0,0.0,204.99
TK001024,MAT0006,绝缘材料,3.2,0.0,53.8
TK001024,MAT0026,工具,14.7,0.0,432.37
TK001025,MAT0025,线缆,13.3,0.0,146.05
TK001025,MAT0014,机械零件,17.6,0.0,180.29
TK001026,MAT0017,电气元件,1.2,1.7,20.8
TK001026,MAT0011,绝缘材料,9.9,0.0,338.4
TK001026,MAT0038,绝缘材料,6.5,0.0,417.39
TK001026,MAT0020,机械零件,12.8,1.9,488.69
TK001027,MAT0041,辅材,5.5,0.0,466.11
TK001027,MAT0003,线缆,15.1,0.0,187.22
TK001027,MAT0045,辅材,8.5,0.3,143.86
TK001028,MAT0003,电气元件,2.6,1.4,89.58
TK001028,MAT0027,机械零件,1.7,0.0,122.41
TK001028,MAT0030,线缆,17.6,0.0,425.62
TK001029,MAT0030,绝缘材料,8.9,0.0,118.86
TK001029,MAT0049,辅材,3.9,1.8,485.12
TK001029,MAT0033,辅材,14.0,0.0,364.1
TK001030,MAT0028,工具,2.7,0.0,22.16
TK001030,MAT0027,绝缘材料,13.5,0.5,89.73
TK001031,MAT0039,辅材,2.1,0.0,373.85
TK001032,MAT0028,机械零件,10.2,0.7,252.68
TK001032,MAT0015,线缆,0.8,0.0,71.02
TK001032,MAT0003,绝缘材料,17.0,0.0,217.29
TK001033,MAT0013,绝缘材料,7.5,0.0,208.52
TK001033,MAT0036,工具,14.6,0.0,105.61
TK001035,MAT0040,工具,10.7,0.0,257.68
TK001035,MAT0028,电气元件,19.8,0.5,466.46
TK001035,MAT0015,绝缘材料,4.3,0.0,425.44
TK001037,MAT0047,电气元件,20.0,0.0,62.72
TK001038,MAT0017,电气元件,7.2,0.0,322.01
TK001038,MAT0023,绝缘材料,13.3,0.0,431.34
TK001038,MAT0015,绝缘材料,15.2,0.0,146.18
TK001038,MAT0026,绝缘材料,9.8,0.0,188.61
TK001040,MAT0011,线缆,15.2,0.0,489.97
TK001040,MAT0022,辅材,1.1,0.0,10.29
TK001040,MAT0038,工具,16.8,0.0,45.03
TK001040,MAT0002,机械零件,15.1,1.6,199.16
TK001041,MAT0030,线缆,13.4,0.0,182.32
TK001041,MAT0027,电气元件,18.7,0.0,141.33
TK001042,MAT0048,绝缘材料,14.2,0.0,256.73
TK001042,MAT0016,工具,7.5,0.0,65.01
TK001042,MAT0045,机械零件,7.5,0.0,438.47
TK001042,MAT0035,电气元件,12.3,0.4,454.17
TK001042,MAT0026,线缆,4.9,0.0,209.79
TK001043,MAT0041,绝缘材料,16.5,0.0,230.61
TK001043,MAT0007,线缆,9.3,0.8,348.26
TK001043,MAT0031,辅材,13.2,0.0,77.22
TK001044,MAT0036,电气元件,8.9,0.0,137.44
TK001044,MAT0002,机械零件,13.8,0.0,338.63
TK001044,MAT0037,工具,9.8,0.0,371.35
TK001045,MAT0009,绝缘材料,4.3,0.0,226.6
TK001045,MAT0031,辅材,8.1,0.0,147.39
TK001045,MAT0045,绝缘材料,6.1,0.0,366.28
TK001045,MAT0030,线缆,4.6,0.0,19.18
TK001045,MAT0008,辅材,19.5,0.0,227.22
TK001046,MAT0036,工具,14.1,0.0,109.23
TK001047,MAT0024,辅材,17.6,0.0,122.49
TK001047,MAT0009,辅材,4.8,0.0,89.62
TK001047,MAT0029,电气元件,18.8,0.0,62.58
TK001048,MAT0020,辅材,13.2,0.0,217.03
TK001048,MAT0047,绝缘材料,5.8,0.0,194.06
TK001049,MAT0049,辅材,16.1,0.0,277.56
TK001049,MAT0049,线缆,2.2,0.0,458.46
TK001050,MAT0021,绝缘材料,10.5,0.0,441.69
TK001050,MAT0014,电气元件,19.2,0.0,69.96
TK001050,MAT0046,工具,7.0,0.0,107.1
TK001050,MAT0006,线缆,11.3,0.0,140.9
TK001051,MAT0050,电气元件,16.9,0.0,83.81
TK001051,MAT0009,绝缘材料,3.4,1.9,463.79
TK001051,MAT0037,线缆,11.2,1.3,457.65
TK001052,MAT0016,机械零件,18.6,0.0,267.95
TK001052,MAT0042,绝缘材料,1.1,0.0,232.73
TK001053,MAT0032,电气元件,13.8,0.0,110.12
TK001053,MAT0037,绝缘材料,13.7,0.0,68.12
TK001053,MAT0017,绝缘材料,9.2,1.5,247.74
TK001054,MAT0042,电气元件,16.1,2.0,19.34
TK001054,MAT0046,工具,6.5,1.5,219.78
TK001054,MAT0006,辅材,0.9,0.0,252.7
TK001054,MAT0005,线缆,4.1,0.0,440.67
TK001055,MAT0027,电气元件,19.7,0.0,178.15
TK001055,MAT0044,机械零件,1.2,0.0,268.35
TK001055,MAT0017,绝缘材料,3.0,0.0,468.95
TK001055,MAT0034,机械零件,9.2,0.2,265.32
TK001055,MAT0043,电气元件,5.9,0.0,489.62
TK001056,MAT0041,工具,9.1,0.0,75.11
TK001056,MAT0009,线缆,9.6,0.0,147.79
TK001059,MAT0032,工具,5.0,0.0,296.6
TK001059,MAT0007,线缆,16.9,0.0,323.08
TK001059,MAT0017,机械零件,9.8,0.0,260.06
TK001059,MAT0024,绝缘材料,1.9,0.0,427.44
TK001059,MAT0036,绝缘材料,4.4,0.0,5.38
TK001060,MAT0040,绝缘材料,5.5,0.1,130.89
TK001060,MAT0031,绝缘材料,16.3,0.0,155.61
TK001060,MAT0023,绝缘材料,13.8,0.6,74.71
TK001060,MAT0049,机械零件,18.2,0.0,131.14
TK001060,MAT0023,工具,4.5,0.1,165.43
TK001061,MAT0019,电气元件,7.3,0.4,442.3
TK001061,MAT0028,绝缘材料,5.8,0.0,310.01
TK001061,MAT0048,电气元件,15.0,0.0,366.68
TK001061,MAT0028,绝缘材料,13.9,0.0,278.38
TK001062,MAT0025,线缆,15.8,0.0,117.92
TK001062,MAT0028,线缆,17.8,0.8,128.95
TK001062,MAT0017,绝缘材料,10.2,0.4,472.91
TK001062,MAT0002,绝缘材料,9.1,0.0,322.38
TK001062,MAT0041,辅材,12.8,0.0,228.5
TK001064,MAT0005,工具,12.1,0.0,87.41
TK001064,MAT0021,电气元件,9.6,0.0,426.16
TK001064,MAT0039,线缆,3.1,0.0,62.24
TK001064,MAT0017,辅材,1.7,1.4,150.12
TK001066,MAT0024,机械零件,14.8,0.0,305.71
TK001066,MAT0004,机械零件,1.8,1.4,363.16
TK001066,MAT0025,电气元件,5.0,0.0,231.19
TK001067,MAT0004,辅材,4.9,1.0,288.74
TK001067,MAT0046,工具,4.4,0.0,202.02
TK001067,MAT0003,机械零件,9.3,0.0,94.99
TK001067,MAT0001,线缆,19.3,0.0,244.05
TK001068,MAT0050,工具,7.2,1.3,314.21
TK001069,MAT0037,辅材,17.6,0.0,440.64
TK001070,MAT0010,辅材,3.6,0.0,472.64
TK001070,MAT0007,线缆,16.7,0.0,95.46
TK001070,MAT0039,工具,7.7,0.0,464.59
TK001070,MAT0011,绝缘材料,12.5,0.0,389.93
TK001070,MAT0017,线缆,1.7,0.1,22.77
TK001071,MAT0030,绝缘材料,15.0,0.0,261.48
TK001071,MAT0025,辅材,4.7,0.0,335.99
TK001072,MAT0031,线缆,19.4,0.0,281.83
TK001072,MAT0033,电气元件,11.6,0.0,196.36
TK001073,MAT0034,机械零件,11.3,0.0,243.84
TK001073,MAT0014,线缆,12.2,0.0,460.06
TK001074,MAT0038,辅材,15.8,0.0,296.1
TK001074,MAT0020,工具,2.6,0.0,351.8
TK001074,MAT0026,绝缘材料,2.1,0.0,120.53
TK001074,MAT0015,工具,13.1,0.0,46.95
TK001076,MAT0046,电气元件,19.2,0.0,237.26
TK001078,MAT0030,线缆,16.3,0.0,215.86
TK001078,MAT0042,工具,7.5,2.0,262.2
TK001080,MAT0047,电气元件,5.3,0.0,253.48
TK001080,MAT0021,绝缘材料,9.3,0.0,139.51
TK001080,MAT0007,线缆,16.0,0.0,403.5
TK001083,MAT0009,机械零件,1.6,0.0,112.3
TK001083,MAT0024,辅材,15.7,0.0,159.27
TK001084,MAT0010,机械零件,5.3,0.0,95.46
TK001084,MAT0039,工具,20.0,0.0,35.85
TK001084,MAT0031,工具,5.0,0.0,332.1
TK001084,MAT0042,机械零件,5.2,0.0,461.09
TK001085,MAT0028,绝缘材料,4.0,0.0,209.09
TK001085,MAT0043,绝缘材料,7.2,0.0,329.21
TK001085,MAT0030,工具,13.9,1.7,344.85
TK001085,MAT0041,工具,9.9,0.0,341.47
TK001086,MAT0008,机械零件,4.8,0.0,285.86
TK001086,MAT0045,绝缘材料,6.5,0.9,83.7
TK001086,MAT0037,工具,19.7,0.0,145.41
TK001086,MAT0026,绝缘材料,11.6,0.0,207.34
TK001086,MAT0048,机械零件,7.4,0.0,158.18
TK001087,MAT0044,电气元件,11.6,0.0,120.14
TK001087,MAT0001,绝缘材料,11.8,1.7,38.75
TK001087,MAT0042,机械零件,4.5,0.0,143.32
TK001088,MAT0031,辅材,12.9,0.0,89.53
TK001088,MAT0049,辅材,10.2,1.4,92.4
TK001088,MAT0041,工具,17.4,0.0,438.85
TK001088,MAT0048,机械零件,17.5,0.0,33.95
TK001088,MAT0014,线缆,19.5,0.0,74.12
TK001089,MAT0017,绝缘材料,2.5,0.4,100.41
TK001089,MAT0014,机械零件,2.4,1.0,260.41
TK001089,MAT0002,工具,9.3,0.0,242.9
TK001089,MAT0036,辅材,20.0,0.0,224.68
TK001089,MAT0047,电气元件,19.1,1.1,284.59
TK001090,MAT0030,机械零件,6.8,0.0,233.89
TK001091,MAT0026,辅材,2.3,0.0,155.96
TK001092,MAT0007,机械零件,18.1,0.0,328.87
TK001092,MAT0007,线缆,9.8,0.0,288.3
TK001093,MAT0006,线缆,9.9,0.0,99.78
TK001094,MAT0009,绝缘材料,17.0,0.0,355.56
TK001094,MAT0004,辅材,11.1,0.0,370.26
TK001094,MAT0046,线缆,1.0,0.0,253.24
TK001095,MAT0019,辅材,18.3,0.0,80.13
TK001095,MAT0048,绝缘材料,1.9,0.0,487.96
TK001096,MAT0049,绝缘材料,4.0,0.9,353.81
TK001099,MAT0046,工具,6.3,0.0,439.26
TK001099,MAT0038,机械零件,2.9,1.2,93.59
TK001099,MAT0026,线缆,14.8,0.0,56.11
TK001099,MAT0049,绝缘材料,7.4,0.0,387.81
TK001100,MAT0016,辅材,15.4,0.0,28.03
TK001100,MAT0030,机械零件,12.8,0.0,109.7
TK001100,MAT0014,线缆,9.8,0.0,424.01
TK001100,MAT0031,机械零件,9.4,1.9,232.42
TK001103,MAT0009,机械零件,14.9,1.1,268.62
TK001103,MAT0017,线缆,18.7,0.0,50.61
TK001103,MAT0004,机械零件,2.3,0.0,111.81
TK001103,MAT0020,线缆,6.9,0.3,414.3
TK001103,MAT0048,绝缘材料,13.6,0.0,219.43
TK001105,MAT0023,线缆,10.5,0.0,304.1
TK001105,MAT0048,线缆,13.1,0.0,103.04
TK001105,MAT0023,辅材,1.3,0.0,150.64
TK001105,MAT0047,机械零件,0.9,0.0,201.37
TK001105,MAT0030,工具,17.7,1.8,428.14
TK001106,MAT0039,工具,17.9,0.0,205.67
TK001106,MAT0001,辅材,5.9,0.8,474.45
TK001107,MAT0038,工具,1.5,1.0,219.91
TK001107,MAT0014,线缆,4.9,0.0,102.15
TK001107,MAT0045,机械零件,16.4,0.0,386.53
TK001107,MAT0009,机械零件,1.9,0.4,209.26
TK001108,MAT0047,机械零件,12.1,0.0,260.57
TK001108,MAT0040,机械零件,19.4,0.0,98.99
TK001108,MAT0003,工具,1.7,0.0,261.16
TK001109,MAT0044,机械零件,9.0,0.0,92.51
TK001109,MAT0026,线缆,10.5,0.0,289.95
TK001109,MAT0016,电气元件,5.9,1.2,187.59
TK001109,MAT0006,绝缘材料,5.3,0.5,134.9
TK001109,MAT0029,绝缘材料,12.5,0.0,76.37
TK001110,MAT0010,辅材,20.0,0.0,235.89
TK001110,MAT0017,工具,13.0,1.9,277.04
TK001110,MAT0040,线缆,2.3,0.0,469.68
TK001110,MAT0041,线缆,18.9,0.1,164.86
TK001111,MAT0029,辅材,17.6,1.9,157.5
TK001111,MAT0040,电气元件,13.5,1.3,409.26
TK001111,MAT0050,机械零件,6.2,0.0,309.2
TK001111,MAT0039,工具,18.0,0.0,426.87
TK001112,MAT0016,机械零件,3.8,0.0,128.0
TK001112,MAT0025,机械零件,7.6,0.4,496.38
TK001112,MAT0015,线缆,19.6,0.0,294.34
TK001112,MAT0045,工具,17.5,0.0,52.86
TK001113,MAT0013,辅材,13.8,0.0,123.36
TK001113,MAT0015,工具,19.1,0.0,284.8
TK001114,MAT0027,电气元件,1.4,0.0,85.44
TK001114,MAT0044,辅材,1.7,0.0,192.7
TK001114,MAT0039,机械零件,14.0,0.0,304.52
TK001115,MAT0037,电气元件,8.1,0.0,315.66
TK001115,MAT0005,线缆,8.1,0.0,69.59
TK001115,MAT0038,线缆,3.3,0.2,119.85
TK001117,MAT0028,绝缘材料,3.8,0.0,124.21
TK001117,MAT0020,工具,13.3,0.0,146.07
TK001117,MAT0020,绝缘材料,6.3,0.0,298.99
TK001117,MAT0033,工具,2.9,0.0,189.48
TK001118,MAT0020,绝缘材料,20.0,0.0,416.82
TK001118,MAT0029,工具,15.1,0.0,343.86
TK001118,MAT0028,机械零件,3.3,0.0,446.97
TK001119,MAT0020,线缆,17.2,0.0,111.77
TK001119,MAT0050,线缆,12.5,0.0,255.34
TK001119,MAT0036,绝缘材料,12.4,0.0,175.63
TK001119,MAT0018,电气元件,9.7,0.0,354.54
TK001121,MAT0045,绝缘材料,18.4,0.0,205.61
TK001121,MAT0030,机械零件,12.8,0.0,17.38
TK001122,MAT0032,工具,15.4,0.0,29.24
TK001124,MAT0002,绝缘材料,12.4,0.0,102.76
TK001124,MAT0022,机械零件,12.9,0.0,287.92
TK001124,MAT0018,工具,1.4,0.0,153.11
TK001125,MAT0033,电气元件,8.9,0.0,168.24
TK001125,MAT0035,工具,16.5,0.0,442.48
TK001125,MAT0024,绝缘材料,1.6,0.0,78.88
TK001125,MAT0038,工具,19.4,0.0,119.11
TK001126,MAT0018,线缆,8.0,0.0,320.76
TK001126,MAT0025,电气元件,19.5,0.0,468.09
TK001126,MAT0035,辅材,14.8,0.0,149.88
TK001126,MAT0009,工具,7.6,0.0,73.42
TK001126,MAT0030,工具,5.3,0.0,220.84
TK001128,MAT0033,线缆,1.1,0.0,221.36
TK001128,MAT0027,机械零件,8.9,0.0,200.37
TK001129,MAT0022,绝缘材料,13.4,0.0,416.34
TK001129,MAT0035,绝缘材料,11.7,0.0,311.33
TK001129,MAT0043,绝缘材料,17.1,0.0,32.87
TK001129,MAT0046,机械零件,3.0,0.0,254.91
TK001129,MAT0012,电气元件,9.6,0.2,193.61
TK001130,MAT0041,绝缘材料,2.1,0.0,83.44
TK001130,MAT0049,工具,0.5,0.0,134.43
TK001131,MAT0023,电气元件,19.9,0.0,488.55
TK001131,MAT0015,绝缘材料,10.0,0.0,186.67
TK001131,MAT0024,工具,4.4,0.8,313.05
TK001131,MAT0005,辅材,12.6,0.0,412.41
TK001131,MAT0002,电气元件,2.0,0.0,182.25
TK001132,MAT0036,机械零件,12.9,0.0,487.93
TK001132,MAT0018,辅材,19.3,1.2,90.7
TK001133,MAT0020,电气元件,16.7,0.0,181.43
TK001133,MAT0044,工具,13.6,0.0,389.86
TK001133,MAT0027,电气元件,15.5,0.0,20.03
TK001133,MAT0030,线缆,2.4,0.0,368.56
TK001134,MAT0031,电气元件,18.6,0.0,331.93
TK001134,MAT0048,机械零件,19.5,1.8,301.54
TK001134,MAT0014,线缆,14.3,0.0,186.4
TK001134,MAT0029,辅材,10.2,0.0,150.43
TK001135,MAT0010,绝缘材料,4.5,0.0,220.61
TK001136,MAT0045,线缆,5.6,0.0,470.67
TK001136,MAT0013,电气元件,13.6,0.0,467.74
TK001136,MAT0032,机械零件,1.5,0.0,104.74
TK001136,MAT0017,辅材,15.0,1.1,219.57
TK001137,MAT0003,线缆,10.4,0.6,333.03
TK001137,MAT0044,线缆,1.7,0.0,447.17
TK001137,MAT0022,工具,12.4,0.5,377.61
TK001138,MAT0031,电气元件,1.4,0.0,355.92
TK001138,MAT0045,线缆,11.8,0.5,221.79
TK001138,MAT0012,线缆,17.7,0.0,459.15
TK001139,MAT0003,工具,12.6,0.0,496.89
TK001139,MAT0038,绝缘材料,5.3,0.0,132.81
TK001139,MAT0012,辅材,3.9,0.0,335.19
TK001140,MAT0034,机械零件,10.2,0.0,159.23
TK001140,MAT0022,电气元件,4.6,0.0,222.16
TK001141,MAT0043,线缆,6.2,0.0,35.33
TK001141,MAT0044,工具,1.7,0.0,18.48
TK001141,MAT0041,绝缘材料,5.3,0.0,151.39
TK001141,MAT0028,辅材,7.0,0.0,238.39
TK001142,MAT0005,工具,14.9,0.0,228.62
TK001142,MAT0026,电气元件,13.8,0.0,12.98
TK001143,MAT0023,机械零件,16.6,0.0,150.67
TK001144,MAT0038,辅材,12.2,1.4,305.1
TK001144,MAT0036,辅材,17.2,0.0,150.16
TK001144,MAT0001,线缆,4.0,0.0,482.35
TK001145,MAT0006,机械零件,3.4,0.1,25.36
TK001145,MAT0009,辅材,5.4,0.5,458.12
TK001145,MAT0041,机械零件,5.5,0.1,74.08
TK001145,MAT0022,辅材,9.1,0.0,395.19
TK001146,MAT0009,绝缘材料,8.8,0.0,209.75
TK001146,MAT0049,电气元件,18.4,0.0,199.41
TK001146,MAT0050,绝缘材料,15.7,0.3,250.65
TK001146,MAT0023,线缆,13.6,1.6,211.78
TK001146,MAT0048,电气元件,9.0,0.0,199.4
TK001148,MAT0047,线缆,1.5,0.0,280.41
TK001148,MAT0005,工具,19.8,0.0,316.19
TK001148,MAT0027,线缆,0.9,0.4,439.94
TK001149,MAT0024,线缆,0.9,0.9,9.46
TK001149,MAT0029,线缆,5.6,0.0,341.75
TK001149,MAT0050,线缆,2.3,0.0,448.92
TK001149,MAT0045,线缆,16.9,0.0,6.69
TK001149,MAT0032,机械零件,4.6,0.0,5.08
TK001150,MAT0050,辅材,16.1,0.0,337.39
TK001150,MAT0019,工具,10.7,0.0,176.35
TK001150,MAT0025,电气元件,7.7,0.0,327.67
TK001150,MAT0025,工具,0.5,0.0,397.02
TK001152,MAT0012,工具,4.7,1.6,449.81
TK001152,MAT0034,机械零件,6.2,0.0,64.13
TK001152,MAT0050,机械零件,0.9,1.6,319.38
TK001152,MAT0017,工具,18.0,0.0,282.41
TK001152,MAT0030,辅材,6.7,0.0,402.13
TK001153,MAT0040,线缆,16.6,0.0,413.11
TK001153,MAT0024,电气元件,19.8,1.9,449.63
TK001153,MAT0037,绝缘材料,17.3,0.0,372.34
TK001153,MAT0047,工具,3.7,0.0,113.79
TK001153,MAT0046,机械零件,1.3,0.0,414.35
TK001154,MAT0030,机械零件,1.6,1.3,224.35
TK001154,MAT0022,绝缘材料,1.6,0.0,72.82
TK001154,MAT0048,工具,4.7,0.0,438.86
TK001155,MAT0047,线缆,14.6,0.0,256.25
TK001156,MAT0043,机械零件,18.7,0.0,360.01
TK001156,MAT0020,绝缘材料,13.0,0.0,388.12
TK001157,MAT0011,辅材,17.1,1.3,306.23
TK001157,MAT0003,工具,6.4,0.0,128.78
TK001157,MAT0023,线缆,7.3,0.0,93.1
TK001157,MAT0028,绝缘材料,17.8,0.0,180.7
TK001158,MAT0014,辅材,0.6,0.0,148.23
TK001158,MAT0005,辅材,17.8,0.0,184.98
TK001158,MAT0046,绝缘材料,5.9,0.0,349.05
TK001158,MAT0031,绝缘材料,18.3,0.0,317.72
TK001158,MAT0029,线缆,6.9,0.9,132.09
TK001159,MAT0023,辅材,19.4,1.8,495.97
TK001160,MAT0011,电气元件,19.5,0.0,160.42
TK001160,MAT0016,辅材,10.5,1.9,348.45
TK001160,MAT0034,辅材,15.6,1.5,189.82
TK001161,MAT0047,辅材,15.2,0.0,137.12
TK001163,MAT0012,辅材,1.5,0.0,15.68
TK001163,MAT0033,工具,1.1,1.5,144.31
TK001163,MAT0040,辅材,2.6,0.0,36.0
TK001164,MAT0043,线缆,16.8,0.0,46.07
TK001165,MAT0014,机械零件,13.3,0.0,257.06
TK001165,MAT0049,机械零件,8.9,0.0,245.43
TK001165,MAT0035,机械零件,13.6,0.0,119.49
TK001166,MAT0038,辅材,17.2,0.0,325.76
TK001166,MAT0004,机械零件,8.6,0.0,485.42
TK001168,MAT0025,辅材,12.3,0.0,150.04
TK001169,MAT0025,工具,4.8,0.0,470.32
TK001169,MAT0025,辅材,6.2,0.0,211.98
TK001169,MAT0031,绝缘材料,9.9,0.0,140.31
TK001170,MAT0004,电气元件,3.3,0.0,224.37
TK001171,MAT0050,电气元件,9.3,0.0,100.56
TK001171,MAT0040,线缆,10.4,0.0,311.64
TK001172,MAT0019,线缆,16.4,0.0,105.21
TK001172,MAT0014,绝缘材料,13.7,0.0,220.89
TK001172,MAT0047,绝缘材料,15.8,0.0,107.69
TK001172,MAT0049,线缆,4.2,0.0,476.21
TK001172,MAT0037,机械零件,5.0,0.0,308.8
TK001173,MAT0017,工具,9.4,1.3,205.1
TK001173,MAT0014,电气元件,8.8,0.0,284.18
TK001173,MAT0039,辅材,2.3,0.0,302.51
TK001173,MAT0027,线缆,3.8,0.0,357.07
TK001174,MAT0043,线缆,15.3,0.0,256.41
TK001174,MAT0049,工具,11.5,0.0,128.41
TK001174,MAT0014,线缆,18.5,0.0,439.38
TK001174,MAT0040,线缆,3.3,0.0,257.35
TK001175,MAT0025,工具,4.1,0.0,285.85
TK001175,MAT0045,工具,13.3,0.0,208.7
TK001175,MAT0008,工具,14.1,0.0,62.89
TK001175,MAT0027,工具,14.5,1.1,495.94
TK001176,MAT0013,线缆,6.9,0.4,265.11
TK001176,MAT0020,机械零件,8.5,0.0,179.9
TK001177,MAT0026,辅材,13.2,0.0,218.94
TK001177,MAT0035,工具,11.9,0.0,44.22
TK001177,MAT0020,电气元件,7.5,0.0,288.84
TK001177,MAT0030,工具,5.3,0.0,31.98
TK001177,MAT0037,电气元件,17.7,1.9,486.14
TK001179,MAT0004,机械零件,15.1,0.0,93.13
TK001180,MAT0022,机械零件,7.9,0.0,44.78
TK001180,MAT0030,机械零件,7.1,1.2,113.43
TK001180,MAT0047,线缆,11.1,1.9,158.98
TK001180,MAT0023,线缆,16.2,0.0,107.65
TK001182,MAT0021,辅材,16.0,0.0,35.78
TK001182,MAT0039,工具,9.3,0.0,162.17
TK001182,MAT0026,电气元件,14.1,0.6,223.06
TK001183,MAT0037,工具,6.4,0.0,355.36
TK001183,MAT0012,工具,14.6,0.0,352.63
TK001183,MAT0042,电气元件,19.9,2.0,339.15
TK001183,MAT0005,机械零件,0.8,0.0,32.15
TK001184,MAT0012,辅材,8.2,0.0,462.01
TK001187,MAT0005,工具,14.7,0.0,64.88
TK001187,MAT0010,电气元件,10.4,0.0,233.49
TK001187,MAT0036,机械零件,6.4,0.7,202.71
TK001187,MAT0005,线缆,7.6,0.0,168.82
TK001187,MAT0025,电气元件,4.4,0.0,251.6
TK001188,MAT0033,线缆,6.6,0.0,67.91
TK001189,MAT0027,机械零件,9.6,0.0,394.29
TK001189,MAT0005,电气元件,17.5,0.0,298.49
TK001191,MAT0033,电气元件,18.8,0.4,289.16
TK001191,MAT0050,工具,4.2,0.0,468.76
TK001191,MAT0050,电气元件,12.3,0.9,205.37
TK001191,MAT0044,线缆,2.5,0.0,218.31
TK001191,MAT0001,线缆,4.2,1.6,170.42
TK001192,MAT0042,电气元件,5.7,1.0,227.78
TK001192,MAT0043,辅材,4.8,0.5,248.13
TK001193,MAT0013,绝缘材料,3.9,0.0,347.34
TK001193,MAT0043,辅材,13.1,0.0,358.16
TK001193,MAT0049,电气元件,12.4,0.0,304.86
TK001195,MAT0014,辅材,4.2,0.0,318.27
TK001196,MAT0041,电气元件,14.6,0.0,143.06
TK001196,MAT0025,线缆,8.0,0.0,304.17
TK001196,MAT0030,电气元件,2.3,0.0,76.86
TK001197,MAT0001,电气元件,5.1,0.0,142.47
TK001197,MAT0043,绝缘材料,17.4,0.0,202.94
TK001197,MAT0011,辅材,4.0,0.0,99.22
TK001199,MAT0001,电气元件,2.5,0.0,213.27
TK001199,MAT0023,辅材,19.5,0.0,60.82
TK001199,MAT0005,线缆,11.2,0.0,402.31
TK001201,MAT0039,辅材,10.7,1.9,203.74
TK001201,MAT0036,机械零件,16.5,0.0,424.77
TK001201,MAT0026,工具,4.4,0.0,72.32
TK001202,MAT0046,绝缘材料,8.2,0.0,41.19
TK001202,MAT0039,线缆,7.9,1.8,259.55
TK001202,MAT0036,辅材,4.8,0.0,447.6
TK001202,MAT0001,电气元件,17.9,0.0,318.85
TK001203,MAT0001,辅材,3.3,0.0,208.98
TK001203,MAT0005,电气元件,7.5,1.2,177.71
TK001203,MAT0010,电气元件,11.6,0.0,349.43
TK001204,MAT0018,电气元件,16.1,0.0,442.04
TK001204,MAT0002,辅材,14.8,0.0,389.43
TK001204,MAT0042,电气元件,14.2,0.0,381.89
TK001205,MAT0041,线缆,15.1,0.0,312.33
TK001205,MAT0038,电气元件,12.4,0.1,202.35
TK001205,MAT0001,机械零件,11.7,0.0,56.37
TK001205,MAT0021,机械零件,10.1,0.0,244.85
TK001206,MAT0040,绝缘材料,13.0,0.0,233.39
TK001206,MAT0027,工具,13.5,0.0,422.96
TK001206,MAT0002,工具,17.0,0.0,28.88
TK001206,MAT0019,辅材,10.6,0.0,381.54
TK001208,MAT0035,线缆,17.0,0.7,451.08
TK001208,MAT0038,工具,4.6,1.4,426.44
TK001209,MAT0046,线缆,17.1,0.0,333.12
TK001209,MAT0013,机械零件,15.8,0.0,151.59
TK001210,MAT0036,线缆,1.0,0.0,113.2
TK001211,MAT0039,机械零件,4.1,0.0,335.05
TK001211,MAT0035,电气元件,12.9,0.0,186.58
TK001211,MAT0034,辅材,18.7,0.0,370.66
TK001211,MAT0044,线缆,6.6,0.0,271.44
TK001212,MAT0041,工具,11.4,0.5,69.83
TK001212,MAT0013,机械零件,5.1,1.2,469.76
TK001212,MAT0021,绝缘材料,19.7,0.0,378.55
TK001213,MAT0048,辅材,8.8,0.0,282.01
TK001213,MAT0032,绝缘材料,5.8,0.0,429.77
TK001213,MAT0022,绝缘材料,1.0,0.0,487.69
TK001213,MAT0033,线缆,18.4,0.0,212.96
TK001213,MAT0036,辅材,14.0,0.0,398.59
TK001214,MAT0011,电气元件,14.9,1.2,206.11
TK001214,MAT0006,绝缘材料,18.7,0.0,188.7
TK001214,MAT0048,机械零件,8.2,0.0,364.54
TK001214,MAT0007,辅材,9.3,0.0,84.78
TK001215,MAT0034,线缆,2.3,0.9,349.76
TK001215,MAT0025,机械零件,10.6,0.0,232.43
TK001216,MAT0023,绝缘材料,17.2,0.0,437.33
TK001216,MAT0041,绝缘材料,15.4,0.0,53.33
TK001216,MAT0021,工具,11.8,0.0,350.21
TK001216,MAT0043,工具,19.3,0.0,124.99
TK001216,MAT0021,绝缘材料,6.9,0.0,133.64
TK001217,MAT0005,辅材,17.0,0.0,414.27
TK001217,MAT0007,绝缘材料,16.1,0.0,376.92
TK001217,MAT0035,机械零件,7.9,0.0,107.01
TK001218,MAT0019,机械零件,7.9,0.2,488.87
TK001218,MAT0024,线缆,3.5,0.2,416.8
TK001218,MAT0037,绝缘材料,8.5,0.0,356.19
TK001218,MAT0016,电气元件,16.9,0.0,179.39
TK001220,MAT0043,辅材,5.4,0.0,243.05
TK001220,MAT0006,绝缘材料,4.0,0.0,194.77
TK001220,MAT0021,辅材,18.8,0.0,431.49
TK001221,MAT0011,线缆,9.8,0.0,433.75
TK001221,MAT0021,线缆,16.6,0.0,114.46
TK001222,MAT0001,辅材,17.0,0.0,119.94
TK001222,MAT0005,机械零件,19.4,0.0,148.3
TK001222,MAT0007,辅材,19.8,0.0,140.34
TK001224,MAT0024,机械零件,13.3,0.0,241.38
TK001224,MAT0011,线缆,1.5,0.0,26.88
TK001224,MAT0033,机械零件,8.4,1.5,253.77
TK001225,MAT0015,线缆,4.0,0.0,76.78
TK001226,MAT0028,绝缘材料,12.7,0.0,476.75
TK001226,MAT0011,辅材,6.5,0.0,75.43
TK001226,MAT0023,辅材,13.5,0.0,334.57
TK001226,MAT0011,电气元件,1.0,0.0,283.89
TK001226,MAT0015,辅材,15.6,0.0,499.83
TK001227,MAT0030,线缆,7.3,0.0,32.53
TK001227,MAT0020,工具,11.0,0.0,338.06
TK001228,MAT0004,机械零件,5.5,1.9,49.46
TK001228,MAT0019,线缆,8.3,0.0,125.84
TK001229,MAT0039,辅材,18.8,0.7,37.2
TK001229,MAT0016,绝缘材料,5.3,0.0,401.77
TK001231,MAT0012,电气元件,18.8,0.0,245.76
TK001231,MAT0049,电气元件,13.8,0.1,467.34
TK001231,MAT0045,机械零件,9.3,0.0,142.85
TK001231,MAT0050,机械零件,5.3,0.0,320.81
TK001232,MAT0039,工具,6.5,0.0,239.36
TK001232,MAT0007,电气元件,12.4,0.8,175.7
TK001232,MAT0007,工具,0.5,0.0,331.67
TK001232,MAT0028,机械零件,4.1,0.0,349.69
TK001233,MAT0014,辅材,6.2,0.2,331.98
TK001233,MAT0033,电气元件,9.9,0.0,127.83
TK001234,MAT0021,机械零件,17.4,0.0,29.53
TK001235,MAT0010,线缆,18.6,0.0,158.44
TK001236,MAT0040,线缆,16.2,1.7,208.22
TK001236,MAT0036,工具,12.3,0.0,301.45
TK001236,MAT0002,线缆,11.3,0.6,189.15
TK001238,MAT0004,机械零件,17.5,0.0,341.48
TK001240,MAT0021,辅材,13.5,0.0,178.34
TK001240,MAT0042,工具,6.6,0.0,431.33
TK001241,MAT0004,工具,1.6,0.0,248.99
TK001241,MAT0044,辅材,16.7,0.0,397.0
TK001241,MAT0009,辅材,2.0,0.0,316.27
TK001241,MAT0030,辅材,2.2,1.4,19.69
TK001242,MAT0031,电气元件,12.6,0.8,79.67
TK001242,MAT0016,绝缘材料,6.7,0.0,494.59
TK001242,MAT0001,线缆,1.1,0.0,284.08
TK001242,MAT0041,机械零件,19.1,0.0,442.4
TK001243,MAT0025,线缆,10.1,0.0,118.15
TK001244,MAT0013,电气元件,13.7,0.0,320.25
TK001244,MAT0027,线缆,15.7,0.0,175.25
TK001244,MAT0026,线缆,7.8,0.1,29.32
TK001244,MAT0015,辅材,19.5,0.9,99.01
TK001244,MAT0008,机械零件,7.6,0.0,165.23
TK001245,MAT0034,机械零件,8.3,0.3,419.5
TK001245,MAT0014,机械零件,16.1,0.0,408.7
TK001245,MAT0015,工具,1.4,1.2,106.59
TK001247,MAT0018,绝缘材料,5.1,0.0,356.59
TK001248,MAT0015,机械零件,16.0,0.0,277.13
TK001248,MAT0007,绝缘材料,9.1,0.0,451.62
TK001249,MAT0045,机械零件,0.6,0.0,436.01
TK001249,MAT0010,机械零件,14.3,0.0,321.3
TK001249,MAT0011,机械零件,9.0,1.5,239.39
TK001249,MAT0013,机械零件,13.8,0.0,78.41
TK001249,MAT0037,机械零件,10.7,0.0,301.1
TK001252,MAT0021,线缆,19.1,0.0,162.82
TK001253,MAT0027,辅材,0.7,0.5,185.66
TK001254,MAT0012,电气元件,11.4,1.0,375.19
TK001254,MAT0007,机械零件,12.2,0.0,303.22
TK001254,MAT0030,机械零件,18.0,0.8,67.85
TK001254,MAT0033,线缆,17.1,0.0,133.95
TK001255,MAT0006,机械零件,1.7,0.0,59.0
TK001256,MAT0034,绝缘材料,15.1,0.0,155.62
TK001256,MAT0041,电气元件,8.3,0.3,135.58
TK001257,MAT0034,绝缘材料,14.8,0.0,329.92
TK001258,MAT0010,电气元件,18.0,0.0,76.36
TK001258,MAT0029,线缆,17.8,0.0,147.83
TK001258,MAT0016,线缆,11.1,0.0,95.82
TK001259,MAT0016,绝缘材料,19.8,0.0,398.26
TK001259,MAT0040,工具,9.8,0.0,70.29
TK001259,MAT0023,工具,3.8,0.0,41.56
TK001259,MAT0026,机械零件,9.1,0.0,286.48
TK001259,MAT0039,工具,11.3,0.0,200.51
TK001260,MAT0039,辅材,10.3,0.0,35.39
TK001261,MAT0019,机械零件,19.7,0.6,108.52
TK001261,MAT0027,电气元件,9.0,0.0,124.83
TK001261,MAT0009,机械零件,5.0,0.0,491.08
TK001261,MAT0001,电气元件,7.5,0.0,277.26
TK001262,MAT0011,绝缘材料,5.5,1.8,245.84
TK001263,MAT0018,线缆,15.8,0.0,487.33
TK001263,MAT0031,机械零件,16.8,0.0,380.59
TK001263,MAT0036,工具,18.7,0.0,20.3
TK001263,MAT0049,辅材,10.1,0.0,221.91
TK001263,MAT0018,辅材,10.1,2.0,418.59
TK001264,MAT0017,电气元件,3.4,0.0,202.15
TK001264,MAT0025,机械零件,18.6,0.0,134.77
TK001265,MAT0014,电气元件,5.1,1.4,283.68
TK001266,MAT0050,工具,4.7,0.0,144.33
TK001266,MAT0049,电气元件,14.4,0.0,63.46
TK001266,MAT0024,机械零件,13.0,0.0,144.37
TK001268,MAT0032,线缆,7.8,0.8,383.5
TK001268,MAT0041,机械零件,2.3,0.0,54.52
TK001268,MAT0044,工具,19.3,0.0,457.74
TK001268,MAT0032,电气元件,4.5,0.0,162.2
TK001269,MAT0050,辅材,7.0,0.3,354.5
TK001269,MAT0043,绝缘材料,8.9,0.0,341.68
TK001269,MAT0022,辅材,3.8,0.0,50.95
TK001269,MAT0018,辅材,8.7,0.0,199.54
TK001269,MAT0020,绝缘材料,0.8,0.0,278.29
TK001270,MAT0046,电气元件,15.5,0.2,277.51
TK001272,MAT0023,绝缘材料,10.2,0.0,154.62
TK001272,MAT0011,绝缘材料,10.8,0.0,255.21
TK001272,MAT0009,工具,13.9,0.0,397.61
TK001272,MAT0026,工具,12.9,0.0,421.91
TK001272,MAT0008,电气元件,5.7,0.0,409.43
TK001273,MAT0007,绝缘材料,14.5,1.8,443.5
TK001273,MAT0003,绝缘材料,19.6,0.0,276.75
TK001273,MAT0025,机械零件,16.6,0.0,8.91
TK001273,MAT0033,工具,19.9,0.0,142.8
TK001274,MAT0003,绝缘材料,4.1,0.0,420.11
TK001274,MAT0036,机械零件,2.3,0.5,212.03
TK001275,MAT0019,电气元件,18.5,0.0,179.98
TK001275,MAT0002,辅材,10.7,2.0,117.07
TK001277,MAT0027,机械零件,11.3,0.0,416.89
TK001278,MAT0022,绝缘材料,18.5,1.6,39.02
TK001278,MAT0031,辅材,13.5,0.0,128.55
TK001279,MAT0028,电气元件,15.8,0.0,176.74
TK001279,MAT0009,辅材,16.6,0.0,107.6
TK001279,MAT0017,机械零件,1.1,0.0,416.98
TK001279,MAT0027,线缆,8.2,0.0,498.27
TK001279,MAT0027,线缆,16.8,0.0,488.02
TK001280,MAT0044,线缆,13.2,0.0,306.16
TK001280,MAT0037,绝缘材料,11.6,0.0,304.83
TK001280,MAT0009,工具,13.7,0.0,342.23
TK001280,MAT0041,辅材,5.2,0.0,253.89
TK001280,MAT0009,电气元件,10.6,0.2,262.32
TK001281,MAT0009,绝缘材料,1.0,0.0,25.5
TK001281,MAT0027,线缆,3.8,1.6,439.31
TK001282,MAT0014,绝缘材料,3.9,1.2,397.25
TK001282,MAT0045,线缆,4.2,0.0,312.87
TK001282,MAT0028,绝缘材料,5.2,0.0,265.06
TK001283,MAT0040,电气元件,18.0,0.0,334.67
TK001283,MAT0047,辅材,7.2,1.2,478.59
TK001283,MAT0015,机械零件,8.1,0.0,78.64
TK001283,MAT0043,线缆,3.5,1.8,403.14
TK001284,MAT0048,绝缘材料,2.7,0.0,236.1
TK001284,MAT0035,机械零件,4.0,0.0,83.09
TK001285,MAT0044,电气元件,5.3,0.0,280.06
TK001285,MAT0040,绝缘材料,5.0,0.0,63.87
TK001285,MAT0045,机械零件,14.0,0.0,489.39
TK001285,MAT0019,绝缘材料,1.1,0.0,188.8
TK001285,MAT0004,机械零件,4.3,0.0,474.02
TK001286,MAT0018,辅材,19.5,0.0,170.67
TK001286,MAT0029,机械零件,12.0,0.0,66.71
TK001288,MAT0043,机械零件,13.2,0.0,357.03
TK001288,MAT0043,线缆,20.0,0.0,24.81
TK001291,MAT0010,工具,3.2,0.0,349.88
TK001291,MAT0046,辅材,13.7,0.0,406.74
TK001291,MAT0048,辅材,8.6,0.0,371.68
TK001291,MAT0006,绝缘材料,18.8,0.0,461.32
TK001291,MAT0037,辅材,10.0,0.2,271.31
TK001292,MAT0038,工具,3.1,0.0,484.65
TK001294,MAT0004,电气元件,7.7,0.0,437.2
TK001294,MAT0045,工具,5.6,0.0,289.82
TK001294,MAT0029,线缆,7.9,1.5,177.85
TK001295,MAT0013,电气元件,9.1,0.0,207.02
TK001295,MAT0004,线缆,6.8,1.4,223.89
TK001296,MAT0020,辅材,19.3,0.0,135.55
TK001296,MAT0043,电气元件,16.1,0.0,419.98
TK001296,MAT0030,工具,12.2,0.0,412.19
TK001296,MAT0044,绝缘材料,11.3,0.0,304.33
TK001297,MAT0041,绝缘材料,1.0,0.0,447.23
TK001297,MAT0023,绝缘材料,11.1,0.5,288.53
TK001297,MAT0011,电气元件,18.6,0.0,179.93
TK001297,MAT0036,电气元件,5.3,1.0,119.31
TK001297,MAT0026,绝缘材料,2.6,0.0,484.04
TK001298,MAT0007,机械零件,15.7,0.0,93.88
TK001298,MAT0035,线缆,4.6,0.0,186.6
TK001299,MAT0024,机械零件,2.5,0.0,252.05
TK001299,MAT0004,辅材,4.2,0.0,58.64
TK001299,MAT0029,电气元件,14.3,0.8,58.09
TK001299,MAT0030,机械零件,1.2,1.4,183.76
TK001299,MAT0013,线缆,6.6,0.0,17.88
TK001300,MAT0013,辅材,4.5,0.0,28.09
TK001300,MAT0046,绝缘材料,4.6,0.0,201.59
TK001301,MAT0026,线缆,7.9,0.4,61.86
TK001301,MAT0023,线缆,19.3,0.0,312.22
TK001301,MAT0010,辅材,5.4,0.0,177.96
TK001301,MAT0016,机械零件,3.3,1.9,311.18
TK001301,MAT0050,线缆,4.9,0.8,214.29
TK001303,MAT0030,电气元件,3.9,0.0,165.94
TK001306,MAT0031,辅材,4.6,0.8,470.84
TK001306,MAT0010,辅材,14.9,0.0,33.21
TK001306,MAT0010,绝缘材料,13.4,1.0,122.54
TK001307,MAT0033,辅材,6.0,0.0,51.86
TK001308,MAT0050,电气元件,9.4,0.0,326.73
TK001308,MAT0026,机械零件,15.2,0.0,310.9
TK001308,MAT0036,机械零件,19.1,0.8,10.38
TK001308,MAT0041,工具,13.5,0.0,140.7
TK001309,MAT0037,工具,6.8,0.0,284.24
TK001309,MAT0029,工具,7.1,0.0,491.93
TK001310,MAT0041,机械零件,6.3,0.0,167.7
TK001310,MAT0049,绝缘材料,4.7,0.0,325.53
TK001310,MAT0027,机械零件,14.7,0.0,478.13
TK001311,MAT0025,绝缘材料,19.6,0.0,147.75
TK001312,MAT0041,绝缘材料,7.0,1.2,138.63
TK001312,MAT0023,线缆,14.3,0.0,479.88
TK001312,MAT0009,绝缘材料,19.0,0.0,415.52
TK001313,MAT0018,线缆,7.3,0.2,115.25
TK001313,MAT0047,绝缘材料,14.2,0.0,362.55
TK001313,MAT0031,电气元件,8.9,0.0,254.97
TK001313,MAT0023,工具,18.6,1.4,81.08
TK001314,MAT0037,辅材,6.8,0.1,138.13
TK001314,MAT0008,绝缘材料,1.5,0.0,184.0
TK001314,MAT0029,线缆,7.8,0.0,485.05
TK001314,MAT0043,工具,10.5,0.0,259.93
TK001314,MAT0029,机械零件,3.9,0.3,278.19
TK001317,MAT0010,辅材,5.6,0.0,196.84
TK001318,MAT0035,工具,3.6,0.3,271.47
TK001318,MAT0010,线缆,4.8,0.0,386.14
TK001318,MAT0018,辅材,9.0,0.0,223.05
TK001318,MAT0011,辅材,7.3,0.0,136.86
TK001318,MAT0031,线缆,17.5,0.0,355.42
TK001320,MAT0003,工具,4.2,0.0,218.09
TK001320,MAT0014,机械零件,2.9,0.0,29.6
TK001320,MAT0030,绝缘材料,9.5,0.0,395.7
TK001320,MAT0002,辅材,10.9,0.0,221.33
TK001321,MAT0040,电气元件,12.5,0.0,441.74
TK001321,MAT0042,机械零件,10.0,0.0,115.59
TK001321,MAT0046,绝缘材料,17.8,0.0,306.17
TK001321,MAT0049,工具,10.0,1.6,238.15
TK001321,MAT0020,辅材,16.9,0.0,87.12
TK001322,MAT0041,线缆,19.0,0.0,112.28
TK001324,MAT0046,绝缘材料,8.2,0.0,93.14
TK001324,MAT0005,绝缘材料,13.9,0.0,152.05
TK001326,MAT0008,绝缘材料,2.8,0.0,271.28
TK001326,MAT0010,线缆,16.3,0.0,386.44
TK001326,MAT0032,机械零件,18.8,0.0,495.53
TK001326,MAT0002,线缆,7.5,0.0,278.51
TK001326,MAT0028,电气元件,19.3,0.0,339.68
TK001327,MAT0041,辅材,11.8,0.0,60.06
TK001327,MAT0005,机械零件,1.2,0.0,129.77
TK001328,MAT0034,线缆,6.1,0.0,221.92
TK001328,MAT0003,工具,4.6,0.0,442.57
TK001328,MAT0017,辅材,0.5,0.0,224.3
TK001329,MAT0017,辅材,16.2,0.0,355.07
TK001329,MAT0009,电气元件,17.3,0.0,308.98
TK001330,MAT0036,线缆,5.5,0.0,39.36
TK001330,MAT0011,工具,14.1,0.0,209.8
TK001331,MAT0040,电气元件,17.1,1.2,354.53
TK001332,MAT0005,电气元件,15.7,0.0,277.65
TK001332,MAT0023,工具,13.6,0.0,149.91
TK001332,MAT0012,绝缘材料,15.5,0.0,68.13
TK001333,MAT0048,工具,0.5,0.0,447.72
TK001335,MAT0020,机械零件,4.4,0.0,312.26
TK001335,MAT0016,线缆,3.8,0.0,357.52
TK001335,MAT0015,辅材,13.1,0.0,468.34
TK001335,MAT0018,工具,12.6,0.0,42.16
TK001336,MAT0017,电气元件,2.6,0.0,67.63
TK001336,MAT0025,绝缘材料,8.2,0.0,114.71
TK001336,MAT0022,电气元件,15.7,0.0,400.96
TK001337,MAT0019,辅材,3.3,0.0,128.12
TK001337,MAT0034,机械零件,8.6,0.0,236.75
TK001337,MAT0049,电气元件,3.8,0.0,369.65
TK001339,MAT0014,机械零件,10.1,0.0,155.45
TK001339,MAT0008,电气元件,11.8,0.0,241.33
TK001339,MAT0035,绝缘材料,4.4,0.0,415.26
TK001340,MAT0034,辅材,16.4,0.0,9.42
TK001340,MAT0006,工具,5.2,0.7,300.37
TK001340,MAT0045,工具,7.1,0.0,297.46
TK001340,MAT0047,线缆,15.8,0.0,400.2
TK001340,MAT0043,机械零件,18.2,0.0,437.92
TK001341,MAT0012,绝缘材料,9.0,0.0,89.72
TK001341,MAT0023,工具,18.9,0.0,299.21
TK001341,MAT0050,绝缘材料,14.0,0.0,265.57
TK001341,MAT0041,电气元件,18.9,0.0,168.04
TK001341,MAT0008,电气元件,4.8,0.0,336.6
TK001342,MAT0013,工具,9.0,0.0,61.93
TK001343,MAT0029,绝缘材料,16.2,0.0,24.78
TK001343,MAT0036,机械零件,19.9,0.0,165.06
TK001343,MAT0045,电气元件,19.3,0.0,9.03
TK001344,MAT0036,绝缘材料,12.4,0.0,327.85
TK001344,MAT0029,辅材,2.9,0.0,82.98
TK001344,MAT0020,电气元件,19.6,0.0,193.57
TK001345,MAT0034,辅材,13.0,1.4,176.52
TK001346,MAT0002,线缆,18.5,0.0,171.25
TK001346,MAT0007,工具,2.1,0.0,16.7
TK001346,MAT0031,机械零件,8.7,0.0,394.38
TK001346,MAT0034,绝缘材料,13.6,1.9,68.51
TK001347,MAT0016,绝缘材料,9.2,0.0,389.47
TK001347,MAT0041,电气元件,5.3,0.0,33.73
TK001347,MAT0039,电气元件,10.3,1.8,151.14
TK001347,MAT0032,工具,3.1,0.6,275.83
TK001349,MAT0047,辅材,19.9,0.9,274.13
TK001349,MAT0034,辅材,11.7,0.0,55.3
TK001349,MAT0009,工具,2.5,0.0,421.07
TK001349,MAT0032,电气元件,19.4,1.3,417.47
TK001350,MAT0003,工具,19.2,0.0,36.42
TK001351,MAT0021,线缆,11.8,0.0,31.33
TK001351,MAT0041,工具,15.1,0.0,156.73
TK001351,MAT0039,绝缘材料,13.9,0.0,205.84
TK001352,MAT0005,辅材,10.1,0.0,68.09
TK001352,MAT0022,工具,19.5,0.0,340.11
TK001352,MAT0034,辅材,9.3,0.0,224.29
TK001352,MAT0045,工具,7.2,0.0,99.86
TK001352,MAT0001,电气元件,19.4,0.0,195.8
TK001353,MAT0039,线缆,14.7,0.0,389.44
TK001353,MAT0021,线缆,18.9,1.0,62.93
TK001353,MAT0023,线缆,9.8,0.0,157.01
TK001353,MAT0050,机械零件,17.8,0.0,460.43
TK001353,MAT0018,工具,13.1,0.0,256.63
TK001354,MAT0005,机械零件,9.5,0.0,134.03
TK001354,MAT0049,辅材,1.1,0.0,292.99
TK001354,MAT0018,绝缘材料,14.8,0.0,471.93
TK001355,MAT0040,工具,3.3,0.0,299.74
TK001355,MAT0028,绝缘材料,19.4,0.0,381.34
TK001355,MAT0050,机械零件,11.3,0.0,296.41
TK001355,MAT0029,辅材,12.7,0.0,202.74
TK001356,MAT0050,电气元件,13.4,0.0,55.6
TK001356,MAT0044,线缆,8.4,0.0,206.91
TK001356,MAT0009,线缆,18.6,0.0,58.23
TK001356,MAT0016,线缆,3.0,0.0,108.08
TK001357,MAT0007,电气元件,6.5,0.6,61.41
TK001357,MAT0004,电气元件,13.0,0.0,243.94
TK001357,MAT0025,电气元件,9.2,2.0,16.99
TK001358,MAT0036,辅材,20.0,1.7,319.64
TK001358,MAT0020,机械零件,7.8,0.0,469.84
TK001358,MAT0003,工具,8.2,0.0,178.61
TK001358,MAT0033,辅材,17.6,0.0,271.94
TK001359,MAT0033,绝缘材料,10.9,0.0,452.44
TK001359,MAT0030,电气元件,19.8,0.0,109.06
TK001359,MAT0024,工具,16.3,0.5,304.69
TK001359,MAT0049,线缆,12.4,0.0,20.5
TK001361,MAT0035,电气元件,0.9,0.3,173.61
TK001361,MAT0020,绝缘材料,4.2,0.0,441.95
TK001361,MAT0026,线缆,16.4,1.4,80.12
TK001362,MAT0008,绝缘材料,14.2,0.0,81.44
TK001362,MAT0015,电气元件,5.1,0.0,461.58
TK001362,MAT0012,工具,9.9,0.0,185.2
TK001362,MAT0030,线缆,4.7,0.0,319.95
TK001362,MAT0037,线缆,5.6,0.0,166.36
TK001363,MAT0013,线缆,2.1,0.0,470.02
TK001364,MAT0044,绝缘材料,15.5,0.0,74.87
TK001364,MAT0039,绝缘材料,12.4,0.0,208.19
TK001366,MAT0049,辅材,14.6,0.0,208.83
TK001366,MAT0038,辅材,0.8,1.2,355.18
TK001366,MAT0010,绝缘材料,16.9,0.0,481.76
TK001367,MAT0019,电气元件,11.9,0.9,280.85
TK001367,MAT0028,机械零件,11.7,0.7,65.37
TK001368,MAT0046,辅材,19.8,0.0,288.98
TK001368,MAT0046,绝缘材料,8.3,0.7,287.99
TK001368,MAT0048,工具,1.0,0.0,347.66
TK001369,MAT0010,机械零件,10.9,0.0,359.83
TK001370,MAT0002,机械零件,3.5,0.0,403.9
TK001370,MAT0036,电气元件,14.9,0.0,97.42
TK001371,MAT0039,机械零件,4.7,0.0,172.51
TK001371,MAT0033,线缆,7.5,0.0,326.71
TK001371,MAT0042,辅材,11.9,0.0,341.43
TK001371,MAT0050,辅材,19.0,2.0,33.81
TK001371,MAT0034,机械零件,5.6,0.0,336.41
TK001372,MAT0020,电气元件,7.7,0.0,82.97
TK001372,MAT0011,工具,5.8,0.0,274.87
TK001373,MAT0036,机械零件,15.9,0.0,404.98
TK001373,MAT0020,工具,11.4,0.0,495.66
TK001373,MAT0032,线缆,11.6,0.0,317.45
TK001373,MAT0005,电气元件,10.5,0.0,82.87
TK001373,MAT0020,辅材,7.7,0.0,204.71
TK001376,MAT0050,电气元件,16.5,0.0,380.18
TK001377,MAT0039,绝缘材料,19.6,0.0,184.66
TK001378,MAT0005,线缆,13.8,0.0,55.04
TK001378,MAT0014,辅材,4.2,0.0,470.59
TK001379,MAT0017,辅材,14.0,0.0,224.16
TK001379,MAT0036,线缆,4.8,0.0,307.27
TK001379,MAT0038,辅材,7.3,0.0,42.4
TK001379,MAT0027,机械零件,10.5,0.8,480.78
TK001380,MAT0028,电气元件,3.1,0.0,136.31
TK001380,MAT0046,机械零件,8.8,0.0,116.46
TK001381,MAT0041,电气元件,10.0,0.5,382.26
TK001381,MAT0038,电气元件,12.3,0.0,315.58
TK001381,MAT0039,电气元件,3.7,1.2,225.48
TK001381,MAT0024,线缆,3.7,0.6,460.56
TK001381,MAT0047,绝缘材料,3.0,0.0,203.45
TK001382,MAT0001,线缆,14.0,0.0,330.31
TK001382,MAT0026,绝缘材料,8.7,0.0,22.01
TK001383,MAT0011,线缆,7.5,0.0,247.26
TK001384,MAT0014,工具,11.6,0.0,382.82
TK001384,MAT0008,机械零件,12.4,0.0,129.7
TK001384,MAT0047,辅材,3.1,1.5,166.84
TK001384,MAT0043,绝缘材料,6.4,1.3,155.93
TK001385,MAT0041,机械零件,10.3,0.0,22.27
TK001385,MAT0036,线缆,2.3,0.0,48.96
TK001386,MAT0017,工具,13.1,0.0,144.14
TK001387,MAT0045,辅材,4.9,0.0,340.54
TK001387,MAT0035,电气元件,16.3,0.0,26.72
TK001387,MAT0024,绝缘材料,8.8,0.0,138.29
TK001389,MAT0017,电气元件,16.9,0.0,105.29
TK001389,MAT0020,辅材,19.1,0.0,457.76
TK001390,MAT0043,机械零件,15.8,0.0,310.15
TK001391,MAT0027,绝缘材料,15.2,0.0,335.94
TK001391,MAT0043,辅材,13.1,0.0,76.25
TK001391,MAT0014,绝缘材料,4.4,0.0,496.79
TK001392,MAT0048,辅材,8.9,0.0,312.71
TK001393,MAT0049,辅材,18.7,0.0,296.0
TK001396,MAT0044,电气元件,18.2,0.0,216.43
TK001397,MAT0015,机械零件,10.4,0.0,362.9
TK001397,MAT0002,线缆,16.3,0.6,430.19
TK001397,MAT0049,电气元件,15.4,0.0,164.11
TK001398,MAT0005,线缆,18.0,0.0,392.15
TK001398,MAT0030,工具,8.3,0.0,295.36
TK001398,MAT0020,电气元件,6.5,0.0,162.18
TK001398,MAT0036,机械零件,0.6,0.0,56.27
TK001399,MAT0014,电气元件,1.6,0.0,130.78
TK001399,MAT0038,线缆,4.8,0.0,335.67
TK001399,MAT0009,绝缘材料,19.8,0.0,331.36
TK001400,MAT0015,辅材,11.2,0.0,152.19
TK001400,MAT0041,电气元件,7.8,0.0,99.73
TK001400,MAT0008,机械零件,10.6,0.0,155.3
TK001400,MAT0017,电气元件,7.7,0.0,335.1
TK001401,MAT0039,线缆,2.3,0.0,218.59
TK001401,MAT0006,绝缘材料,11.4,1.5,238.9
TK001401,MAT0026,工具,13.8,0.0,318.31
TK001401,MAT0036,电气元件,18.1,0.0,396.46
TK001401,MAT0013,工具,4.1,0.0,213.15
TK001402,MAT0045,线缆,6.0,0.0,249.39
TK001402,MAT0015,电气元件,0.6,1.9,382.14
TK001402,MAT0012,机械零件,15.3,0.8,234.6
TK001402,MAT0011,辅材,12.1,2.0,24.15
TK001403,MAT0011,电气元件,5.3,0.0,248.64
TK001403,MAT0006,线缆,2.4,0.0,249.2
TK001404,MAT0021,工具,19.8,0.0,265.72
TK001404,MAT0017,电气元件,13.0,0.0,482.47
TK001404,MAT0013,电气元件,14.4,1.4,458.51
TK001404,MAT0043,线缆,4.2,0.0,148.87
TK001405,MAT0010,机械零件,19.8,0.0,41.66
TK001405,MAT0028,电气元件,12.9,0.0,484.32
TK001405,MAT0047,电气元件,19.6,0.0,14.32
TK001405,MAT0045,线缆,3.2,0.0,95.58
TK001405,MAT0006,电气元件,11.0,0.8,41.75
TK001406,MAT0043,辅材,5.1,0.0,196.89
TK001407,MAT0044,辅材,2.1,0.0,285.89
TK001407,MAT0005,工具,3.5,0.0,146.88
TK001407,MAT0035,辅材,5.5,0.0,28.02
TK001407,MAT0002,机械零件,5.9,0.0,419.83
TK001407,MAT0007,绝缘材料,17.4,0.6,270.84
TK001408,MAT0001,线缆,17.1,0.0,271.15
TK001408,MAT0002,工具,9.8,0.0,88.19
TK001409,MAT0014,电气元件,10.6,0.0,409.67
TK001409,MAT0027,电气元件,17.2,2.0,300.73
TK001409,MAT0015,辅材,10.5,0.0,280.26
TK001410,MAT0036,绝缘材料,3.7,0.0,398.57
TK001410,MAT0016,辅材,15.8,0.0,175.67
TK001410,MAT0022,工具,4.4,0.0,481.07
TK001412,MAT0024,线缆,17.4,0.0,218.99
TK001412,MAT0039,机械零件,6.5,0.0,216.64
TK001412,MAT0011,绝缘材料,7.6,0.0,117.87
TK001413,MAT0038,电气元件,19.2,0.0,117.31
TK001413,MAT0009,电气元件,16.5,0.0,84.96
TK001413,MAT0037,辅材,1.3,1.6,41.7
TK001413,MAT0034,电气元件,2.2,0.0,336.28
TK001413,MAT0001,绝缘材料,3.6,1.0,152.11
TK001414,MAT0025,辅材,16.7,0.0,13.01
TK001414,MAT0002,绝缘材料,9.5,0.0,144.82
TK001416,MAT0034,工具,16.8,0.0,30.15
TK001416,MAT0043,机械零件,2.2,1.3,479.87
TK001416,MAT0005,线缆,19.2,0.0,255.11
TK001417,MAT0002,线缆,6.5,0.0,399.93
TK001417,MAT0034,线缆,5.2,0.0,239.28
TK001417,MAT0035,机械零件,10.8,0.0,393.18
TK001417,MAT0016,线缆,18.9,0.6,345.13
TK001417,MAT0017,线缆,5.4,0.0,166.96
TK001418,MAT0037,线缆,6.0,0.0,93.09
TK001418,MAT0028,电气元件,13.9,1.4,412.16
TK001418,MAT0015,绝缘材料,10.0,0.0,222.25
TK001418,MAT0030,工具,18.8,1.1,273.01
TK001420,MAT0039,电气元件,19.3,0.0,99.72
TK001420,MAT0020,线缆,0.7,0.0,466.31
TK001421,MAT0002,工具,17.6,0.0,142.91
TK001421,MAT0036,电气元件,19.5,0.3,391.88
TK001422,MAT0036,机械零件,17.1,0.0,167.83
TK001422,MAT0014,绝缘材料,6.3,0.0,106.35
TK001422,MAT0045,辅材,13.1,0.0,480.7
TK001423,MAT0031,线缆,14.5,0.0,374.84
TK001423,MAT0003,辅材,3.1,0.0,286.22
TK001423,MAT0037,工具,3.9,0.0,171.71
TK001423,MAT0028,绝缘材料,4.9,0.0,15.79
TK001425,MAT0008,线缆,6.5,0.0,47.35
TK001425,MAT0047,工具,2.8,0.0,41.2
TK001425,MAT0022,机械零件,9.1,0.0,382.11
TK001425,MAT0042,线缆,18.2,0.0,363.6
TK001425,MAT0004,工具,10.2,0.0,408.33
TK001427,MAT0026,辅材,5.2,0.0,407.34
TK001427,MAT0036,线缆,0.7,0.0,440.61
TK001427,MAT0039,线缆,18.3,0.0,186.82
TK001427,MAT0030,辅材,9.5,0.2,189.45
TK001428,MAT0050,绝缘材料,6.4,0.0,271.76
TK001428,MAT0039,工具,16.6,0.0,478.31
TK001428,MAT0008,工具,8.1,0.0,41.46
TK001428,MAT0021,绝缘材料,14.8,0.0,294.14
TK001429,MAT0038,机械零件,8.1,0.0,200.15
TK001432,MAT0043,电气元件,11.1,0.0,202.58
TK001433,MAT0001,线缆,11.8,0.0,105.84
TK001433,MAT0031,机械零件,3.5,0.5,174.27
TK001433,MAT0025,电气元件,5.7,0.0,249.29
TK001433,MAT0039,电气元件,19.9,0.0,194.06
TK001433,MAT0038,电气元件,15.3,0.0,119.52
TK001434,MAT0036,辅材,7.3,0.0,209.57
TK001434,MAT0030,机械零件,17.6,0.0,158.94
TK001434,MAT0044,辅材,11.6,1.2,415.38
TK001434,MAT0003,绝缘材料,5.3,0.0,332.91
TK001434,MAT0033,辅材,8.7,1.2,490.56
TK001435,MAT0044,辅材,19.7,0.0,85.69
TK001435,MAT0035,线缆,12.2,0.0,347.12
TK001437,MAT0022,辅材,19.7,0.8,222.01
TK001438,MAT0047,电气元件,1.3,0.0,323.07
TK001438,MAT0002,绝缘材料,17.0,0.0,313.31
TK001438,MAT0037,线缆,11.2,1.8,23.96
TK001440,MAT0009,电气元件,7.1,0.0,361.08
TK001440,MAT0035,辅材,9.7,0.0,61.17
TK001440,MAT0047,线缆,5.3,0.3,168.74
TK001440,MAT0007,工具,15.8,0.0,309.29
TK001440,MAT0023,电气元件,14.0,0.0,352.75
TK001441,MAT0043,线缆,14.8,0.0,403.02
TK001443,MAT0014,辅材,1.2,1.7,470.77
TK001443,MAT0040,线缆,13.8,0.0,22.27
TK001443,MAT0026,机械零件,9.5,0.0,159.27
TK001443,MAT0044,绝缘材料,0.9,0.0,68.29
TK001444,MAT0037,机械零件,14.5,0.0,327.64
TK001444,MAT0008,辅材,5.0,0.0,22.28
TK001446,MAT0001,线缆,8.3,0.0,269.88
TK001446,MAT0019,机械零件,12.8,0.0,358.7
TK001446,MAT0044,线缆,4.5,0.0,261.66
TK001446,MAT0043,绝缘材料,1.2,0.0,338.31
TK001446,MAT0035,绝缘材料,12.9,1.6,491.51
TK001447,MAT0005,电气元件,7.7,0.7,486.39
TK001447,MAT0032,辅材,13.0,1.8,490.45
TK001449,MAT0032,机械零件,3.9,0.0,489.09
TK001449,MAT0045,线缆,16.9,0.0,185.51
TK001449,MAT0012,绝缘材料,7.7,0.0,80.55
TK001450,MAT0007,电气元件,15.2,0.0,376.01
TK001450,MAT0004,线缆,8.8,0.0,141.44
TK001450,MAT0034,辅材,6.4,0.0,151.21
TK001450,MAT0020,机械零件,4.4,0.0,353.9
TK001451,MAT0026,辅材,16.8,1.6,202.43
TK001452,MAT0006,电气元件,13.7,0.0,291.54
TK001452,MAT0037,工具,9.6,0.0,171.28
TK001452,MAT0001,电气元件,2.2,0.0,246.58
TK001452,MAT0029,工具,14.8,0.0,414.28
TK001453,MAT0031,线缆,4.7,1.4,468.91
TK001453,MAT0027,电气元件,0.5,0.0,23.87
TK001453,MAT0004,机械零件,12.5,0.0,87.71
TK001453,MAT0048,辅材,1.9,0.0,120.51
TK001453,MAT0045,工具,17.8,0.0,58.39
TK001455,MAT0031,绝缘材料,19.0,0.0,446.37
TK001455,MAT0024,辅材,1.5,0.0,76.12
TK001455,MAT0018,电气元件,10.3,0.0,403.5
TK001455,MAT0021,辅材,19.4,0.7,214.29
TK001456,MAT0022,机械零件,17.7,0.0,320.13
TK001456,MAT0043,绝缘材料,12.2,0.0,295.42
TK001456,MAT0038,辅材,18.9,0.0,121.2
TK001456,MAT0019,电气元件,1.0,0.0,482.3
TK001458,MAT0049,辅材,16.6,0.0,350.82
TK001458,MAT0025,辅材,5.4,0.0,410.44
TK001458,MAT0040,辅材,19.0,0.0,185.3
TK001460,MAT0007,电气元件,10.3,0.0,450.76
TK001460,MAT0024,辅材,3.0,0.0,212.26
TK001460,MAT0026,机械零件,12.3,0.0,14.67
TK001461,MAT0017,电气元件,9.8,0.0,465.4
TK001462,MAT0005,机械零件,9.6,0.2,117.85
TK001462,MAT0045,工具,11.1,0.0,226.23
TK001462,MAT0035,绝缘材料,8.2,0.0,168.12
TK001462,MAT0049,工具,10.6,0.0,315.94
TK001463,MAT0028,电气元件,6.3,0.0,39.25
TK001463,MAT0048,线缆,6.0,1.4,237.51
TK001463,MAT0007,线缆,12.9,0.1,229.01
TK001463,MAT0012,工具,13.8,0.0,184.59
TK001464,MAT0036,绝缘材料,18.9,0.0,63.68
TK001465,MAT0046,辅材,6.8,0.0,279.93
TK001465,MAT0012,工具,7.7,1.8,344.59
TK001465,MAT0028,线缆,1.4,0.0,384.82
TK001465,MAT0050,电气元件,15.6,0.0,73.58
TK001466,MAT0009,工具,2.6,0.0,182.09
TK001466,MAT0008,绝缘材料,2.3,0.0,368.0
TK001466,MAT0012,辅材,18.3,0.0,376.99
TK001466,MAT0043,工具,11.1,0.5,204.89
TK001466,MAT0008,绝缘材料,17.0,0.0,342.39
TK001467,MAT0045,机械零件,0.6,1.7,19.32
TK001467,MAT0007,机械零件,15.2,0.0,49.97
TK001467,MAT0049,绝缘材料,2.7,0.0,152.06
TK001468,MAT0050,机械零件,9.6,0.0,372.02
TK001468,MAT0003,电气元件,8.4,0.0,39.26
TK001468,MAT0026,线缆,5.8,1.0,360.22
TK001468,MAT0002,电气元件,6.6,0.0,78.5
TK001468,MAT0020,电气元件,3.6,0.7,254.02
TK001469,MAT0013,绝缘材料,18.9,0.1,164.54
TK001470,MAT0008,绝缘材料,13.1,0.0,410.4
TK001470,MAT0050,绝缘材料,7.7,0.0,430.6
TK001470,MAT0004,工具,4.3,0.0,207.77
TK001470,MAT0038,绝缘材料,9.9,0.0,349.84
TK001471,MAT0032,工具,18.1,0.0,176.18
TK001471,MAT0028,机械零件,6.9,0.0,252.95
TK001471,MAT0030,绝缘材料,10.4,0.0,212.37
TK001471,MAT0037,绝缘材料,9.5,0.0,197.25
TK001472,MAT0029,机械零件,16.8,0.6,328.61
TK001472,MAT0021,辅材,5.9,0.0,265.91
TK001472,MAT0041,电气元件,4.2,0.0,162.81
TK001472,MAT0047,绝缘材料,16.7,0.0,384.11
TK001472,MAT0017,工具,5.3,0.2,498.51
TK001473,MAT0040,线缆,19.7,0.0,466.93
TK001473,MAT0010,电气元件,4.3,0.0,49.88
TK001473,MAT0050,绝缘材料,6.0,0.9,479.26
TK001473,MAT0020,线缆,15.1,0.0,416.56
TK001473,MAT0016,绝缘材料,14.6,0.0,88.29
TK001474,MAT0006,绝缘材料,7.7,1.7,342.79
TK001474,MAT0038,电气元件,6.5,0.0,38.08
TK001474,MAT0037,机械零件,14.4,0.0,309.52
TK001474,MAT0027,绝缘材料,7.3,0.0,78.15
TK001475,MAT0016,工具,14.5,0.3,453.94
TK001475,MAT0044,线缆,12.5,0.0,495.63
TK001475,MAT0026,工具,19.0,0.0,325.97
TK001475,MAT0036,线缆,8.9,0.0,82.69
TK001476,MAT0010,电气元件,8.0,1.1,299.89
TK001477,MAT0046,工具,12.6,0.0,374.21
TK001478,MAT0032,工具,15.7,0.0,188.83
TK001478,MAT0049,机械零件,17.0,0.0,401.49
TK001479,MAT0041,辅材,9.4,0.0,480.42
TK001479,MAT0035,辅材,2.5,0.0,428.03
TK001480,MAT0039,绝缘材料,7.0,0.0,324.79
TK001480,MAT0016,辅材,19.1,0.0,166.93
TK001480,MAT0021,线缆,9.3,0.0,395.38
TK001480,MAT0017,机械零件,5.2,0.0,30.82
TK001480,MAT0011,辅材,19.2,0.0,372.4
TK001481,MAT0032,绝缘材料,6.8,0.0,328.63
TK001482,MAT0042,绝缘材料,2.7,0.0,89.83
TK001482,MAT0022,绝缘材料,16.3,0.0,229.51
TK001482,MAT0030,机械零件,14.8,0.0,437.62
TK001482,MAT0049,机械零件,17.4,0.0,457.7
TK001482,MAT0040,电气元件,11.3,0.0,416.93
TK001483,MAT0005,电气元件,4.8,1.3,289.3
TK001483,MAT0031,辅材,0.8,0.0,397.88
TK001483,MAT0037,线缆,2.8,0.2,177.6
TK001483,MAT0008,绝缘材料,4.5,1.5,59.96
TK001485,MAT0008,工具,3.2,0.1,129.9
TK001485,MAT0023,绝缘材料,8.0,1.3,91.77
TK001486,MAT0015,机械零件,10.6,0.0,266.35
TK001486,MAT0020,电气元件,13.0,0.0,446.2
TK001487,MAT0028,机械零件,18.2,0.8,176.0
TK001487,MAT0029,工具,11.1,0.0,193.29
TK001487,MAT0036,工具,17.6,0.0,208.77
TK001488,MAT0020,绝缘材料,15.6,0.0,210.69
TK001488,MAT0040,电气元件,7.7,0.0,28.39
TK001489,MAT0002,电气元件,12.5,0.0,302.86
TK001490,MAT0032,工具,10.7,0.0,82.53
TK001490,MAT0003,绝缘材料,18.4,0.0,409.35
TK001490,MAT0021,电气元件,18.8,0.0,263.72
TK001491,MAT0024,工具,10.7,0.0,375.56
TK001491,MAT0014,电气元件,13.4,0.0,355.97
TK001491,MAT0033,辅材,3.2,0.0,170.5
TK001491,MAT0016,绝缘材料,15.0,0.0,225.61
TK001491,MAT0014,绝缘材料,18.7,0.0,458.3
TK001492,MAT0028,辅材,7.4,0.0,374.06
TK001492,MAT0039,绝缘材料,2.4,0.0,414.76
TK001493,MAT0003,线缆,18.1,0.0,348.27
TK001493,MAT0050,机械零件,12.6,0.0,46.58
TK001494,MAT0002,绝缘材料,17.5,0.0,32.33
TK001494,MAT0041,辅材,6.1,0.0,125.91
TK001494,MAT0021,线缆,14.9,0.0,211.93
TK001494,MAT0050,电气元件,1.9,0.0,183.8
TK001494,MAT0042,线缆,9.9,0.4,89.41
TK001497,MAT0023,电气元件,18.6,0.0,216.32
TK001497,MAT0028,机械零件,13.9,0.0,449.78
TK001498,MAT0024,电气元件,7.6,0.1,158.04
TK001498,MAT0005,电气元件,9.0,0.0,334.07
TK001498,MAT0037,线缆,1.3,0.0,318.42
TK001498,MAT0024,机械零件,8.5,0.0,317.54
TK001499,MAT0038,机械零件,1.5,0.0,244.29
TK001500,MAT0041,线缆,2.6,0.0,296.25
TK001500,MAT0009,机械零件,18.4,0.0,316.74
TK001501,MAT0046,电气元件,18.7,0.0,150.97
TK001501,MAT0030,机械零件,4.4,0.0,165.88
TK001502,MAT0005,辅材,2.7,0.0,244.01
TK001502,MAT0046,电气元件,18.9,0.0,366.3
TK001502,MAT0030,辅材,3.9,0.0,317.39
TK001502,MAT0026,机械零件,16.1,0.0,265.51
TK001503,MAT0040,绝缘材料,19.3,0.0,363.58
TK001504,MAT0050,线缆,9.6,0.0,67.05
TK001505,MAT0020,辅材,15.1,0.5,236.03
TK001505,MAT0018,辅材,14.4,0.0,406.61
TK001506,MAT0049,工具,12.0,0.0,385.98
TK001506,MAT0004,电气元件,6.8,0.0,365.69
TK001507,MAT0031,绝缘材料,14.8,0.0,55.09
TK001507,MAT0040,工具,17.9,0.0,227.73
TK001507,MAT0036,绝缘材料,11.2,1.6,236.88
TK001507,MAT0018,辅材,18.7,0.0,201.12
TK001507,MAT0025,电气元件,5.4,0.0,469.75
TK001508,MAT0002,线缆,13.2,0.0,472.86
TK001508,MAT0033,电气元件,18.7,0.0,293.23
TK001508,MAT0024,电气元件,2.3,0.0,141.5
TK001508,MAT0038,绝缘材料,12.0,0.0,310.29
TK001508,MAT0023,绝缘材料,0.6,0.0,52.19
TK001509,MAT0017,辅材,8.3,0.0,259.89
TK001509,MAT0026,工具,1.0,0.0,56.28
TK001509,MAT0030,机械零件,17.2,0.0,187.96
TK001509,MAT0012,绝缘材料,18.8,1.9,132.76
TK001509,MAT0025,机械零件,5.5,0.0,84.71
TK001510,MAT0001,辅材,1.0,0.2,371.76
TK001511,MAT0018,机械零件,7.6,0.8,30.46
TK001511,MAT0022,线缆,7.0,0.3,29.47
TK001511,MAT0009,线缆,9.0,0.0,44.67
TK001514,MAT0003,电气元件,14.2,1.7,222.86
TK001514,MAT0009,机械零件,10.4,0.0,146.32
TK001514,MAT0019,机械零件,8.1,0.0,467.27
TK001516,MAT0009,线缆,19.5,0.0,108.81
TK001516,MAT0001,机械零件,18.9,0.0,294.12
TK001516,MAT0002,机械零件,18.4,0.0,393.5
TK001518,MAT0026,绝缘材料,5.5,0.0,423.85
TK001518,MAT0023,电气元件,14.3,0.0,28.72
TK001518,MAT0050,电气元件,14.0,0.0,496.32
TK001520,MAT0037,辅材,10.1,0.0,85.22
TK001520,MAT0018,辅材,7.1,0.0,95.61
TK001520,MAT0001,电气元件,16.7,0.0,140.61
TK001520,MAT0032,辅材,17.0,0.0,326.21
TK001520,MAT0021,辅材,8.6,0.0,200.18
TK001521,MAT0008,电气元件,4.8,0.0,426.66
TK001522,MAT0038,机械零件,16.2,0.0,143.53
TK001524,MAT0021,绝缘材料,10.9,0.0,60.31
TK001524,MAT0012,绝缘材料,19.5,0.0,369.39
TK001526,MAT0034,电气元件,19.3,1.6,405.97
TK001527,MAT0046,绝缘材料,10.6,0.0,77.71
TK001527,MAT0034,线缆,18.3,0.0,11.97
TK001527,MAT0034,工具,3.4,1.7,102.36
TK001531,MAT0010,机械零件,5.0,0.0,357.28
TK001531,MAT0046,绝缘材料,3.1,0.0,482.11
TK001532,MAT0011,工具,8.6,0.0,54.89
TK001532,MAT0034,机械零件,11.6,0.0,47.24
TK001532,MAT0045,电气元件,18.1,0.0,130.99
TK001532,MAT0007,线缆,12.5,0.0,289.65
TK001532,MAT0008,辅材,12.4,0.0,464.65
TK001533,MAT0033,电气元件,18.1,0.0,158.66
TK001533,MAT0043,辅材,15.1,0.0,30.46
TK001533,MAT0048,绝缘材料,0.9,0.0,129.57
TK001533,MAT0048,工具,14.9,0.0,222.48
TK001534,MAT0031,绝缘材料,11.0,1.4,140.08
TK001534,MAT0005,工具,12.9,0.0,36.25
TK001536,MAT0043,电气元件,2.2,0.0,170.53
TK001536,MAT0028,辅材,8.1,0.0,406.73
TK001536,MAT0047,机械零件,1.1,0.0,298.24
TK001536,MAT0001,机械零件,3.6,0.0,254.4
TK001536,MAT0016,绝缘材料,10.4,0.0,466.47
TK001537,MAT0031,电气元件,11.6,0.0,172.27
TK001537,MAT0035,线缆,7.2,0.0,349.22
TK001537,MAT0042,电气元件,3.0,0.0,401.95
TK001537,MAT0030,机械零件,16.7,0.0,325.48
TK001537,MAT0036,电气元件,1.1,0.0,85.43
TK001538,MAT0005,线缆,1.3,0.7,146.76
TK001539,MAT0009,机械零件,14.4,0.0,206.24
TK001539,MAT0047,线缆,12.9,0.0,497.49
TK001539,MAT0039,辅材,2.4,0.3,44.66
TK001539,MAT0038,工具,15.6,0.0,57.15
TK001540,MAT0002,绝缘材料,0.7,0.0,134.31
TK001540,MAT0005,绝缘材料,17.6,0.0,68.07
TK001540,MAT0044,机械零件,18.5,0.0,344.87
TK001540,MAT0045,电气元件,9.1,1.1,192.41
TK001541,MAT0010,电气元件,6.9,1.7,440.73
TK001541,MAT0037,电气元件,14.6,0.5,20.28
TK001542,MAT0014,线缆,19.6,1.9,189.81
TK001543,MAT0041,绝缘材料,19.4,0.0,316.36
TK001543,MAT0022,线缆,13.0,0.0,311.81
TK001543,MAT0009,机械零件,4.6,0.0,419.85
TK001543,MAT0046,绝缘材料,14.0,0.0,6.37
TK001543,MAT0005,工具,2.2,1.2,189.68
TK001544,MAT0028,线缆,1.1,1.5,165.55
TK001544,MAT0025,绝缘材料,14.3,0.0,346.82
TK001544,MAT0003,辅材,2.8,0.0,171.37
TK001544,MAT0017,辅材,14.5,0.0,98.94
TK001544,MAT0033,电气元件,2.0,0.1,239.26
TK001545,MAT0009,电气元件,6.0,0.0,396.94
TK001545,MAT0022,辅材,13.6,0.0,318.69
TK001545,MAT0036,工具,2.1,1.4,457.28
TK001546,MAT0041,工具,6.7,0.0,181.05
TK001546,MAT0002,线缆,19.2,0.0,459.37
TK001546,MAT0001,工具,18.4,0.0,223.8
TK001546,MAT0038,线缆,8.0,0.0,292.39
TK001547,MAT0037,绝缘材料,10.1,0.0,419.39
TK001547,MAT0009,绝缘材料,19.0,0.0,211.67
TK001547,MAT0047,线缆,10.2,0.0,185.54
TK001547,MAT0025,线缆,17.8,0.0,155.08
TK001547,MAT0027,机械零件,5.0,2.0,223.46
TK001549,MAT0033,机械零件,11.9,0.0,21.45
TK001549,MAT0035,线缆,8.9,0.0,325.23
TK001550,MAT0011,绝缘材料,13.5,0.0,357.89
TK001550,MAT0045,工具,15.7,1.5,225.79
TK001550,MAT0004,辅材,4.6,0.0,251.63
TK001551,MAT0010,工具,5.2,0.0,240.99
TK001552,MAT0013,绝缘材料,4.9,1.6,90.09
TK001552,MAT0017,电气元件,11.3,0.0,420.47
TK001552,MAT0009,辅材,13.8,0.0,491.69
TK001552,MAT0026,辅材,9.3,0.0,417.13
TK001552,MAT0016,工具,8.1,0.0,489.29
TK001553,MAT0024,辅材,6.6,0.0,327.24
TK001554,MAT0045,辅材,7.3,0.0,33.58
TK001554,MAT0007,工具,17.2,0.0,150.42
TK001554,MAT0039,电气元件,3.6,0.0,42.14
TK001554,MAT0014,机械零件,1.9,0.0,351.75
TK001554,MAT0046,工具,0.7,0.0,253.95
TK001555,MAT0027,绝缘材料,5.3,0.0,76.04
TK001555,MAT0028,线缆,11.6,0.0,353.95
TK001556,MAT0006,线缆,16.7,0.0,23.95
TK001556,MAT0037,工具,5.7,0.0,258.68
TK001556,MAT0048,机械零件,15.7,0.0,498.49
TK001558,MAT0038,电气元件,14.2,0.0,402.74
TK001558,MAT0012,工具,16.5,0.0,259.12
TK001559,MAT0032,线缆,10.1,0.0,188.73
TK001559,MAT0042,工具,16.6,1.0,164.43
TK001559,MAT0033,线缆,15.4,0.8,162.53
TK001559,MAT0035,工具,19.4,0.0,288.78
TK001559,MAT0006,绝缘材料,19.9,0.0,326.14
TK001560,MAT0032,机械零件,0.8,0.0,184.17
TK001560,MAT0044,机械零件,10.3,0.0,88.89
TK001560,MAT0006,线缆,7.6,0.0,357.0
TK001560,MAT0030,工具,12.2,1.5,148.61
TK001560,MAT0027,辅材,13.4,0.0,288.63
TK001561,MAT0036,电气元件,2.9,0.0,362.92
TK001561,MAT0031,辅材,18.1,0.0,107.61
TK001561,MAT0036,电气元件,13.2,0.0,345.81
TK001562,MAT0026,工具,11.6,0.0,262.79
TK001562,MAT0020,机械零件,7.1,0.0,88.85
TK001562,MAT0020,辅材,1.7,0.4,201.88
TK001562,MAT0014,电气元件,12.4,0.0,335.51
TK001563,MAT0043,机械零件,8.0,0.0,197.12
TK001563,MAT0037,机械零件,10.2,1.3,499.11
TK001564,MAT0027,机械零件,6.3,0.0,426.01
TK001565,MAT0005,绝缘材料,15.6,1.2,332.5
TK001566,MAT0009,电气元件,17.1,0.0,359.06
TK001566,MAT0004,绝缘材料,7.7,0.0,413.19
TK001566,MAT0031,机械零件,19.5,0.4,18.29
TK001566,MAT0006,工具,13.3,1.4,463.72
TK001566,MAT0006,辅材,19.7,0.0,394.97
TK001567,MAT0006,线缆,18.3,1.0,428.88
TK001567,MAT0019,机械零件,9.9,0.0,478.95
TK001567,MAT0036,辅材,8.5,0.7,200.97
TK001568,MAT0036,工具,9.8,0.0,352.44
TK001568,MAT0013,辅材,13.6,0.5,102.04
TK001568,MAT0008,线缆,13.3,0.0,31.69
TK001568,MAT0048,线缆,15.6,0.0,472.95
TK001568,MAT0002,工具,18.9,0.0,396.99
TK001570,MAT0041,电气元件,10.4,1.8,359.46
TK001570,MAT0047,电气元件,9.2,1.9,380.08
TK001571,MAT0035,绝缘材料,8.7,0.4,193.99
TK001571,MAT0033,电气元件,3.7,0.0,499.03
TK001572,MAT0050,线缆,8.5,0.0,283.62
TK001572,MAT0009,辅材,10.9,0.0,409.92
TK001573,MAT0039,电气元件,18.9,0.0,89.5
TK001573,MAT0018,机械零件,11.5,0.2,26.99
TK001573,MAT0021,工具,19.9,0.0,272.71
TK001573,MAT0041,绝缘材料,7.4,0.0,23.01
TK001574,MAT0042,工具,3.9,0.0,63.97
TK001574,MAT0049,辅材,1.5,0.1,495.24
TK001574,MAT0012,电气元件,14.7,0.0,428.11
TK001574,MAT0045,辅材,11.7,0.4,34.66
TK001575,MAT0015,绝缘材料,6.3,0.3,368.84
TK001575,MAT0018,工具,15.3,1.1,304.72
TK001576,MAT0036,辅材,3.9,0.0,242.82
TK001576,MAT0022,机械零件,12.8,0.0,138.18
TK001576,MAT0009,工具,18.2,0.0,366.81
TK001577,MAT0005,线缆,15.7,0.0,338.74
TK001577,MAT0024,线缆,3.0,0.0,12.72
TK001577,MAT0022,机械零件,11.5,0.0,71.86
TK001577,MAT0008,电气元件,11.4,0.0,140.17
TK001578,MAT0042,电气元件,6.0,0.9,257.09
TK001579,MAT0027,线缆,5.6,0.0,234.81
TK001579,MAT0039,工具,12.8,0.0,414.94
TK001579,MAT0027,绝缘材料,19.2,0.0,227.92
TK001580,MAT0004,线缆,15.3,0.0,333.46
TK001581,MAT0008,辅材,12.4,0.0,482.84
TK001582,MAT0034,工具,5.2,0.0,139.26
TK001582,MAT0008,线缆,10.0,0.0,221.67
TK001583,MAT0032,绝缘材料,15.8,0.0,343.52
TK001583,MAT0009,辅材,15.8,0.0,485.83
TK001583,MAT0049,辅材,15.8,0.0,79.81
TK001583,MAT0005,工具,5.9,0.0,252.77
TK001584,MAT0035,机械零件,11.2,0.0,392.52
TK001584,MAT0040,机械零件,5.6,0.0,45.45
TK001584,MAT0014,电气元件,14.6,0.0,444.95
TK001584,MAT0017,辅材,3.5,0.0,225.41
TK001585,MAT0035,机械零件,12.2,0.0,8.41
TK001585,MAT0032,绝缘材料,6.4,0.0,204.47
TK001585,MAT0044,绝缘材料,9.6,0.0,184.78
TK001586,MAT0040,绝缘材料,1.1,1.0,478.26
TK001586,MAT0031,辅材,5.6,0.0,297.78
TK001586,MAT0001,工具,13.9,0.0,257.03
TK001587,MAT0029,机械零件,12.7,0.0,171.11
TK001589,MAT0013,辅材,10.1,0.0,371.24
TK001589,MAT0040,线缆,15.4,0.0,456.24
TK001590,MAT0043,机械零件,10.8,0.0,400.03
TK001590,MAT0001,辅材,17.1,0.0,77.17
TK001590,MAT0015,机械零件,0.7,0.0,7.42
TK001591,MAT0013,绝缘材料,10.0,0.0,235.06
TK001591,MAT0005,机械零件,1.9,0.0,41.38
TK001592,MAT0037,工具,7.3,0.0,358.14
TK001593,MAT0047,电气元件,1.1,0.0,496.66
TK001595,MAT0033,线缆,2.6,1.0,447.26
TK001596,MAT0038,线缆,1.2,0.0,300.13
TK001596,MAT0021,辅材,8.5,0.0,150.55
TK001597,MAT0004,线缆,5.3,0.0,491.07
TK001597,MAT0036,电气元件,15.0,0.0,338.41
TK001597,MAT0038,辅材,13.3,0.0,161.33
TK001597,MAT0016,绝缘材料,19.4,0.0,186.14
TK001597,MAT0016,线缆,14.7,0.0,375.37
TK001598,MAT0004,电气元件,3.8,0.0,104.28
TK001598,MAT0023,机械零件,11.8,1.3,285.31
TK001598,MAT0010,辅材,12.4,0.0,69.46
TK001599,MAT0042,工具,11.5,0.0,256.02
TK001599,MAT0020,电气元件,7.9,0.0,333.05
TK001600,MAT0018,工具,8.1,0.8,21.87
TK001600,MAT0048,工具,2.1,0.0,61.27
TK001600,MAT0007,工具,8.5,0.0,90.02
TK001601,MAT0040,线缆,5.0,0.0,186.53
TK001601,MAT0004,绝缘材料,1.2,0.0,311.95
TK001601,MAT0048,绝缘材料,14.4,0.0,493.35
TK001601,MAT0004,电气元件,8.1,0.0,72.05
TK001601,MAT0032,绝缘材料,14.1,0.3,368.7
TK001602,MAT0041,绝缘材料,11.6,0.0,229.05
TK001602,MAT0043,工具,8.1,0.0,89.59
TK001603,MAT0042,机械零件,19.9,0.0,57.91
TK001603,MAT0033,辅材,2.3,0.0,463.21
TK001603,MAT0048,绝缘材料,14.5,0.0,326.57
TK001603,MAT0042,机械零件,4.6,0.7,133.28
TK001604,MAT0021,辅材,14.4,0.0,449.67
TK001605,MAT0004,绝缘材料,0.9,0.0,464.59
TK001605,MAT0030,绝缘材料,3.3,0.0,15.58
TK001605,MAT0003,线缆,7.4,0.0,183.85
TK001606,MAT0048,工具,1.1,1.4,160.18
TK001606,MAT0016,工具,18.9,0.0,386.27
TK001606,MAT0012,线缆,17.8,0.0,440.27
TK001606,MAT0025,线缆,7.0,0.0,353.35
TK001606,MAT0027,辅材,16.7,0.0,23.95
TK001607,MAT0023,绝缘材料,7.0,0.0,481.68
TK001607,MAT0005,辅材,5.3,0.0,18.92
TK001608,MAT0046,电气元件,12.9,0.0,341.9
TK001608,MAT0015,电气元件,10.4,0.0,409.38
TK001608,MAT0014,绝缘材料,9.8,0.0,162.69
TK001610,MAT0013,辅材,11.4,0.0,331.9
TK001610,MAT0026,电气元件,5.6,0.9,375.87
TK001610,MAT0033,机械零件,9.9,0.0,249.83
TK001611,MAT0023,辅材,6.3,0.0,70.6
TK001611,MAT0001,绝缘材料,9.3,0.0,104.52
TK001611,MAT0013,线缆,11.1,0.3,90.29
TK001612,MAT0033,电气元件,10.2,0.0,409.17
TK001612,MAT0021,辅材,18.2,0.0,463.74
TK001614,MAT0020,电气元件,4.9,0.0,410.91
TK001614,MAT0007,辅材,14.4,1.6,341.36
TK001614,MAT0010,工具,1.7,0.0,68.66
TK001615,MAT0009,线缆,1.6,0.0,491.33
TK001615,MAT0047,工具,19.8,0.0,184.76
TK001615,MAT0024,工具,17.6,1.4,87.96
TK001615,MAT0033,电气元件,7.0,0.0,80.98
TK001615,MAT0027,电气元件,7.4,0.0,266.68
TK001616,MAT0043,线缆,15.9,0.0,117.55
TK001616,MAT0046,绝缘材料,5.2,0.0,461.07
TK001616,MAT0020,机械零件,6.5,0.0,35.8
TK001616,MAT0013,辅材,6.3,0.0,229.54
TK001616,MAT0001,线缆,10.5,0.6,351.57
TK001618,MAT0027,辅材,15.1,0.0,354.46
TK001618,MAT0047,工具,3.9,0.0,110.77
TK001618,MAT0026,线缆,6.4,0.0,462.4
TK001619,MAT0040,辅材,7.2,0.0,445.83
TK001619,MAT0050,绝缘材料,6.9,0.0,460.14
TK001619,MAT0015,辅材,12.7,0.8,458.14
TK001620,MAT0016,机械零件,3.1,0.0,6.07
TK001621,MAT0016,绝缘材料,12.5,0.0,449.62
TK001621,MAT0029,辅材,8.1,0.0,414.56
TK001621,MAT0047,辅材,13.0,0.0,361.96
TK001621,MAT0035,机械零件,9.7,0.0,436.72
TK001621,MAT0005,绝缘材料,4.9,1.0,443.71
TK001622,MAT0032,绝缘材料,15.2,0.0,64.01
TK001622,MAT0048,工具,13.2,0.0,336.45
TK001622,MAT0019,工具,8.9,0.0,17.63
TK001622,MAT0021,辅材,11.3,0.0,253.43
TK001622,MAT0037,机械零件,14.8,0.0,121.93
TK001623,MAT0028,电气元件,7.2,0.0,414.42
TK001623,MAT0048,机械零件,3.7,0.0,274.37
TK001623,MAT0019,机械零件,0.9,0.0,434.92
TK001623,MAT0010,电气元件,12.0,0.0,355.95
TK001623,MAT0049,机械零件,1.0,0.0,411.84
TK001624,MAT0032,电气元件,9.5,0.0,133.07
TK001625,MAT0002,线缆,3.0,0.0,392.06
TK001625,MAT0006,辅材,13.0,0.0,362.73
TK001625,MAT0011,线缆,12.5,0.0,214.87
TK001625,MAT0041,绝缘材料,7.8,0.0,400.93
TK001625,MAT0034,绝缘材料,17.5,0.0,294.52
TK001626,MAT0041,线缆,19.6,0.0,346.08
TK001626,MAT0002,电气元件,7.1,0.0,76.27
TK001626,MAT0019,电气元件,3.6,0.0,325.67
TK001626,MAT0015,线缆,10.4,0.0,464.75
TK001626,MAT0008,机械零件,12.7,0.0,384.04
TK001627,MAT0025,工具,11.9,0.0,211.9
TK001627,MAT0007,线缆,8.8,0.5,143.61
TK001628,MAT0031,线缆,9.5,0.0,486.05
TK001628,MAT0047,辅材,13.8,1.7,174.46
TK001628,MAT0045,电气元件,8.3,0.0,98.93
TK001628,MAT0027,绝缘材料,12.5,0.0,478.1
TK001630,MAT0035,工具,1.2,0.0,269.34
TK001630,MAT0005,电气元件,7.5,0.0,315.5
TK001630,MAT0023,机械零件,3.8,0.0,56.19
TK001631,MAT0034,线缆,3.8,0.0,193.64
TK001631,MAT0029,辅材,17.0,1.0,195.22
TK001631,MAT0018,电气元件,14.7,0.0,289.11
TK001631,MAT0017,电气元件,13.2,1.6,84.32
TK001631,MAT0007,绝缘材料,1.8,1.9,234.96
TK001632,MAT0011,辅材,9.6,0.9,226.77
TK001632,MAT0014,线缆,9.6,0.0,273.78
TK001632,MAT0030,电气元件,14.9,0.0,272.24
TK001634,MAT0032,绝缘材料,19.5,0.0,26.34
TK001634,MAT0003,辅材,2.7,0.0,214.17
TK001634,MAT0024,工具,12.4,0.0,153.81
TK001634,MAT0002,线缆,16.9,0.0,422.98
TK001634,MAT0011,绝缘材料,1.5,0.8,440.87
TK001635,MAT0017,辅材,1.5,0.0,58.92
TK001635,MAT0018,辅材,16.7,0.0,100.74
TK001635,MAT0009,辅材,7.3,0.0,304.21
TK001636,MAT0020,线缆,16.5,1.0,375.17
TK001636,MAT0027,机械零件,3.2,0.7,167.49
TK001636,MAT0013,机械零件,0.7,0.0,133.23
TK001637,MAT0026,辅材,16.2,0.0,101.59
TK001637,MAT0003,机械零件,0.7,0.0,476.45
TK001637,MAT0023,电气元件,7.7,1.5,215.97
TK001638,MAT0039,机械零件,20.0,1.0,161.67
TK001639,MAT0022,绝缘材料,8.1,0.0,451.49
TK001639,MAT0023,线缆,8.5,0.0,424.78
TK001639,MAT0045,辅材,5.9,0.0,239.61
TK001639,MAT0018,工具,9.5,0.0,339.01
TK001640,MAT0020,电气元件,13.2,1.1,392.25
TK001641,MAT0041,绝缘材料,8.0,0.0,414.11
TK001641,MAT0006,绝缘材料,4.3,0.0,380.44
TK001641,MAT0022,工具,18.4,0.0,331.0
TK001642,MAT0014,辅材,11.5,0.0,233.79
TK001643,MAT0032,电气元件,15.8,0.0,121.23
TK001643,MAT0005,电气元件,9.5,0.0,158.77
TK001644,MAT0009,辅材,6.5,0.0,233.73
TK001644,MAT0036,工具,7.3,0.0,10.07
TK001644,MAT0001,工具,12.0,0.0,447.62
TK001644,MAT0046,电气元件,12.7,1.5,105.63
TK001645,MAT0021,辅材,15.0,1.2,303.95
TK001645,MAT0004,辅材,12.6,0.0,69.78
TK001645,MAT0029,机械零件,1.9,0.0,176.88
TK001646,MAT0034,线缆,12.6,0.6,411.48
TK001646,MAT0027,机械零件,13.8,0.0,366.48
TK001647,MAT0040,线缆,9.5,0.0,292.2
TK001647,MAT0026,辅材,19.5,0.0,273.34
TK001648,MAT0014,绝缘材料,8.1,0.0,25.46
TK001648,MAT0010,线缆,12.5,1.7,130.62
TK001649,MAT0029,辅材,14.3,0.0,10.84
TK001649,MAT0049,工具,5.0,0.0,247.78
TK001649,MAT0023,电气元件,16.6,0.0,96.95
TK001650,MAT0007,电气元件,18.1,0.0,463.61
TK001650,MAT0018,工具,15.8,0.0,108.46
TK001650,MAT0004,工具,15.5,0.8,78.11
TK001651,MAT0015,电气元件,14.9,0.0,401.81
TK001651,MAT0025,绝缘材料,4.0,0.0,412.49
TK001651,MAT0028,工具,15.9,0.0,99.14
TK001651,MAT0018,工具,2.1,0.0,404.51
TK001651,MAT0007,绝缘材料,16.6,0.0,69.07
TK001652,MAT0018,电气元件,7.4,0.0,348.64
TK001652,MAT0020,电气元件,1.0,0.0,444.11
TK001653,MAT0022,线缆,15.2,0.0,16.96
TK001654,MAT0021,绝缘材料,12.5,0.0,253.18
TK001654,MAT0029,辅材,4.4,0.0,363.57
TK001655,MAT0036,线缆,7.1,0.0,411.31
TK001655,MAT0013,绝缘材料,13.0,0.0,130.78
TK001655,MAT0028,工具,1.3,0.0,326.79
TK001655,MAT0040,绝缘材料,14.9,0.0,318.27
TK001656,MAT0027,机械零件,6.6,0.0,465.41
TK001656,MAT0017,辅材,16.7,1.3,263.85
TK001656,MAT0036,电气元件,5.7,0.0,212.39
TK001656,MAT0046,机械零件,9.3,0.0,149.08
TK001656,MAT0019,工具,10.0,0.0,495.44
TK001657,MAT0031,工具,7.8,0.0,37.5
TK001657,MAT0008,电气元件,18.7,0.0,409.67
TK001658,MAT0042,线缆,5.8,0.0,256.62
TK001658,MAT0037,线缆,5.2,0.7,433.31
TK001660,MAT0032,工具,14.1,1.1,234.37
TK001660,MAT0010,工具,8.6,0.0,289.36
TK001661,MAT0018,辅材,10.5,0.0,129.4
TK001661,MAT0014,辅材,3.4,0.0,8.73
TK001661,MAT0003,工具,10.7,0.0,407.08
TK001663,MAT0037,线缆,4.7,0.0,422.29
TK001665,MAT0024,线缆,6.0,0.0,300.17
TK001665,MAT0008,电气元件,11.5,1.0,131.57
TK001665,MAT0016,电气元件,7.2,0.0,247.69
TK001665,MAT0016,工具,1.4,0.0,48.92
TK001665,MAT0005,线缆,5.5,0.0,197.76
TK001666,MAT0026,工具,8.1,0.0,303.85
TK001666,MAT0001,辅材,2.2,1.4,35.28
TK001666,MAT0016,辅材,9.9,0.0,384.52
TK001667,MAT0040,电气元件,9.4,0.0,187.84
TK001667,MAT0020,线缆,16.7,0.0,104.11
TK001667,MAT0049,辅材,0.5,0.0,441.69
TK001668,MAT0046,电气元件,4.5,0.0,39.06
TK001668,MAT0009,机械零件,15.2,0.0,324.65
TK001670,MAT0035,辅材,6.6,0.0,482.0
TK001670,MAT0019,线缆,6.0,0.0,448.52
TK001671,MAT0029,机械零件,9.4,0.0,413.25
TK001671,MAT0010,辅材,18.0,0.0,161.33
TK001672,MAT0028,线缆,11.5,0.9,490.09
TK001673,MAT0019,工具,11.6,0.0,267.55
TK001673,MAT0029,辅材,7.7,0.0,280.17
TK001673,MAT0037,工具,1.3,0.0,428.56
TK001674,MAT0006,线缆,17.6,0.0,323.03
TK001674,MAT0023,线缆,1.7,0.0,78.93
TK001675,MAT0021,绝缘材料,2.0,0.0,33.02
TK001675,MAT0011,工具,16.3,1.0,344.31
TK001675,MAT0050,绝缘材料,12.8,0.0,465.48
TK001675,MAT0009,线缆,9.6,0.0,424.7
TK001675,MAT0022,工具,18.4,0.5,235.93
TK001676,MAT0020,辅材,15.4,0.0,176.8
TK001676,MAT0044,绝缘材料,19.6,0.0,131.93
TK001676,MAT0035,辅材,14.2,0.0,461.5
TK001677,MAT0048,电气元件,15.8,0.0,68.96
TK001677,MAT0019,电气元件,19.4,0.0,359.86
TK001678,MAT0027,电气元件,2.9,0.8,446.65
TK001678,MAT0007,工具,18.0,0.0,26.37
TK001678,MAT0048,绝缘材料,4.0,0.0,318.92
TK001678,MAT0012,绝缘材料,6.5,0.0,11.02
TK001679,MAT0006,工具,18.1,0.0,432.02
TK001679,MAT0029,工具,4.1,0.0,47.76
TK001679,MAT0018,绝缘材料,9.2,0.0,432.6
TK001679,MAT0041,机械零件,3.4,0.0,333.94
TK001679,MAT0038,绝缘材料,14.6,0.0,335.52
TK001681,MAT0044,线缆,4.7,0.0,63.55
TK001681,MAT0003,绝缘材料,12.9,0.0,291.62
TK001681,MAT0045,电气元件,14.9,0.0,276.24
TK001681,MAT0039,电气元件,0.6,1.3,163.53
TK001681,MAT0019,线缆,6.7,0.0,394.36
TK001682,MAT0028,机械零件,19.1,0.2,155.54
TK001682,MAT0004,工具,6.1,0.0,157.13
TK001682,MAT0037,辅材,10.6,0.7,71.25
TK001682,MAT0020,电气元件,13.9,0.0,26.99
TK001683,MAT0036,电气元件,8.0,0.0,437.76
TK001683,MAT0041,机械零件,19.3,0.0,92.43
TK001683,MAT0044,线缆,14.0,0.0,461.05
TK001683,MAT0025,工具,10.2,0.0,420.83
TK001683,MAT0033,线缆,4.0,1.2,134.58
TK001684,MAT0017,机械零件,7.7,0.0,117.97
TK001684,MAT0037,辅材,15.0,0.0,332.47
TK001684,MAT0002,绝缘材料,13.2,0.0,40.93
TK001684,MAT0049,电气元件,19.5,0.0,415.76
TK001684,MAT0036,辅材,18.5,0.0,157.4
TK001685,MAT0012,辅材,17.9,0.0,259.52
TK001685,MAT0043,绝缘材料,1.1,0.0,121.15
TK001685,MAT0043,线缆,10.6,0.0,103.35
TK001686,MAT0044,机械零件,2.7,0.0,355.73
TK001686,MAT0009,机械零件,18.3,0.0,38.16
TK001686,MAT0037,辅材,16.2,0.0,285.56
TK001687,MAT0019,电气元件,8.1,1.5,402.54
TK001687,MAT0003,机械零件,0.6,1.0,401.0
TK001687,MAT0038,工具,12.2,1.7,50.01
TK001687,MAT0022,电气元件,11.1,0.0,22.27
TK001688,MAT0031,工具,7.8,0.0,152.06
TK001689,MAT0009,机械零件,8.9,0.0,39.77
TK001690,MAT0040,机械零件,18.5,0.0,265.47
TK001690,MAT0037,工具,2.0,0.0,85.8
TK001690,MAT0027,辅材,16.5,0.1,279.59
TK001690,MAT0003,机械零件,4.9,0.0,252.02
TK001691,MAT0037,电气元件,8.9,0.0,22.64
TK001691,MAT0041,工具,12.9,0.4,87.09
TK001692,MAT0009,线缆,6.3,0.0,19.94
TK001692,MAT0018,电气元件,19.6,1.8,345.18
TK001692,MAT0026,绝缘材料,8.0,0.0,420.42
TK001693,MAT0025,线缆,3.8,0.0,239.39
TK001693,MAT0030,辅材,11.8,0.0,184.57
TK001693,MAT0050,辅材,12.9,0.9,100.4
TK001693,MAT0040,机械零件,10.1,0.0,22.53
TK001694,MAT0022,辅材,2.0,0.0,430.68
TK001694,MAT0012,工具,18.4,0.0,488.4
TK001694,MAT0013,电气元件,10.3,0.0,59.41
TK001694,MAT0008,绝缘材料,12.8,0.0,388.64
TK001694,MAT0042,辅材,3.4,0.0,194.74
TK001695,MAT0044,电气元件,0.8,0.0,302.54
TK001695,MAT0005,电气元件,19.5,0.0,176.66
TK001695,MAT0030,机械零件,6.6,0.0,385.32
TK001696,MAT0022,绝缘材料,15.1,0.0,394.61
TK001696,MAT0007,线缆,5.7,0.0,357.74
TK001696,MAT0029,机械零件,16.9,0.0,38.15
TK001696,MAT0020,辅材,12.3,0.0,331.64
TK001696,MAT0006,绝缘材料,16.0,0.1,5.52
TK001697,MAT0040,电气元件,7.7,0.0,304.06
TK001697,MAT0046,绝缘材料,15.4,1.9,395.61
TK001697,MAT0013,线缆,8.8,0.0,395.53
TK001697,MAT0030,辅材,12.4,0.0,337.02
TK001697,MAT0016,辅材,14.9,0.0,358.34
TK001698,MAT0026,线缆,7.7,0.0,269.41
TK001698,MAT0020,工具,19.3,0.4,325.97
TK001698,MAT0025,机械零件,7.5,0.0,183.84
TK001699,MAT0011,工具,6.2,0.0,189.93
TK001699,MAT0023,线缆,18.4,0.0,249.28
TK001699,MAT0030,工具,18.7,0.0,383.83
TK001700,MAT0015,绝缘材料,3.8,0.0,170.64
TK001700,MAT0028,工具,11.7,0.0,245.61
TK001702,MAT0023,绝缘材料,15.5,0.3,333.06
TK001704,MAT0046,机械零件,1.0,0.0,461.95
TK001705,MAT0021,辅材,15.4,0.0,221.88
TK001705,MAT0042,机械零件,17.8,0.0,497.31
TK001706,MAT0045,工具,6.7,0.0,416.15
TK001706,MAT0045,线缆,16.3,0.0,319.37
TK001706,MAT0043,工具,18.1,0.0,350.37
TK001706,MAT0032,机械零件,18.6,0.0,124.81
TK001707,MAT0019,机械零件,7.0,0.0,150.97
TK001708,MAT0024,辅材,9.3,0.0,496.23
TK001709,MAT0018,线缆,15.3,0.0,151.15
TK001709,MAT0016,绝缘材料,10.6,0.0,230.21
TK001710,MAT0050,绝缘材料,18.8,0.0,207.33
TK001710,MAT0005,电气元件,14.6,0.0,461.93
TK001710,MAT0036,线缆,8.0,1.2,442.78
TK001711,MAT0047,绝缘材料,5.3,0.0,425.97
TK001712,MAT0004,机械零件,14.2,0.0,121.0
TK001713,MAT0032,工具,9.2,0.0,168.11
TK001713,MAT0048,机械零件,15.3,0.0,270.43
TK001713,MAT0036,工具,11.1,0.0,158.06
TK001714,MAT0037,绝缘材料,4.8,0.0,113.93
TK001714,MAT0018,线缆,1.4,0.0,145.38
TK001714,MAT0040,工具,1.5,0.0,395.28
TK001714,MAT0036,绝缘材料,9.1,0.0,149.43
TK001715,MAT0009,电气元件,0.9,0.4,219.72
TK001715,MAT0049,绝缘材料,11.8,0.0,40.35
TK001715,MAT0014,绝缘材料,4.1,0.0,84.82
TK001716,MAT0045,工具,8.5,1.8,276.77
TK001716,MAT0020,电气元件,7.6,0.0,152.76
TK001716,MAT0030,绝缘材料,19.4,0.7,55.62
TK001716,MAT0047,电气元件,4.8,0.0,40.99
TK001717,MAT0029,电气元件,14.5,0.0,298.28
TK001717,MAT0002,工具,13.7,0.0,72.22
TK001717,MAT0008,机械零件,16.3,0.0,347.04
TK001717,MAT0012,机械零件,14.1,0.0,40.26
TK001718,MAT0040,机械零件,3.8,0.0,295.24
TK001719,MAT0046,线缆,8.8,0.0,322.1
TK001719,MAT0020,辅材,18.3,0.0,467.61
TK001719,MAT0048,绝缘材料,12.4,0.0,162.73
TK001719,MAT0012,机械零件,15.0,0.0,226.18
TK001720,MAT0005,工具,4.5,0.0,399.27
TK001720,MAT0018,线缆,16.2,0.0,311.33
TK001721,MAT0042,工具,19.4,0.0,323.48
TK001721,MAT0008,辅材,12.6,0.0,65.28
TK001721,MAT0041,电气元件,18.4,0.0,406.31
TK001721,MAT0034,机械零件,18.6,0.0,94.22
TK001722,MAT0014,电气元件,13.1,0.0,236.91
TK001722,MAT0042,电气元件,8.8,0.0,12.45
TK001722,MAT0016,绝缘材料,7.4,0.0,204.39
TK001722,MAT0019,电气元件,3.8,0.0,362.4
TK001724,MAT0016,机械零件,11.6,0.0,16.1
TK001724,MAT0009,线缆,17.7,0.0,305.51
TK001724,MAT0026,机械零件,3.2,0.0,413.69
TK001724,MAT0032,辅材,9.9,0.0,369.37
TK001725,MAT0023,电气元件,6.0,1.8,385.31
TK001725,MAT0043,绝缘材料,10.5,0.0,496.1
TK001726,MAT0043,辅材,18.9,0.0,359.91
TK001726,MAT0048,电气元件,17.6,0.0,462.83
TK001726,MAT0024,机械零件,14.7,0.0,456.63
TK001726,MAT0012,绝缘材料,17.7,0.0,220.01
TK001727,MAT0039,辅材,12.5,0.0,485.19
TK001727,MAT0029,电气元件,11.3,0.0,450.53
TK001727,MAT0030,绝缘材料,8.3,0.0,24.8
TK001727,MAT0033,绝缘材料,7.0,0.0,131.59
TK001727,MAT0031,电气元件,1.8,0.0,42.29
TK001728,MAT0048,电气元件,14.3,0.0,276.64
TK001728,MAT0019,绝缘材料,3.8,0.0,408.22
TK001730,MAT0012,绝缘材料,6.9,0.0,426.9
TK001730,MAT0028,机械零件,8.6,0.0,291.52
TK001730,MAT0044,辅材,8.6,0.0,301.66
TK001732,MAT0028,机械零件,16.4,0.0,493.98
TK001732,MAT0017,工具,2.6,0.0,109.92
TK001732,MAT0010,机械零件,2.1,1.8,218.23
TK001732,MAT0024,线缆,15.3,0.0,180.37
TK001733,MAT0008,工具,10.5,0.0,394.53
TK001733,MAT0047,绝缘材料,15.6,0.0,75.11
TK001734,MAT0036,工具,1.3,0.0,43.36
TK001734,MAT0029,线缆,16.6,0.0,367.07
TK001734,MAT0044,机械零件,17.1,0.0,147.62
TK001734,MAT0018,线缆,10.8,0.0,191.87
TK001735,MAT0028,电气元件,7.5,0.0,346.25
TK001735,MAT0017,线缆,1.1,0.0,246.16
TK001735,MAT0003,绝缘材料,17.3,0.0,44.34
TK001735,MAT0036,辅材,14.0,0.0,9.21
TK001735,MAT0017,工具,14.9,0.0,40.68
TK001736,MAT0049,工具,19.4,0.0,46.04
TK001736,MAT0030,线缆,17.7,0.0,130.94
TK001736,MAT0005,绝缘材料,0.9,0.0,169.71
TK001738,MAT0042,机械零件,12.1,0.0,483.19
TK001738,MAT0050,电气元件,14.8,0.0,397.43
TK001738,MAT0041,绝缘材料,3.0,0.0,474.43
TK001738,MAT0009,辅材,2.5,0.1,325.59
TK001739,MAT0032,机械零件,14.6,0.0,272.6
TK001740,MAT0046,工具,6.7,0.0,290.56
TK001740,MAT0019,线缆,5.1,0.0,109.11
TK001740,MAT0025,电气元件,15.4,0.0,206.34
TK001740,MAT0009,绝缘材料,12.2,1.1,209.57
TK001740,MAT0029,线缆,0.7,0.0,440.05
TK001741,MAT0048,电气元件,6.2,0.0,488.11
TK001741,MAT0045,辅材,1.5,0.0,275.22
TK001741,MAT0041,电气元件,8.7,0.6,357.17
TK001742,MAT0039,机械零件,10.2,0.0,176.59
TK001742,MAT0039,机械零件,15.4,0.0,102.2
TK001742,MAT0045,线缆,11.6,0.0,305.41
TK001743,MAT0003,机械零件,3.6,0.0,60.42
TK001743,MAT0030,绝缘材料,13.0,0.0,355.52
TK001744,MAT0007,辅材,13.4,0.0,461.15
TK001744,MAT0031,工具,2.7,0.0,355.41
TK001744,MAT0016,电气元件,8.8,0.0,182.09
TK001745,MAT0044,工具,2.2,0.0,452.16
TK001745,MAT0025,线缆,1.2,0.0,278.98
TK001745,MAT0028,电气元件,11.4,1.9,5.8
TK001745,MAT0046,绝缘材料,4.3,0.0,345.96
TK001746,MAT0041,辅材,8.9,0.0,308.67
TK001746,MAT0039,机械零件,8.5,0.0,479.96
TK001746,MAT0038,绝缘材料,6.4,0.0,384.63
TK001746,MAT0044,绝缘材料,5.6,0.0,62.49
TK001746,MAT0036,电气元件,1.2,0.0,230.36
TK001747,MAT0007,工具,8.9,1.3,186.58
TK001747,MAT0012,辅材,2.5,0.0,9.71
TK001747,MAT0049,线缆,12.0,1.7,407.79
TK001748,MAT0032,工具,2.2,0.0,139.89
TK001748,MAT0003,辅材,4.3,0.0,119.93
TK001748,MAT0008,电气元件,7.6,0.0,77.02
TK001749,MAT0038,机械零件,0.5,0.0,217.24
TK001749,MAT0046,线缆,2.8,0.0,467.95
TK001749,MAT0013,线缆,1.9,1.0,368.27
TK001749,MAT0022,机械零件,18.7,0.0,183.73
TK001750,MAT0043,线缆,19.9,0.0,299.74
TK001750,MAT0007,机械零件,16.1,0.0,454.03
TK001750,MAT0009,绝缘材料,4.6,0.0,491.37
TK001751,MAT0035,辅材,11.2,0.0,452.91
TK001752,MAT0041,绝缘材料,6.8,1.6,129.96
TK001753,MAT0023,工具,6.6,0.0,195.37
TK001753,MAT0030,电气元件,6.2,0.8,489.87
TK001753,MAT0045,机械零件,8.3,0.0,80.37
TK001753,MAT0015,电气元件,6.0,0.6,379.62
TK001753,MAT0039,辅材,14.7,0.0,260.39
TK001754,MAT0029,线缆,5.9,0.0,171.01
TK001754,MAT0035,工具,13.3,0.0,214.09
TK001754,MAT0035,机械零件,18.2,0.0,124.29
TK001754,MAT0018,工具,6.5,0.0,178.45
TK001755,MAT0005,辅材,2.1,0.0,67.52
TK001755,MAT0026,绝缘材料,9.0,1.1,491.63
TK001755,MAT0027,辅材,9.8,0.0,495.16
TK001755,MAT0026,线缆,10.0,0.0,100.26
TK001757,MAT0034,绝缘材料,8.9,0.0,226.79
TK001757,MAT0020,机械零件,1.7,0.0,291.94
TK001757,MAT0046,辅材,3.8,0.0,231.04
TK001758,MAT0007,电气元件,19.3,0.0,290.62
TK001758,MAT0006,电气元件,16.3,0.0,15.4
TK001758,MAT0032,机械零件,4.1,0.0,408.42
TK001758,MAT0048,工具,3.0,0.0,296.82
TK001759,MAT0033,绝缘材料,12.7,0.0,352.63
TK001759,MAT0048,辅材,19.5,0.5,49.25
TK001759,MAT0023,辅材,2.9,0.0,24.25
TK001760,MAT0038,工具,15.7,0.0,20.0
TK001760,MAT0048,辅材,11.4,0.0,326.41
TK001760,MAT0045,电气元件,1.7,0.0,119.14
TK001760,MAT0028,机械零件,10.1,0.0,423.5
TK001760,MAT0015,工具,14.4,0.0,252.16
TK001761,MAT0024,线缆,7.9,0.0,207.17
TK001761,MAT0023,电气元件,9.6,0.6,321.98
TK001761,MAT0008,工具,8.4,1.3,396.52
TK001761,MAT0045,线缆,4.0,0.0,203.59
TK001761,MAT0007,电气元件,6.0,0.0,207.62
TK001763,MAT0004,绝缘材料,17.6,0.0,293.23
TK001763,MAT0034,机械零件,7.7,0.0,435.31
TK001763,MAT0030,绝缘材料,15.4,0.0,365.31
TK001763,MAT0047,工具,9.2,0.0,454.35
TK001763,MAT0005,线缆,2.7,1.3,211.49
TK001764,MAT0040,辅材,9.4,0.0,200.18
TK001764,MAT0005,线缆,12.6,0.0,292.36
TK001764,MAT0038,电气元件,16.7,0.0,200.61
TK001764,MAT0043,机械零件,2.1,0.9,302.55
TK001764,MAT0001,绝缘材料,6.8,1.0,40.63
TK001765,MAT0049,工具,5.9,0.0,311.55
TK001765,MAT0019,机械零件,11.1,1.3,462.77
TK001765,MAT0021,线缆,16.3,0.0,27.28
TK001765,MAT0007,绝缘材料,14.4,1.4,183.81
TK001765,MAT0014,工具,11.9,0.0,350.15
TK001766,MAT0042,绝缘材料,11.4,0.5,108.02
TK001768,MAT0036,工具,3.7,0.0,119.62
TK001768,MAT0045,机械零件,5.3,0.0,61.36
TK001768,MAT0037,工具,11.1,0.0,384.18
TK001769,MAT0042,电气元件,12.8,0.0,102.03
TK001770,MAT0022,工具,17.5,0.0,337.32
TK001770,MAT0044,辅材,17.8,0.0,392.27
TK001770,MAT0043,电气元件,11.2,0.0,119.63
TK001770,MAT0017,工具,11.0,0.0,168.21
TK001770,MAT0042,线缆,11.7,0.9,148.29
TK001771,MAT0045,机械零件,5.4,0.0,231.22
TK001771,MAT0032,绝缘材料,2.5,0.0,433.01
TK001771,MAT0001,辅材,16.1,0.0,118.07
TK001771,MAT0044,线缆,6.3,0.0,458.26
TK001771,MAT0042,线缆,4.0,0.0,465.06
TK001772,MAT0010,线缆,3.0,0.0,468.23
TK001772,MAT0007,机械零件,1.9,0.0,348.97
TK001772,MAT0047,辅材,19.0,0.0,406.68
TK001772,MAT0038,绝缘材料,15.9,0.0,179.69
TK001773,MAT0020,线缆,18.1,0.0,61.22
TK001773,MAT0018,工具,5.0,0.1,301.94
TK001773,MAT0026,线缆,14.4,0.0,491.66
TK001773,MAT0050,线缆,2.5,0.1,247.76
TK001773,MAT0022,机械零件,14.9,0.2,297.81
TK001774,MAT0016,电气元件,10.0,1.2,101.92
TK001774,MAT0026,绝缘材料,9.3,0.0,252.23
TK001774,MAT0041,电气元件,18.7,0.0,357.32
TK001774,MAT0009,绝缘材料,7.5,0.0,239.42
TK001775,MAT0022,辅材,6.0,0.0,251.36
TK001775,MAT0022,线缆,18.4,0.0,31.06
TK001776,MAT0023,绝缘材料,6.6,0.0,367.95
TK001776,MAT0040,线缆,17.3,0.0,181.97
TK001776,MAT0044,线缆,12.9,0.0,325.77
TK001776,MAT0031,电气元件,18.7,0.0,280.42
TK001778,MAT0037,工具,5.0,0.0,85.34
TK001778,MAT0017,工具,12.8,0.0,266.97
TK001782,MAT0043,工具,8.9,0.0,471.48
TK001782,MAT0021,电气元件,0.8,0.0,196.27
TK001782,MAT0037,机械零件,19.7,0.0,138.49
TK001784,MAT0035,线缆,12.1,0.0,203.73
TK001784,MAT0023,机械零件,15.7,1.1,164.57
TK001785,MAT0011,线缆,11.4,0.0,384.35
TK001785,MAT0031,电气元件,15.6,0.0,42.45
TK001785,MAT0001,工具,5.6,0.0,274.02
TK001786,MAT0015,工具,4.4,0.0,65.15
TK001786,MAT0038,电气元件,16.0,1.4,306.03
TK001786,MAT0010,辅材,0.6,0.0,44.42
TK001787,MAT0021,绝缘材料,6.7,0.0,204.27
TK001787,MAT0005,电气元件,17.5,0.0,175.16
TK001787,MAT0026,线缆,18.0,0.0,197.63
TK001787,MAT0030,绝缘材料,18.9,0.0,133.7
TK001787,MAT0045,电气元件,12.3,0.0,198.2
TK001788,MAT0012,电气元件,2.0,0.0,169.18
TK001788,MAT0040,电气元件,9.9,0.0,168.84
TK001788,MAT0021,机械零件,7.1,0.0,139.2
TK001789,MAT0042,工具,2.8,0.0,333.15
TK001789,MAT0009,机械零件,14.7,0.9,232.74
TK001789,MAT0008,绝缘材料,9.0,0.5,430.16
TK001789,MAT0043,绝缘材料,13.4,0.0,452.1
TK001789,MAT0046,工具,17.8,1.4,349.83
TK001790,MAT0015,工具,5.1,0.0,400.78
TK001790,MAT0020,绝缘材料,2.2,0.0,461.75
TK001793,MAT0009,辅材,10.9,0.0,364.1
TK001793,MAT0043,电气元件,3.3,0.7,392.88
TK001794,MAT0046,线缆,2.2,0.0,292.37
TK001794,MAT0010,机械零件,13.4,0.0,434.52
TK001795,MAT0003,线缆,1.5,1.7,213.59
TK001795,MAT0005,辅材,17.9,1.3,474.92
TK001796,MAT0003,机械零件,4.1,1.0,447.03
TK001796,MAT0031,辅材,5.3,0.0,447.64
TK001796,MAT0044,机械零件,10.7,0.0,77.83
TK001797,MAT0005,线缆,11.0,0.0,480.75
TK001797,MAT0047,辅材,6.2,0.0,41.71
TK001798,MAT0021,绝缘材料,8.4,0.0,81.46
TK001798,MAT0041,工具,5.7,0.0,244.09
TK001798,MAT0039,线缆,9.6,1.3,474.75
TK001799,MAT0009,线缆,3.7,0.0,199.37
TK001799,MAT0050,工具,2.2,0.0,91.55
TK001800,MAT0045,线缆,8.2,0.0,275.2
TK001801,MAT0009,绝缘材料,7.8,0.0,141.72
TK001801,MAT0029,辅材,9.7,0.0,149.35
TK001802,MAT0036,工具,8.0,1.0,243.09
TK001802,MAT0050,机械零件,8.3,0.0,332.33
TK001802,MAT0029,电气元件,18.9,0.0,235.46
TK001802,MAT0030,绝缘材料,16.7,0.0,441.26
TK001803,MAT0039,机械零件,19.9,0.0,475.19
TK001804,MAT0007,绝缘材料,4.9,1.9,411.79
TK001804,MAT0042,工具,15.0,0.0,19.02
TK001804,MAT0001,线缆,19.7,1.1,217.31
TK001806,MAT0041,辅材,0.9,0.0,450.09
TK001806,MAT0020,辅材,3.0,0.0,195.93
TK001806,MAT0015,线缆,14.3,0.0,88.98
TK001807,MAT0027,辅材,15.0,0.0,372.06
TK001807,MAT0029,工具,6.5,0.0,429.73
TK001807,MAT0006,线缆,1.3,0.0,455.42
TK001807,MAT0018,辅材,5.4,0.4,486.78
TK001807,MAT0008,工具,2.6,0.0,471.39
TK001808,MAT0024,辅材,1.3,0.0,154.29
TK001808,MAT0032,辅材,5.6,0.0,479.53
TK001808,MAT0009,线缆,6.3,1.7,206.43
TK001809,MAT0026,绝缘材料,4.7,0.0,458.01
TK001810,MAT0045,机械零件,12.7,0.0,450.96
TK001810,MAT0021,电气元件,10.9,0.0,387.33
TK001811,MAT0010,电气元件,12.2,0.0,401.78
TK001811,MAT0048,机械零件,10.8,0.0,430.83
TK001811,MAT0020,线缆,2.6,0.0,399.24
TK001811,MAT0044,线缆,2.8,0.0,79.54
TK001812,MAT0023,电气元件,2.8,0.0,434.93
TK001812,MAT0036,电气元件,11.5,0.0,416.7
TK001813,MAT0042,线缆,17.5,0.0,159.58
TK001813,MAT0046,机械零件,7.0,0.0,24.45
TK001813,MAT0021,电气元件,13.2,0.0,416.02
TK001813,MAT0039,绝缘材料,5.9,0.0,250.15
TK001814,MAT0047,辅材,7.7,0.0,325.44
TK001814,MAT0016,线缆,15.5,0.0,180.97
TK001814,MAT0038,辅材,9.4,0.0,460.16
TK001814,MAT0018,工具,17.6,1.4,430.82
TK001814,MAT0011,电气元件,8.5,0.0,490.55
TK001815,MAT0037,机械零件,1.7,0.0,173.08
TK001815,MAT0036,机械零件,13.6,0.0,457.34
TK001815,MAT0017,机械零件,2.9,0.9,383.04
TK001816,MAT0038,工具,11.7,1.8,273.62
TK001816,MAT0035,工具,5.4,0.0,192.18
TK001817,MAT0017,电气元件,0.6,0.0,311.3
TK001817,MAT0013,辅材,16.2,0.0,405.98
TK001817,MAT0040,工具,1.6,0.0,186.47
TK001817,MAT0016,线缆,17.2,0.5,152.83
TK001817,MAT0050,线缆,8.2,1.6,466.11
TK001818,MAT0029,辅材,19.3,0.0,401.93
TK001818,MAT0013,机械零件,19.5,0.0,214.24
TK001818,MAT0048,绝缘材料,16.4,0.0,206.01
TK001819,MAT0014,工具,6.4,0.0,69.27
TK001819,MAT0020,工具,16.1,0.0,255.63
TK001819,MAT0032,工具,9.6,1.1,342.75
TK001820,MAT0005,线缆,6.3,0.0,75.04
TK001820,MAT0002,工具,3.9,0.1,325.71
TK001820,MAT0046,工具,1.5,0.0,53.26
TK001820,MAT0029,电气元件,3.5,0.0,170.52
TK001820,MAT0009,工具,14.6,0.0,233.42
TK001822,MAT0031,机械零件,1.1,0.0,63.34
TK001822,MAT0010,工具,14.5,0.0,456.2
TK001823,MAT0037,机械零件,15.3,0.0,332.42
TK001823,MAT0037,机械零件,18.0,0.0,78.97
TK001823,MAT0044,电气元件,6.2,0.0,101.12
TK001823,MAT0043,线缆,7.5,0.0,29.8
TK001823,MAT0038,电气元件,13.1,0.0,391.06
TK001824,MAT0011,绝缘材料,2.1,0.0,448.8
TK001824,MAT0014,电气元件,5.6,0.9,273.26
TK001826,MAT0023,辅材,18.0,0.0,482.54
TK001826,MAT0016,辅材,19.9,0.0,261.41
TK001826,MAT0009,机械零件,10.5,0.0,396.43
TK001826,MAT0034,工具,8.0,0.0,17.08
TK001830,MAT0038,工具,7.3,0.0,298.21
TK001830,MAT0033,绝缘材料,8.6,0.0,346.3
TK001830,MAT0048,电气元件,11.5,0.0,362.46
TK001830,MAT0040,辅材,10.9,0.0,349.56
TK001830,MAT0032,线缆,11.0,0.0,443.59
TK001831,MAT0008,绝缘材料,19.7,0.0,362.59
TK001832,MAT0034,电气元件,1.7,0.0,158.48
TK001832,MAT0004,线缆,13.7,0.0,390.17
TK001832,MAT0026,辅材,19.4,0.0,384.17
TK001832,MAT0002,机械零件,5.7,0.0,258.62
TK001832,MAT0021,线缆,15.3,0.0,35.3
TK001833,MAT0021,线缆,8.6,0.0,87.32
TK001834,MAT0028,绝缘材料,7.6,0.0,357.26
TK001834,MAT0025,绝缘材料,1.3,0.0,7.98
TK001834,MAT0001,电气元件,19.2,0.0,466.35
TK001834,MAT0047,辅材,7.3,0.0,474.27
TK001835,MAT0035,机械零件,5.0,2.0,435.36
TK001835,MAT0047,机械零件,4.1,1.4,271.13
TK001835,MAT0028,工具,8.7,0.0,340.46
TK001835,MAT0030,电气元件,11.2,0.0,83.82
TK001836,MAT0036,机械零件,3.3,0.0,381.74
TK001836,MAT0044,线缆,16.8,0.0,473.14
TK001836,MAT0014,辅材,16.3,0.0,306.28
TK001836,MAT0001,机械零件,13.9,0.8,58.52
TK001837,MAT0018,绝缘材料,1.3,1.1,452.29
TK001837,MAT0017,电气元件,8.1,0.0,452.82
TK001838,MAT0042,电气元件,10.8,1.2,60.42
TK001838,MAT0047,工具,12.0,0.0,396.35
TK001838,MAT0032,电气元件,1.2,0.0,457.99
TK001838,MAT0010,线缆,19.4,0.0,348.96
TK001838,MAT0032,机械零件,11.0,0.0,269.87
TK001839,MAT0037,工具,16.3,0.0,169.48
TK001839,MAT0038,线缆,1.3,0.0,48.77
TK001840,MAT0033,绝缘材料,7.3,0.0,320.43
TK001841,MAT0043,机械零件,19.6,0.0,104.5
TK001841,MAT0045,绝缘材料,1.6,0.0,146.76
TK001841,MAT0002,电气元件,17.3,0.0,368.14
TK001843,MAT0044,电气元件,5.3,0.0,277.03
TK001843,MAT0029,电气元件,8.4,0.0,72.93
TK001843,MAT0045,辅材,13.1,0.0,16.08
TK001844,MAT0049,机械零件,4.1,0.0,121.76
TK001844,MAT0045,辅材,2.5,0.0,297.39
TK001844,MAT0003,电气元件,1.9,0.0,46.0
TK001845,MAT0011,工具,16.3,0.0,374.55
TK001845,MAT0047,线缆,2.9,0.0,388.65
TK001846,MAT0049,工具,7.7,0.0,338.06
TK001847,MAT0043,电气元件,11.1,0.0,249.68
TK001847,MAT0005,机械零件,1.0,1.3,206.22
TK001847,MAT0022,辅材,16.0,0.0,476.0
TK001847,MAT0048,电气元件,9.2,0.0,353.92
TK001848,MAT0025,绝缘材料,6.9,0.0,404.75
TK001848,MAT0037,机械零件,17.4,0.0,277.41
TK001848,MAT0022,绝缘材料,12.8,0.0,456.23
TK001848,MAT0017,绝缘材料,6.5,0.0,298.72
TK001848,MAT0049,工具,16.1,0.0,48.58
TK001851,MAT0031,辅材,3.0,0.0,256.07
TK001851,MAT0048,线缆,16.0,0.0,82.19
TK001851,MAT0044,机械零件,19.7,0.0,170.57
TK001852,MAT0014,工具,15.2,0.3,497.42
TK001852,MAT0039,线缆,1.2,0.0,84.44
TK001852,MAT0002,电气元件,16.9,0.0,255.69
TK001852,MAT0002,工具,9.0,0.0,64.48
TK001852,MAT0037,电气元件,8.7,0.0,123.75
TK001853,MAT0036,线缆,7.2,0.0,96.79
TK001853,MAT0019,绝缘材料,17.4,0.0,466.73
TK001853,MAT0031,辅材,4.6,0.0,197.72
TK001853,MAT0036,线缆,9.0,0.0,60.02
TK001853,MAT0014,线缆,2.3,0.2,157.59
TK001854,MAT0028,线缆,2.0,0.0,99.11
TK001854,MAT0042,绝缘材料,1.1,1.9,361.82
TK001854,MAT0004,线缆,17.4,0.0,234.72
TK001854,MAT0047,电气元件,0.9,0.0,361.63
TK001854,MAT0016,电气元件,19.2,1.2,410.64
TK001855,MAT0044,辅材,10.2,0.0,162.2
TK001857,MAT0044,辅材,1.2,0.0,133.43
TK001858,MAT0007,线缆,1.0,0.0,405.3
TK001858,MAT0035,电气元件,2.4,0.6,165.35
TK001859,MAT0005,机械零件,9.3,0.0,279.91
TK001859,MAT0010,线缆,3.7,0.0,382.23
TK001860,MAT0012,机械零件,3.0,0.0,191.15
TK001860,MAT0016,机械零件,2.3,0.0,297.32
TK001861,MAT0010,辅材,16.7,0.0,307.23
TK001861,MAT0039,工具,11.8,0.9,6.2
TK001861,MAT0030,线缆,1.3,0.0,337.36
TK001861,MAT0044,线缆,18.3,0.0,80.25
TK001861,MAT0002,辅材,16.2,0.0,251.0
TK001862,MAT0024,辅材,5.2,1.7,241.64
TK001862,MAT0047,机械零件,19.1,0.0,256.29
TK001862,MAT0050,线缆,19.1,0.0,167.89
TK001862,MAT0003,机械零件,14.8,0.0,413.55
TK001863,MAT0013,机械零件,1.0,0.0,226.1
TK001863,MAT0013,辅材,11.0,0.0,187.97
TK001863,MAT0007,工具,1.4,0.0,438.75
TK001863,MAT0022,线缆,0.8,0.9,470.3
TK001863,MAT0044,辅材,15.0,0.0,134.44
TK001866,MAT0030,电气元件,10.8,0.8,211.55
TK001866,MAT0039,电气元件,10.3,0.0,194.54
TK001866,MAT0022,绝缘材料,15.6,0.8,191.47
TK001866,MAT0020,辅材,0.9,0.0,447.36
TK001866,MAT0020,机械零件,4.2,0.0,74.64
TK001867,MAT0031,电气元件,6.6,0.0,237.31
TK001868,MAT0010,工具,3.2,0.5,480.63
TK001868,MAT0046,机械零件,8.2,0.0,246.41
TK001868,MAT0022,电气元件,6.1,0.0,373.1
TK001868,MAT0029,机械零件,19.3,0.0,359.92
TK001869,MAT0027,辅材,6.6,0.1,391.86
TK001870,MAT0032,工具,2.6,0.0,394.86
TK001870,MAT0011,绝缘材料,2.4,0.0,301.34
TK001871,MAT0045,工具,9.6,0.0,239.71
TK001871,MAT0009,工具,14.0,0.0,375.28
TK001871,MAT0019,机械零件,13.1,1.8,60.54
TK001871,MAT0041,辅材,8.4,0.0,59.33
TK001872,MAT0001,机械零件,4.7,0.0,327.06
TK001872,MAT0013,绝缘材料,18.9,0.0,344.93
TK001875,MAT0013,电气元件,6.2,0.0,223.53
TK001875,MAT0022,电气元件,15.8,0.0,436.02
TK001876,MAT0010,辅材,19.7,0.0,352.02
TK001876,MAT0032,工具,13.3,0.0,14.13
TK001877,MAT0046,线缆,7.7,0.7,428.19
TK001877,MAT0005,工具,10.9,0.0,278.04
TK001878,MAT0043,机械零件,5.5,0.0,8.36
TK001878,MAT0002,线缆,2.3,0.5,128.03
TK001879,MAT0023,绝缘材料,8.5,0.0,152.65
TK001879,MAT0042,辅材,13.1,0.0,14.67
TK001879,MAT0007,线缆,18.1,0.0,75.6
TK001879,MAT0012,绝缘材料,4.8,0.0,417.17
TK001880,MAT0029,辅材,18.3,0.0,207.83
TK001880,MAT0049,电气元件,2.5,0.0,273.81
TK001880,MAT0043,辅材,3.7,0.0,284.55
TK001881,MAT0029,线缆,9.7,0.0,253.74
TK001881,MAT0047,线缆,11.7,0.0,87.28
TK001881,MAT0017,电气元件,17.3,2.0,431.58
TK001882,MAT0017,绝缘材料,10.2,0.0,474.99
TK001882,MAT0031,绝缘材料,12.6,0.0,430.76
TK001883,MAT0043,机械零件,12.8,0.0,262.08
TK001883,MAT0008,电气元件,7.7,0.0,88.81
TK001883,MAT0003,线缆,14.5,0.8,266.83
TK001883,MAT0044,辅材,14.6,0.0,495.92
TK001883,MAT0043,绝缘材料,10.7,0.0,26.58
TK001884,MAT0032,机械零件,2.6,1.4,62.16
TK001884,MAT0044,工具,8.6,0.0,110.42
TK001884,MAT0038,线缆,3.9,0.0,18.41
TK001884,MAT0041,绝缘材料,7.7,0.0,198.57
TK001884,MAT0004,工具,19.1,0.0,71.37
TK001885,MAT0039,工具,1.2,1.5,208.35
TK001886,MAT0024,电气元件,16.0,0.0,333.54
TK001886,MAT0029,线缆,12.8,0.0,185.01
TK001886,MAT0036,机械零件,9.2,0.0,156.5
TK001886,MAT0004,电气元件,10.9,0.0,187.81
TK001888,MAT0002,工具,7.2,0.0,425.63
TK001888,MAT0010,辅材,0.8,0.0,370.6
TK001888,MAT0002,工具,2.9,0.0,486.69
TK001889,MAT0018,电气元件,15.6,0.0,120.21
TK001889,MAT0021,电气元件,6.6,0.0,376.91
TK001889,MAT0033,绝缘材料,3.8,0.0,268.28
TK001890,MAT0038,绝缘材料,2.7,0.0,72.98
TK001890,MAT0048,绝缘材料,2.0,0.0,484.04
TK001891,MAT0033,工具,4.0,0.0,294.23
TK001891,MAT0029,绝缘材料,7.5,0.0,230.12
TK001891,MAT0018,工具,1.2,0.0,464.45
TK001891,MAT0041,辅材,4.7,0.0,342.19
TK001892,MAT0032,线缆,4.1,1.5,428.61
TK001892,MAT0035,绝缘材料,7.5,0.0,219.54
TK001893,MAT0039,辅材,18.3,0.0,206.44
TK001893,MAT0049,机械零件,3.1,0.0,354.42
TK001893,MAT0013,绝缘材料,5.8,0.0,331.22
TK001893,MAT0045,机械零件,10.9,0.0,127.15
TK001893,MAT0003,电气元件,5.6,0.0,27.24
TK001894,MAT0010,线缆,7.9,0.0,148.26
TK001895,MAT0028,电气元件,3.0,0.0,440.03
TK001896,MAT0012,辅材,9.0,0.0,314.27
TK001897,MAT0032,线缆,13.3,0.0,392.58
TK001897,MAT0006,工具,15.4,0.0,171.85
TK001898,MAT0032,机械零件,18.3,0.0,92.37
TK001898,MAT0021,机械零件,12.2,0.0,46.43
TK001898,MAT0031,工具,18.5,0.0,71.94
TK001899,MAT0021,电气元件,4.9,0.0,448.1
TK001900,MAT0027,机械零件,9.1,0.0,410.32
TK001900,MAT0016,辅材,14.6,0.0,341.44
TK001900,MAT0018,绝缘材料,10.3,0.0,140.77
TK001902,MAT0028,电气元件,4.1,0.6,306.26
TK001902,MAT0005,机械零件,19.0,0.0,394.77
TK001902,MAT0019,辅材,4.0,0.0,465.41
TK001902,MAT0017,工具,17.6,1.0,425.95
TK001902,MAT0021,电气元件,4.0,0.0,341.23
TK001903,MAT0016,工具,2.6,0.0,360.87
TK001903,MAT0027,绝缘材料,13.4,0.0,117.66
TK001903,MAT0026,辅材,10.7,0.0,257.15
TK001903,MAT0018,线缆,12.1,0.0,162.85
TK001904,MAT0049,线缆,5.5,0.0,335.89
TK001904,MAT0001,工具,11.6,0.0,135.92
TK001904,MAT0018,绝缘材料,10.9,0.0,234.51
TK001906,MAT0016,线缆,13.8,0.0,227.53
TK001906,MAT0029,线缆,12.7,0.0,236.64
TK001906,MAT0002,线缆,10.3,0.0,434.74
TK001907,MAT0012,绝缘材料,15.5,0.0,84.91
TK001907,MAT0026,工具,13.7,0.0,460.4
TK001909,MAT0044,工具,7.4,0.0,376.88
TK001909,MAT0045,工具,17.7,0.0,250.37
TK001910,MAT0020,辅材,11.6,0.0,408.19
TK001911,MAT0004,机械零件,9.7,0.0,299.3
TK001911,MAT0005,机械零件,5.8,1.8,423.14
TK001911,MAT0030,工具,17.4,0.0,396.69
TK001911,MAT0016,机械零件,16.4,0.0,49.05
TK001911,MAT0022,工具,8.0,0.0,366.48
TK001913,MAT0044,辅材,9.4,0.0,160.2
TK001914,MAT0034,机械零件,7.3,0.0,205.55
TK001914,MAT0033,电气元件,16.6,0.0,48.43
TK001914,MAT0029,绝缘材料,14.2,0.0,162.79
TK001916,MAT0027,机械零件,12.3,0.0,194.4
TK001916,MAT0037,绝缘材料,10.2,0.0,92.38
TK001916,MAT0044,辅材,13.8,0.0,245.93
TK001916,MAT0006,电气元件,17.7,0.0,66.27
TK001916,MAT0008,辅材,5.5,0.0,116.28
TK001919,MAT0045,线缆,13.7,0.0,267.38
TK001919,MAT0001,电气元件,13.8,0.0,245.77
TK001921,MAT0008,绝缘材料,16.7,0.0,256.35
TK001921,MAT0032,电气元件,19.9,0.8,156.26
TK001922,MAT0032,工具,19.9,0.0,271.88
TK001922,MAT0006,辅材,6.3,0.0,143.1
TK001922,MAT0014,辅材,17.2,0.0,256.85
TK001922,MAT0018,线缆,14.9,0.0,380.55
TK001923,MAT0049,辅材,6.4,0.0,143.66
TK001923,MAT0012,电气元件,13.2,0.0,404.77
TK001923,MAT0016,线缆,14.3,0.0,155.37
TK001924,MAT0006,绝缘材料,2.5,0.0,133.09
TK001925,MAT0007,工具,9.6,0.0,455.52
TK001925,MAT0023,机械零件,2.4,0.0,387.95
TK001926,MAT0002,线缆,15.0,1.4,334.69
TK001927,MAT0003,辅材,7.5,0.0,78.08
TK001928,MAT0042,辅材,11.5,0.0,455.65
TK001928,MAT0046,工具,2.2,0.0,51.15
TK001928,MAT0003,辅材,14.9,0.0,171.61
TK001928,MAT0029,辅材,7.3,1.8,411.01
TK001929,MAT0044,机械零件,6.7,0.0,270.8
TK001929,MAT0012,线缆,11.8,0.0,11.47
TK001929,MAT0018,工具,14.1,0.0,396.36
TK001929,MAT0020,辅材,4.7,0.0,106.01
TK001930,MAT0041,绝缘材料,4.9,0.0,271.25
TK001930,MAT0018,电气元件,6.8,1.1,13.08
TK001931,MAT0022,机械零件,1.8,1.8,298.12
TK001931,MAT0014,工具,18.0,0.0,10.32
TK001931,MAT0020,工具,0.8,0.0,66.17
TK001931,MAT0006,绝缘材料,16.5,0.7,74.66
TK001932,MAT0036,工具,10.0,0.0,47.78
TK001933,MAT0042,绝缘材料,11.9,0.0,65.09
TK001933,MAT0048,绝缘材料,0.6,0.0,385.15
TK001934,MAT0016,机械零件,5.0,0.0,157.91
TK001934,MAT0003,绝缘材料,7.7,0.0,34.81
TK001934,MAT0040,电气元件,15.8,0.0,151.54
TK001934,MAT0026,线缆,9.7,1.2,219.57
TK001934,MAT0029,机械零件,11.3,0.0,313.29
TK001935,MAT0032,线缆,19.6,0.4,288.22
TK001935,MAT0038,电气元件,10.5,0.0,379.12
TK001935,MAT0030,绝缘材料,6.3,0.0,230.09
TK001935,MAT0004,线缆,2.6,0.0,297.99
TK001935,MAT0021,线缆,10.2,0.0,471.53
TK001936,MAT0044,电气元件,14.6,1.1,277.6
TK001936,MAT0036,机械零件,11.5,0.1,55.46
TK001937,MAT0014,电气元件,4.2,0.3,56.44
TK001937,MAT0004,绝缘材料,10.9,0.9,69.42
TK001937,MAT0011,电气元件,18.9,0.0,364.9
TK001937,MAT0015,机械零件,8.8,0.0,164.0
TK001937,MAT0043,电气元件,13.5,0.0,481.49
TK001938,MAT0019,电气元件,7.0,0.0,206.75
TK001939,MAT0044,工具,12.3,0.0,380.97
TK001939,MAT0043,机械零件,14.3,0.0,157.19
TK001940,MAT0035,机械零件,12.1,0.0,66.0
TK001940,MAT0002,绝缘材料,18.0,0.0,464.77
TK001941,MAT0010,辅材,3.1,0.0,57.72
TK001941,MAT0049,线缆,1.2,1.9,51.31
TK001941,MAT0017,线缆,15.3,0.0,259.22
TK001941,MAT0044,线缆,18.0,0.1,55.69
TK001941,MAT0028,线缆,19.3,1.5,477.2
TK001942,MAT0002,机械零件,1.6,0.0,296.26
TK001942,MAT0038,工具,9.1,0.3,34.66
TK001945,MAT0041,工具,12.7,0.0,302.11
TK001945,MAT0020,线缆,9.4,0.0,380.66
TK001945,MAT0026,工具,3.8,0.0,295.19
TK001946,MAT0031,绝缘材料,4.1,0.0,176.1
TK001946,MAT0037,线缆,19.4,1.0,276.42
TK001947,MAT0025,线缆,7.8,0.0,219.88
TK001947,MAT0031,绝缘材料,17.4,0.0,403.1
TK001947,MAT0021,辅材,13.9,0.0,224.82
TK001947,MAT0019,绝缘材料,16.9,0.0,495.52
TK001948,MAT0008,工具,10.0,0.0,65.62
TK001949,MAT0041,工具,20.0,0.0,358.36
TK001949,MAT0033,线缆,19.2,0.0,419.08
TK001949,MAT0005,线缆,17.5,0.0,375.75
TK001949,MAT0035,绝缘材料,14.2,1.0,247.86
TK001949,MAT0019,电气元件,1.6,0.0,61.29
TK001950,MAT0018,电气元件,19.8,0.0,50.68
TK001952,MAT0010,机械零件,5.1,0.1,253.51
TK001952,MAT0034,辅材,2.7,0.0,215.72
TK001952,MAT0041,工具,3.5,0.0,405.56
TK001952,MAT0042,辅材,9.3,0.0,270.88
TK001952,MAT0020,电气元件,7.3,1.8,218.84
TK001953,MAT0027,电气元件,1.3,0.0,207.74
TK001953,MAT0046,绝缘材料,2.8,0.0,372.36
TK001954,MAT0048,工具,6.5,0.9,224.17
TK001954,MAT0025,线缆,6.8,0.0,358.28
TK001954,MAT0039,绝缘材料,2.2,0.0,86.42
TK001954,MAT0050,绝缘材料,14.9,0.0,254.8
TK001955,MAT0048,绝缘材料,15.0,0.0,179.78
TK001955,MAT0040,线缆,3.4,0.0,145.63
TK001955,MAT0050,工具,8.5,0.0,113.74
TK001955,MAT0012,机械零件,14.8,0.2,246.73
TK001957,MAT0026,绝缘材料,15.3,0.0,464.25
TK001957,MAT0020,工具,16.4,0.6,471.69
TK001957,MAT0006,工具,16.8,0.0,177.26
TK001958,MAT0042,绝缘材料,3.5,0.0,29.6
TK001958,MAT0036,线缆,4.2,0.0,237.67
TK001958,MAT0047,机械零件,10.4,1.6,296.48
TK001958,MAT0005,机械零件,11.2,0.0,296.87
TK001958,MAT0006,工具,1.0,0.0,231.56
TK001960,MAT0032,绝缘材料,19.3,0.0,437.14
TK001961,MAT0006,绝缘材料,18.3,0.0,183.04
TK001961,MAT0001,电气元件,9.2,0.0,151.25
TK001961,MAT0036,电气元件,0.7,0.0,86.73
TK001961,MAT0016,工具,15.2,0.0,429.74
TK001961,MAT0047,线缆,15.6,1.4,338.43
TK001962,MAT0006,线缆,3.7,1.7,428.53
TK001962,MAT0039,电气元件,2.3,2.0,420.5
TK001963,MAT0040,工具,4.3,0.0,456.25
TK001964,MAT0003,线缆,18.0,0.0,92.36
TK001964,MAT0027,辅材,8.7,0.0,351.14
TK001964,MAT0004,辅材,9.3,0.0,281.74
TK001965,MAT0024,线缆,12.1,0.0,339.08
TK001965,MAT0019,线缆,12.5,0.0,255.6
TK001966,MAT0015,绝缘材料,12.4,0.0,419.55
TK001966,MAT0035,工具,10.1,0.0,70.51
TK001966,MAT0010,辅材,11.0,0.0,237.18
TK001966,MAT0020,绝缘材料,17.2,0.0,158.44
TK001969,MAT0018,辅材,15.9,0.0,41.55
TK001970,MAT0043,辅材,1.9,0.0,218.28
TK001970,MAT0011,机械零件,16.0,0.0,301.47
TK001971,MAT0045,辅材,17.8,0.0,211.05
TK001971,MAT0031,绝缘材料,1.1,0.0,363.01
TK001972,MAT0037,机械零件,6.1,0.0,166.28
TK001972,MAT0018,机械零件,8.4,0.0,221.08
TK001972,MAT0015,电气元件,18.5,0.0,71.96
TK001972,MAT0009,工具,8.5,0.0,74.96
TK001973,MAT0025,机械零件,5.6,0.0,368.45
TK001973,MAT0002,线缆,17.3,0.0,237.01
TK001973,MAT0014,机械零件,8.5,0.0,132.1
TK001974,MAT0015,工具,13.8,0.0,10.66
TK001974,MAT0041,工具,7.4,0.0,371.71
TK001974,MAT0034,工具,10.0,0.0,482.81
TK001975,MAT0021,线缆,16.9,0.0,388.6
TK001975,MAT0026,工具,12.0,0.9,139.11
TK001975,MAT0012,线缆,19.6,1.9,470.61
TK001976,MAT0031,绝缘材料,2.1,0.0,465.92
TK001976,MAT0001,机械零件,2.5,0.0,201.75
TK001976,MAT0002,机械零件,19.0,1.7,57.83
TK001977,MAT0011,绝缘材料,11.9,0.0,60.44
TK001977,MAT0019,绝缘材料,9.0,0.7,376.7
TK001977,MAT0027,电气元件,7.0,0.1,380.96
TK001977,MAT0028,机械零件,8.1,0.0,413.18
TK001978,MAT0028,电气元件,1.6,0.0,280.82
TK001978,MAT0027,线缆,8.1,0.0,296.01
TK001978,MAT0013,线缆,5.0,0.0,282.98
TK001978,MAT0041,线缆,17.7,0.0,66.71
TK001978,MAT0044,线缆,13.3,0.0,239.98
TK001979,MAT0033,线缆,12.0,0.0,305.17
TK001979,MAT0039,电气元件,6.2,0.0,93.86
TK001979,MAT0029,绝缘材料,19.3,0.0,110.8
TK001979,MAT0041,机械零件,6.0,1.1,363.57
TK001979,MAT0013,工具,14.2,0.0,387.95
TK001980,MAT0004,线缆,8.0,0.0,121.8
TK001980,MAT0042,工具,1.1,0.0,334.75
TK001981,MAT0011,绝缘材料,16.2,0.0,393.54
TK001982,MAT0017,辅材,17.8,0.0,247.48
TK001983,MAT0045,绝缘材料,18.7,0.0,194.07
TK001984,MAT0018,绝缘材料,2.3,0.0,295.48
TK001984,MAT0034,电气元件,12.8,0.0,291.27
TK001984,MAT0036,线缆,2.2,0.0,347.89
TK001984,MAT0023,机械零件,18.7,0.0,373.08
TK001984,MAT0034,辅材,6.9,0.0,61.67
TK001985,MAT0020,绝缘材料,13.2,0.0,290.13
TK001985,MAT0011,机械零件,20.0,0.0,159.44
TK001985,MAT0018,绝缘材料,5.7,0.0,464.85
TK001985,MAT0014,线缆,4.9,0.0,187.63
TK001986,MAT0036,绝缘材料,9.1,0.0,41.88
TK001986,MAT0045,机械零件,16.7,0.0,25.49
TK001986,MAT0023,绝缘材料,17.1,0.0,118.3
TK001987,MAT0015,辅材,5.3,0.0,426.16
TK001987,MAT0011,电气元件,5.3,0.0,305.35
TK001987,MAT0028,线缆,19.6,0.0,219.36
TK001988,MAT0034,电气元件,17.5,0.3,82.98
TK001988,MAT0008,绝缘材料,8.2,0.0,499.38
TK001988,MAT0006,电气元件,15.5,0.0,138.59
TK001988,MAT0041,辅材,8.3,0.0,88.22
TK001989,MAT0028,线缆,8.0,0.0,219.52
TK001989,MAT0042,绝缘材料,15.1,0.0,265.94
TK001989,MAT0003,电气元件,10.4,0.0,169.14
TK001991,MAT0031,绝缘材料,3.6,0.0,37.31
TK001991,MAT0049,辅材,3.9,1.4,494.64
TK001992,MAT0012,绝缘材料,12.6,0.0,293.85
TK001992,MAT0036,绝缘材料,2.2,0.0,294.48
TK001992,MAT0032,电气元件,20.0,0.0,181.85
TK001992,MAT0012,工具,15.1,0.0,29.17
TK001992,MAT0017,电气元件,3.1,0.0,265.54
TK001993,MAT0022,机械零件,18.7,0.0,129.77
TK001993,MAT0021,工具,8.8,0.0,474.1
TK001993,MAT0006,工具,10.9,0.0,19.14
TK001994,MAT0048,辅材,12.6,0.0,254.69
TK001994,MAT0030,绝缘材料,13.5,0.0,497.0
TK001995,MAT0011,绝缘材料,13.9,1.5,110.18
TK001995,MAT0050,工具,11.8,0.0,60.62
TK001995,MAT0033,辅材,4.8,0.0,244.48
TK001995,MAT0004,辅材,3.0,0.0,274.85
TK001995,MAT0019,电气元件,13.0,0.0,409.49
TK001996,MAT0010,机械零件,8.2,0.0,441.58
TK001996,MAT0034,辅材,8.7,0.0,117.43
TK001997,MAT0050,辅材,5.6,0.0,20.46
TK001997,MAT0021,电气元件,8.4,0.0,395.02
TK001997,MAT0023,线缆,19.5,0.0,290.15
TK001997,MAT0003,线缆,16.5,0.4,190.57
TK001998,MAT0002,线缆,9.3,0.0,39.0
TK001999,MAT0044,电气元件,8.9,0.0,165.03
TK001999,MAT0047,绝缘材料,7.0,1.3,6.79
TK001999,MAT0014,工具,16.0,0.0,446.26
TK002000,MAT0019,机械零件,10.0,0.0,46.91
TK002000,MAT0048,线缆,2.4,0.0,40.37
TK002000,MAT0026,辅材,16.1,0.0,419.43
TK002000,MAT0011,电气元件,19.4,0.0,30.47
TK002001,MAT0034,绝缘材料,1.5,0.0,250.68
TK002001,MAT0036,线缆,1.3,0.0,448.83
TK002001,MAT0032,工具,13.2,0.7,354.92
TK002001,MAT0041,机械零件,9.5,0.0,456.49
TK002002,MAT0022,辅材,11.9,1.4,490.02
TK002002,MAT0047,线缆,1.3,0.0,70.24
TK002002,MAT0010,机械零件,4.5,0.0,297.12
TK002003,MAT0044,工具,8.0,1.2,194.19
TK002003,MAT0027,机械零件,19.6,0.0,15.42
TK002003,MAT0027,工具,0.6,0.0,191.49
TK002004,MAT0016,绝缘材料,6.7,0.0,15.83
TK002004,MAT0013,电气元件,10.5,0.0,58.1
TK002004,MAT0013,线缆,3.8,0.0,289.62
TK002004,MAT0023,绝缘材料,2.8,0.0,341.16
TK002004,MAT0042,辅材,6.1,1.9,16.08
TK002005,MAT0016,电气元件,13.4,0.0,456.55
TK002005,MAT0046,线缆,9.2,1.9,174.08
TK002005,MAT0049,工具,6.0,0.0,280.15
TK002005,MAT0024,电气元件,19.4,1.9,191.98
TK002006,MAT0044,辅材,17.7,0.0,192.25
TK002006,MAT0003,工具,6.1,0.0,410.59
TK002007,MAT0002,线缆,8.4,0.0,53.95
TK002007,MAT0007,电气元件,4.6,0.0,320.13
TK002007,MAT0021,绝缘材料,7.6,0.0,368.19
TK002007,MAT0040,电气元件,5.6,0.0,76.98
TK002007,MAT0025,绝缘材料,7.6,0.0,350.47
TK002008,MAT0010,绝缘材料,8.3,1.1,456.9
TK002008,MAT0028,机械零件,14.7,0.0,328.97
TK002009,MAT0029,电气元件,14.3,0.0,19.54
TK002009,MAT0031,工具,9.1,0.0,132.02
TK002009,MAT0005,工具,16.7,0.0,18.1
TK002009,MAT0028,线缆,10.8,0.0,435.34
TK002010,MAT0035,电气元件,12.5,0.0,337.09
TK002010,MAT0014,辅材,13.1,0.7,333.06
TK002010,MAT0008,电气元件,2.0,0.0,324.36
TK002011,MAT0032,辅材,11.5,0.0,415.79
TK002011,MAT0022,线缆,18.2,0.0,257.14
TK002012,MAT0028,工具,2.9,0.0,227.55
TK002013,MAT0022,工具,3.9,0.0,89.21
TK002013,MAT0007,工具,13.4,0.0,291.48
TK002015,MAT0007,线缆,5.8,0.0,104.47
TK002015,MAT0037,辅材,6.5,0.0,311.83
TK002015,MAT0045,机械零件,9.6,0.0,135.9
TK002015,MAT0004,机械零件,12.2,0.0,281.31
TK002016,MAT0033,绝缘材料,6.1,0.0,182.56
TK002016,MAT0033,线缆,15.5,1.7,96.57
TK002016,MAT0033,机械零件,19.7,0.0,389.47
TK002017,MAT0025,绝缘材料,16.2,0.0,474.77
TK002017,MAT0026,工具,4.4,0.0,113.45
TK002017,MAT0049,机械零件,11.7,0.0,305.17
TK002018,MAT0013,辅材,15.5,0.0,251.4
TK002018,MAT0002,工具,7.6,2.0,197.47
TK002018,MAT0030,辅材,6.1,0.7,92.3
TK002019,MAT0015,工具,19.3,0.0,265.24
TK002019,MAT0031,机械零件,9.4,0.0,393.25
TK002022,MAT0029,绝缘材料,3.6,0.0,439.48
TK002022,MAT0043,绝缘材料,7.2,0.0,16.06
TK002023,MAT0048,工具,2.3,0.0,70.56
TK002023,MAT0022,工具,6.3,0.4,380.41
TK002023,MAT0014,机械零件,3.6,0.0,101.16
TK002023,MAT0034,辅材,3.5,1.8,425.3
TK002023,MAT0028,电气元件,12.7,1.1,32.38
TK002024,MAT0009,机械零件,16.7,1.3,151.54
TK002025,MAT0007,绝缘材料,11.9,0.0,131.41
TK002025,MAT0027,绝缘材料,7.7,0.0,298.27
TK002025,MAT0035,线缆,3.9,1.3,75.31
TK002025,MAT0050,辅材,13.8,0.0,430.35
TK002026,MAT0026,线缆,15.5,0.0,350.89
TK002026,MAT0013,工具,18.1,0.0,453.23
TK002026,MAT0032,线缆,6.8,0.0,304.92
TK002026,MAT0027,电气元件,14.4,0.0,118.4
TK002026,MAT0045,工具,3.0,0.0,312.78
TK002027,MAT0008,绝缘材料,4.4,0.0,381.45
TK002028,MAT0010,辅材,13.2,0.0,410.17
TK002028,MAT0001,绝缘材料,12.9,0.5,143.89
TK002028,MAT0003,线缆,5.4,0.0,313.19
TK002028,MAT0048,线缆,5.3,0.0,257.14
TK002032,MAT0036,线缆,9.1,0.0,292.79
TK002032,MAT0042,辅材,19.9,0.0,48.35
TK002032,MAT0018,辅材,6.8,0.0,456.95
TK002032,MAT0044,机械零件,15.1,1.4,53.41
TK002032,MAT0001,工具,13.2,0.0,357.66
TK002033,MAT0006,辅材,6.0,0.0,463.29
TK002035,MAT0018,绝缘材料,14.1,0.1,171.3
TK002035,MAT0041,工具,10.4,0.0,85.0
TK002035,MAT0024,线缆,14.9,0.0,368.26
TK002035,MAT0021,绝缘材料,9.0,0.0,421.92
TK002036,MAT0022,线缆,19.7,1.3,20.68
TK002036,MAT0019,工具,15.3,1.9,74.6
TK002037,MAT0047,辅材,14.5,0.0,467.74
TK002037,MAT0001,工具,18.0,0.0,245.39
TK002037,MAT0005,绝缘材料,11.5,0.0,227.73
TK002037,MAT0003,工具,17.6,0.0,406.28
TK002037,MAT0020,电气元件,3.4,0.6,145.04
TK002038,MAT0034,电气元件,12.9,0.6,268.38
TK002038,MAT0042,辅材,16.3,0.0,279.57
TK002038,MAT0018,工具,9.8,0.0,5.12
TK002038,MAT0046,机械零件,16.7,0.0,273.17
TK002038,MAT0034,绝缘材料,4.6,1.7,426.54
TK002039,MAT0035,机械零件,17.9,0.0,140.14
TK002039,MAT0036,绝缘材料,1.8,0.0,344.44
TK002039,MAT0020,辅材,13.5,0.0,317.35
TK002040,MAT0024,线缆,10.1,0.5,230.8
TK002040,MAT0040,绝缘材料,12.2,0.0,16.87
TK002040,MAT0038,电气元件,13.1,0.0,62.27
TK002040,MAT0049,工具,2.3,0.0,38.35
TK002040,MAT0036,电气元件,14.2,0.0,247.45
TK002041,MAT0024,绝缘材料,12.4,0.0,432.65
TK002042,MAT0027,机械零件,8.1,0.0,143.89
TK002042,MAT0041,电气元件,10.6,0.0,140.81
TK002042,MAT0007,电气元件,19.6,0.0,411.03
TK002043,MAT0007,线缆,10.2,0.5,349.97
TK002044,MAT0048,机械零件,10.3,0.0,394.33
TK002044,MAT0015,机械零件,0.7,0.0,425.24
TK002045,MAT0029,机械零件,14.4,0.0,182.63
TK002046,MAT0027,辅材,19.2,0.0,475.82
TK002046,MAT0004,工具,1.5,0.0,174.71
TK002046,MAT0032,辅材,4.4,1.4,370.62
TK002046,MAT0024,机械零件,3.5,0.0,220.2
TK002046,MAT0025,绝缘材料,17.4,0.0,152.67
TK002048,MAT0049,辅材,0.7,0.0,499.95
TK002048,MAT0005,机械零件,5.6,0.0,257.08
TK002048,MAT0038,辅材,18.5,0.0,490.67
TK002049,MAT0039,工具,4.0,0.0,479.93
TK002049,MAT0004,辅材,11.5,0.9,171.13
TK002050,MAT0043,工具,19.8,0.0,52.17
TK002050,MAT0003,绝缘材料,17.6,0.0,461.97
TK002051,MAT0020,辅材,15.5,1.4,75.7
TK002051,MAT0017,线缆,7.4,0.0,318.73
TK002051,MAT0007,工具,15.4,1.2,160.87
TK002051,MAT0014,电气元件,19.4,0.1,141.34
TK002051,MAT0040,绝缘材料,19.1,0.0,452.02
TK002052,MAT0022,线缆,14.6,1.4,473.19
TK002052,MAT0038,机械零件,18.7,0.0,444.27
TK002053,MAT0021,机械零件,16.9,1.1,293.97
TK002053,MAT0025,线缆,9.6,1.9,214.07
TK002053,MAT0025,机械零件,4.9,0.0,481.58
TK002054,MAT0041,绝缘材料,16.4,0.8,363.98
TK002055,MAT0035,线缆,13.3,0.0,281.86
TK002055,MAT0049,线缆,8.5,0.0,119.81
TK002055,MAT0007,辅材,16.1,0.0,171.68
TK002055,MAT0040,工具,1.9,0.0,171.08
TK002055,MAT0031,辅材,12.5,0.0,36.64
TK002056,MAT0040,工具,9.0,0.0,144.88
TK002056,MAT0004,辅材,16.8,0.0,316.8
TK002056,MAT0008,工具,3.8,0.7,44.27
TK002057,MAT0015,电气元件,8.3,0.0,136.15
TK002057,MAT0037,电气元件,11.0,0.0,244.31
TK002057,MAT0025,辅材,14.5,0.0,405.91
TK002058,MAT0043,电气元件,15.2,0.0,416.3
TK002058,MAT0023,工具,12.1,0.0,89.12
TK002058,MAT0020,工具,11.1,0.0,499.42
TK002058,MAT0023,机械零件,13.6,1.2,49.72
TK002059,MAT0036,电气元件,17.4,0.0,72.28
TK002059,MAT0033,线缆,14.3,1.9,65.66
TK002059,MAT0026,电气元件,2.6,0.0,438.55
TK002059,MAT0042,电气元件,7.3,1.3,458.8
TK002059,MAT0012,工具,5.9,0.0,52.37
TK002060,MAT0043,线缆,15.9,0.0,166.83
TK002060,MAT0012,绝缘材料,14.3,0.0,77.19
TK002060,MAT0046,工具,6.0,0.0,192.23
TK002060,MAT0032,辅材,13.3,0.1,80.09
TK002061,MAT0022,工具,7.4,0.8,293.28
TK002061,MAT0047,电气元件,9.9,0.0,16.46
TK002061,MAT0003,机械零件,12.3,0.0,63.0
TK002062,MAT0024,机械零件,7.1,0.0,428.24
TK002064,MAT0030,绝缘材料,16.4,0.0,127.85
TK002065,MAT0015,辅材,19.2,0.0,390.05
TK002066,MAT0019,电气元件,7.1,0.0,447.04
TK002066,MAT0036,机械零件,8.6,0.0,354.21
TK002066,MAT0045,机械零件,18.0,0.0,426.95
TK002066,MAT0038,机械零件,3.9,0.0,189.24
TK002067,MAT0015,电气元件,3.9,0.4,455.33
TK002067,MAT0043,机械零件,15.7,0.0,201.49
TK002067,MAT0035,机械零件,8.5,0.0,478.77
TK002068,MAT0046,工具,5.3,0.0,124.33
TK002069,MAT0049,工具,2.1,0.0,385.97
TK002069,MAT0041,机械零件,4.2,0.0,89.47
TK002069,MAT0003,辅材,17.7,0.0,403.0
TK002070,MAT0035,电气元件,14.4,0.0,23.09
TK002070,MAT0019,工具,18.8,1.8,397.58
TK002071,MAT0004,辅材,15.0,0.0,411.7
TK002072,MAT0020,机械零件,2.9,0.0,237.27
TK002072,MAT0015,线缆,14.8,0.0,302.17
TK002072,MAT0015,电气元件,13.9,0.0,349.28
TK002072,MAT0024,辅材,9.6,0.0,216.39
TK002072,MAT0032,绝缘材料,5.7,0.0,374.85
TK002073,MAT0009,辅材,8.9,0.0,366.09
TK002073,MAT0035,机械零件,17.2,0.0,310.06
TK002073,MAT0042,线缆,14.4,0.0,429.32
TK002073,MAT0014,辅材,6.5,0.0,113.0
TK002074,MAT0012,线缆,8.3,0.0,252.41
TK002074,MAT0043,工具,13.2,0.0,308.34
TK002074,MAT0002,辅材,2.7,0.0,445.94
TK002075,MAT0011,辅材,6.3,0.0,361.59
TK002075,MAT0016,辅材,12.7,1.3,12.35
TK002075,MAT0012,电气元件,8.8,0.0,231.02
TK002076,MAT0030,工具,6.6,0.0,490.4
TK002076,MAT0019,线缆,19.2,0.0,197.92
TK002076,MAT0033,工具,19.3,0.0,259.38
TK002076,MAT0026,辅材,0.9,0.0,156.16
TK002077,MAT0016,绝缘材料,19.5,0.0,313.09
TK002077,MAT0019,辅材,7.7,0.4,373.37
TK002079,MAT0002,机械零件,17.4,0.2,389.71
TK002079,MAT0027,绝缘材料,6.3,0.0,348.19
TK002079,MAT0036,绝缘材料,6.7,0.0,410.04
TK002079,MAT0026,线缆,1.8,0.0,8.01
TK002080,MAT0046,辅材,15.4,0.0,194.5
TK002080,MAT0027,电气元件,0.5,0.0,468.51
TK002081,MAT0002,工具,1.3,0.0,496.39
TK002081,MAT0043,辅材,2.4,1.6,471.79
TK002081,MAT0027,工具,15.4,0.0,467.13
TK002081,MAT0013,工具,18.0,0.0,272.43
TK002082,MAT0002,绝缘材料,10.5,1.9,486.23
TK002083,MAT0001,工具,19.5,0.0,378.6
TK002083,MAT0028,机械零件,13.8,0.0,254.03
TK002083,MAT0024,机械零件,4.1,0.0,352.56
TK002083,MAT0006,绝缘材料,11.6,0.0,369.26
TK002083,MAT0017,绝缘材料,15.8,0.0,5.56
TK002084,MAT0029,电气元件,8.1,0.0,148.59
TK002085,MAT0003,线缆,0.7,1.4,8.29
TK002085,MAT0017,辅材,10.9,0.0,274.82
TK002087,MAT0050,机械零件,11.1,0.0,145.24
TK002087,MAT0017,电气元件,12.4,1.6,396.54
TK002087,MAT0006,绝缘材料,3.0,0.0,387.41
TK002087,MAT0040,绝缘材料,16.9,0.0,16.12
TK002087,MAT0032,机械零件,2.2,0.0,279.41
TK002088,MAT0042,电气元件,3.0,0.0,117.21
TK002088,MAT0017,辅材,2.1,0.0,97.73
TK002088,MAT0011,机械零件,12.6,0.0,237.76
TK002088,MAT0010,线缆,14.6,0.0,430.92
TK002089,MAT0016,机械零件,11.6,0.0,373.92
TK002089,MAT0025,线缆,15.4,0.0,409.53
TK002089,MAT0047,线缆,0.9,0.0,139.78
TK002089,MAT0041,线缆,9.9,0.0,278.21
TK002089,MAT0026,辅材,9.0,0.0,169.88
TK002090,MAT0026,绝缘材料,5.1,0.0,430.54
TK002090,MAT0015,线缆,19.4,0.0,138.34
TK002091,MAT0043,电气元件,5.5,0.0,489.89
TK002091,MAT0049,辅材,18.0,0.0,350.15
TK002091,MAT0018,辅材,0.8,0.0,490.42
TK002091,MAT0036,线缆,14.4,0.0,151.62
TK002092,MAT0010,绝缘材料,5.3,0.0,94.39
TK002092,MAT0017,电气元件,16.9,0.0,33.88
TK002092,MAT0049,绝缘材料,18.4,0.0,347.32
TK002092,MAT0046,绝缘材料,19.6,0.4,336.77
TK002092,MAT0028,工具,17.4,0.0,477.33
TK002093,MAT0024,线缆,4.7,0.0,16.12
TK002093,MAT0012,电气元件,16.4,0.0,420.88
TK002093,MAT0031,工具,18.5,0.0,132.3
TK002093,MAT0002,辅材,11.5,0.0,130.64
TK002093,MAT0027,机械零件,14.2,1.6,245.78
TK002094,MAT0024,线缆,12.3,0.0,266.31
TK002094,MAT0001,绝缘材料,11.0,0.0,208.13
TK002094,MAT0028,机械零件,14.7,0.0,260.73
TK002094,MAT0032,线缆,5.9,0.0,389.71
TK002094,MAT0024,机械零件,2.1,0.0,18.93
TK002096,MAT0016,线缆,15.0,0.0,340.32
TK002096,MAT0002,电气元件,9.3,0.0,471.6
TK002096,MAT0002,辅材,18.9,0.9,193.88
TK002098,MAT0001,电气元件,8.7,0.0,125.61
TK002098,MAT0050,辅材,16.9,0.0,31.81
TK002098,MAT0048,绝缘材料,14.9,0.0,469.82
TK002099,MAT0032,机械零件,16.4,1.6,90.17
TK002099,MAT0026,辅材,4.7,0.0,246.84
TK002099,MAT0019,绝缘材料,17.1,1.3,490.51
TK002099,MAT0039,工具,16.2,0.0,180.15
TK002099,MAT0009,绝缘材料,12.7,0.0,208.58
TK002100,MAT0049,电气元件,16.2,0.0,296.7
TK002100,MAT0011,绝缘材料,5.1,0.0,440.69
TK002100,MAT0038,绝缘材料,13.4,0.0,339.99
TK002100,MAT0045,绝缘材料,10.3,0.0,367.03
TK002101,MAT0035,机械零件,9.8,0.0,159.16
TK002101,MAT0043,工具,7.5,1.5,176.86
TK002101,MAT0040,线缆,11.5,0.0,85.85
TK002102,MAT0012,绝缘材料,13.7,0.0,79.66
TK002102,MAT0037,绝缘材料,9.4,0.0,454.16
TK002102,MAT0017,线缆,16.1,0.0,174.46
TK002103,MAT0048,工具,5.7,1.7,357.61
TK002103,MAT0017,绝缘材料,12.1,0.0,357.61
TK002103,MAT0021,电气元件,7.3,1.1,279.79
TK002103,MAT0049,工具,12.1,0.0,282.48
TK002103,MAT0016,绝缘材料,16.8,0.0,292.22
TK002104,MAT0043,机械零件,19.5,1.5,422.68
TK002105,MAT0040,电气元件,10.2,0.9,19.18
TK002105,MAT0008,辅材,14.4,0.0,99.45
TK002105,MAT0031,工具,8.2,0.0,390.44
TK002105,MAT0005,机械零件,16.5,0.0,216.26
TK002105,MAT0023,电气元件,4.8,0.0,276.19
TK002106,MAT0024,绝缘材料,14.8,0.0,241.94
TK002106,MAT0022,电气元件,5.5,0.0,218.42
TK002106,MAT0047,机械零件,6.7,0.0,217.25
TK002106,MAT0009,工具,9.5,0.0,58.73
TK002107,MAT0030,绝缘材料,1.6,0.0,173.32
TK002107,MAT0033,电气元件,5.7,0.0,222.02
TK002107,MAT0009,工具,7.1,0.0,337.04
TK002108,MAT0028,工具,7.4,0.0,196.82
TK002108,MAT0023,绝缘材料,18.9,0.0,492.15
TK002109,MAT0010,绝缘材料,12.1,0.0,304.43
TK002109,MAT0011,辅材,14.2,0.0,94.47
TK002109,MAT0012,电气元件,15.6,0.7,7.56
TK002109,MAT0039,辅材,12.8,0.4,138.71
TK002110,MAT0011,辅材,12.1,0.0,395.19
TK002111,MAT0025,线缆,10.2,1.6,62.84
TK002111,MAT0011,电气元件,15.9,0.0,281.28
TK002111,MAT0022,机械零件,8.7,0.9,70.86
TK002111,MAT0019,工具,8.7,0.0,171.63
TK002112,MAT0010,工具,9.7,0.1,43.09
TK002112,MAT0003,机械零件,9.7,0.0,182.7
TK002112,MAT0014,辅材,6.5,0.0,432.83
TK002114,MAT0005,辅材,7.7,0.0,401.62
TK002115,MAT0038,工具,17.3,0.0,184.08
TK002115,MAT0043,辅材,2.6,0.0,251.18
TK002115,MAT0003,机械零件,2.4,0.7,35.13
TK002116,MAT0008,线缆,15.8,0.0,409.84
TK002116,MAT0044,辅材,13.5,0.0,283.73
TK002116,MAT0024,线缆,14.1,0.5,274.04
TK002116,MAT0014,线缆,12.0,0.0,451.88
TK002116,MAT0033,辅材,8.8,0.0,297.75
TK002119,MAT0026,线缆,15.2,0.0,156.99
TK002119,MAT0030,辅材,1.8,0.0,54.23
TK002119,MAT0043,绝缘材料,0.9,0.0,362.82
TK002120,MAT0012,辅材,16.3,1.2,302.85
TK002121,MAT0047,工具,8.8,0.0,57.03
TK002121,MAT0022,工具,19.6,0.0,299.28
TK002121,MAT0004,辅材,10.6,0.0,251.65
TK002122,MAT0036,辅材,16.3,0.0,354.57
TK002122,MAT0015,辅材,3.0,0.9,220.95
TK002122,MAT0021,线缆,16.1,0.0,414.62
TK002122,MAT0006,绝缘材料,5.7,1.3,343.76
TK002122,MAT0016,辅材,18.0,0.2,242.86
TK002123,MAT0035,电气元件,11.9,1.0,358.7
TK002123,MAT0012,绝缘材料,2.8,0.0,252.1
TK002123,MAT0018,绝缘材料,14.1,0.3,495.91
TK002124,MAT0039,绝缘材料,19.6,0.0,19.68
TK002124,MAT0008,线缆,9.5,0.0,11.38
TK002124,MAT0038,线缆,3.5,0.0,198.57
TK002124,MAT0004,电气元件,7.7,0.0,341.66
TK002125,MAT0029,线缆,17.3,0.3,5.31
TK002125,MAT0039,工具,7.4,0.0,98.54
TK002126,MAT0020,线缆,12.6,0.0,282.22
TK002126,MAT0008,辅材,17.7,0.0,146.14
TK002126,MAT0035,绝缘材料,2.7,0.0,189.89
TK002126,MAT0013,机械零件,0.7,0.7,415.0
TK002126,MAT0016,机械零件,2.7,0.0,162.38
TK002127,MAT0025,线缆,8.2,0.0,408.52
TK002127,MAT0034,机械零件,18.6,1.5,117.13
TK002127,MAT0036,电气元件,4.7,0.0,78.34
TK002127,MAT0042,机械零件,1.6,0.0,320.13
TK002127,MAT0006,线缆,1.6,0.0,13.92
TK002128,MAT0036,辅材,14.5,0.0,33.44
TK002128,MAT0035,辅材,12.6,0.0,455.49
TK002128,MAT0026,机械零件,14.2,0.2,369.42
TK002129,MAT0049,绝缘材料,9.5,1.2,439.87
TK002129,MAT0012,电气元件,2.4,1.8,475.7
TK002129,MAT0026,辅材,15.5,0.1,45.53
TK002129,MAT0012,机械零件,17.4,0.0,409.86
TK002130,MAT0044,工具,17.0,0.5,427.36
TK002130,MAT0024,机械零件,16.8,0.0,391.29
TK002130,MAT0010,电气元件,4.5,0.0,190.32
TK002131,MAT0050,辅材,5.5,0.0,100.18
TK002131,MAT0006,电气元件,5.3,0.0,78.32
TK002132,MAT0033,线缆,9.5,0.0,395.1
TK002133,MAT0025,线缆,3.8,0.0,312.77
TK002133,MAT0047,辅材,17.3,0.0,262.6
TK002134,MAT0029,电气元件,0.9,0.0,34.94
TK002134,MAT0024,电气元件,12.9,0.3,261.26
TK002134,MAT0015,绝缘材料,7.0,0.0,170.32
TK002134,MAT0039,机械零件,16.2,0.0,410.78
TK002135,MAT0011,辅材,1.8,0.0,239.85
TK002135,MAT0023,绝缘材料,4.5,0.0,12.14
TK002135,MAT0037,电气元件,9.3,0.0,456.61
TK002135,MAT0036,辅材,11.1,0.8,33.19
TK002136,MAT0045,辅材,15.5,0.0,318.57
TK002136,MAT0045,机械零件,14.5,0.0,77.22
TK002136,MAT0036,电气元件,3.3,0.1,261.46
TK002137,MAT0003,辅材,3.3,0.5,272.06
TK002137,MAT0048,线缆,13.0,0.0,269.13
TK002137,MAT0032,机械零件,17.9,0.0,40.51
TK002137,MAT0024,电气元件,5.2,0.0,72.65
TK002139,MAT0041,机械零件,3.7,0.0,139.98
TK002139,MAT0040,绝缘材料,3.1,0.0,135.18
TK002140,MAT0028,线缆,6.9,0.0,292.31
TK002141,MAT0043,线缆,10.3,0.0,17.64
TK002141,MAT0046,电气元件,16.4,0.0,454.09
TK002141,MAT0035,机械零件,5.2,0.2,320.85
TK002142,MAT0037,绝缘材料,3.1,0.0,424.05
TK002142,MAT0042,机械零件,16.9,0.0,298.65
TK002143,MAT0048,工具,10.1,0.6,176.6
TK002143,MAT0021,绝缘材料,15.9,0.0,47.04
TK002143,MAT0006,绝缘材料,1.8,0.3,373.69
TK002144,MAT0036,绝缘材料,7.9,1.9,488.66
TK002144,MAT0004,绝缘材料,3.8,0.0,374.75
TK002145,MAT0032,机械零件,0.6,0.0,279.56
TK002145,MAT0036,绝缘材料,17.2,0.0,189.92
TK002145,MAT0019,电气元件,0.9,0.0,249.87
TK002145,MAT0015,工具,8.7,0.0,127.58
TK002147,MAT0019,工具,3.1,0.0,119.82
TK002147,MAT0038,机械零件,15.6,0.0,45.71
TK002147,MAT0049,辅材,0.8,0.0,231.61
TK002147,MAT0023,绝缘材料,6.6,0.0,471.27
TK002147,MAT0004,电气元件,4.4,0.0,275.49
TK002149,MAT0030,线缆,16.6,1.8,332.62
TK002149,MAT0016,电气元件,6.9,0.0,190.22
TK002151,MAT0021,电气元件,16.0,0.0,394.93
TK002151,MAT0022,机械零件,2.1,0.0,267.95
TK002153,MAT0007,绝缘材料,14.0,0.0,56.82
TK002154,MAT0050,绝缘材料,6.5,0.0,345.98
TK002154,MAT0041,辅材,19.0,0.0,101.01
TK002154,MAT0026,线缆,13.7,0.0,252.14
TK002154,MAT0050,辅材,6.2,0.0,85.73
TK002154,MAT0049,机械零件,5.7,0.0,204.79
TK002155,MAT0003,机械零件,15.8,0.0,471.09
TK002155,MAT0023,绝缘材料,2.9,0.0,352.29
TK002155,MAT0039,电气元件,1.0,1.2,275.51
TK002156,MAT0003,机械零件,8.3,0.0,135.42
TK002156,MAT0037,工具,1.9,0.0,321.53
TK002157,MAT0006,绝缘材料,3.7,0.0,279.3
TK002157,MAT0050,工具,1.7,1.2,114.64
TK002157,MAT0026,绝缘材料,0.5,0.0,213.5
TK002158,MAT0034,辅材,8.6,0.0,204.97
TK002158,MAT0014,绝缘材料,17.4,0.0,158.04
TK002158,MAT0021,线缆,2.9,0.0,399.27
TK002159,MAT0036,电气元件,16.9,0.0,167.24
TK002160,MAT0040,机械零件,13.9,0.0,14.65
TK002160,MAT0022,机械零件,4.9,0.0,399.91
TK002160,MAT0041,电气元件,14.8,0.0,119.04
TK002161,MAT0035,机械零件,4.1,2.0,252.75
TK002162,MAT0001,机械零件,18.1,0.4,76.75
TK002162,MAT0014,电气元件,2.3,0.0,109.18
TK002162,MAT0032,机械零件,9.1,0.1,132.87
TK002162,MAT0002,绝缘材料,19.8,0.0,105.71
TK002163,MAT0016,辅材,14.8,0.0,345.32
TK002163,MAT0019,辅材,0.8,0.0,108.28
TK002163,MAT0028,线缆,7.4,0.0,179.27
TK002163,MAT0011,绝缘材料,14.8,0.0,410.84
TK002164,MAT0025,绝缘材料,9.8,1.9,107.0
TK002165,MAT0022,绝缘材料,5.3,0.0,309.88
TK002166,MAT0029,电气元件,2.2,0.0,431.38
TK002166,MAT0013,线缆,8.4,0.0,405.91
TK002166,MAT0029,绝缘材料,20.0,0.0,439.46
TK002167,MAT0010,工具,1.2,0.0,67.13
TK002167,MAT0017,绝缘材料,1.4,0.0,201.02
TK002168,MAT0014,电气元件,18.2,0.0,62.31
TK002168,MAT0040,工具,10.9,0.0,118.97
TK002168,MAT0031,机械零件,8.8,0.0,114.44
TK002170,MAT0042,电气元件,19.5,0.0,273.46
TK002170,MAT0017,线缆,5.5,0.0,223.45
TK002170,MAT0023,辅材,18.5,0.0,187.25
TK002171,MAT0037,绝缘材料,9.6,0.0,27.98
TK002171,MAT0043,辅材,9.1,0.0,363.61
TK002171,MAT0008,工具,8.0,0.0,182.27
TK002171,MAT0036,绝缘材料,15.7,0.2,118.09
TK002172,MAT0048,线缆,8.1,0.1,19.53
TK002174,MAT0046,辅材,4.9,0.0,183.08
TK002174,MAT0020,绝缘材料,15.6,0.0,222.66
TK002174,MAT0046,电气元件,12.5,0.0,57.33
TK002174,MAT0013,辅材,7.7,0.0,428.02
TK002174,MAT0028,绝缘材料,19.0,0.0,12.27
TK002176,MAT0039,工具,13.0,0.0,460.72
TK002176,MAT0022,机械零件,4.2,0.0,180.23
TK002177,MAT0020,线缆,8.0,0.0,14.11
TK002178,MAT0003,绝缘材料,17.9,0.0,266.43
TK002178,MAT0050,机械零件,9.5,0.8,278.02
TK002179,MAT0011,电气元件,14.9,0.0,5.32
TK002180,MAT0034,辅材,17.7,0.0,390.78
TK002180,MAT0018,机械零件,1.2,0.0,402.08
TK002180,MAT0038,辅材,14.4,0.0,289.52
TK002180,MAT0031,辅材,15.4,0.0,46.07
TK002181,MAT0037,工具,1.0,1.4,79.11
TK002181,MAT0034,线缆,1.8,0.0,72.21
TK002181,MAT0018,机械零件,17.0,0.0,468.98
TK002181,MAT0044,绝缘材料,14.2,0.0,47.61
TK002182,MAT0008,工具,8.7,0.0,378.24
TK002182,MAT0025,电气元件,4.3,1.4,130.04
TK002184,MAT0034,辅材,1.1,0.0,481.89
TK002184,MAT0023,电气元件,18.9,0.0,152.52
TK002184,MAT0018,电气元件,7.9,0.0,194.29
TK002184,MAT0017,机械零件,10.2,0.0,496.04
TK002185,MAT0031,绝缘材料,3.7,0.0,198.88
TK002186,MAT0032,绝缘材料,2.0,0.1,343.38
TK002186,MAT0015,辅材,7.7,0.9,439.8
TK002186,MAT0047,线缆,3.2,0.0,402.11
TK002186,MAT0017,辅材,6.2,0.0,344.06
TK002187,MAT0008,工具,6.7,0.0,391.76
TK002189,MAT0040,机械零件,3.1,2.0,143.52
TK002189,MAT0042,线缆,17.2,0.0,71.3
TK002189,MAT0033,电气元件,1.6,0.0,99.04
TK002191,MAT0043,机械零件,2.8,0.0,374.24
TK002191,MAT0006,电气元件,12.3,0.0,156.7
TK002193,MAT0047,绝缘材料,13.6,0.0,325.92
TK002194,MAT0038,工具,10.4,0.0,334.08
TK002195,MAT0015,机械零件,19.3,0.0,436.7
TK002195,MAT0022,工具,18.1,0.0,44.03
TK002195,MAT0044,线缆,4.0,0.0,66.91
TK002195,MAT0019,线缆,2.5,0.0,461.83
TK002195,MAT0013,线缆,10.8,0.0,76.31
TK002196,MAT0013,线缆,17.3,0.0,119.0
TK002197,MAT0024,机械零件,15.8,0.0,81.63
TK002197,MAT0017,线缆,1.9,0.0,25.21
TK002198,MAT0001,辅材,5.6,0.0,81.18
TK002199,MAT0033,电气元件,6.4,1.8,73.35
TK002199,MAT0032,机械零件,7.2,0.0,368.82
TK002199,MAT0046,辅材,18.7,0.0,439.83
TK002199,MAT0034,机械零件,9.8,0.0,42.97
TK002199,MAT0024,辅材,5.0,0.0,116.98
TK002200,MAT0009,工具,0.6,1.4,403.74
TK002200,MAT0007,线缆,16.6,1.3,411.36
TK002200,MAT0024,机械零件,2.8,0.0,358.18
TK002200,MAT0004,电气元件,14.1,0.8,193.65
TK002201,MAT0026,机械零件,3.5,0.0,491.47
TK002201,MAT0004,工具,5.6,0.0,19.24
TK002201,MAT0045,电气元件,9.2,0.0,67.05
TK002203,MAT0040,电气元件,16.3,0.0,477.66
TK002203,MAT0017,线缆,4.3,0.0,18.05
TK002204,MAT0013,线缆,17.4,0.0,253.52
TK002204,MAT0040,线缆,8.0,0.0,130.25
TK002204,MAT0017,电气元件,1.1,0.0,336.1
TK002204,MAT0020,线缆,4.4,0.2,300.27
TK002204,MAT0047,电气元件,5.8,0.0,81.07
TK002206,MAT0034,辅材,18.6,0.0,81.76
TK002206,MAT0003,绝缘材料,11.0,0.0,427.21
TK002206,MAT0027,辅材,3.0,0.0,445.14
TK002207,MAT0024,辅材,12.1,0.0,94.51
TK002207,MAT0027,绝缘材料,5.7,0.0,354.6
TK002207,MAT0026,工具,19.5,0.2,346.98
TK002208,MAT0032,辅材,1.8,0.0,85.24
TK002208,MAT0005,电气元件,17.4,0.0,171.54
TK002208,MAT0024,辅材,10.7,1.1,92.29
TK002209,MAT0004,电气元件,9.0,0.0,453.27
TK002209,MAT0040,线缆,9.1,0.0,116.04
TK002210,MAT0034,辅材,16.6,0.0,95.38
TK002210,MAT0024,绝缘材料,13.0,0.0,131.23
TK002210,MAT0003,电气元件,9.3,0.9,420.86
TK002210,MAT0028,线缆,16.2,0.0,327.36
TK002211,MAT0039,电气元件,8.0,0.0,433.8
TK002211,MAT0030,电气元件,1.5,0.0,222.2
TK002211,MAT0033,绝缘材料,15.3,0.0,200.63
TK002211,MAT0029,电气元件,7.9,0.0,77.13
TK002211,MAT0036,机械零件,2.5,0.0,314.34
TK002212,MAT0036,电气元件,16.4,0.0,495.53
TK002212,MAT0017,辅材,1.3,0.0,17.2
TK002212,MAT0050,辅材,16.1,0.0,378.22
TK002212,MAT0046,工具,17.7,0.0,144.89
TK002212,MAT0044,机械零件,1.9,0.0,327.0
TK002213,MAT0027,线缆,6.1,1.3,150.71
TK002213,MAT0047,工具,4.2,0.0,39.43
TK002213,MAT0024,电气元件,11.5,0.0,86.04
TK002213,MAT0004,线缆,16.9,0.0,71.72
TK002214,MAT0010,工具,10.3,0.0,179.52
TK002214,MAT0022,电气元件,15.9,0.0,19.63
TK002214,MAT0040,电气元件,13.9,0.0,145.93
TK002214,MAT0004,机械零件,16.2,1.9,215.65
TK002215,MAT0039,工具,1.0,0.9,76.82
TK002215,MAT0028,工具,8.2,0.0,452.76
TK002215,MAT0047,绝缘材料,17.3,0.0,346.94
TK002215,MAT0048,机械零件,17.5,0.6,300.97
TK002215,MAT0014,机械零件,17.5,0.0,368.58
TK002216,MAT0039,辅材,1.8,0.0,384.82
TK002216,MAT0008,辅材,7.9,0.0,17.59
TK002217,MAT0003,线缆,2.4,0.0,54.27
TK002218,MAT0032,线缆,2.2,0.0,13.4
TK002218,MAT0023,电气元件,1.6,0.2,183.41
TK002218,MAT0012,线缆,11.7,0.0,439.79
TK002219,MAT0005,线缆,13.6,0.0,201.57
TK002220,MAT0016,机械零件,0.7,1.6,203.11
TK002221,MAT0041,电气元件,4.6,0.0,50.43
TK002221,MAT0014,线缆,6.9,0.0,293.16
TK002221,MAT0001,辅材,3.2,0.0,490.88
TK002221,MAT0026,工具,13.7,0.0,297.94
TK002221,MAT0050,辅材,5.1,0.0,345.61
TK002222,MAT0017,线缆,13.1,0.0,498.21
TK002222,MAT0035,机械零件,17.2,0.0,18.59
TK002222,MAT0016,线缆,4.0,0.0,370.48
TK002222,MAT0002,电气元件,2.4,0.0,485.81
TK002222,MAT0026,辅材,14.6,1.9,348.15
TK002223,MAT0032,线缆,4.3,0.0,359.13
TK002223,MAT0049,绝缘材料,2.8,0.0,238.22
TK002223,MAT0037,机械零件,8.1,0.0,465.7
TK002223,MAT0050,绝缘材料,15.4,0.0,158.51
TK002225,MAT0029,绝缘材料,2.6,0.0,264.45
TK002225,MAT0009,机械零件,7.2,0.0,361.42
TK002225,MAT0034,电气元件,5.4,1.5,451.42
TK002228,MAT0026,线缆,1.7,0.0,307.76
TK002228,MAT0050,绝缘材料,8.2,0.0,475.92
TK002228,MAT0009,工具,6.8,0.0,278.93
TK002228,MAT0015,工具,4.8,0.0,391.88
TK002228,MAT0007,辅材,9.7,0.0,358.48
TK002229,MAT0021,工具,11.4,0.0,95.01
TK002229,MAT0050,辅材,11.5,0.0,403.94
TK002229,MAT0010,线缆,9.9,0.0,29.74
TK002229,MAT0029,线缆,17.3,1.2,178.98
TK002230,MAT0048,工具,17.5,0.0,62.06
TK002230,MAT0009,机械零件,17.7,0.0,444.64
TK002231,MAT0038,辅材,3.3,0.0,7.42
TK002231,MAT0002,电气元件,5.4,1.9,133.85
TK002231,MAT0015,工具,9.2,0.0,426.04
TK002231,MAT0033,机械零件,10.3,0.0,192.64
TK002232,MAT0018,线缆,5.1,1.9,148.04
TK002232,MAT0017,电气元件,15.0,0.0,24.18
TK002232,MAT0014,辅材,19.7,0.0,290.21
TK002232,MAT0018,工具,12.4,0.0,14.3
TK002232,MAT0019,工具,18.2,0.0,56.92
TK002233,MAT0048,辅材,14.6,1.4,480.17
TK002233,MAT0014,电气元件,14.8,0.0,444.56
TK002233,MAT0038,辅材,12.0,0.0,145.79
TK002233,MAT0049,机械零件,11.9,0.0,74.72
TK002235,MAT0039,工具,5.1,0.0,79.8
TK002235,MAT0043,机械零件,16.1,0.0,266.61
TK002235,MAT0031,电气元件,19.5,1.5,265.01
TK002239,MAT0046,辅材,18.9,0.1,227.92
TK002240,MAT0045,绝缘材料,0.9,0.0,286.62
TK002240,MAT0008,线缆,2.7,0.0,256.32
TK002240,MAT0018,线缆,7.1,0.0,344.77
TK002241,MAT0021,机械零件,6.0,0.8,453.43
TK002241,MAT0009,机械零件,18.9,0.0,109.63
TK002241,MAT0038,工具,3.4,0.0,222.64
TK002243,MAT0013,工具,12.3,0.0,256.01
TK002244,MAT0050,机械零件,9.8,0.0,110.73
TK002244,MAT0033,绝缘材料,16.3,1.6,6.09
TK002244,MAT0029,机械零件,13.8,0.0,339.54
TK002246,MAT0030,绝缘材料,6.9,0.0,460.6
TK002246,MAT0019,电气元件,9.4,0.0,141.58
TK002246,MAT0049,线缆,17.0,1.0,65.3
TK002246,MAT0014,工具,5.1,0.0,275.96
TK002247,MAT0001,辅材,8.7,0.0,216.7
TK002248,MAT0048,工具,6.3,1.6,113.25
TK002248,MAT0016,线缆,3.6,0.0,137.67
TK002248,MAT0023,线缆,1.5,0.0,187.76
TK002248,MAT0022,辅材,12.2,0.0,99.74
TK002248,MAT0035,线缆,4.9,1.3,232.15
TK002249,MAT0019,机械零件,13.2,0.0,123.64
TK002249,MAT0024,工具,10.9,0.0,351.77
TK002249,MAT0015,辅材,6.7,0.0,112.82
TK002251,MAT0018,辅材,14.8,1.8,122.45
TK002252,MAT0020,工具,5.7,0.0,72.34
TK002254,MAT0031,电气元件,12.5,0.0,461.05
TK002254,MAT0009,绝缘材料,15.1,0.0,347.57
TK002255,MAT0019,辅材,3.9,1.1,122.3
TK002255,MAT0049,机械零件,7.2,0.0,246.24
TK002255,MAT0021,绝缘材料,1.6,1.1,25.36
TK002255,MAT0026,辅材,15.9,0.8,86.62
TK002256,MAT0006,电气元件,3.8,0.0,182.03
TK002256,MAT0034,工具,2.5,1.1,175.25
TK002256,MAT0041,电气元件,17.7,0.0,187.9
TK002256,MAT0045,辅材,5.4,0.0,320.24
TK002256,MAT0012,辅材,19.1,0.0,358.87
TK002257,MAT0045,绝缘材料,7.5,0.0,103.28
TK002257,MAT0012,辅材,10.2,0.0,89.64
TK002258,MAT0027,绝缘材料,2.0,0.4,332.08
TK002258,MAT0017,线缆,16.0,0.0,39.09
TK002258,MAT0029,机械零件,4.5,0.0,169.06
TK002259,MAT0009,辅材,7.4,0.0,404.31
TK002259,MAT0039,电气元件,13.9,0.0,232.97
TK002260,MAT0013,机械零件,19.4,0.0,100.01
TK002260,MAT0019,绝缘材料,13.7,0.0,195.78
TK002260,MAT0002,工具,16.2,0.0,168.88
TK002260,MAT0028,辅材,12.6,0.0,460.09
TK002260,MAT0027,辅材,10.2,0.0,413.14
TK002261,MAT0043,电气元件,3.3,0.0,77.49
TK002263,MAT0042,辅材,11.8,0.0,379.79
TK002264,MAT0043,绝缘材料,7.4,0.0,159.04
TK002264,MAT0031,线缆,8.8,0.0,220.77
TK002265,MAT0011,工具,4.6,0.0,147.6
TK002265,MAT0039,辅材,13.5,0.0,231.63
TK002265,MAT0028,机械零件,4.9,0.0,146.51
TK002265,MAT0001,工具,19.4,0.0,109.99
TK002266,MAT0015,线缆,16.9,0.0,155.93
TK002266,MAT0043,工具,4.5,1.3,255.26
TK002267,MAT0027,电气元件,3.9,0.0,220.74
TK002267,MAT0047,线缆,3.5,0.0,388.18
TK002267,MAT0003,绝缘材料,7.2,0.0,294.24
TK002267,MAT0012,线缆,15.9,0.0,265.54
TK002268,MAT0014,线缆,7.0,0.0,196.38
TK002269,MAT0020,线缆,15.0,0.0,476.39
TK002269,MAT0038,绝缘材料,18.9,0.0,323.22
TK002270,MAT0049,工具,5.1,0.7,347.91
TK002270,MAT0005,线缆,8.3,0.0,182.55
TK002271,MAT0048,机械零件,2.9,0.0,449.71
TK002271,MAT0009,绝缘材料,8.5,0.0,6.57
TK002271,MAT0020,线缆,7.3,0.0,266.68
TK002271,MAT0016,线缆,7.8,0.0,367.96
TK002274,MAT0050,电气元件,3.1,0.0,204.2
TK002274,MAT0045,电气元件,17.6,0.0,393.03
TK002274,MAT0038,绝缘材料,15.1,0.0,327.05
TK002274,MAT0044,电气元件,8.9,0.0,226.84
TK002275,MAT0030,机械零件,16.0,1.8,12.6
TK002279,MAT0018,工具,12.6,0.0,239.7
TK002279,MAT0049,线缆,1.8,1.6,202.72
TK002279,MAT0013,绝缘材料,15.4,0.0,380.65
TK002280,MAT0040,工具,16.6,0.0,22.79
TK002280,MAT0011,辅材,1.2,0.7,392.59
TK002281,MAT0020,绝缘材料,9.3,0.0,223.58
TK002281,MAT0014,电气元件,13.6,0.0,356.58
TK002281,MAT0044,电气元件,17.0,0.0,103.77
TK002281,MAT0035,绝缘材料,4.4,0.0,227.06
TK002281,MAT0031,绝缘材料,15.6,0.0,35.1
TK002282,MAT0047,工具,2.6,0.0,45.87
TK002282,MAT0021,工具,3.4,1.1,365.21
TK002282,MAT0031,辅材,15.4,0.0,172.43
TK002282,MAT0004,机械零件,5.6,0.0,378.26
TK002283,MAT0003,辅材,19.9,0.0,419.88
TK002283,MAT0011,工具,13.3,0.0,39.46
TK002284,MAT0045,电气元件,19.7,0.0,206.41
TK002284,MAT0030,电气元件,15.9,0.0,236.59
TK002284,MAT0050,电气元件,19.8,0.0,105.63
TK002285,MAT0036,工具,6.1,0.0,177.42
TK002285,MAT0008,机械零件,2.5,0.0,350.51
TK002286,MAT0017,辅材,12.4,0.0,27.71
TK002286,MAT0019,线缆,9.7,0.0,281.75
TK002287,MAT0021,电气元件,14.1,0.0,366.67
TK002287,MAT0021,电气元件,10.6,1.2,150.28
TK002287,MAT0047,辅材,7.7,0.0,445.13
TK002288,MAT0007,工具,2.1,0.0,448.83
TK002288,MAT0014,电气元件,15.0,0.0,232.71
TK002288,MAT0002,工具,6.3,0.0,296.52
TK002288,MAT0014,电气元件,15.6,0.0,310.68
TK002289,MAT0030,线缆,4.6,0.0,492.63
TK002289,MAT0006,电气元件,4.9,0.0,153.47
TK002289,MAT0019,电气元件,16.5,0.0,161.32
TK002289,MAT0017,线缆,6.4,0.5,122.41
TK002289,MAT0024,辅材,5.5,0.0,145.73
TK002291,MAT0020,工具,1.2,1.1,53.2
TK002291,MAT0016,电气元件,9.7,0.0,471.33
TK002291,MAT0001,机械零件,13.3,0.0,336.2
TK002291,MAT0014,电气元件,10.6,0.0,447.02
TK002291,MAT0032,线缆,12.6,0.4,220.99
TK002292,MAT0041,线缆,16.7,0.0,443.8
TK002292,MAT0008,绝缘材料,1.2,0.9,142.32
TK002293,MAT0012,绝缘材料,4.4,0.0,181.23
TK002293,MAT0014,辅材,1.4,0.0,317.83
TK002295,MAT0041,辅材,6.8,0.0,324.1
TK002295,MAT0027,机械零件,5.8,0.0,490.12
TK002295,MAT0013,线缆,13.1,0.0,470.24
TK002295,MAT0006,机械零件,0.9,0.0,164.07
TK002296,MAT0003,机械零件,8.4,0.0,44.76
TK002297,MAT0030,绝缘材料,7.8,0.0,16.07
TK002298,MAT0008,线缆,14.6,0.0,118.71
TK002298,MAT0047,线缆,6.3,0.0,277.71
TK002298,MAT0041,机械零件,10.3,1.7,195.74
TK002298,MAT0029,绝缘材料,13.4,0.0,471.18
TK002298,MAT0037,电气元件,14.9,0.0,337.86
TK002299,MAT0039,线缆,16.6,0.0,81.58
TK002299,MAT0046,线缆,4.4,0.0,68.27
TK002300,MAT0020,线缆,10.0,0.0,294.13
TK002300,MAT0033,机械零件,12.3,0.0,67.07
TK002300,MAT0030,绝缘材料,15.0,0.0,140.58
TK002301,MAT0038,线缆,0.9,1.6,64.34
TK002302,MAT0011,工具,4.6,0.0,497.78
TK002302,MAT0043,工具,15.0,0.0,294.22
TK002302,MAT0043,线缆,10.1,0.3,431.13
TK002302,MAT0008,电气元件,18.1,0.0,476.59
TK002302,MAT0026,辅材,8.1,1.3,82.41
TK002304,MAT0014,线缆,1.8,0.0,339.44
TK002305,MAT0025,绝缘材料,13.0,0.0,241.95
TK002306,MAT0007,工具,16.8,0.0,206.18
TK002306,MAT0048,电气元件,19.6,0.0,402.61
TK002306,MAT0018,绝缘材料,11.5,0.0,285.49
TK002306,MAT0027,工具,17.6,0.0,179.14
TK002306,MAT0004,辅材,16.6,0.0,7.12
TK002307,MAT0038,电气元件,6.9,0.0,414.53
TK002307,MAT0011,电气元件,17.6,0.0,342.13
TK002308,MAT0050,辅材,15.4,0.0,495.85
TK002309,MAT0024,工具,16.1,0.0,80.37
TK002309,MAT0019,机械零件,15.3,1.7,78.25
TK002310,MAT0009,辅材,7.9,0.0,424.41
TK002310,MAT0029,辅材,2.2,0.6,44.37
TK002310,MAT0022,工具,8.2,1.8,301.47
TK002310,MAT0040,绝缘材料,11.9,0.0,8.26
TK002310,MAT0011,绝缘材料,9.1,0.0,187.88
TK002311,MAT0014,机械零件,7.5,0.0,331.75
TK002311,MAT0036,线缆,16.7,0.0,107.29
TK002311,MAT0006,机械零件,10.7,0.0,412.96
TK002311,MAT0043,机械零件,3.9,0.0,14.34
TK002311,MAT0028,机械零件,16.0,0.0,25.0
TK002312,MAT0029,电气元件,17.1,1.5,286.67
TK002313,MAT0025,绝缘材料,4.1,0.3,375.02
TK002314,MAT0017,电气元件,15.9,0.0,412.67
TK002314,MAT0021,绝缘材料,8.1,0.0,98.77
TK002315,MAT0012,线缆,0.9,0.0,386.17
TK002315,MAT0037,工具,18.3,0.0,335.09
TK002317,MAT0013,电气元件,9.3,0.0,372.98
TK002317,MAT0014,工具,9.2,0.0,16.55
TK002317,MAT0050,绝缘材料,7.3,0.0,468.79
TK002317,MAT0045,工具,0.6,0.0,441.14
TK002318,MAT0023,机械零件,1.7,0.0,320.14
TK002321,MAT0020,电气元件,10.3,0.0,199.4
TK002321,MAT0025,机械零件,1.1,0.0,10.09
TK002321,MAT0007,工具,13.0,0.8,25.6
TK002321,MAT0045,电气元件,12.3,0.0,397.71
TK002322,MAT0029,线缆,14.3,0.0,256.83
TK002322,MAT0025,电气元件,11.7,0.0,483.55
TK002324,MAT0035,线缆,8.2,1.5,467.98
TK002324,MAT0031,电气元件,4.8,0.0,494.99
TK002324,MAT0025,绝缘材料,16.3,1.3,235.3
TK002324,MAT0007,电气元件,18.5,0.0,307.75
TK002324,MAT0008,电气元件,8.8,0.0,279.65
TK002326,MAT0016,辅材,4.9,0.5,472.99
TK002326,MAT0004,线缆,8.7,0.0,39.81
TK002326,MAT0025,机械零件,13.4,0.0,80.71
TK002327,MAT0023,工具,10.2,0.0,488.23
TK002327,MAT0047,机械零件,18.2,0.0,333.8
TK002327,MAT0041,工具,10.5,0.0,402.06
TK002327,MAT0018,电气元件,4.2,0.0,135.86
TK002327,MAT0001,机械零件,4.8,0.0,464.63
TK002329,MAT0039,绝缘材料,11.0,1.0,223.83
TK002329,MAT0041,线缆,13.8,0.0,476.34
TK002331,MAT0003,机械零件,3.1,0.0,134.57
TK002331,MAT0030,机械零件,0.8,0.0,238.36
TK002332,MAT0009,线缆,19.8,0.0,374.77
TK002332,MAT0042,辅材,3.6,1.4,25.04
TK002332,MAT0020,电气元件,15.6,0.0,327.47
TK002334,MAT0018,机械零件,17.0,0.0,284.75
TK002334,MAT0007,机械零件,9.6,1.1,195.21
TK002335,MAT0040,电气元件,4.7,0.0,373.22
TK002336,MAT0023,工具,11.5,0.0,451.18
TK002336,MAT0030,机械零件,9.8,0.0,319.76
TK002336,MAT0032,电气元件,15.8,0.0,46.46
TK002336,MAT0031,工具,17.5,0.5,139.5
TK002336,MAT0019,机械零件,8.7,0.0,88.94
TK002337,MAT0033,工具,8.1,1.7,499.13
TK002337,MAT0020,工具,14.3,1.3,469.52
TK002337,MAT0001,机械零件,16.3,0.0,222.58
TK002337,MAT0023,线缆,8.3,0.0,395.5
TK002337,MAT0013,机械零件,7.0,0.0,405.6
TK002338,MAT0036,工具,16.7,0.0,262.54
TK002339,MAT0020,机械零件,18.4,0.0,336.1
TK002340,MAT0043,电气元件,5.5,0.7,340.2
TK002340,MAT0048,工具,15.2,0.0,182.24
TK002340,MAT0012,电气元件,3.9,0.0,325.75
TK002340,MAT0019,机械零件,17.6,1.5,481.86
TK002340,MAT0005,工具,2.6,0.0,456.99
TK002341,MAT0002,机械零件,9.3,1.3,84.68
TK002341,MAT0038,线缆,5.5,0.9,246.3
TK002341,MAT0024,线缆,0.8,0.0,262.45
TK002341,MAT0049,电气元件,12.2,0.0,440.26
TK002341,MAT0032,线缆,7.8,0.0,293.98
TK002342,MAT0011,工具,19.2,0.0,289.39
TK002342,MAT0037,辅材,6.8,0.0,253.71
TK002342,MAT0039,电气元件,17.5,0.0,444.31
TK002342,MAT0034,电气元件,13.5,0.0,247.28
TK002343,MAT0034,绝缘材料,5.4,0.0,435.43
TK002343,MAT0026,线缆,2.5,0.0,203.9
TK002343,MAT0041,绝缘材料,1.6,1.9,493.55
TK002344,MAT0009,工具,6.6,0.0,387.16
TK002344,MAT0002,辅材,10.9,0.8,92.09
TK002344,MAT0023,电气元件,14.9,0.0,397.52
TK002345,MAT0031,工具,19.7,1.6,303.08
TK002346,MAT0022,绝缘材料,19.7,0.0,330.52
TK002347,MAT0004,工具,2.5,0.0,375.03
TK002348,MAT0018,电气元件,9.0,0.0,402.54
TK002348,MAT0027,辅材,14.4,0.0,89.17
TK002348,MAT0013,辅材,10.1,0.0,428.67
TK002348,MAT0042,电气元件,10.5,1.2,140.7
TK002348,MAT0011,电气元件,6.8,0.0,108.02
TK002350,MAT0007,电气元件,16.8,0.0,470.41
TK002351,MAT0041,绝缘材料,3.1,0.6,45.0
TK002351,MAT0029,电气元件,7.2,0.0,41.24
TK002352,MAT0033,线缆,3.9,0.0,332.15
TK002352,MAT0003,工具,4.0,0.0,81.23
TK002352,MAT0015,工具,17.9,0.0,269.54
TK002352,MAT0006,绝缘材料,18.4,0.0,136.75
TK002352,MAT0020,线缆,15.6,0.0,259.08
TK002353,MAT0036,线缆,4.1,0.0,434.22
TK002354,MAT0035,电气元件,17.8,0.0,128.79
TK002355,MAT0035,绝缘材料,18.1,0.0,137.28
TK002356,MAT0002,工具,8.5,0.0,178.81
TK002356,MAT0044,线缆,10.9,0.0,259.13
TK002357,MAT0038,机械零件,19.6,0.0,59.29
TK002358,MAT0032,线缆,10.3,2.0,398.93
TK002358,MAT0020,机械零件,12.5,0.0,107.35
TK002358,MAT0012,绝缘材料,5.4,0.0,364.74
TK002359,MAT0027,机械零件,4.2,0.0,376.81
TK002359,MAT0009,绝缘材料,17.0,0.0,490.79
TK002359,MAT0024,线缆,19.6,0.0,69.75
TK002359,MAT0047,工具,4.2,0.0,482.86
TK002360,MAT0019,机械零件,6.3,0.0,75.35
TK002360,MAT0049,辅材,5.6,0.0,63.53
TK002361,MAT0009,绝缘材料,1.0,0.0,487.38
TK002361,MAT0032,机械零件,17.0,0.0,303.32
TK002361,MAT0005,电气元件,11.6,0.0,255.98
TK002362,MAT0018,工具,14.6,0.0,405.41
TK002362,MAT0015,机械零件,15.5,1.1,268.94
TK002362,MAT0041,工具,15.5,1.0,415.71
TK002362,MAT0021,机械零件,5.4,0.0,446.85
TK002364,MAT0009,线缆,7.2,0.0,26.39
TK002364,MAT0044,机械零件,13.0,0.0,300.25
TK002364,MAT0003,电气元件,19.7,0.0,407.42
TK002364,MAT0044,工具,19.2,1.3,488.11
TK002365,MAT0006,工具,15.6,0.0,224.24
TK002365,MAT0046,绝缘材料,8.9,0.0,478.96
TK002365,MAT0023,线缆,18.4,1.8,224.6
TK002365,MAT0031,辅材,13.8,0.0,179.01
TK002366,MAT0021,电气元件,13.9,0.0,477.33
TK002366,MAT0016,机械零件,10.9,0.0,209.45
TK002366,MAT0021,工具,2.1,0.0,405.46
TK002366,MAT0040,绝缘材料,9.7,0.0,385.29
TK002368,MAT0028,电气元件,17.9,0.0,396.76
TK002368,MAT0036,绝缘材料,6.6,0.0,22.38
TK002368,MAT0023,辅材,3.7,1.6,93.91
TK002368,MAT0031,机械零件,8.0,0.0,249.18
TK002370,MAT0007,工具,12.8,0.2,26.27
TK002370,MAT0028,工具,15.6,0.0,265.19
TK002370,MAT0035,工具,9.0,0.0,30.73
TK002371,MAT0027,绝缘材料,5.4,0.1,161.57
TK002372,MAT0011,电气元件,14.1,0.0,446.91
TK002373,MAT0015,机械零件,1.3,0.0,5.9
TK002373,MAT0016,机械零件,10.9,0.0,370.84
TK002374,MAT0050,机械零件,9.3,0.0,139.48
TK002374,MAT0043,工具,14.7,0.6,340.98
TK002374,MAT0039,线缆,13.2,0.0,45.29
TK002374,MAT0023,电气元件,16.3,0.5,379.59
TK002374,MAT0047,辅材,7.1,0.0,136.6
TK002375,MAT0046,工具,7.4,1.8,19.31
TK002376,MAT0045,电气元件,12.5,0.0,369.94
TK002376,MAT0030,辅材,19.4,0.0,347.95
TK002376,MAT0022,线缆,2.8,0.0,412.2
TK002376,MAT0012,工具,10.6,0.0,342.22
TK002378,MAT0016,线缆,7.1,0.0,420.57
TK002378,MAT0026,绝缘材料,10.9,1.5,216.8
TK002378,MAT0007,机械零件,12.7,0.0,430.67
TK002379,MAT0010,电气元件,7.9,0.0,69.18
TK002379,MAT0010,机械零件,3.8,0.9,72.86
TK002379,MAT0017,绝缘材料,19.7,0.0,131.99
TK002381,MAT0010,辅材,17.3,0.0,434.88
TK002382,MAT0044,辅材,2.9,0.0,333.0
TK002382,MAT0016,辅材,13.6,1.4,433.35
TK002382,MAT0020,电气元件,11.3,0.0,220.2
TK002382,MAT0027,辅材,0.7,0.0,399.49
TK002382,MAT0045,线缆,7.6,0.0,397.37
TK002383,MAT0020,电气元件,1.1,0.0,69.06
TK002383,MAT0045,电气元件,7.4,0.0,71.93
TK002383,MAT0043,工具,2.0,0.0,392.48
TK002383,MAT0009,工具,8.2,0.1,88.92
TK002384,MAT0007,辅材,15.6,0.0,137.83
TK002384,MAT0034,机械零件,6.4,1.0,76.19
TK002384,MAT0043,线缆,3.5,0.0,494.46
TK002386,MAT0020,线缆,3.0,0.0,222.67
TK002386,MAT0026,工具,4.1,0.0,111.52
TK002387,MAT0024,工具,11.8,0.0,55.59
TK002388,MAT0023,工具,6.1,0.0,303.37
TK002388,MAT0020,线缆,19.4,0.0,141.02
TK002388,MAT0044,工具,12.6,0.0,259.06
TK002388,MAT0017,电气元件,1.9,0.0,342.35
TK002388,MAT0020,绝缘材料,9.2,0.0,286.92
TK002389,MAT0017,辅材,7.3,0.0,479.07
TK002389,MAT0018,机械零件,16.7,2.0,245.56
TK002389,MAT0044,辅材,0.8,0.0,219.56
TK002389,MAT0020,辅材,7.8,0.0,40.61
TK002389,MAT0016,工具,18.7,0.0,455.0
TK002391,MAT0034,机械零件,10.6,0.0,350.83
TK002391,MAT0021,工具,2.7,1.0,93.38
TK002391,MAT0046,工具,15.1,0.0,471.22
TK002391,MAT0006,工具,4.0,0.4,357.85
TK002392,MAT0032,线缆,15.6,0.0,225.94
TK002392,MAT0025,机械零件,12.5,0.0,320.02
TK002392,MAT0030,工具,19.9,0.0,300.48
TK002392,MAT0042,电气元件,7.2,1.4,367.82
TK002392,MAT0022,辅材,3.1,0.0,327.55
TK002393,MAT0004,工具,15.6,0.0,65.92
TK002396,MAT0030,绝缘材料,12.9,0.0,345.63
TK002396,MAT0004,辅材,13.0,0.0,71.43
TK002397,MAT0011,绝缘材料,14.0,0.5,257.55
TK002397,MAT0050,电气元件,13.9,0.0,229.2
TK002399,MAT0015,工具,10.4,0.2,495.23
TK002400,MAT0004,机械零件,6.7,0.0,144.87
TK002400,MAT0027,绝缘材料,1.2,0.0,346.01
TK002400,MAT0007,绝缘材料,18.3,0.0,455.73
TK002401,MAT0041,绝缘材料,9.9,0.0,35.1
TK002401,MAT0014,绝缘材料,1.6,0.0,409.16
TK002401,MAT0021,绝缘材料,7.9,0.0,236.21
TK002402,MAT0001,辅材,10.3,0.0,425.13
TK002404,MAT0048,绝缘材料,10.7,0.0,450.07
TK002406,MAT0028,工具,10.0,1.4,124.2
TK002406,MAT0043,线缆,5.4,1.5,217.98
TK002406,MAT0027,机械零件,3.1,0.0,489.39
TK002406,MAT0040,机械零件,7.1,0.0,256.14
TK002406,MAT0028,电气元件,7.3,0.2,188.28
TK002407,MAT0027,辅材,9.4,0.0,335.57
TK002407,MAT0030,绝缘材料,18.1,0.8,267.5
TK002407,MAT0023,辅材,6.8,0.5,86.39
TK002407,MAT0028,辅材,9.8,1.1,491.52
TK002408,MAT0025,线缆,13.4,0.0,134.29
TK002408,MAT0030,绝缘材料,15.9,1.7,476.15
TK002408,MAT0033,线缆,8.0,0.0,125.77
TK002409,MAT0048,线缆,9.6,0.0,306.1
TK002409,MAT0026,工具,13.3,0.0,238.5
TK002410,MAT0019,工具,15.1,0.0,101.64
TK002410,MAT0009,电气元件,16.2,0.0,174.41
TK002411,MAT0001,工具,10.5,1.1,117.54
TK002411,MAT0013,辅材,9.4,0.0,488.38
TK002413,MAT0024,电气元件,6.6,0.0,316.45
TK002413,MAT0038,电气元件,18.1,0.0,428.48
TK002413,MAT0034,辅材,6.1,0.0,304.81
TK002413,MAT0046,机械零件,4.4,1.1,278.91
TK002414,MAT0020,机械零件,15.0,0.8,358.51
TK002414,MAT0020,绝缘材料,11.7,0.0,400.75
TK002414,MAT0006,辅材,3.1,0.0,465.21
TK002414,MAT0039,工具,19.2,0.2,138.19
TK002414,MAT0020,电气元件,5.7,0.5,100.07
TK002415,MAT0023,工具,5.6,0.0,409.47
TK002415,MAT0011,线缆,15.9,0.0,299.3
TK002415,MAT0048,电气元件,3.9,0.0,421.08
TK002417,MAT0001,绝缘材料,1.1,0.0,320.61
TK002417,MAT0016,电气元件,17.8,0.0,182.09
TK002417,MAT0006,工具,5.9,0.0,267.72
TK002417,MAT0025,电气元件,8.1,0.0,232.45
TK002418,MAT0002,电气元件,17.2,0.0,495.15
TK002418,MAT0036,机械零件,4.5,0.0,46.97
TK002418,MAT0028,电气元件,19.7,1.1,22.87
TK002418,MAT0013,绝缘材料,16.3,0.0,225.99
TK002418,MAT0023,线缆,19.5,0.0,492.72
TK002419,MAT0019,工具,12.1,0.0,215.89
TK002419,MAT0013,机械零件,4.4,0.0,212.09
TK002419,MAT0031,电气元件,18.8,0.0,183.95
TK002419,MAT0036,机械零件,3.4,0.0,77.52
TK002420,MAT0017,电气元件,6.4,1.5,169.52
TK002421,MAT0042,辅材,14.4,0.0,126.48
TK002422,MAT0032,电气元件,17.6,1.4,78.61
TK002422,MAT0005,机械零件,7.5,0.0,197.49
TK002422,MAT0049,线缆,16.4,0.4,58.55
TK002423,MAT0009,电气元件,9.5,0.0,318.96
TK002423,MAT0044,线缆,12.0,0.0,349.32
TK002423,MAT0012,绝缘材料,9.6,0.0,78.35
TK002425,MAT0010,工具,4.8,0.3,16.49
TK002425,MAT0039,辅材,10.7,0.6,406.3
TK002425,MAT0011,工具,12.8,0.0,413.04
TK002426,MAT0048,绝缘材料,15.3,0.0,389.76
TK002427,MAT0042,辅材,4.8,0.0,167.95
TK002428,MAT0021,辅材,2.7,0.0,428.04
TK002428,MAT0040,工具,8.8,0.0,111.9
TK002429,MAT0042,辅材,4.6,0.0,356.16
TK002429,MAT0022,辅材,0.8,0.0,148.43
TK002429,MAT0019,绝缘材料,5.6,0.0,241.17
TK002429,MAT0013,电气元件,13.1,0.0,330.54
TK002429,MAT0005,机械零件,7.3,0.0,322.68
TK002430,MAT0043,电气元件,5.8,0.0,250.37
TK002431,MAT0045,线缆,9.9,0.0,364.45
TK002432,MAT0022,工具,3.4,0.4,95.74
TK002432,MAT0040,线缆,9.0,1.0,220.88
TK002432,MAT0007,工具,17.5,0.0,182.46
TK002433,MAT0026,绝缘材料,2.2,0.0,488.93
TK002433,MAT0003,机械零件,16.9,0.0,74.27
TK002433,MAT0014,辅材,14.4,0.0,366.97
TK002433,MAT0039,绝缘材料,8.5,0.0,276.29
TK002433,MAT0028,机械零件,0.7,0.1,299.25
TK002434,MAT0007,工具,11.9,0.0,394.05
TK002434,MAT0032,绝缘材料,18.1,0.0,39.7
TK002435,MAT0029,机械零件,15.8,0.0,190.6
TK002435,MAT0029,辅材,3.0,1.0,475.53
TK002435,MAT0030,工具,4.0,0.0,141.62
TK002435,MAT0030,线缆,4.0,0.0,50.21
TK002435,MAT0023,电气元件,0.7,0.0,377.23
TK002436,MAT0014,工具,9.8,0.0,382.94
TK002436,MAT0047,辅材,11.0,0.0,174.08
TK002437,MAT0027,线缆,14.9,0.0,51.74
TK002437,MAT0045,绝缘材料,2.3,0.0,367.87
TK002437,MAT0043,机械零件,19.8,0.0,235.42
TK002439,MAT0013,线缆,17.4,0.0,33.35
TK002440,MAT0032,绝缘材料,1.8,1.6,150.32
TK002440,MAT0003,绝缘材料,5.3,0.0,206.95
TK002440,MAT0002,线缆,18.8,0.0,422.98
TK002440,MAT0023,辅材,3.9,0.0,365.14
TK002440,MAT0014,绝缘材料,9.8,0.9,429.37
TK002441,MAT0012,绝缘材料,2.2,0.0,346.41
TK002442,MAT0050,辅材,11.7,0.0,10.25
TK002445,MAT0005,绝缘材料,12.4,0.0,298.06
TK002447,MAT0029,工具,17.1,0.0,56.78
TK002448,MAT0020,机械零件,13.7,0.0,197.95
TK002448,MAT0001,工具,5.9,0.0,239.99
TK002448,MAT0039,机械零件,18.3,0.0,438.78
TK002448,MAT0049,工具,9.5,0.0,370.01
TK002449,MAT0020,机械零件,16.6,0.4,59.49
TK002451,MAT0022,电气元件,0.8,0.0,451.47
TK002451,MAT0041,电气元件,16.3,0.0,108.51
TK002451,MAT0044,绝缘材料,9.3,0.0,33.2
TK002451,MAT0001,绝缘材料,6.4,0.0,282.6
TK002451,MAT0036,工具,1.8,0.0,489.93
TK002453,MAT0048,工具,14.8,0.0,282.51
TK002453,MAT0025,电气元件,15.4,0.0,156.48
TK002454,MAT0038,线缆,4.0,0.0,98.08
TK002454,MAT0017,线缆,17.8,0.0,71.83
TK002454,MAT0025,工具,16.3,0.0,196.66
TK002454,MAT0027,线缆,12.8,0.1,327.07
TK002455,MAT0043,工具,18.4,1.7,301.52
TK002456,MAT0043,辅材,12.4,1.1,349.78
TK002456,MAT0006,辅材,7.5,0.0,425.42
TK002456,MAT0033,工具,1.9,0.0,493.11
TK002456,MAT0050,电气元件,12.8,0.0,333.64
TK002456,MAT0001,绝缘材料,8.0,0.0,406.88
TK002457,MAT0031,工具,10.1,1.0,99.95
TK002458,MAT0035,辅材,19.6,0.0,210.12
TK002458,MAT0009,绝缘材料,16.0,0.0,470.41
TK002458,MAT0036,工具,6.7,0.0,97.41
TK002460,MAT0009,线缆,13.2,0.2,374.09
TK002460,MAT0014,线缆,6.3,0.0,367.46
TK002461,MAT0017,工具,16.9,0.0,246.94
TK002461,MAT0041,绝缘材料,1.3,1.1,391.74
TK002461,MAT0028,工具,9.3,0.0,74.64
TK002462,MAT0044,工具,9.4,0.0,83.91
TK002463,MAT0040,电气元件,9.0,1.7,181.67
TK002463,MAT0007,线缆,17.7,0.0,477.22
TK002463,MAT0012,电气元件,8.1,0.0,220.09
TK002463,MAT0039,工具,15.2,0.5,460.56
TK002463,MAT0003,线缆,7.1,0.0,451.35
TK002464,MAT0002,电气元件,17.8,1.2,209.54
TK002464,MAT0018,电气元件,14.4,0.0,224.85
TK002464,MAT0028,工具,14.4,0.0,261.52
TK002464,MAT0036,工具,7.8,0.0,170.64
TK002465,MAT0034,工具,11.7,0.0,212.93
TK002465,MAT0023,电气元件,4.3,0.0,365.59
TK002466,MAT0034,线缆,15.7,0.0,399.77
TK002466,MAT0049,机械零件,14.8,0.0,61.44
TK002466,MAT0045,电气元件,5.1,0.0,410.34
TK002467,MAT0029,工具,10.1,0.0,145.68
TK002468,MAT0040,线缆,5.9,0.0,313.35
TK002468,MAT0041,辅材,4.7,1.9,239.41
TK002468,MAT0050,工具,7.1,0.0,169.77
TK002468,MAT0011,绝缘材料,13.6,0.0,408.21
TK002468,MAT0034,电气元件,13.2,0.0,127.21
TK002469,MAT0022,电气元件,1.6,0.0,311.89
TK002469,MAT0004,工具,3.4,0.0,60.99
TK002469,MAT0044,工具,19.5,0.0,210.14
TK002469,MAT0019,工具,7.0,0.0,432.03
TK002470,MAT0035,辅材,8.8,0.0,496.11
TK002471,MAT0031,辅材,14.2,0.0,491.46
TK002471,MAT0039,工具,13.1,0.0,407.13
TK002473,MAT0036,工具,11.0,0.0,419.35
TK002473,MAT0028,绝缘材料,15.8,0.0,43.01
TK002473,MAT0028,辅材,13.7,0.9,161.79
TK002473,MAT0026,绝缘材料,13.1,0.0,37.69
TK002474,MAT0027,线缆,17.9,2.0,160.76
TK002474,MAT0031,工具,6.2,1.0,118.32
TK002474,MAT0047,电气元件,9.4,1.2,288.76
TK002474,MAT0040,工具,15.5,0.0,73.74
TK002475,MAT0039,辅材,15.4,0.0,367.71
TK002475,MAT0002,工具,5.6,0.0,200.92
TK002475,MAT0028,电气元件,6.2,0.0,106.09
TK002475,MAT0020,机械零件,12.0,0.0,234.41
TK002475,MAT0027,线缆,1.3,0.0,189.67
TK002477,MAT0001,机械零件,19.9,0.0,156.59
TK002477,MAT0009,电气元件,15.8,0.0,472.2
TK002477,MAT0009,辅材,18.0,0.0,79.98
TK002477,MAT0015,电气元件,11.8,0.0,206.21
TK002478,MAT0020,机械零件,19.6,0.0,420.3
TK002478,MAT0002,机械零件,17.3,0.0,99.79
TK002478,MAT0004,辅材,14.5,0.0,18.34
TK002478,MAT0017,辅材,1.2,0.0,144.34
TK002479,MAT0040,电气元件,5.6,0.0,84.39
TK002479,MAT0045,辅材,13.8,0.0,97.58
TK002480,MAT0019,电气元件,15.8,0.0,28.03
TK002480,MAT0010,线缆,1.7,0.0,434.31
TK002481,MAT0031,机械零件,5.2,0.0,109.06
TK002481,MAT0028,线缆,14.2,1.0,29.32
TK002481,MAT0022,工具,8.4,0.0,292.01
TK002481,MAT0026,工具,7.4,1.8,420.38
TK002481,MAT0003,辅材,6.1,1.7,37.06
TK002482,MAT0038,辅材,16.8,0.8,141.32
TK002482,MAT0021,线缆,14.9,1.8,373.8
TK002482,MAT0040,机械零件,13.6,0.9,318.04
TK002483,MAT0017,工具,6.0,0.0,287.38
TK002483,MAT0004,电气元件,18.7,1.4,454.78
TK002483,MAT0006,机械零件,19.4,0.0,356.96
TK002484,MAT0039,工具,10.9,0.0,197.3
TK002484,MAT0050,机械零件,8.1,0.0,85.14
TK002485,MAT0014,辅材,3.5,0.0,461.95
TK002485,MAT0008,绝缘材料,3.9,0.0,175.02
TK002486,MAT0008,电气元件,13.3,0.0,126.38
TK002486,MAT0013,电气元件,11.9,1.8,322.93
TK002486,MAT0048,电气元件,19.3,0.0,80.69
TK002486,MAT0027,工具,16.9,0.0,154.13
TK002486,MAT0045,电气元件,7.7,0.3,88.02
TK002487,MAT0026,机械零件,9.8,0.0,213.19
TK002487,MAT0038,辅材,2.8,0.0,364.55
TK002489,MAT0046,辅材,17.9,1.7,226.71
TK002489,MAT0008,机械零件,18.4,0.0,489.37
TK002490,MAT0003,绝缘材料,11.6,0.0,257.17
TK002490,MAT0006,线缆,1.0,0.0,95.68
TK002490,MAT0017,工具,6.7,0.0,253.93
TK002490,MAT0027,辅材,5.4,0.0,482.79
TK002490,MAT0005,绝缘材料,19.4,0.0,247.72
TK002491,MAT0001,电气元件,14.4,0.3,338.83
TK002491,MAT0047,辅材,11.9,0.0,439.84
TK002492,MAT0048,机械零件,7.8,0.0,166.03
TK002492,MAT0043,线缆,6.7,0.0,488.27
TK002493,MAT0022,工具,11.3,0.5,341.08
TK002493,MAT0048,线缆,19.6,0.0,175.38
TK002493,MAT0035,电气元件,2.4,0.5,62.67
TK002495,MAT0002,电气元件,7.8,0.0,363.54
TK002496,MAT0030,机械零件,19.3,0.9,142.85
TK002496,MAT0034,机械零件,6.0,0.0,166.0
TK002496,MAT0044,机械零件,12.3,0.5,378.29
TK002496,MAT0025,绝缘材料,15.4,0.0,87.67
TK002497,MAT0021,辅材,4.1,0.0,80.28
TK002497,MAT0023,绝缘材料,18.0,0.0,58.98
TK002497,MAT0004,线缆,14.4,0.0,164.24
TK002499,MAT0024,工具,13.8,0.0,133.02
TK002499,MAT0035,辅材,10.8,0.0,396.76
TK002500,MAT0031,工具,12.7,0.0,338.87
TK002500,MAT0027,电气元件,18.9,0.0,414.98
TK002501,MAT0015,机械零件,6.0,0.0,382.06
TK002502,MAT0027,工具,15.3,1.0,360.62
TK002502,MAT0011,辅材,7.9,0.0,116.59
TK002502,MAT0039,机械零件,7.8,0.0,128.3
TK002502,MAT0040,电气元件,7.3,0.0,411.85
TK002503,MAT0008,线缆,19.3,0.0,291.32
TK002503,MAT0017,绝缘材料,3.7,1.5,278.36
TK002503,MAT0030,辅材,1.8,0.0,356.92
TK002503,MAT0018,线缆,10.2,0.0,437.6
TK002504,MAT0047,机械零件,14.9,0.0,281.3
TK002506,MAT0028,电气元件,10.5,0.0,245.11
TK002506,MAT0011,电气元件,3.0,0.0,206.67
TK002506,MAT0033,电气元件,19.3,1.3,172.64
TK002507,MAT0022,绝缘材料,9.8,0.5,422.3
TK002507,MAT0030,机械零件,13.7,0.0,416.33
TK002507,MAT0030,辅材,12.3,0.0,133.25
TK002507,MAT0048,绝缘材料,7.1,1.8,36.67
TK002508,MAT0019,辅材,9.0,0.0,374.54
TK002508,MAT0036,工具,9.8,1.0,310.55
TK002509,MAT0012,工具,13.4,0.0,436.1
TK002509,MAT0026,辅材,1.7,0.0,88.18
TK002509,MAT0038,工具,10.1,0.0,129.66
TK002509,MAT0037,辅材,5.2,0.0,434.02
TK002512,MAT0044,绝缘材料,18.9,0.0,11.45
TK002512,MAT0007,工具,1.0,0.0,355.05
TK002513,MAT0024,电气元件,16.6,0.0,293.44
TK002513,MAT0004,工具,10.4,0.0,123.42
TK002513,MAT0048,辅材,19.2,0.0,56.3
TK002513,MAT0043,电气元件,10.7,0.0,384.55
TK002513,MAT0050,工具,15.4,0.0,332.28
TK002514,MAT0049,电气元件,3.2,0.0,92.76
TK002514,MAT0040,线缆,17.8,0.0,483.58
TK002514,MAT0047,绝缘材料,13.2,0.8,335.79
TK002515,MAT0040,机械零件,11.5,0.0,431.21
TK002517,MAT0016,电气元件,10.6,0.5,436.24
TK002518,MAT0010,辅材,18.9,1.1,10.93
TK002518,MAT0034,辅材,7.2,0.0,311.87
TK002520,MAT0033,机械零件,16.9,0.0,322.41
TK002520,MAT0041,电气元件,4.7,0.9,9.22
TK002521,MAT0038,工具,2.2,0.0,26.44
TK002521,MAT0049,绝缘材料,18.9,0.0,427.53
TK002521,MAT0043,电气元件,8.5,0.0,195.54
TK002521,MAT0005,机械零件,4.7,1.1,63.3
TK002522,MAT0037,机械零件,10.6,1.2,454.63
TK002522,MAT0032,工具,2.5,0.0,398.84
TK002522,MAT0027,线缆,18.8,0.8,283.12
TK002522,MAT0050,电气元件,16.7,0.0,483.75
TK002523,MAT0029,线缆,0.8,1.3,443.56
TK002524,MAT0011,线缆,19.5,0.0,366.9
TK002524,MAT0016,线缆,2.3,0.0,178.63
TK002526,MAT0019,工具,15.8,0.0,167.08
TK002526,MAT0005,电气元件,18.4,0.0,28.02
TK002527,MAT0017,机械零件,17.2,0.0,333.96
TK002527,MAT0025,线缆,15.6,0.0,96.39
TK002527,MAT0034,电气元件,5.4,0.0,306.11
TK002527,MAT0003,工具,14.6,0.8,311.17
TK002527,MAT0047,线缆,17.9,0.0,246.72
TK002528,MAT0046,绝缘材料,6.1,0.2,402.22
TK002528,MAT0006,电气元件,7.1,0.0,229.39
TK002528,MAT0013,辅材,17.9,0.0,443.4
TK002529,MAT0025,机械零件,0.9,0.0,40.87
TK002530,MAT0015,辅材,0.6,0.0,62.2
TK002530,MAT0012,线缆,0.9,0.0,182.74
TK002530,MAT0021,工具,11.2,0.0,406.23
TK002530,MAT0003,机械零件,8.4,1.6,70.78
TK002531,MAT0041,电气元件,12.2,0.0,139.17
TK002531,MAT0018,线缆,2.0,2.0,369.85
TK002532,MAT0004,工具,12.9,0.0,81.59
TK002532,MAT0001,辅材,18.3,0.0,115.12
TK002532,MAT0049,电气元件,6.5,0.0,216.96
TK002532,MAT0050,线缆,12.4,0.0,109.58
TK002533,MAT0039,机械零件,18.4,0.0,451.7
TK002534,MAT0007,绝缘材料,19.6,0.0,161.82
TK002534,MAT0038,工具,3.0,0.0,177.56
TK002534,MAT0022,绝缘材料,19.8,0.0,204.82
TK002535,MAT0008,电气元件,3.5,0.0,473.27
TK002535,MAT0041,辅材,18.4,0.0,175.61
TK002535,MAT0002,电气元件,5.0,0.0,142.08
TK002535,MAT0013,线缆,0.5,0.0,347.38
TK002535,MAT0005,机械零件,2.1,1.7,279.54
TK002536,MAT0023,机械零件,12.8,0.0,427.55
TK002536,MAT0046,绝缘材料,19.6,0.8,489.23
TK002536,MAT0040,电气元件,11.4,0.0,439.43
TK002536,MAT0015,电气元件,18.3,0.0,64.24
TK002536,MAT0046,线缆,8.5,1.0,415.91
TK002537,MAT0039,绝缘材料,4.6,0.0,43.66
TK002537,MAT0003,辅材,16.5,1.5,113.13
TK002537,MAT0020,电气元件,2.8,0.0,169.39
TK002537,MAT0045,辅材,11.7,0.0,435.3
TK002537,MAT0024,绝缘材料,1.0,0.0,272.55
TK002538,MAT0021,工具,12.9,0.0,460.88
TK002538,MAT0025,电气元件,17.6,0.0,397.77
TK002538,MAT0038,辅材,16.8,0.0,97.72
TK002538,MAT0046,工具,12.7,0.0,37.43
TK002539,MAT0017,机械零件,9.1,0.0,402.24
TK002539,MAT0036,辅材,14.2,0.0,263.97
TK002539,MAT0043,工具,12.3,1.3,317.57
TK002539,MAT0018,电气元件,12.2,0.0,57.08
TK002539,MAT0049,绝缘材料,15.8,1.7,145.61
TK002541,MAT0004,电气元件,11.5,0.0,470.21
TK002541,MAT0016,工具,3.0,0.0,446.49
TK002543,MAT0030,绝缘材料,13.5,0.0,455.58
TK002544,MAT0050,机械零件,17.7,0.0,26.99
TK002544,MAT0034,线缆,5.7,0.0,417.91
TK002544,MAT0009,辅材,1.0,0.0,22.44
TK002545,MAT0050,机械零件,17.7,0.0,440.76
TK002546,MAT0023,电气元件,3.5,0.0,262.89
TK002546,MAT0028,工具,10.1,0.3,375.6
TK002546,MAT0004,辅材,12.0,0.0,322.57
TK002546,MAT0047,机械零件,10.0,0.0,50.64
TK002547,MAT0015,绝缘材料,2.8,0.0,409.81
TK002547,MAT0024,工具,17.9,0.0,58.73
TK002547,MAT0036,辅材,8.0,0.0,140.88
TK002548,MAT0025,电气元件,12.9,1.3,352.58
TK002549,MAT0050,机械零件,8.0,1.6,294.77
TK002549,MAT0009,工具,19.7,0.0,383.12
TK002549,MAT0014,电气元件,4.9,0.0,293.93
TK002549,MAT0007,辅材,17.8,0.0,460.93
TK002550,MAT0028,机械零件,2.3,0.0,83.7
TK002550,MAT0004,辅材,4.6,0.0,200.0
TK002551,MAT0050,线缆,12.6,0.0,188.06
TK002552,MAT0047,线缆,15.7,0.0,336.49
TK002552,MAT0033,绝缘材料,10.6,0.0,128.4
TK002552,MAT0034,工具,6.1,1.9,223.19
TK002552,MAT0044,辅材,9.3,0.0,432.48
TK002553,MAT0034,绝缘材料,10.9,0.0,82.37
TK002554,MAT0038,工具,14.0,0.0,154.15
TK002554,MAT0022,工具,10.4,0.5,422.88
TK002554,MAT0005,机械零件,19.0,0.0,279.96
TK002555,MAT0041,辅材,10.0,0.0,178.65
TK002557,MAT0047,工具,17.3,1.1,105.59
TK002557,MAT0004,线缆,13.0,0.0,322.17
TK002558,MAT0040,电气元件,4.6,0.0,63.89
TK002558,MAT0043,辅材,16.6,0.0,214.58
TK002558,MAT0047,绝缘材料,6.8,0.0,304.12
TK002558,MAT0025,线缆,5.0,0.0,473.7
TK002559,MAT0030,机械零件,14.9,0.0,145.15
TK002559,MAT0049,电气元件,5.1,0.0,275.19
TK002559,MAT0026,线缆,18.9,0.0,198.1
TK002559,MAT0017,绝缘材料,13.6,0.0,170.77
TK002560,MAT0024,辅材,10.7,0.0,421.23
TK002560,MAT0021,电气元件,7.0,0.0,21.84
TK002560,MAT0044,工具,5.0,0.0,62.8
TK002560,MAT0019,绝缘材料,9.6,0.0,357.69
TK002561,MAT0043,线缆,11.3,0.0,335.43
TK002561,MAT0023,工具,13.1,1.5,278.17
TK002561,MAT0041,辅材,4.3,1.2,131.47
TK002561,MAT0033,工具,3.4,0.0,314.41
TK002561,MAT0038,绝缘材料,4.4,0.0,294.29
TK002562,MAT0044,电气元件,16.5,1.8,431.57
TK002563,MAT0027,绝缘材料,2.7,0.0,367.01
TK002563,MAT0023,线缆,11.6,0.0,428.51
TK002564,MAT0040,工具,4.8,0.0,317.36
TK002564,MAT0043,辅材,10.8,0.0,99.58
TK002564,MAT0028,机械零件,1.9,0.0,279.56
TK002566,MAT0050,绝缘材料,2.5,1.5,13.0
TK002566,MAT0036,线缆,2.6,0.0,341.4
TK002567,MAT0039,辅材,6.3,0.0,457.18
TK002567,MAT0036,线缆,9.6,0.0,421.21
TK002567,MAT0009,电气元件,4.0,0.0,308.68
TK002567,MAT0021,工具,15.4,1.1,54.97
TK002569,MAT0025,线缆,11.4,0.6,244.36
TK002569,MAT0027,线缆,6.3,0.0,382.46
TK002569,MAT0018,线缆,7.4,0.0,81.55
TK002569,MAT0035,辅材,6.4,0.0,259.33
TK002570,MAT0016,绝缘材料,10.9,0.0,202.98
TK002572,MAT0011,机械零件,6.0,0.0,443.23
TK002572,MAT0003,工具,18.2,0.0,140.71
TK002573,MAT0008,辅材,17.8,0.0,167.74
TK002573,MAT0043,线缆,15.9,0.0,366.53
TK002573,MAT0027,工具,16.3,0.0,472.82
TK002573,MAT0046,电气元件,3.8,0.0,322.98
TK002574,MAT0041,绝缘材料,2.9,2.0,240.91
TK002574,MAT0001,绝缘材料,8.7,0.0,340.3
TK002574,MAT0002,线缆,7.1,0.0,10.08
TK002574,MAT0012,电气元件,19.2,0.9,409.26
TK002574,MAT0028,线缆,15.1,0.0,422.01
TK002575,MAT0050,线缆,6.3,0.0,422.95
TK002575,MAT0006,机械零件,11.1,0.0,209.24
TK002575,MAT0002,工具,15.8,0.0,167.12
TK002576,MAT0046,工具,16.9,0.0,466.53
TK002576,MAT0038,工具,9.9,0.9,257.29
TK002576,MAT0046,线缆,15.8,0.0,465.24
TK002577,MAT0002,电气元件,3.2,0.0,420.98
TK002577,MAT0040,线缆,17.4,0.0,283.46
TK002577,MAT0045,机械零件,9.7,0.0,349.84
TK002579,MAT0020,电气元件,5.8,0.0,144.65
TK002579,MAT0034,机械零件,16.3,1.4,349.37
TK002579,MAT0041,绝缘材料,1.2,0.5,316.87
TK002579,MAT0026,电气元件,6.3,0.0,180.68
TK002580,MAT0044,电气元件,7.3,0.0,163.32
TK002580,MAT0035,电气元件,16.7,0.0,231.51
TK002580,MAT0032,线缆,17.7,0.0,481.9
TK002581,MAT0013,机械零件,3.1,0.0,413.35
TK002581,MAT0010,绝缘材料,7.2,0.0,482.45
TK002581,MAT0025,线缆,19.5,0.0,299.81
TK002582,MAT0012,工具,7.7,0.0,366.37
TK002583,MAT0031,线缆,1.1,1.0,451.04
TK002584,MAT0027,机械零件,6.1,0.0,468.29
TK002584,MAT0047,辅材,1.8,0.0,304.02
TK002584,MAT0019,线缆,1.7,0.0,422.85
TK002584,MAT0007,辅材,18.4,0.0,210.62
TK002584,MAT0041,线缆,2.6,1.0,16.33
TK002585,MAT0005,工具,19.0,0.0,197.76
TK002585,MAT0025,绝缘材料,18.4,0.9,25.22
TK002586,MAT0038,线缆,16.8,0.0,188.18
TK002586,MAT0005,工具,19.9,0.0,450.47
TK002587,MAT0006,电气元件,14.1,0.0,109.64
TK002587,MAT0010,电气元件,12.1,1.9,335.73
TK002588,MAT0002,工具,15.6,0.0,327.54
TK002588,MAT0023,线缆,3.0,0.0,345.76
TK002588,MAT0035,线缆,5.9,0.0,375.15
TK002588,MAT0046,工具,16.3,0.0,486.4
TK002590,MAT0017,辅材,0.5,0.0,39.91
TK002590,MAT0030,线缆,9.3,0.0,403.61
TK002592,MAT0018,绝缘材料,10.0,0.0,409.51
TK002592,MAT0005,绝缘材料,12.3,0.0,381.56
TK002592,MAT0003,工具,13.5,1.1,222.23
TK002592,MAT0019,辅材,15.7,0.0,423.19
TK002592,MAT0019,电气元件,18.7,0.8,206.62
TK002593,MAT0021,电气元件,5.2,0.0,163.18
TK002593,MAT0039,机械零件,12.3,0.0,34.28
TK002593,MAT0045,绝缘材料,17.4,0.0,81.76
TK002593,MAT0046,线缆,13.0,0.0,416.37
TK002593,MAT0017,绝缘材料,14.7,1.3,269.57
TK002594,MAT0022,辅材,18.1,0.0,105.75
TK002594,MAT0038,电气元件,15.4,0.8,499.48
TK002594,MAT0038,绝缘材料,16.5,0.0,458.96
TK002594,MAT0040,辅材,15.5,1.5,391.26
TK002594,MAT0039,工具,8.9,0.0,308.6
TK002595,MAT0007,绝缘材料,12.2,0.0,32.46
TK002595,MAT0019,线缆,6.8,1.2,336.93
TK002595,MAT0043,绝缘材料,18.1,0.0,38.29
TK002595,MAT0018,工具,15.1,0.0,58.99
TK002596,MAT0031,机械零件,9.4,0.0,371.65
TK002596,MAT0002,电气元件,9.2,0.0,412.57
TK002597,MAT0044,线缆,19.3,0.0,439.15
TK002597,MAT0031,电气元件,10.5,0.0,438.4
TK002597,MAT0018,辅材,7.1,0.0,115.42
TK002597,MAT0040,工具,17.4,0.0,183.85
TK002597,MAT0045,机械零件,18.2,0.0,256.05
TK002598,MAT0026,电气元件,12.6,0.0,17.44
TK002598,MAT0041,辅材,16.7,0.0,49.94
TK002598,MAT0037,线缆,14.0,0.0,250.51
TK002598,MAT0010,辅材,11.3,0.0,400.32
TK002598,MAT0016,线缆,19.5,1.0,493.19
TK002599,MAT0034,工具,12.7,1.3,476.57
TK002600,MAT0035,绝缘材料,10.1,0.0,255.43
TK002600,MAT0050,电气元件,19.1,0.0,310.5
TK002600,MAT0023,机械零件,10.9,0.0,217.01
TK002601,MAT0003,辅材,13.4,0.0,55.39
TK002601,MAT0046,机械零件,17.6,0.0,25.23
TK002601,MAT0045,绝缘材料,7.8,0.3,226.42
TK002601,MAT0014,工具,14.0,0.0,134.6
TK002602,MAT0009,机械零件,5.2,0.6,64.58
TK002602,MAT0028,线缆,11.2,0.0,286.48
TK002603,MAT0033,绝缘材料,3.3,0.0,285.94
TK002603,MAT0026,绝缘材料,13.8,0.0,454.94
TK002603,MAT0024,电气元件,19.7,0.0,321.57
TK002604,MAT0040,机械零件,6.9,1.2,222.26
TK002606,MAT0016,辅材,6.6,0.0,352.87
TK002606,MAT0048,辅材,14.3,0.0,133.1
TK002606,MAT0036,辅材,6.6,0.0,368.87
TK002606,MAT0036,线缆,9.1,0.0,207.97
TK002608,MAT0008,线缆,19.3,0.0,373.96
TK002608,MAT0029,线缆,15.2,0.0,42.38
TK002608,MAT0018,机械零件,13.0,0.0,276.38
TK002609,MAT0043,辅材,15.2,0.0,276.58
TK002609,MAT0016,线缆,6.9,2.0,50.71
TK002609,MAT0028,工具,11.2,0.0,324.69
TK002610,MAT0031,机械零件,0.7,0.0,267.44
TK002611,MAT0039,辅材,2.7,0.0,421.86
TK002611,MAT0036,绝缘材料,17.9,0.7,146.06
TK002611,MAT0021,工具,7.8,0.3,167.62
TK002611,MAT0015,工具,3.7,0.6,431.6
TK002611,MAT0034,线缆,1.7,0.9,370.61
TK002612,MAT0033,机械零件,12.5,1.2,22.01
TK002612,MAT0041,机械零件,6.9,0.0,466.46
TK002613,MAT0020,电气元件,2.7,0.0,58.44
TK002613,MAT0010,线缆,16.0,0.0,28.99
TK002613,MAT0007,工具,8.2,0.8,330.01
TK002613,MAT0020,机械零件,4.9,0.8,217.04
TK002613,MAT0019,线缆,7.5,0.6,434.9
TK002614,MAT0030,辅材,13.7,0.0,489.56
TK002615,MAT0026,辅材,19.1,0.0,234.41
TK002615,MAT0038,辅材,18.4,0.0,411.47
TK002615,MAT0029,线缆,9.5,0.0,45.32
TK002615,MAT0033,线缆,11.7,1.1,153.32
TK002617,MAT0021,电气元件,19.9,1.6,30.13
TK002617,MAT0018,辅材,6.5,0.0,453.41
TK002620,MAT0022,电气元件,4.0,0.0,68.22
TK002620,MAT0032,机械零件,6.8,0.0,10.01
TK002621,MAT0035,工具,9.0,0.0,439.52
TK002622,MAT0006,辅材,17.8,0.0,93.41
TK002623,MAT0048,绝缘材料,17.1,0.0,407.09
TK002623,MAT0043,绝缘材料,3.6,0.0,247.3
TK002624,MAT0049,线缆,2.3,0.0,422.48
TK002624,MAT0036,线缆,19.1,0.0,290.77
TK002624,MAT0015,绝缘材料,2.6,0.0,400.38
TK002624,MAT0033,工具,7.6,0.0,40.08
TK002624,MAT0027,工具,15.3,1.1,389.04
TK002625,MAT0048,工具,2.9,0.0,363.42
TK002625,MAT0017,工具,8.7,0.0,309.53
TK002625,MAT0043,机械零件,1.9,0.0,448.71
TK002625,MAT0039,电气元件,7.4,0.0,379.32
TK002626,MAT0045,线缆,9.7,0.0,410.73
TK002627,MAT0025,电气元件,19.3,0.0,93.56
TK002627,MAT0039,机械零件,11.8,0.0,309.15
TK002629,MAT0012,线缆,1.2,0.0,106.6
TK002629,MAT0016,工具,11.5,0.0,425.85
TK002630,MAT0004,电气元件,3.9,0.1,261.21
TK002630,MAT0010,绝缘材料,13.2,0.0,37.8
TK002630,MAT0036,机械零件,2.5,0.0,34.28
TK002630,MAT0027,绝缘材料,16.9,1.1,438.9
TK002631,MAT0014,辅材,9.3,0.0,393.61
TK002631,MAT0024,机械零件,18.6,0.0,158.08
TK002631,MAT0033,绝缘材料,5.7,0.0,294.94
TK002631,MAT0032,机械零件,8.4,0.0,192.57
TK002632,MAT0019,辅材,8.0,0.0,408.08
TK002633,MAT0025,绝缘材料,14.2,0.0,228.42
TK002633,MAT0012,机械零件,14.5,0.0,361.87
TK002633,MAT0024,电气元件,2.1,0.2,70.79
TK002634,MAT0038,辅材,1.1,0.0,296.13
TK002635,MAT0044,绝缘材料,12.9,0.0,319.46
TK002636,MAT0007,辅材,4.2,0.0,289.9
TK002636,MAT0039,电气元件,4.5,0.0,380.2
TK002637,MAT0006,工具,16.4,0.0,489.64
TK002637,MAT0028,电气元件,3.1,0.0,230.46
TK002638,MAT0005,线缆,13.7,0.0,24.68
TK002638,MAT0032,辅材,5.8,0.4,179.06
TK002638,MAT0039,辅材,18.6,0.0,31.32
TK002639,MAT0022,辅材,7.4,0.0,301.43
TK002639,MAT0036,电气元件,20.0,0.1,94.93
TK002639,MAT0049,线缆,6.2,0.0,457.0
TK002639,MAT0019,电气元件,13.4,0.0,71.4
TK002640,MAT0022,绝缘材料,17.8,1.9,280.64
TK002641,MAT0048,绝缘材料,11.1,1.7,379.98
TK002641,MAT0010,机械零件,9.1,0.0,215.72
TK002643,MAT0049,机械零件,3.8,0.0,184.66
TK002643,MAT0014,辅材,14.2,0.0,437.86
TK002644,MAT0002,工具,0.5,0.0,412.16
TK002644,MAT0045,机械零件,16.5,0.0,327.96
TK002646,MAT0031,辅材,15.1,0.0,19.87
TK002646,MAT0002,机械零件,2.5,0.5,162.79
TK002646,MAT0037,工具,14.4,0.0,260.22
TK002646,MAT0013,辅材,3.8,0.0,201.64
TK002646,MAT0042,工具,9.0,0.0,62.14
TK002647,MAT0022,辅材,14.4,0.0,408.17
TK002648,MAT0044,绝缘材料,13.2,0.0,61.23
TK002648,MAT0037,辅材,0.6,0.1,304.89
TK002649,MAT0005,辅材,13.4,0.0,327.19
TK002649,MAT0018,电气元件,7.4,0.0,409.76
TK002649,MAT0027,机械零件,14.7,0.0,251.52
TK002649,MAT0029,绝缘材料,10.4,0.0,330.57
TK002649,MAT0035,辅材,11.4,0.0,52.74
TK002650,MAT0010,电气元件,3.5,0.0,416.47
TK002650,MAT0009,辅材,15.1,0.0,55.01
TK002651,MAT0027,机械零件,13.6,0.0,12.59
TK002653,MAT0027,工具,9.0,0.0,455.0
TK002654,MAT0019,绝缘材料,9.9,0.0,462.0
TK002654,MAT0007,工具,3.1,1.4,292.89
TK002654,MAT0013,电气元件,12.6,0.0,79.24
TK002654,MAT0032,机械零件,5.8,0.0,339.29
TK002655,MAT0010,电气元件,6.6,0.0,320.71
TK002655,MAT0009,机械零件,19.2,0.0,283.57
TK002655,MAT0011,线缆,2.8,0.0,484.2
TK002655,MAT0044,电气元件,2.8,0.8,472.35
TK002655,MAT0035,工具,5.1,0.0,185.57
TK002656,MAT0002,电气元件,15.8,1.0,400.25
TK002656,MAT0036,辅材,2.0,0.0,112.93
TK002656,MAT0020,绝缘材料,13.4,0.0,22.53
TK002657,MAT0027,绝缘材料,0.9,0.0,448.48
TK002657,MAT0019,线缆,19.7,0.0,25.71
TK002658,MAT0035,机械零件,13.5,0.0,12.81
TK002658,MAT0043,线缆,0.5,1.4,245.05
TK002658,MAT0015,线缆,1.6,0.0,349.41
TK002659,MAT0012,机械零件,7.8,0.6,452.22
TK002659,MAT0002,机械零件,10.1,0.6,490.5
TK002659,MAT0032,线缆,5.4,0.0,343.34
TK002660,MAT0032,辅材,10.9,1.7,106.55
TK002660,MAT0042,辅材,10.3,0.0,131.39
TK002660,MAT0045,辅材,19.6,0.0,332.92
TK002661,MAT0020,线缆,8.5,1.8,84.19
TK002662,MAT0029,绝缘材料,13.8,0.0,284.85
TK002664,MAT0029,线缆,1.0,0.0,6.88
TK002664,MAT0013,电气元件,1.7,0.0,65.78
TK002664,MAT0009,绝缘材料,18.3,0.0,440.44
TK002665,MAT0007,绝缘材料,11.6,0.0,433.1
TK002665,MAT0003,辅材,10.4,0.0,236.54
TK002665,MAT0009,辅材,18.3,0.0,182.64
TK002666,MAT0022,绝缘材料,10.0,0.0,409.11
TK002667,MAT0037,机械零件,6.7,0.0,118.57
TK002667,MAT0024,电气元件,17.4,0.0,123.77
TK002667,MAT0007,绝缘材料,6.9,1.5,436.78
TK002667,MAT0002,辅材,9.8,0.3,449.45
TK002667,MAT0004,线缆,3.8,0.0,341.32
TK002668,MAT0017,线缆,16.0,0.0,302.61
TK002668,MAT0009,线缆,3.8,0.0,448.1
TK002668,MAT0040,机械零件,14.2,0.0,186.03
TK002668,MAT0014,线缆,0.7,0.0,35.74
TK002669,MAT0030,绝缘材料,17.1,0.0,354.94
TK002669,MAT0038,工具,8.1,0.0,272.54
TK002669,MAT0008,机械零件,10.7,0.0,286.2
TK002669,MAT0049,电气元件,15.5,0.0,462.46
TK002669,MAT0040,线缆,10.2,0.8,306.35
TK002671,MAT0021,工具,8.4,0.0,242.78
TK002672,MAT0024,绝缘材料,10.3,0.0,132.24
TK002672,MAT0009,电气元件,15.9,0.0,326.89
TK002672,MAT0034,工具,5.3,1.8,349.11
TK002672,MAT0025,工具,1.7,0.1,53.64
TK002672,MAT0038,机械零件,3.3,0.0,362.26
TK002673,MAT0021,机械零件,9.3,0.0,29.43
TK002673,MAT0043,工具,16.2,0.0,490.64
TK002674,MAT0024,电气元件,12.9,0.0,344.81
TK002674,MAT0047,辅材,11.7,0.0,37.76
TK002674,MAT0003,电气元件,14.2,0.0,255.96
TK002674,MAT0010,机械零件,6.4,0.0,296.62
TK002675,MAT0045,线缆,16.7,0.0,41.88
TK002675,MAT0002,电气元件,19.6,0.0,9.56
TK002675,MAT0033,电气元件,11.4,0.0,289.51
TK002675,MAT0045,线缆,7.5,0.0,417.24
TK002676,MAT0017,辅材,13.1,0.0,53.3
TK002676,MAT0026,电气元件,16.5,0.0,273.28
TK002676,MAT0040,绝缘材料,5.8,0.0,122.01
TK002676,MAT0048,辅材,19.0,0.0,157.27
TK002676,MAT0006,工具,19.2,0.0,424.32
TK002677,MAT0023,工具,14.3,0.0,11.04
TK002677,MAT0023,电气元件,3.6,0.6,45.29
TK002677,MAT0046,绝缘材料,15.7,0.0,84.75
TK002677,MAT0011,工具,6.5,0.0,159.94
TK002677,MAT0041,线缆,2.9,0.0,79.44
TK002678,MAT0016,绝缘材料,1.4,1.0,35.52
TK002679,MAT0041,电气元件,6.4,0.0,407.43
TK002679,MAT0017,工具,4.8,0.9,22.56
TK002680,MAT0015,电气元件,10.3,0.0,90.59
TK002680,MAT0031,辅材,0.5,0.0,439.5
TK002680,MAT0036,线缆,9.4,1.3,71.91
TK002680,MAT0023,电气元件,12.5,0.0,186.58
TK002680,MAT0010,辅材,7.4,1.8,83.35
TK002681,MAT0014,绝缘材料,4.1,1.2,431.04
TK002681,MAT0034,绝缘材料,1.3,0.0,80.08
TK002681,MAT0009,线缆,7.3,0.0,28.82
TK002681,MAT0006,辅材,18.3,0.0,96.1
TK002681,MAT0042,线缆,17.9,0.0,306.98
TK002682,MAT0001,电气元件,9.1,0.0,158.38
TK002682,MAT0017,电气元件,10.8,0.0,239.57
TK002683,MAT0022,绝缘材料,4.4,0.0,201.84
TK002683,MAT0010,电气元件,4.2,1.8,226.51
TK002683,MAT0041,电气元件,7.3,0.0,311.61
TK002683,MAT0026,电气元件,16.6,0.0,83.06
TK002684,MAT0019,电气元件,18.4,0.0,464.44
TK002684,MAT0045,工具,3.2,0.0,303.06
TK002685,MAT0001,辅材,15.0,1.8,323.02
TK002685,MAT0011,绝缘材料,4.0,0.0,159.27
TK002685,MAT0015,电气元件,15.9,0.0,305.34
TK002685,MAT0045,辅材,12.8,0.0,385.6
TK002685,MAT0017,机械零件,6.7,1.6,316.2
TK002686,MAT0042,机械零件,18.4,0.0,253.41
TK002686,MAT0034,机械零件,4.5,0.0,103.55
TK002686,MAT0020,绝缘材料,2.8,0.0,91.93
TK002686,MAT0003,工具,8.8,0.7,49.14
TK002688,MAT0007,辅材,6.1,1.9,55.39
TK002688,MAT0049,工具,17.9,0.0,324.71
TK002688,MAT0027,绝缘材料,15.2,1.9,337.07
TK002688,MAT0020,线缆,6.3,0.0,437.14
TK002688,MAT0005,电气元件,3.6,0.0,322.95
TK002690,MAT0043,机械零件,17.5,0.0,58.08
TK002690,MAT0042,机械零件,16.4,0.0,357.6
TK002690,MAT0003,辅材,20.0,0.0,489.98
TK002691,MAT0008,工具,8.9,0.0,236.76
TK002691,MAT0026,电气元件,5.2,1.1,94.49
TK002691,MAT0008,电气元件,17.7,0.0,216.73
TK002691,MAT0039,绝缘材料,19.9,0.8,104.26
TK002692,MAT0050,电气元件,3.0,0.0,383.35
TK002692,MAT0032,辅材,11.7,1.5,414.12
TK002694,MAT0035,机械零件,5.5,0.0,384.95
TK002695,MAT0023,机械零件,2.1,0.0,218.72
TK002695,MAT0049,辅材,1.4,0.0,415.07
TK002695,MAT0010,绝缘材料,18.5,0.0,368.51
TK002695,MAT0014,电气元件,5.6,0.0,294.24
TK002695,MAT0027,机械零件,5.3,0.0,56.67
TK002697,MAT0042,绝缘材料,7.2,0.0,152.06
TK002699,MAT0010,辅材,5.2,0.0,279.83
TK002699,MAT0048,线缆,17.2,0.9,471.06
TK002699,MAT0002,辅材,11.0,0.0,423.73
TK002699,MAT0025,工具,8.3,0.0,466.04
TK002699,MAT0034,辅材,1.3,0.0,80.41
TK002700,MAT0049,工具,9.3,1.4,203.6
TK002700,MAT0047,工具,16.3,0.0,272.78
TK002700,MAT0009,电气元件,8.1,0.0,215.39
TK002701,MAT0021,机械零件,1.4,0.9,317.24
TK002702,MAT0004,电气元件,6.0,0.0,160.59
TK002702,MAT0037,绝缘材料,13.2,1.5,232.13
TK002702,MAT0025,工具,1.1,0.0,418.13
TK002702,MAT0029,绝缘材料,6.3,0.0,406.67
TK002703,MAT0037,工具,15.9,0.0,218.68
TK002703,MAT0049,工具,16.6,0.0,410.88
TK002703,MAT0025,绝缘材料,3.0,0.0,138.65
TK002703,MAT0044,绝缘材料,0.8,0.0,312.66
TK002703,MAT0005,机械零件,11.4,0.0,366.97
TK002704,MAT0001,辅材,8.8,0.0,266.17
TK002704,MAT0026,机械零件,11.8,0.0,362.89
TK002704,MAT0044,辅材,15.1,0.0,385.72
TK002705,MAT0013,绝缘材料,15.3,0.0,278.26
TK002705,MAT0008,辅材,9.9,0.0,42.54
TK002705,MAT0010,机械零件,9.1,0.5,383.54
TK002705,MAT0048,电气元件,14.4,0.0,392.24
TK002705,MAT0004,绝缘材料,0.9,0.0,392.72
TK002706,MAT0038,线缆,7.9,0.0,16.46
TK002707,MAT0006,辅材,14.3,0.0,484.03
TK002707,MAT0032,电气元件,7.1,1.6,196.64
TK002708,MAT0023,电气元件,5.4,0.0,103.44
TK002708,MAT0027,机械零件,3.1,0.0,71.16
TK002708,MAT0024,辅材,12.6,0.0,423.73
TK002708,MAT0039,机械零件,8.2,0.0,130.87
TK002708,MAT0002,工具,18.3,0.0,406.35
TK002709,MAT0033,机械零件,10.3,0.0,350.93
TK002709,MAT0029,机械零件,14.1,0.0,434.7
TK002709,MAT0015,机械零件,2.6,1.3,348.65
TK002709,MAT0003,绝缘材料,7.3,0.0,307.82
TK002710,MAT0022,电气元件,0.6,0.0,51.03
TK002710,MAT0022,辅材,4.0,0.0,101.59
TK002711,MAT0013,绝缘材料,5.6,0.0,16.17
TK002711,MAT0026,机械零件,5.9,0.0,346.64
TK002711,MAT0048,工具,1.0,0.0,107.46
TK002712,MAT0010,电气元件,3.8,0.0,405.93
TK002712,MAT0018,线缆,9.8,1.2,275.36
TK002713,MAT0013,绝缘材料,14.1,0.0,468.59
TK002713,MAT0045,线缆,13.0,0.0,42.35
TK002713,MAT0030,机械零件,13.9,0.0,335.87
TK002713,MAT0007,辅材,1.6,1.6,50.63
TK002713,MAT0019,工具,6.4,0.0,398.4
TK002714,MAT0028,辅材,2.4,1.6,138.6
TK002714,MAT0036,工具,19.0,0.0,104.46
TK002714,MAT0008,机械零件,18.0,0.0,41.43
TK002714,MAT0017,线缆,6.1,0.1,61.1
TK002714,MAT0030,线缆,7.5,0.9,326.39
TK002715,MAT0032,机械零件,6.2,0.0,323.57
TK002715,MAT0012,线缆,10.1,1.9,389.07
TK002715,MAT0005,工具,2.5,0.7,6.81
TK002716,MAT0024,绝缘材料,13.0,0.0,143.46
TK002716,MAT0024,线缆,1.0,0.0,43.02
TK002717,MAT0013,工具,13.7,0.0,364.57
TK002717,MAT0002,工具,13.7,0.0,386.57
TK002718,MAT0010,辅材,8.2,0.0,159.51
TK002718,MAT0046,线缆,2.2,0.0,429.23
TK002719,MAT0034,绝缘材料,12.1,0.0,290.32
TK002719,MAT0036,线缆,5.2,0.0,189.17
TK002719,MAT0041,工具,0.8,0.0,365.5
TK002719,MAT0001,工具,17.4,0.0,449.61
TK002719,MAT0001,线缆,16.0,0.0,180.97
TK002720,MAT0009,绝缘材料,8.5,0.0,68.24
TK002720,MAT0042,机械零件,12.1,0.0,16.4
TK002720,MAT0009,电气元件,7.4,0.0,215.5
TK002721,MAT0042,辅材,19.2,0.0,119.09
TK002721,MAT0039,工具,1.1,0.0,439.09
TK002721,MAT0002,工具,6.4,0.0,85.63
TK002721,MAT0003,电气元件,3.9,0.0,296.01
TK002721,MAT0026,辅材,0.7,1.2,281.41
TK002724,MAT0020,线缆,1.6,1.5,472.1
TK002724,MAT0004,电气元件,8.8,0.0,89.1
TK002724,MAT0043,线缆,19.6,0.0,460.62
TK002724,MAT0024,线缆,4.0,0.0,28.13
TK002726,MAT0039,电气元件,8.0,0.4,430.22
TK002726,MAT0025,电气元件,18.2,0.0,102.52
TK002727,MAT0045,机械零件,4.4,0.0,162.45
TK002727,MAT0012,工具,4.7,0.0,297.0
TK002727,MAT0020,辅材,6.3,0.0,125.07
TK002727,MAT0009,机械零件,3.8,0.0,192.73
TK002728,MAT0018,机械零件,13.6,0.0,395.67
TK002728,MAT0030,机械零件,16.3,0.0,468.58
TK002728,MAT0025,绝缘材料,11.4,1.2,29.6
TK002728,MAT0015,绝缘材料,14.4,0.0,350.8
TK002729,MAT0030,工具,19.9,0.0,446.83
TK002729,MAT0004,机械零件,14.8,0.0,268.22
TK002729,MAT0012,工具,2.4,0.0,388.94
TK002730,MAT0019,辅材,7.9,0.0,388.32
TK002730,MAT0042,机械零件,5.2,0.0,306.38
TK002730,MAT0043,机械零件,13.1,0.0,471.89
TK002730,MAT0004,电气元件,11.4,0.0,420.38
TK002730,MAT0029,线缆,4.0,0.0,408.0
TK002733,MAT0032,机械零件,16.0,0.8,490.64
TK002733,MAT0040,机械零件,3.6,0.0,363.14
TK002733,MAT0014,机械零件,12.0,0.0,400.29
TK002733,MAT0014,绝缘材料,15.2,0.0,106.69
TK002733,MAT0021,机械零件,11.6,0.0,419.09
TK002736,MAT0001,机械零件,10.0,1.1,319.81
TK002737,MAT0010,线缆,15.3,0.0,181.64
TK002737,MAT0002,工具,9.7,0.0,363.98
TK002737,MAT0022,辅材,3.4,0.0,154.19
TK002738,MAT0013,线缆,12.2,0.0,382.24
TK002738,MAT0041,电气元件,3.4,0.0,216.24
TK002738,MAT0032,工具,5.3,0.0,337.95
TK002740,MAT0044,工具,6.9,0.0,97.97
TK002741,MAT0012,线缆,1.8,1.5,294.28
TK002741,MAT0048,线缆,1.0,0.0,496.88
TK002741,MAT0027,绝缘材料,11.0,0.0,304.12
TK002741,MAT0035,电气元件,14.2,0.0,470.02
TK002742,MAT0034,辅材,19.4,0.0,240.94
TK002742,MAT0048,工具,14.5,0.0,46.05
TK002743,MAT0016,绝缘材料,10.3,0.0,408.85
TK002744,MAT0046,绝缘材料,13.8,0.0,114.6
TK002744,MAT0049,工具,4.1,1.0,195.82
TK002744,MAT0044,辅材,17.7,0.0,41.5
TK002744,MAT0011,绝缘材料,16.0,0.0,136.24
TK002745,MAT0010,机械零件,17.6,0.0,374.7
TK002745,MAT0030,辅材,1.2,0.0,404.18
TK002745,MAT0002,辅材,17.2,0.4,403.72
TK002745,MAT0017,机械零件,4.9,1.6,305.92
TK002746,MAT0029,绝缘材料,8.4,0.0,199.08
TK002746,MAT0037,线缆,1.7,0.0,158.2
TK002746,MAT0008,辅材,14.0,0.0,333.32
TK002746,MAT0011,辅材,6.1,0.0,52.13
TK002746,MAT0008,辅材,1.4,0.0,169.07
TK002747,MAT0032,辅材,16.2,0.0,407.99
TK002748,MAT0004,机械零件,1.3,0.0,56.18
TK002748,MAT0022,线缆,10.4,0.0,129.65
TK002749,MAT0008,机械零件,7.0,0.0,312.61
TK002749,MAT0020,绝缘材料,11.7,0.0,218.09
TK002749,MAT0041,线缆,1.8,0.0,388.4
TK002750,MAT0036,工具,12.8,0.0,292.61
TK002751,MAT0031,线缆,12.1,0.0,325.1
TK002751,MAT0023,绝缘材料,6.5,0.0,221.45
TK002751,MAT0006,辅材,12.2,0.0,264.3
TK002751,MAT0041,绝缘材料,13.9,1.4,54.96
TK002752,MAT0045,线缆,8.2,0.0,425.92
TK002752,MAT0023,线缆,14.7,0.8,40.33
TK002752,MAT0010,绝缘材料,9.4,0.0,212.85
TK002753,MAT0035,工具,18.7,1.5,95.36
TK002753,MAT0022,机械零件,7.6,0.0,439.7
TK002753,MAT0037,绝缘材料,15.8,0.0,431.33
TK002753,MAT0035,线缆,17.6,0.0,229.05
TK002753,MAT0016,工具,10.0,0.0,284.69
TK002756,MAT0023,机械零件,14.9,1.3,321.8
TK002756,MAT0006,机械零件,8.7,0.0,390.97
TK002756,MAT0004,工具,4.5,0.0,318.84
TK002756,MAT0028,绝缘材料,16.8,0.0,359.18
TK002756,MAT0010,辅材,3.0,0.0,22.05
TK002757,MAT0030,工具,13.8,0.0,124.23
TK002758,MAT0016,线缆,6.2,0.0,20.24
TK002758,MAT0021,线缆,16.8,0.0,345.32
TK002758,MAT0038,机械零件,10.2,0.0,56.54
TK002760,MAT0040,电气元件,2.1,0.0,266.5
TK002760,MAT0043,工具,7.4,0.0,72.22
TK002760,MAT0025,绝缘材料,5.3,0.0,425.21
TK002760,MAT0016,工具,9.2,0.3,429.85
TK002760,MAT0007,线缆,1.6,0.0,102.23
TK002761,MAT0015,机械零件,4.2,1.8,97.56
TK002761,MAT0009,工具,6.0,1.5,77.1
TK002761,MAT0018,绝缘材料,7.0,0.0,435.01
TK002762,MAT0014,工具,12.1,0.0,418.47
TK002762,MAT0039,电气元件,5.2,0.0,85.27
TK002762,MAT0045,线缆,2.7,1.8,276.31
TK002762,MAT0050,线缆,7.8,0.0,12.23
TK002764,MAT0032,线缆,14.2,0.0,434.63
TK002764,MAT0023,线缆,1.5,0.0,485.66
TK002764,MAT0027,辅材,12.8,0.0,261.85
TK002765,MAT0009,机械零件,9.8,0.0,249.26
TK002766,MAT0015,工具,17.7,0.0,52.91
TK002766,MAT0022,辅材,0.5,0.0,40.24
TK002766,MAT0032,工具,4.9,0.0,346.25
TK002767,MAT0003,机械零件,7.7,0.0,409.46
TK002767,MAT0046,辅材,1.4,1.6,311.94
TK002767,MAT0016,工具,7.2,0.0,228.63
TK002767,MAT0033,绝缘材料,15.7,0.0,116.46
TK002768,MAT0012,机械零件,4.5,0.0,128.6
TK002768,MAT0008,工具,5.7,0.0,452.49
TK002768,MAT0013,线缆,12.0,0.9,330.65
TK002768,MAT0042,线缆,15.1,0.0,395.21
TK002768,MAT0018,绝缘材料,15.9,1.5,379.75
TK002769,MAT0018,绝缘材料,3.1,0.0,425.57
TK002769,MAT0030,线缆,6.8,0.0,479.47
TK002769,MAT0014,机械零件,8.5,0.0,403.91
TK002769,MAT0005,电气元件,8.4,0.0,413.33
TK002771,MAT0045,电气元件,16.3,0.0,84.3
TK002771,MAT0044,辅材,17.1,0.0,87.33
TK002771,MAT0021,电气元件,4.1,0.3,71.59
TK002772,MAT0026,辅材,17.8,0.0,308.09
TK002772,MAT0008,工具,7.5,0.0,28.37
TK002772,MAT0021,辅材,7.5,0.0,145.72
TK002773,MAT0046,电气元件,2.6,0.0,47.82
TK002773,MAT0020,辅材,3.0,0.0,424.55
TK002774,MAT0022,电气元件,14.2,0.0,109.46
TK002775,MAT0032,辅材,16.5,0.5,152.6
TK002775,MAT0017,绝缘材料,10.2,0.0,122.05
TK002775,MAT0004,辅材,9.2,1.6,383.29
TK002775,MAT0008,绝缘材料,15.0,0.0,472.11
TK002775,MAT0014,线缆,15.4,0.3,257.6
TK002776,MAT0015,线缆,4.0,0.0,101.74
TK002776,MAT0002,辅材,9.9,0.0,430.52
TK002776,MAT0038,机械零件,9.7,1.8,240.75
TK002776,MAT0043,辅材,9.1,0.0,465.56
TK002776,MAT0041,电气元件,1.5,0.0,329.41
TK002778,MAT0047,线缆,4.7,1.8,429.39
TK002778,MAT0019,工具,14.9,0.0,79.2
TK002778,MAT0021,电气元件,12.7,0.0,387.2
TK002778,MAT0045,机械零件,6.8,0.0,456.65
TK002779,MAT0031,线缆,13.3,0.0,478.44
TK002779,MAT0019,线缆,8.3,0.0,217.35
TK002779,MAT0004,工具,16.1,0.0,156.43
TK002779,MAT0005,线缆,10.1,0.0,442.12
TK002779,MAT0011,电气元件,18.7,0.0,243.1
TK002780,MAT0030,机械零件,1.0,0.0,169.0
TK002780,MAT0006,辅材,3.7,0.0,78.16
TK002780,MAT0045,工具,1.3,0.0,425.61
TK002781,MAT0050,机械零件,18.2,0.0,307.62
TK002781,MAT0011,绝缘材料,19.8,0.0,258.79
TK002781,MAT0015,线缆,15.7,1.0,253.13
TK002782,MAT0011,工具,9.5,0.0,53.89
TK002782,MAT0005,机械零件,14.2,0.0,66.17
TK002786,MAT0044,绝缘材料,8.6,0.0,439.03
TK002786,MAT0040,工具,1.9,0.0,32.39
TK002787,MAT0005,机械零件,1.8,0.0,9.54
TK002787,MAT0003,辅材,11.6,0.0,254.44
TK002788,MAT0032,辅材,8.2,0.0,466.09
TK002788,MAT0006,辅材,5.4,1.7,268.67
TK002788,MAT0044,线缆,16.9,0.0,387.72
TK002788,MAT0012,线缆,17.6,1.3,221.8
TK002788,MAT0038,线缆,5.1,0.0,64.44
TK002789,MAT0020,绝缘材料,3.4,0.0,332.26
TK002789,MAT0048,线缆,16.6,0.0,430.98
TK002790,MAT0015,绝缘材料,3.5,0.0,367.22
TK002790,MAT0047,机械零件,6.5,1.7,493.09
TK002790,MAT0022,绝缘材料,2.9,0.0,180.47
TK002790,MAT0029,绝缘材料,11.5,0.0,92.0
TK002790,MAT0017,绝缘材料,14.2,0.0,32.18
TK002792,MAT0016,绝缘材料,16.3,0.0,25.73
TK002792,MAT0018,电气元件,2.3,0.0,289.48
TK002793,MAT0016,辅材,4.8,0.0,321.57
TK002795,MAT0012,电气元件,4.9,0.0,238.61
TK002795,MAT0021,工具,19.1,0.0,495.32
TK002795,MAT0005,辅材,1.6,0.0,443.33
TK002796,MAT0048,绝缘材料,2.6,0.0,397.58
TK002797,MAT0004,绝缘材料,16.5,0.0,365.11
TK002798,MAT0025,辅材,6.0,0.0,22.0
TK002798,MAT0049,机械零件,14.9,0.3,333.71
TK002798,MAT0010,辅材,18.9,0.0,151.67
TK002798,MAT0033,线缆,7.3,0.0,362.42
TK002800,MAT0003,机械零件,15.5,0.0,473.92
TK002800,MAT0038,工具,7.5,0.0,406.37
TK002800,MAT0018,绝缘材料,4.1,0.4,131.65
TK002800,MAT0049,机械零件,17.2,0.0,468.11
TK002801,MAT0002,绝缘材料,14.2,0.0,454.0
TK002801,MAT0033,线缆,10.1,0.0,367.3
TK002801,MAT0036,工具,5.5,0.1,312.87
TK002801,MAT0041,工具,5.2,0.0,435.74
TK002801,MAT0011,工具,3.2,1.5,123.91
TK002802,MAT0009,工具,8.2,0.0,279.11
TK002803,MAT0001,工具,4.9,1.5,220.65
TK002803,MAT0010,工具,1.5,0.0,295.98
TK002804,MAT0049,辅材,14.0,0.6,234.04
TK002804,MAT0017,辅材,2.1,0.0,497.65
TK002804,MAT0002,线缆,17.0,0.0,175.52
TK002804,MAT0030,工具,19.1,1.8,447.05
TK002805,MAT0013,机械零件,16.0,0.0,451.22
TK002805,MAT0029,绝缘材料,0.7,0.0,50.48
TK002805,MAT0019,机械零件,8.7,0.0,29.76
TK002806,MAT0012,电气元件,14.4,0.0,161.33
TK002806,MAT0022,线缆,1.5,0.0,95.79
TK002806,MAT0011,机械零件,9.7,0.0,56.73
TK002806,MAT0035,工具,15.4,0.0,140.79
TK002807,MAT0011,电气元件,13.1,2.0,14.25
TK002807,MAT0021,机械零件,1.7,1.9,298.38
TK002807,MAT0008,辅材,1.2,0.0,190.8
TK002808,MAT0030,电气元件,10.0,0.3,287.43
TK002809,MAT0008,绝缘材料,1.1,0.0,212.07
TK002809,MAT0017,辅材,17.4,0.0,440.41
TK002809,MAT0020,绝缘材料,13.2,0.0,157.63
TK002809,MAT0016,机械零件,7.6,0.0,145.52
TK002810,MAT0016,绝缘材料,4.6,0.0,171.71
TK002810,MAT0042,线缆,18.5,0.0,249.11
TK002810,MAT0045,绝缘材料,4.4,0.0,106.89
TK002810,MAT0012,机械零件,11.6,0.0,61.63
TK002811,MAT0022,工具,13.2,0.0,122.36
TK002811,MAT0008,绝缘材料,11.7,0.0,74.56
TK002811,MAT0001,绝缘材料,16.2,0.2,499.35
TK002812,MAT0003,机械零件,10.6,0.0,149.32
TK002812,MAT0005,工具,7.8,0.3,204.57
TK002812,MAT0016,工具,18.0,0.0,144.58
TK002813,MAT0049,工具,7.3,0.0,11.99
TK002813,MAT0039,线缆,2.2,0.0,465.18
TK002813,MAT0008,电气元件,2.3,0.0,392.95
TK002813,MAT0045,机械零件,14.4,0.0,190.3
TK002813,MAT0048,绝缘材料,17.5,0.0,332.95
TK002814,MAT0015,线缆,20.0,0.0,18.91
TK002815,MAT0009,工具,16.0,0.0,90.46
TK002815,MAT0019,绝缘材料,3.8,0.0,176.23
TK002815,MAT0001,工具,7.9,0.0,194.41
TK002815,MAT0038,电气元件,8.1,0.0,487.18
TK002816,MAT0009,线缆,10.6,0.0,356.62
TK002816,MAT0031,电气元件,19.6,0.0,120.13
TK002816,MAT0020,线缆,12.8,0.0,394.74
TK002816,MAT0013,绝缘材料,18.9,0.0,77.56
TK002817,MAT0044,工具,9.6,0.0,154.35
TK002817,MAT0018,线缆,19.8,1.5,439.2
TK002819,MAT0012,电气元件,4.4,0.0,165.51
TK002819,MAT0032,绝缘材料,11.5,0.0,150.32
TK002819,MAT0034,绝缘材料,3.8,0.0,21.6
TK002819,MAT0013,线缆,11.3,0.0,376.26
TK002819,MAT0014,线缆,4.9,0.0,83.27
TK002820,MAT0043,电气元件,5.5,0.0,113.3
TK002820,MAT0026,机械零件,5.8,0.0,72.91
TK002820,MAT0007,绝缘材料,10.7,1.6,341.85
TK002820,MAT0039,机械零件,12.1,0.0,194.98
TK002820,MAT0001,工具,18.8,0.0,391.44
TK002821,MAT0024,电气元件,8.1,0.4,99.04
TK002821,MAT0006,电气元件,14.0,0.0,153.68
TK002821,MAT0049,线缆,11.2,0.0,231.57
TK002822,MAT0022,线缆,8.8,0.1,233.05
TK002822,MAT0023,工具,15.9,0.0,221.4
TK002822,MAT0019,绝缘材料,10.3,0.0,56.56
TK002824,MAT0022,工具,9.2,0.0,417.28
TK002825,MAT0016,辅材,14.3,0.0,329.38
TK002826,MAT0036,电气元件,15.3,0.0,31.07
TK002826,MAT0019,工具,2.8,0.0,166.79
TK002826,MAT0038,绝缘材料,3.4,0.0,269.26
TK002827,MAT0034,辅材,2.1,0.0,51.25
TK002827,MAT0024,机械零件,3.5,0.0,418.45
TK002827,MAT0044,工具,14.5,0.0,431.44
TK002827,MAT0007,电气元件,4.2,0.0,493.67
TK002827,MAT0016,机械零件,11.2,0.0,244.55
TK002828,MAT0012,电气元件,7.7,0.0,460.6
TK002828,MAT0041,绝缘材料,12.1,1.7,30.4
TK002829,MAT0004,绝缘材料,14.7,0.0,248.56
TK002830,MAT0013,工具,7.2,1.4,335.72
TK002830,MAT0042,工具,1.7,0.0,231.68
TK002830,MAT0049,辅材,3.8,0.0,488.07
TK002831,MAT0014,工具,16.1,0.0,303.63
TK002831,MAT0004,机械零件,16.0,0.0,171.24
TK002831,MAT0016,电气元件,17.5,1.7,29.66
TK002831,MAT0006,机械零件,2.1,0.0,248.88
TK002831,MAT0023,工具,17.9,0.0,303.64
TK002832,MAT0041,电气元件,11.6,0.0,104.05
TK002832,MAT0030,机械零件,14.9,0.0,284.22
TK002832,MAT0010,工具,5.1,0.0,122.22
TK002832,MAT0018,电气元件,10.6,0.1,359.84
TK002832,MAT0009,辅材,8.8,0.0,246.37
TK002833,MAT0017,机械零件,2.1,0.0,90.9
TK002834,MAT0005,电气元件,4.1,0.0,263.28
TK002834,MAT0027,绝缘材料,15.0,2.0,457.03
TK002834,MAT0048,机械零件,0.8,0.0,208.6
TK002834,MAT0006,电气元件,11.0,0.0,471.7
TK002835,MAT0049,绝缘材料,4.5,0.0,169.93
TK002835,MAT0033,电气元件,3.0,0.0,313.52
TK002835,MAT0040,线缆,13.7,0.0,342.09
TK002835,MAT0039,辅材,0.8,0.0,133.25
TK002837,MAT0049,工具,5.3,0.0,315.45
TK002837,MAT0026,线缆,7.5,1.6,464.24
TK002837,MAT0002,电气元件,19.2,0.0,477.29
TK002838,MAT0034,机械零件,7.3,0.0,119.81
TK002839,MAT0033,工具,13.4,0.0,290.81
TK002841,MAT0032,电气元件,9.6,0.0,458.1
TK002841,MAT0039,辅材,10.5,0.0,63.23
TK002842,MAT0042,辅材,16.5,0.0,310.59
TK002842,MAT0032,绝缘材料,10.9,0.8,485.46
TK002842,MAT0028,机械零件,16.6,0.0,396.38
TK002843,MAT0049,工具,4.9,0.0,33.42
TK002843,MAT0009,辅材,16.5,0.0,145.86
TK002844,MAT0005,电气元件,10.9,0.0,42.76
TK002844,MAT0035,线缆,17.6,0.0,420.62
TK002844,MAT0037,电气元件,1.6,0.0,138.44
TK002846,MAT0043,工具,3.5,0.0,440.12
TK002846,MAT0040,机械零件,13.9,0.0,476.47
TK002846,MAT0001,工具,1.3,0.0,250.77
TK002846,MAT0039,机械零件,14.9,0.0,287.25
TK002847,MAT0042,电气元件,11.9,0.0,369.03
TK002847,MAT0021,辅材,8.3,0.0,113.33
TK002847,MAT0002,电气元件,12.2,0.0,268.96
TK002847,MAT0025,辅材,9.0,1.2,309.12
TK002848,MAT0044,机械零件,3.9,0.0,24.62
TK002848,MAT0029,工具,13.5,0.0,178.41
TK002849,MAT0010,绝缘材料,4.7,0.0,413.29
TK002849,MAT0015,辅材,2.3,0.0,377.89
TK002849,MAT0027,电气元件,5.0,0.0,417.53
TK002850,MAT0028,绝缘材料,2.6,0.0,443.28
TK002850,MAT0014,电气元件,11.0,0.0,125.57
TK002850,MAT0006,工具,13.8,0.0,464.79
TK002854,MAT0035,工具,2.3,0.0,468.18
TK002854,MAT0008,工具,12.2,0.0,206.07
TK002854,MAT0024,线缆,17.6,1.6,142.85
TK002855,MAT0018,辅材,17.3,0.0,258.77
TK002855,MAT0004,辅材,5.9,0.7,203.31
TK002856,MAT0023,绝缘材料,16.7,0.0,140.0
TK002856,MAT0009,电气元件,11.7,1.2,113.0
TK002856,MAT0038,线缆,16.2,0.0,436.64
TK002857,MAT0050,机械零件,9.9,0.0,411.42
TK002857,MAT0003,工具,3.6,0.0,176.69
TK002858,MAT0001,工具,13.7,0.0,237.54
TK002858,MAT0040,电气元件,12.5,0.0,296.11
TK002858,MAT0031,线缆,13.6,0.0,406.13
TK002858,MAT0027,线缆,13.5,1.6,413.44
TK002858,MAT0046,绝缘材料,3.3,0.0,175.34
TK002859,MAT0020,辅材,4.2,0.0,426.78
TK002859,MAT0012,工具,0.6,0.0,11.9
TK002859,MAT0009,机械零件,3.1,0.0,232.18
TK002859,MAT0031,电气元件,9.8,0.8,67.79
TK002860,MAT0019,机械零件,15.6,0.0,236.7
TK002860,MAT0023,机械零件,5.4,0.0,380.68
TK002860,MAT0008,工具,7.9,0.0,349.68
TK002860,MAT0049,工具,10.4,0.0,343.8
TK002860,MAT0014,机械零件,18.7,0.0,62.95
TK002861,MAT0045,电气元件,14.4,0.2,112.07
TK002861,MAT0012,线缆,12.7,0.0,390.88
TK002862,MAT0022,机械零件,17.9,0.0,456.15
TK002862,MAT0001,电气元件,6.5,0.0,18.42
TK002862,MAT0049,工具,12.3,0.4,69.36
TK002863,MAT0008,电气元件,8.9,0.0,295.93
TK002863,MAT0015,线缆,4.3,2.0,247.39
TK002863,MAT0033,辅材,19.5,0.0,234.85
TK002863,MAT0046,绝缘材料,3.8,0.0,413.92
TK002863,MAT0002,辅材,2.6,1.8,89.15
TK002864,MAT0045,电气元件,12.9,0.0,247.3
TK002864,MAT0036,机械零件,5.8,1.5,433.89
TK002864,MAT0048,电气元件,19.9,0.0,395.86
TK002864,MAT0041,辅材,11.1,0.0,175.03
TK002865,MAT0045,辅材,14.0,0.0,246.93
TK002865,MAT0012,辅材,6.0,0.0,117.74
TK002865,MAT0008,机械零件,17.2,0.0,422.2
TK002866,MAT0006,辅材,8.7,0.0,255.35
TK002867,MAT0012,辅材,7.5,0.0,218.97
TK002867,MAT0040,线缆,13.9,0.0,305.27
TK002869,MAT0019,电气元件,14.6,0.0,146.84
TK002869,MAT0034,绝缘材料,15.1,0.0,67.48
TK002869,MAT0042,机械零件,11.5,1.5,452.1
TK002869,MAT0025,辅材,5.5,0.0,279.01
TK002870,MAT0006,绝缘材料,1.3,0.0,372.26
TK002870,MAT0043,辅材,7.1,0.0,236.13
TK002871,MAT0006,电气元件,13.8,0.0,373.79
TK002871,MAT0017,工具,2.4,0.0,221.07
TK002871,MAT0004,绝缘材料,17.5,1.8,174.35
TK002871,MAT0005,工具,16.6,0.0,127.86
TK002871,MAT0046,线缆,13.0,0.0,144.56
TK002872,MAT0002,绝缘材料,12.2,0.0,145.99
TK002872,MAT0020,辅材,8.0,1.4,456.92
TK002872,MAT0044,机械零件,8.5,1.1,146.6
TK002872,MAT0047,绝缘材料,12.5,0.0,300.9
TK002872,MAT0041,线缆,18.0,0.0,229.13
TK002873,MAT0046,线缆,4.1,0.0,485.6
TK002873,MAT0034,绝缘材料,8.1,0.0,463.66
TK002873,MAT0046,机械零件,11.1,0.0,215.75
TK002873,MAT0042,工具,4.7,0.0,168.26
TK002873,MAT0041,电气元件,12.7,0.0,471.31
TK002874,MAT0001,线缆,12.2,0.0,60.35
TK002874,MAT0029,绝缘材料,4.3,0.0,420.16
TK002874,MAT0004,辅材,10.4,0.0,467.32
TK002876,MAT0008,辅材,13.8,0.0,109.94
TK002876,MAT0014,辅材,11.6,0.0,397.69
TK002877,MAT0007,辅材,3.3,0.0,476.5
TK002878,MAT0034,电气元件,11.6,0.0,131.17
TK002878,MAT0048,机械零件,5.9,0.0,420.71
TK002878,MAT0032,工具,5.6,0.0,321.93
TK002879,MAT0003,辅材,9.5,0.0,328.48
TK002879,MAT0048,工具,4.8,0.0,199.99
TK002880,MAT0043,绝缘材料,5.5,0.0,7.66
TK002880,MAT0021,工具,12.6,0.7,203.89
TK002880,MAT0006,绝缘材料,9.4,0.0,360.02
TK002880,MAT0029,辅材,6.1,0.0,290.26
TK002881,MAT0002,线缆,12.3,0.0,472.05
TK002881,MAT0042,辅材,7.6,0.2,461.25
TK002881,MAT0023,机械零件,12.8,0.6,402.64
TK002881,MAT0029,线缆,11.9,1.4,232.81
TK002883,MAT0007,机械零件,11.2,0.0,237.98
TK002883,MAT0016,绝缘材料,13.0,0.0,291.74
TK002883,MAT0021,机械零件,5.2,0.0,114.67
TK002883,MAT0020,线缆,19.9,0.0,432.05
TK002884,MAT0029,机械零件,9.1,0.0,306.45
TK002884,MAT0005,工具,3.5,0.0,291.32
TK002885,MAT0033,工具,16.1,0.0,329.27
TK002885,MAT0043,辅材,16.4,0.0,215.83
TK002885,MAT0034,线缆,15.5,0.0,370.44
TK002885,MAT0017,机械零件,15.2,0.0,122.27
TK002885,MAT0022,工具,2.8,0.0,8.4
TK002887,MAT0039,绝缘材料,12.5,0.0,316.81
TK002887,MAT0018,辅材,4.5,0.0,226.73
TK002887,MAT0037,辅材,3.5,0.0,339.69
TK002887,MAT0024,线缆,19.0,0.0,466.6
TK002891,MAT0043,工具,9.5,0.0,434.11
TK002891,MAT0026,辅材,17.1,1.0,221.13
TK002892,MAT0050,线缆,10.4,0.0,155.74
TK002892,MAT0007,机械零件,10.6,0.0,412.24
TK002892,MAT0048,工具,9.6,0.0,140.12
TK002893,MAT0025,机械零件,13.5,0.0,81.84
TK002893,MAT0014,辅材,9.1,0.0,390.69
TK002893,MAT0021,辅材,17.7,0.8,313.14
TK002893,MAT0032,线缆,4.2,0.0,348.79
TK002894,MAT0010,线缆,17.7,0.2,138.99
TK002894,MAT0009,绝缘材料,9.9,0.0,11.18
TK002894,MAT0011,辅材,10.6,1.0,303.96
TK002896,MAT0046,工具,5.5,0.0,201.3
TK002896,MAT0029,电气元件,16.9,0.0,13.36
TK002896,MAT0001,机械零件,7.6,0.0,300.03
TK002896,MAT0023,线缆,8.8,0.0,422.97
TK002897,MAT0047,辅材,14.7,0.2,115.62
TK002897,MAT0003,辅材,17.0,0.2,356.3
TK002898,MAT0050,机械零件,14.3,0.0,61.25
TK002898,MAT0037,辅材,11.3,1.8,119.6
TK002898,MAT0030,机械零件,11.2,0.5,347.94
TK002901,MAT0017,机械零件,9.4,1.6,151.82
TK002901,MAT0016,线缆,13.4,1.3,162.78
TK002901,MAT0017,辅材,11.4,0.0,312.6
TK002902,MAT0032,工具,14.7,0.0,166.32
TK002902,MAT0009,电气元件,15.5,0.0,240.65
TK002902,MAT0025,工具,3.1,0.0,184.98
TK002902,MAT0032,辅材,11.8,0.0,260.32
TK002902,MAT0024,工具,5.5,0.0,284.03
TK002903,MAT0032,辅材,10.8,0.0,340.87
TK002905,MAT0027,机械零件,15.7,1.4,340.25
TK002905,MAT0029,工具,13.7,0.0,257.33
TK002905,MAT0043,机械零件,1.3,0.0,341.75
TK002905,MAT0029,绝缘材料,17.9,0.0,146.09
TK002906,MAT0009,机械零件,1.8,0.5,481.85
TK002906,MAT0014,电气元件,8.4,0.0,358.45
TK002907,MAT0009,电气元件,7.9,0.0,201.75
TK002907,MAT0035,辅材,3.9,0.0,155.49
TK002908,MAT0025,机械零件,18.7,0.0,119.85
TK002908,MAT0015,辅材,18.2,0.0,12.5
TK002908,MAT0016,辅材,10.4,0.0,389.84
TK002909,MAT0022,辅材,11.3,0.0,354.35
TK002910,MAT0034,电气元件,11.8,0.5,476.78
TK002911,MAT0029,绝缘材料,17.7,0.0,116.74
TK002911,MAT0043,辅材,5.7,0.0,208.78
TK002911,MAT0020,机械零件,2.6,0.0,247.48
TK002912,MAT0025,工具,7.8,0.0,117.81
TK002912,MAT0039,辅材,2.6,0.0,151.17
TK002912,MAT0004,绝缘材料,6.4,0.0,161.67
TK002912,MAT0017,辅材,7.9,0.2,415.93
TK002912,MAT0022,机械零件,17.7,0.0,5.6
TK002913,MAT0028,电气元件,15.2,0.0,9.62
TK002913,MAT0042,辅材,6.4,1.6,443.3
TK002913,MAT0048,电气元件,10.1,0.0,196.2
TK002914,MAT0015,机械零件,18.6,0.0,207.38
TK002914,MAT0015,绝缘材料,13.1,1.1,291.99
TK002914,MAT0050,绝缘材料,18.9,0.0,329.13
TK002915,MAT0049,绝缘材料,16.0,0.0,228.58
TK002915,MAT0035,工具,9.5,0.0,150.99
TK002915,MAT0025,工具,19.5,0.0,320.79
TK002917,MAT0023,机械零件,5.5,0.0,411.98
TK002917,MAT0015,辅材,14.7,0.0,248.27
TK002917,MAT0044,电气元件,7.2,0.0,68.25
TK002917,MAT0030,工具,1.2,1.5,339.71
TK002917,MAT0018,绝缘材料,5.1,0.0,226.84
TK002918,MAT0041,机械零件,1.4,0.0,320.14
TK002919,MAT0047,线缆,11.6,0.0,61.2
TK002919,MAT0030,辅材,1.2,0.0,80.2
TK002919,MAT0049,绝缘材料,9.5,0.0,192.49
TK002919,MAT0047,电气元件,3.3,0.0,133.4
TK002920,MAT0012,电气元件,0.8,0.0,169.96
TK002920,MAT0027,机械零件,18.5,0.0,86.1
TK002920,MAT0012,绝缘材料,2.1,0.0,459.72
TK002920,MAT0048,工具,9.2,0.0,330.21
TK002922,MAT0008,线缆,11.9,1.9,227.14
TK002922,MAT0022,线缆,12.8,0.0,54.53
TK002922,MAT0022,机械零件,18.6,0.0,160.31
TK002923,MAT0039,绝缘材料,5.6,0.0,467.06
TK002924,MAT0018,电气元件,13.8,0.0,246.06
TK002924,MAT0019,机械零件,3.2,0.0,20.55
TK002924,MAT0009,电气元件,8.4,0.0,422.87
TK002924,MAT0045,线缆,10.7,0.0,161.63
TK002925,MAT0015,工具,19.5,0.0,278.21
TK002926,MAT0044,绝缘材料,16.7,0.7,350.76
TK002926,MAT0024,辅材,4.1,0.0,189.14
TK002926,MAT0007,机械零件,9.6,0.0,217.58
TK002927,MAT0048,工具,3.5,0.0,424.89
TK002927,MAT0042,绝缘材料,10.4,0.0,395.64
TK002927,MAT0028,辅材,2.1,0.0,20.23
TK002927,MAT0050,电气元件,12.9,0.0,350.01
TK002928,MAT0050,绝缘材料,0.8,0.0,41.64
TK002928,MAT0017,机械零件,6.0,1.0,108.94
TK002928,MAT0029,机械零件,12.6,0.0,155.54
TK002928,MAT0016,线缆,4.3,0.0,458.86
TK002928,MAT0027,机械零件,13.7,0.0,102.72
TK002929,MAT0013,绝缘材料,7.2,0.0,49.47
TK002929,MAT0038,线缆,15.2,0.0,189.46
TK002930,MAT0025,工具,6.2,0.6,102.73
TK002930,MAT0024,工具,18.0,0.0,446.44
TK002930,MAT0017,辅材,17.8,0.0,376.69
TK002930,MAT0035,电气元件,16.2,0.0,438.42
TK002931,MAT0035,电气元件,3.9,0.0,257.56
TK002931,MAT0045,工具,3.3,0.0,499.89
TK002931,MAT0042,线缆,6.3,0.0,294.75
TK002931,MAT0021,线缆,6.3,0.0,345.8
TK002931,MAT0027,机械零件,13.7,0.0,25.57
TK002932,MAT0041,机械零件,12.4,0.0,430.36
TK002932,MAT0011,线缆,1.9,0.0,439.44
TK002932,MAT0017,电气元件,1.4,0.0,31.46
TK002933,MAT0045,工具,5.0,0.0,369.62
TK002933,MAT0022,辅材,8.1,0.0,5.57
TK002934,MAT0030,线缆,11.2,0.0,309.2
TK002934,MAT0006,机械零件,15.9,0.0,57.98
TK002934,MAT0002,绝缘材料,14.8,0.0,351.72
TK002935,MAT0013,线缆,5.5,0.0,90.26
TK002936,MAT0007,辅材,12.1,0.0,400.58
TK002937,MAT0016,线缆,10.4,0.0,87.68
TK002937,MAT0004,绝缘材料,13.8,0.0,154.12
TK002937,MAT0046,工具,8.9,0.0,130.1
TK002938,MAT0032,电气元件,17.0,0.0,169.9
TK002938,MAT0045,工具,4.8,0.0,89.23
TK002938,MAT0006,工具,9.2,0.5,395.98
TK002939,MAT0027,机械零件,14.5,1.1,354.9
TK002939,MAT0040,线缆,12.2,0.0,35.68
TK002939,MAT0020,线缆,17.8,0.0,432.69
TK002939,MAT0045,辅材,1.8,0.0,225.19
TK002941,MAT0034,辅材,5.0,0.0,155.92
TK002941,MAT0007,辅材,19.9,0.0,477.69
TK002941,MAT0029,电气元件,6.4,0.0,60.72
TK002942,MAT0046,工具,8.2,0.0,403.68
TK002942,MAT0001,机械零件,11.8,0.5,249.11
TK002942,MAT0020,机械零件,17.0,0.0,216.05
TK002942,MAT0033,电气元件,10.6,1.5,84.43
TK002942,MAT0006,绝缘材料,13.4,0.0,157.46
TK002944,MAT0044,机械零件,7.8,0.0,206.88
TK002944,MAT0029,机械零件,16.9,0.0,325.89
TK002945,MAT0038,绝缘材料,5.3,0.0,260.36
TK002945,MAT0017,电气元件,15.7,0.1,147.23
TK002945,MAT0033,工具,6.8,0.7,74.94
TK002946,MAT0008,工具,8.9,0.0,130.92
TK002946,MAT0036,工具,1.2,0.0,315.07
TK002946,MAT0032,绝缘材料,9.7,0.0,141.21
TK002946,MAT0015,绝缘材料,5.8,1.3,12.94
TK002946,MAT0039,线缆,7.0,0.0,13.34
TK002947,MAT0008,工具,18.2,0.0,116.26
TK002947,MAT0047,绝缘材料,13.9,0.4,424.76
TK002948,MAT0005,辅材,0.9,0.0,184.74
TK002948,MAT0021,辅材,18.6,0.0,111.86
TK002948,MAT0004,机械零件,14.5,1.3,46.04
TK002949,MAT0027,辅材,1.6,0.0,76.62
TK002949,MAT0029,绝缘材料,0.7,0.0,206.2
TK002951,MAT0046,工具,2.7,0.0,28.79
TK002951,MAT0042,绝缘材料,9.6,0.0,179.15
TK002951,MAT0009,辅材,6.4,0.0,71.88
TK002951,MAT0020,线缆,13.0,1.5,37.03
TK002952,MAT0042,工具,18.9,0.0,236.0
TK002953,MAT0038,辅材,12.9,0.0,368.46
TK002953,MAT0043,线缆,7.9,0.0,326.93
TK002953,MAT0044,工具,4.2,0.0,303.77
TK002953,MAT0047,绝缘材料,6.1,1.4,178.25
TK002953,MAT0028,工具,3.3,0.0,25.08
TK002954,MAT0019,辅材,6.1,1.3,131.4
TK002954,MAT0019,工具,9.5,0.0,478.65
TK002955,MAT0026,机械零件,4.2,0.0,25.74
TK002955,MAT0038,绝缘材料,14.0,0.0,171.86
TK002956,MAT0033,辅材,11.0,0.0,91.42
TK002957,MAT0040,工具,13.5,0.0,25.23
TK002957,MAT0010,电气元件,10.8,0.0,495.94
TK002958,MAT0025,线缆,7.8,0.0,266.1
TK002958,MAT0036,辅材,13.3,0.0,361.95
TK002959,MAT0042,机械零件,16.3,0.0,363.55
TK002959,MAT0031,电气元件,7.2,0.0,28.98
TK002959,MAT0022,线缆,2.2,0.9,411.28
TK002959,MAT0004,辅材,10.4,0.0,403.67
TK002959,MAT0016,机械零件,6.1,0.0,56.86
TK002961,MAT0039,工具,12.3,0.0,262.69
TK002964,MAT0044,绝缘材料,6.7,1.4,489.32
TK002964,MAT0006,辅材,7.6,1.7,123.22
TK002967,MAT0017,绝缘材料,18.3,0.0,75.1
TK002967,MAT0021,电气元件,7.0,0.0,391.38
TK002967,MAT0010,线缆,8.8,0.0,275.98
TK002967,MAT0008,绝缘材料,11.6,0.0,306.72
TK002967,MAT0022,机械零件,3.3,1.5,114.76
TK002968,MAT0005,工具,2.5,0.0,449.75
TK002968,MAT0048,工具,19.1,0.0,397.1
TK002968,MAT0040,辅材,0.7,0.0,38.22
TK002968,MAT0024,绝缘材料,10.5,1.5,133.92
TK002969,MAT0035,工具,6.0,0.0,159.26
TK002969,MAT0035,机械零件,5.0,0.0,331.13
TK002969,MAT0030,线缆,12.9,0.0,480.46
TK002969,MAT0011,电气元件,4.4,1.6,59.51
TK002969,MAT0013,线缆,4.1,1.8,132.44
TK002971,MAT0005,工具,16.5,0.0,265.99
TK002971,MAT0009,线缆,3.2,0.0,260.44
TK002971,MAT0036,电气元件,16.4,0.0,242.61
TK002971,MAT0026,线缆,8.2,0.0,195.44
TK002971,MAT0028,辅材,0.5,0.0,98.33
TK002972,MAT0045,电气元件,18.4,0.0,219.38
TK002972,MAT0047,线缆,10.0,0.0,371.01
TK002972,MAT0018,线缆,16.2,0.0,92.88
TK002972,MAT0016,绝缘材料,4.1,0.0,353.83
TK002973,MAT0022,工具,10.1,0.9,147.33
TK002973,MAT0047,工具,2.4,0.0,433.3
TK002973,MAT0002,线缆,4.2,0.0,175.49
TK002973,MAT0023,辅材,13.4,0.0,327.65
TK002974,MAT0026,工具,19.4,0.0,72.51
TK002974,MAT0048,线缆,15.4,0.0,220.84
TK002975,MAT0046,电气元件,10.3,0.0,99.0
TK002975,MAT0001,机械零件,4.2,0.0,477.62
TK002975,MAT0023,线缆,10.8,0.0,197.13
TK002975,MAT0018,电气元件,18.0,0.0,371.33
TK002978,MAT0010,绝缘材料,14.9,0.0,432.15
TK002978,MAT0032,电气元件,2.7,0.0,26.64
TK002980,MAT0040,电气元件,15.6,0.0,27.51
TK002980,MAT0047,工具,11.5,0.0,259.71
TK002981,MAT0050,电气元件,13.3,0.0,488.14
TK002981,MAT0048,电气元件,8.4,0.0,492.81
TK002981,MAT0025,工具,18.8,0.0,20.72
TK002982,MAT0036,辅材,5.0,0.0,93.43
TK002982,MAT0019,机械零件,0.9,1.7,172.58
TK002982,MAT0049,绝缘材料,9.3,0.0,148.98
TK002983,MAT0016,电气元件,7.6,1.6,404.58
TK002983,MAT0010,线缆,3.9,0.0,104.25
TK002983,MAT0003,线缆,19.6,0.0,422.13
TK002983,MAT0039,辅材,2.7,0.0,31.84
TK002983,MAT0048,工具,6.9,0.0,148.27
TK002984,MAT0043,绝缘材料,3.8,0.0,275.66
TK002984,MAT0001,绝缘材料,12.9,0.0,295.7
TK002984,MAT0020,绝缘材料,16.9,0.0,448.94
TK002984,MAT0022,辅材,13.8,0.0,317.43
TK002986,MAT0048,绝缘材料,16.6,0.0,271.78
TK002986,MAT0018,辅材,1.6,1.7,62.88
TK002986,MAT0027,绝缘材料,15.1,0.0,15.12
TK002986,MAT0015,辅材,11.2,0.0,220.35
TK002986,MAT0049,线缆,18.1,0.3,41.28
TK002987,MAT0029,工具,18.5,0.0,72.53
TK002987,MAT0013,绝缘材料,12.5,0.0,117.05
TK002987,MAT0005,电气元件,11.3,0.0,431.17
TK002988,MAT0008,线缆,17.5,0.0,105.48
TK002989,MAT0028,机械零件,19.1,0.0,396.48
TK002989,MAT0045,线缆,18.8,0.0,108.12
TK002990,MAT0042,线缆,2.4,0.0,38.82
TK002990,MAT0029,工具,19.4,0.0,114.75
TK002990,MAT0049,电气元件,6.0,0.0,463.69
TK002990,MAT0008,工具,10.3,0.0,125.4
TK002991,MAT0041,绝缘材料,18.9,0.0,421.78
TK002992,MAT0050,机械零件,2.5,0.0,276.23
TK002992,MAT0027,线缆,12.7,0.0,17.61
TK002994,MAT0008,机械零件,7.4,1.3,382.71
TK002994,MAT0038,绝缘材料,14.1,0.0,180.37
TK002995,MAT0002,工具,5.4,0.0,277.57
TK002995,MAT0043,绝缘材料,19.8,0.0,419.65
TK002995,MAT0028,线缆,2.3,0.0,484.82
TK002995,MAT0011,机械零件,7.7,0.0,157.66
TK002995,MAT0039,绝缘材料,1.0,0.1,130.38
TK002998,MAT0030,绝缘材料,13.6,0.0,96.12
TK002998,MAT0048,线缆,15.6,1.7,92.92
TK002998,MAT0026,线缆,14.1,0.5,102.66
TK002999,MAT0020,工具,16.9,1.3,362.93
TK002999,MAT0039,机械零件,1.3,0.0,331.46
TK002999,MAT0039,线缆,9.1,0.0,160.32
TK002999,MAT0011,机械零件,19.6,0.0,359.99
TK003000,MAT0009,工具,3.1,1.1,144.8
TK003000,MAT0008,线缆,15.5,0.0,91.67
TK003001,MAT0047,电气元件,2.1,0.0,45.68
TK003002,MAT0013,绝缘材料,8.0,0.0,210.86
TK003003,MAT0010,机械零件,13.5,0.0,167.11
TK003003,MAT0009,辅材,10.6,0.0,283.5
TK003003,MAT0029,辅材,1.9,0.0,207.99
TK003003,MAT0045,线缆,10.9,1.1,449.65
TK003004,MAT0035,机械零件,9.8,0.0,223.12
TK003005,MAT0021,辅材,6.0,0.0,285.78
TK003006,MAT0033,机械零件,13.4,0.0,105.74
TK003008,MAT0015,绝缘材料,1.7,1.6,436.55
TK003008,MAT0006,绝缘材料,5.4,0.0,269.07
TK003008,MAT0044,线缆,6.4,0.0,331.58
TK003009,MAT0015,电气元件,18.1,0.0,73.4
TK003010,MAT0001,工具,3.4,0.0,167.19
TK003010,MAT0017,电气元件,19.5,0.0,48.69
TK003011,MAT0014,辅材,16.5,0.0,5.07
TK003011,MAT0027,机械零件,15.5,0.0,56.01
TK003012,MAT0009,线缆,3.0,0.0,75.15
TK003012,MAT0038,辅材,4.1,0.0,158.32
TK003013,MAT0018,机械零件,2.2,0.0,94.21
TK003013,MAT0033,工具,8.6,0.0,211.25
TK003013,MAT0041,工具,15.3,0.0,159.54
TK003013,MAT0034,机械零件,8.2,0.0,337.57
TK003013,MAT0037,电气元件,16.4,0.0,43.71
TK003014,MAT0020,线缆,5.9,0.0,452.58
TK003015,MAT0029,辅材,19.0,0.0,105.9
TK003015,MAT0005,绝缘材料,18.7,0.0,497.98
TK003015,MAT0037,电气元件,16.1,1.3,233.81
TK003015,MAT0042,线缆,17.9,0.0,339.67
TK003015,MAT0037,电气元件,11.0,0.0,442.03
TK003016,MAT0019,绝缘材料,7.0,0.0,474.25
TK003016,MAT0032,线缆,7.6,1.0,410.91
TK003016,MAT0003,线缆,15.8,0.4,128.16
TK003016,MAT0050,机械零件,17.4,0.0,350.22
TK003016,MAT0027,辅材,10.5,0.9,469.71
TK003017,MAT0026,机械零件,17.0,0.0,50.12
TK003017,MAT0032,工具,14.2,1.5,178.46
TK003017,MAT0044,线缆,16.1,1.2,97.3
TK003018,MAT0030,绝缘材料,2.9,0.0,93.96
TK003018,MAT0037,线缆,13.5,0.0,303.0
TK003018,MAT0026,绝缘材料,19.3,0.0,319.37
TK003018,MAT0013,绝缘材料,4.0,0.0,244.9
TK003018,MAT0029,电气元件,4.8,0.6,105.27
TK003019,MAT0020,工具,9.0,0.0,268.88
TK003019,MAT0009,辅材,5.1,0.7,229.01
TK003019,MAT0044,辅材,18.3,1.5,312.78
TK003019,MAT0027,电气元件,13.3,0.0,480.94
TK003019,MAT0018,辅材,7.8,0.0,67.55
TK003020,MAT0048,绝缘材料,3.6,0.0,115.9
TK003020,MAT0018,线缆,5.5,0.0,48.42
TK003020,MAT0037,绝缘材料,1.0,0.0,190.68
TK003020,MAT0039,绝缘材料,15.8,0.0,320.08
TK003020,MAT0015,电气元件,7.2,0.0,397.55
TK003021,MAT0020,辅材,1.6,0.0,246.06
TK003021,MAT0036,绝缘材料,7.6,0.0,447.09
TK003021,MAT0038,辅材,5.9,0.2,484.57
TK003021,MAT0028,绝缘材料,15.1,1.4,352.11
TK003021,MAT0011,辅材,14.1,0.0,126.12
TK003022,MAT0018,辅材,14.4,0.8,39.99
TK003022,MAT0007,电气元件,9.1,1.0,145.72
TK003023,MAT0020,辅材,15.0,0.0,245.92
TK003024,MAT0020,线缆,11.9,0.0,296.05
TK003024,MAT0019,绝缘材料,13.9,0.0,9.7
TK003024,MAT0039,辅材,5.4,0.0,220.72
TK003025,MAT0030,绝缘材料,3.3,0.9,412.9
TK003026,MAT0031,机械零件,3.3,0.0,60.86
TK003026,MAT0007,工具,18.0,0.0,128.54
TK003027,MAT0032,线缆,19.1,0.0,483.06
TK003027,MAT0012,绝缘材料,15.8,0.0,342.54
TK003028,MAT0023,工具,3.5,0.0,301.75
TK003028,MAT0023,辅材,16.9,0.0,266.63
TK003029,MAT0030,电气元件,6.9,0.0,377.76
TK003030,MAT0034,机械零件,11.3,0.0,378.97
TK003030,MAT0012,电气元件,13.2,0.0,72.84
TK003030,MAT0027,工具,12.4,1.5,12.36
TK003030,MAT0048,辅材,4.4,1.8,325.55
TK003032,MAT0033,机械零件,4.0,0.0,122.66
TK003032,MAT0038,绝缘材料,11.0,0.0,50.97
TK003032,MAT0005,辅材,19.1,1.5,321.09
TK003032,MAT0049,机械零件,7.2,0.0,179.28
TK003032,MAT0019,线缆,15.5,0.0,218.98
TK003033,MAT0039,辅材,4.1,0.0,279.71
TK003033,MAT0004,工具,19.8,0.0,128.66
TK003034,MAT0047,辅材,14.6,0.0,45.93
TK003034,MAT0030,辅材,1.4,0.0,154.66
TK003034,MAT0044,线缆,15.9,0.0,317.31
TK003034,MAT0019,工具,9.5,0.3,491.84
TK003035,MAT0037,工具,1.8,0.0,19.99
TK003035,MAT0018,机械零件,19.7,1.9,7.1
TK003035,MAT0016,工具,0.6,0.1,290.82
TK003035,MAT0010,绝缘材料,16.4,0.0,482.73
TK003036,MAT0037,辅材,11.6,1.6,384.36
TK003037,MAT0012,绝缘材料,13.5,1.7,108.43
TK003037,MAT0046,电气元件,17.6,0.0,373.76
TK003037,MAT0008,绝缘材料,12.6,0.3,110.64
TK003037,MAT0018,绝缘材料,6.2,0.0,135.41
TK003037,MAT0046,电气元件,13.2,0.0,448.53
TK003038,MAT0011,线缆,5.9,0.0,84.54
TK003038,MAT0002,辅材,17.3,0.0,37.76
TK003039,MAT0003,机械零件,17.0,0.0,262.02
TK003039,MAT0010,机械零件,9.9,0.0,138.06
TK003039,MAT0014,工具,10.1,0.0,52.92
TK003039,MAT0030,辅材,3.6,0.0,73.33
TK003040,MAT0039,绝缘材料,3.2,0.0,247.99
TK003040,MAT0024,工具,7.2,0.0,496.34
TK003040,MAT0006,电气元件,3.4,0.0,176.1
TK003040,MAT0024,线缆,16.2,0.0,399.69
TK003040,MAT0007,机械零件,8.4,0.0,189.79
TK003041,MAT0033,线缆,6.4,0.0,344.87
TK003042,MAT0048,辅材,12.8,0.0,156.04
TK003042,MAT0041,线缆,3.6,0.1,218.1
TK003042,MAT0043,电气元件,18.1,0.0,482.99
TK003042,MAT0008,线缆,15.0,0.0,172.3
TK003042,MAT0031,电气元件,10.7,0.3,427.18
TK003043,MAT0021,辅材,2.0,0.0,114.7
TK003043,MAT0016,工具,11.1,0.0,257.21
TK003044,MAT0030,辅材,14.3,0.0,161.19
TK003044,MAT0047,线缆,6.4,1.9,265.4
TK003044,MAT0014,辅材,11.0,1.4,113.8
TK003044,MAT0048,绝缘材料,12.0,0.0,215.12
TK003045,MAT0039,机械零件,15.6,0.0,18.89
TK003046,MAT0003,机械零件,19.0,0.0,68.01
TK003046,MAT0050,线缆,9.0,0.0,464.27
TK003046,MAT0020,机械零件,3.9,0.0,394.47
TK003047,MAT0023,辅材,6.4,0.0,117.35
TK003047,MAT0040,线缆,7.8,0.0,346.48
TK003047,MAT0032,机械零件,13.5,0.0,479.21
TK003047,MAT0017,机械零件,8.8,0.0,478.87
TK003047,MAT0009,电气元件,11.4,0.0,6.13
TK003048,MAT0021,机械零件,14.4,0.0,40.01
TK003049,MAT0044,电气元件,19.5,1.8,261.35
TK003049,MAT0045,电气元件,16.9,0.0,61.05
TK003049,MAT0006,工具,10.6,0.0,136.18
TK003049,MAT0037,电气元件,3.4,0.0,75.37
TK003050,MAT0036,电气元件,8.1,0.0,110.24
TK003050,MAT0012,绝缘材料,12.0,0.0,313.81
TK003050,MAT0011,机械零件,4.4,1.1,53.64
TK003050,MAT0002,机械零件,2.6,0.1,402.26
TK003051,MAT0046,机械零件,6.0,0.0,168.3
TK003051,MAT0048,机械零件,1.4,0.0,300.21
TK003053,MAT0033,辅材,6.4,0.0,153.47
TK003053,MAT0006,机械零件,4.2,1.2,277.59
TK003053,MAT0036,辅材,15.6,0.6,472.78
TK003053,MAT0036,绝缘材料,12.7,0.0,393.18
TK003054,MAT0039,绝缘材料,13.2,0.0,202.82
TK003054,MAT0022,线缆,6.5,0.0,387.38
TK003054,MAT0039,机械零件,5.0,0.0,357.43
TK003054,MAT0015,机械零件,15.8,0.0,449.71
TK003054,MAT0020,线缆,11.3,1.0,207.46
TK003055,MAT0025,绝缘材料,18.1,0.0,378.85
TK003055,MAT0041,电气元件,14.1,0.0,451.04
TK003055,MAT0026,绝缘材料,1.9,0.0,333.05
TK003055,MAT0040,线缆,5.3,0.0,443.38
TK003055,MAT0005,工具,16.3,0.0,395.77
TK003056,MAT0028,机械零件,0.9,0.0,219.22
TK003057,MAT0038,机械零件,10.9,0.0,498.05
TK003057,MAT0035,辅材,2.4,0.0,265.32
TK003057,MAT0019,工具,5.1,0.0,201.46
TK003057,MAT0013,电气元件,13.8,0.0,183.69
TK003058,MAT0004,电气元件,16.0,0.9,5.16
TK003058,MAT0013,电气元件,7.0,0.0,395.66
TK003058,MAT0018,线缆,6.6,0.0,148.54
TK003058,MAT0039,机械零件,4.5,0.0,156.3
TK003059,MAT0040,机械零件,18.9,0.0,490.99
TK003059,MAT0009,机械零件,4.9,0.0,183.96
TK003059,MAT0029,电气元件,1.7,1.8,330.88
TK003060,MAT0035,辅材,17.3,0.0,490.38
TK003060,MAT0003,线缆,3.9,0.0,482.24
TK003061,MAT0016,线缆,7.4,0.0,20.64
TK003061,MAT0011,工具,10.9,1.6,332.21
TK003062,MAT0031,线缆,19.8,1.4,409.04
TK003062,MAT0037,电气元件,9.6,0.0,86.85
TK003062,MAT0006,线缆,13.5,0.0,129.96
TK003063,MAT0013,机械零件,9.0,0.0,38.26
TK003063,MAT0035,电气元件,11.5,0.0,209.2
TK003064,MAT0024,绝缘材料,4.3,0.0,76.94
TK003065,MAT0049,机械零件,15.3,0.0,362.76
TK003066,MAT0013,辅材,12.7,0.0,381.41
TK003066,MAT0022,机械零件,11.1,0.0,421.65
TK003066,MAT0002,电气元件,6.5,0.0,118.96
TK003066,MAT0029,电气元件,6.3,0.0,322.53
TK003067,MAT0022,机械零件,6.8,1.1,8.11
TK003067,MAT0036,绝缘材料,7.6,0.0,313.87
TK003067,MAT0024,辅材,3.2,0.7,499.92
TK003067,MAT0017,工具,19.5,0.0,358.16
TK003069,MAT0038,机械零件,16.9,0.0,263.12
TK003071,MAT0032,绝缘材料,3.7,0.0,370.72
TK003071,MAT0037,辅材,10.8,0.0,12.73
TK003071,MAT0017,绝缘材料,8.2,0.0,365.15
TK003071,MAT0019,绝缘材料,16.7,0.0,170.31
TK003071,MAT0035,辅材,8.0,0.0,316.3
TK003072,MAT0037,机械零件,6.5,0.0,317.26
TK003072,MAT0037,电气元件,11.8,0.0,97.81
TK003072,MAT0045,线缆,19.8,0.0,136.73
TK003073,MAT0019,电气元件,18.5,0.0,201.69
TK003074,MAT0041,工具,17.7,0.0,233.7
TK003074,MAT0031,线缆,12.9,1.2,395.33
TK003074,MAT0044,绝缘材料,19.5,0.0,464.72
TK003074,MAT0003,机械零件,16.6,0.0,262.15
TK003075,MAT0030,电气元件,7.2,0.0,493.36
TK003075,MAT0045,绝缘材料,16.7,0.0,20.91
TK003075,MAT0004,电气元件,2.3,0.0,146.3
TK003075,MAT0031,机械零件,7.7,0.0,449.61
TK003075,MAT0040,电气元件,19.9,1.8,258.41
TK003076,MAT0048,电气元件,18.9,0.0,259.61
TK003076,MAT0001,线缆,7.0,0.0,100.15
TK003078,MAT0001,线缆,6.5,0.0,246.17
TK003078,MAT0047,辅材,11.7,0.0,398.27
TK003078,MAT0040,绝缘材料,12.2,0.0,250.21
TK003078,MAT0044,线缆,17.8,0.0,360.8
TK003079,MAT0036,线缆,10.1,0.0,392.29
TK003079,MAT0005,绝缘材料,6.2,0.0,495.95
TK003079,MAT0043,电气元件,13.5,0.0,5.85
TK003080,MAT0044,工具,3.3,0.0,419.26
TK003080,MAT0024,工具,9.0,0.0,122.16
TK003080,MAT0014,工具,17.3,0.0,35.43
TK003081,MAT0014,绝缘材料,9.0,0.0,51.28
TK003081,MAT0047,电气元件,16.8,0.0,46.39
TK003081,MAT0047,机械零件,8.1,0.0,454.05
TK003082,MAT0046,线缆,2.1,0.0,82.54
TK003082,MAT0023,工具,0.9,0.0,380.61
TK003083,MAT0048,工具,10.5,0.0,203.54
TK003083,MAT0017,机械零件,10.4,0.0,244.48
TK003083,MAT0012,辅材,16.3,1.4,328.52
TK003084,MAT0032,电气元件,4.8,1.8,254.7
TK003085,MAT0035,绝缘材料,1.2,0.0,357.83
TK003085,MAT0001,线缆,15.3,0.0,433.55
TK003085,MAT0048,工具,7.3,0.0,103.32
TK003086,MAT0002,绝缘材料,11.4,0.7,417.61
TK003086,MAT0011,线缆,13.6,0.0,441.75
TK003086,MAT0022,线缆,8.9,1.7,439.09
TK003086,MAT0027,机械零件,4.7,0.0,60.84
TK003086,MAT0020,辅材,16.7,0.0,356.98
TK003087,MAT0028,辅材,13.1,0.0,346.36
TK003087,MAT0029,线缆,14.4,0.0,328.52
TK003087,MAT0032,工具,15.9,0.0,155.61
TK003087,MAT0028,绝缘材料,19.1,0.0,251.67
TK003088,MAT0029,线缆,15.0,0.0,257.42
TK003088,MAT0001,工具,8.4,0.0,454.21
TK003089,MAT0033,辅材,5.9,0.0,293.28
TK003090,MAT0013,工具,15.8,0.0,411.46
TK003090,MAT0028,工具,17.8,0.0,103.67
TK003090,MAT0014,绝缘材料,2.8,0.0,147.23
TK003090,MAT0047,电气元件,8.7,0.0,337.35
TK003091,MAT0025,机械零件,15.2,0.0,450.43
TK003091,MAT0017,机械零件,2.1,1.1,371.07
TK003091,MAT0044,工具,1.3,0.0,209.57
TK003091,MAT0028,线缆,16.9,0.0,117.74
TK003093,MAT0043,工具,18.9,0.0,143.37
TK003093,MAT0028,机械零件,7.4,0.0,245.96
TK003093,MAT0017,机械零件,2.6,0.0,125.38
TK003094,MAT0030,线缆,1.5,0.0,277.19
TK003094,MAT0036,线缆,14.2,0.0,19.64
TK003095,MAT0050,工具,1.6,0.0,148.91
TK003095,MAT0001,工具,6.1,0.0,439.09
TK003096,MAT0021,机械零件,10.3,1.1,142.65
TK003096,MAT0004,电气元件,19.7,0.0,124.22
TK003098,MAT0009,辅材,6.6,0.0,360.23
TK003098,MAT0005,绝缘材料,8.9,0.0,353.48
TK003098,MAT0030,电气元件,14.2,0.0,85.75
TK003098,MAT0022,机械零件,1.8,1.3,98.72
TK003099,MAT0042,辅材,6.5,0.0,399.36
TK003099,MAT0049,电气元件,15.4,0.0,152.89
TK003100,MAT0028,机械零件,1.5,0.0,94.76
TK003100,MAT0020,电气元件,14.4,0.0,262.94
TK003100,MAT0008,线缆,2.4,0.0,214.59
TK003100,MAT0013,辅材,10.8,0.0,348.34
TK003101,MAT0031,线缆,2.5,0.0,118.52
TK003101,MAT0014,机械零件,11.6,0.0,410.16
TK003101,MAT0031,辅材,19.3,1.1,149.12
TK003102,MAT0045,辅材,16.9,0.0,222.97
TK003102,MAT0027,工具,3.3,0.0,457.95
TK003103,MAT0029,绝缘材料,8.9,0.0,314.02
TK003104,MAT0009,工具,12.9,0.0,306.03
TK003104,MAT0028,辅材,12.9,0.0,129.9
TK003104,MAT0039,电气元件,5.0,0.0,82.07
TK003107,MAT0032,线缆,17.5,0.0,444.66
TK003107,MAT0009,绝缘材料,10.4,0.0,335.51
TK003107,MAT0045,线缆,12.4,0.0,439.76
TK003107,MAT0021,电气元件,12.2,0.0,461.84
TK003107,MAT0006,绝缘材料,4.4,0.7,434.46
TK003108,MAT0016,线缆,4.6,0.0,223.78
TK003108,MAT0005,线缆,17.8,0.0,334.14
TK003108,MAT0009,辅材,7.6,0.0,495.99
TK003108,MAT0024,工具,8.4,0.3,415.16
TK003110,MAT0014,线缆,2.1,0.0,354.14
TK003110,MAT0022,电气元件,3.4,0.0,227.84
TK003110,MAT0008,绝缘材料,9.1,0.0,204.89
TK003111,MAT0031,电气元件,17.1,0.0,258.0
TK003111,MAT0002,辅材,13.4,0.0,314.88
TK003111,MAT0033,辅材,7.6,0.0,228.64
TK003112,MAT0035,电气元件,15.3,0.0,491.15
TK003112,MAT0002,辅材,13.5,0.0,50.46
TK003112,MAT0009,绝缘材料,19.0,0.0,204.13
TK003113,MAT0024,绝缘材料,16.3,0.0,14.32
TK003113,MAT0001,工具,9.7,0.0,400.38
TK003113,MAT0024,绝缘材料,17.2,1.7,375.3
TK003113,MAT0033,辅材,9.7,0.0,359.36
TK003115,MAT0004,线缆,5.1,1.1,487.51
TK003115,MAT0032,辅材,11.1,0.7,259.01
TK003116,MAT0005,电气元件,1.4,0.6,250.74
TK003116,MAT0008,绝缘材料,5.7,0.5,263.74
TK003116,MAT0001,绝缘材料,10.2,0.0,483.26
TK003118,MAT0050,机械零件,3.3,0.0,135.04
TK003118,MAT0032,电气元件,2.1,0.0,488.41
TK003119,MAT0042,绝缘材料,19.5,0.0,210.9
TK003119,MAT0026,辅材,4.1,2.0,143.85
TK003120,MAT0035,机械零件,16.6,0.0,5.12
TK003120,MAT0039,机械零件,20.0,0.0,114.57
TK003120,MAT0044,工具,10.8,0.0,39.43
TK003121,MAT0027,机械零件,10.0,0.0,459.82
TK003121,MAT0014,电气元件,17.3,0.0,35.5
TK003121,MAT0033,辅材,3.1,0.0,392.36
TK003123,MAT0004,机械零件,15.3,0.0,430.07
TK003123,MAT0041,工具,10.4,0.0,292.72
TK003123,MAT0014,工具,16.5,0.0,463.15
TK003123,MAT0003,工具,10.7,0.5,187.92
TK003124,MAT0047,辅材,10.8,0.0,14.73
TK003125,MAT0023,线缆,6.6,0.5,497.84
TK003125,MAT0045,绝缘材料,18.7,0.0,109.56
TK003125,MAT0043,绝缘材料,7.5,0.0,56.65
TK003125,MAT0050,机械零件,18.8,0.0,398.0
TK003126,MAT0033,机械零件,11.0,0.0,211.15
TK003127,MAT0043,线缆,8.1,0.0,63.22
TK003127,MAT0044,电气元件,19.8,0.7,165.02
TK003128,MAT0004,机械零件,9.3,0.0,358.25
TK003128,MAT0020,工具,11.6,0.0,486.2
TK003130,MAT0019,辅材,14.3,0.0,143.25
TK003130,MAT0002,绝缘材料,0.8,1.1,369.31
TK003130,MAT0009,机械零件,5.8,0.0,69.22
TK003130,MAT0014,绝缘材料,2.3,0.0,489.77
TK003131,MAT0028,工具,5.1,1.5,197.73
TK003131,MAT0015,辅材,7.5,0.0,35.46
TK003131,MAT0011,机械零件,15.4,0.0,191.01
TK003131,MAT0027,电气元件,6.0,0.9,279.12
TK003132,MAT0043,机械零件,11.4,0.0,161.22
TK003132,MAT0018,工具,9.8,0.0,220.73
TK003133,MAT0007,线缆,10.0,0.0,194.71
TK003133,MAT0018,电气元件,1.4,0.0,194.95
TK003133,MAT0046,绝缘材料,10.1,0.0,109.68
TK003133,MAT0045,机械零件,14.0,0.0,252.65
TK003133,MAT0009,线缆,18.3,0.0,257.39
TK003135,MAT0015,工具,17.5,0.0,67.53
TK003135,MAT0019,线缆,7.6,0.0,422.47
TK003135,MAT0037,工具,11.2,0.0,363.28
TK003135,MAT0011,电气元件,6.3,1.9,58.75
TK003136,MAT0032,工具,0.7,0.0,77.85
TK003136,MAT0023,工具,15.4,0.5,462.59
TK003136,MAT0047,电气元件,4.3,0.0,420.21
TK003136,MAT0007,绝缘材料,6.1,0.0,244.68
TK003136,MAT0010,辅材,5.5,0.0,200.16
TK003138,MAT0024,工具,2.3,1.4,328.09
TK003138,MAT0017,电气元件,7.3,0.0,329.28
TK003138,MAT0003,电气元件,2.5,0.0,31.04
TK003139,MAT0013,绝缘材料,13.6,0.0,396.4
TK003139,MAT0044,线缆,18.3,0.0,39.6
TK003140,MAT0047,绝缘材料,6.8,0.0,402.24
TK003140,MAT0017,线缆,9.9,0.0,256.37
TK003140,MAT0038,绝缘材料,16.6,0.0,29.3
TK003140,MAT0050,电气元件,6.1,0.0,414.5
TK003140,MAT0047,绝缘材料,1.5,0.0,499.8
TK003141,MAT0018,辅材,16.9,0.0,437.84
TK003141,MAT0011,机械零件,1.8,0.0,99.18
TK003141,MAT0039,线缆,13.5,0.1,457.23
TK003141,MAT0046,电气元件,7.2,1.6,60.12
TK003141,MAT0033,工具,5.1,0.0,212.31
TK003142,MAT0038,辅材,3.1,0.0,218.17
TK003142,MAT0021,电气元件,0.5,0.0,249.8
TK003142,MAT0008,线缆,7.8,1.8,112.78
TK003143,MAT0025,辅材,6.2,0.0,26.45
TK003143,MAT0050,辅材,2.5,0.0,178.13
TK003143,MAT0019,辅材,3.2,0.0,297.06
TK003143,MAT0038,辅材,2.2,0.0,283.76
TK003143,MAT0040,辅材,8.0,0.0,92.09
TK003144,MAT0018,工具,14.4,1.6,144.92
TK003144,MAT0023,辅材,19.2,0.0,98.03
TK003144,MAT0035,辅材,18.8,0.0,31.69
TK003145,MAT0004,电气元件,4.8,0.0,432.73
TK003146,MAT0033,绝缘材料,18.7,0.0,184.16
TK003146,MAT0039,工具,13.2,0.0,159.15
TK003146,MAT0040,工具,10.4,0.0,14.12
TK003146,MAT0048,线缆,1.6,0.0,122.15
TK003147,MAT0002,辅材,6.2,0.0,115.09
TK003147,MAT0021,工具,16.6,0.6,82.1
TK003147,MAT0033,绝缘材料,19.8,0.0,400.79
TK003148,MAT0035,绝缘材料,16.8,0.0,25.69
TK003149,MAT0047,工具,17.6,0.0,95.71
TK003150,MAT0045,机械零件,6.4,0.0,386.25
TK003151,MAT0049,机械零件,18.1,0.0,255.47
TK003151,MAT0048,辅材,7.4,1.5,459.22
TK003151,MAT0041,工具,15.1,0.0,332.36
TK003151,MAT0040,工具,2.8,0.0,99.81
TK003151,MAT0038,工具,19.1,0.0,453.24
TK003152,MAT0047,线缆,7.2,0.0,493.32
TK003152,MAT0012,绝缘材料,17.1,0.0,457.97
TK003152,MAT0037,辅材,9.8,0.0,199.56
TK003152,MAT0021,工具,18.8,0.0,288.34
TK003152,MAT0046,绝缘材料,3.1,0.0,48.62
TK003154,MAT0013,绝缘材料,17.3,0.0,62.01
TK003154,MAT0032,电气元件,13.1,1.3,418.86
TK003154,MAT0001,电气元件,18.8,0.0,390.66
TK003155,MAT0023,绝缘材料,13.1,0.0,447.63
TK003155,MAT0034,工具,15.1,0.0,257.57
TK003155,MAT0029,机械零件,8.0,0.0,131.96
TK003155,MAT0028,绝缘材料,6.2,0.0,95.4
TK003156,MAT0035,机械零件,7.6,0.0,54.9
TK003156,MAT0048,电气元件,18.9,0.0,194.28
TK003156,MAT0047,机械零件,16.1,1.2,488.85
TK003158,MAT0034,机械零件,10.0,0.0,26.49
TK003158,MAT0019,电气元件,17.0,0.7,55.85
TK003158,MAT0016,工具,1.2,0.0,287.4
TK003158,MAT0038,绝缘材料,4.2,0.0,89.67
TK003158,MAT0012,电气元件,19.4,0.0,185.66
TK003160,MAT0033,机械零件,5.8,0.0,236.09
TK003160,MAT0028,辅材,12.6,0.3,407.26
TK003161,MAT0018,辅材,18.3,0.0,363.19
TK003162,MAT0020,机械零件,11.0,0.0,157.64
TK003162,MAT0050,电气元件,10.1,0.0,458.43
TK003162,MAT0049,机械零件,7.9,1.6,25.96
TK003162,MAT0001,绝缘材料,10.9,0.0,118.03
TK003162,MAT0012,机械零件,19.5,1.2,443.06
TK003163,MAT0022,绝缘材料,5.8,0.0,215.07
TK003163,MAT0008,线缆,18.8,1.2,261.65
TK003163,MAT0029,机械零件,5.9,0.0,15.99
TK003163,MAT0012,工具,11.9,0.0,307.53
TK003166,MAT0030,机械零件,18.5,0.0,57.5
TK003166,MAT0021,线缆,9.2,0.1,359.01
TK003166,MAT0046,线缆,16.6,1.4,138.61
TK003166,MAT0008,绝缘材料,10.0,0.0,94.82
TK003167,MAT0027,电气元件,5.2,1.4,257.03
TK003167,MAT0018,机械零件,1.5,0.0,18.01
TK003168,MAT0033,绝缘材料,10.2,0.0,429.84
TK003169,MAT0001,工具,10.1,0.9,416.45
TK003169,MAT0006,绝缘材料,1.0,0.0,420.49
TK003169,MAT0006,绝缘材料,13.8,0.8,413.29
TK003169,MAT0047,电气元件,0.6,1.1,383.47
TK003171,MAT0032,电气元件,10.1,0.0,28.31
TK003171,MAT0022,工具,2.9,0.5,60.15
TK003171,MAT0046,绝缘材料,5.9,0.0,120.98
TK003173,MAT0037,工具,8.0,0.0,313.53
TK003173,MAT0012,辅材,11.2,0.0,131.22
TK003173,MAT0041,电气元件,8.7,0.0,265.64
TK003173,MAT0029,电气元件,18.7,0.0,337.46
TK003173,MAT0021,绝缘材料,11.4,0.0,230.64
TK003174,MAT0042,线缆,2.2,0.0,437.79
TK003174,MAT0008,机械零件,10.6,0.0,492.77
TK003175,MAT0013,绝缘材料,2.8,0.0,149.18
TK003175,MAT0008,工具,6.8,0.0,498.08
TK003176,MAT0050,电气元件,14.7,0.0,424.15
TK003177,MAT0007,电气元件,16.0,0.0,185.17
TK003178,MAT0012,辅材,17.0,0.0,343.16
TK003178,MAT0004,辅材,17.7,1.8,253.22
TK003178,MAT0031,线缆,1.9,0.0,332.98
TK003178,MAT0010,电气元件,18.3,0.0,195.87
TK003178,MAT0048,工具,17.8,0.0,85.46
TK003179,MAT0050,线缆,18.1,0.0,473.12
TK003179,MAT0021,电气元件,16.4,0.0,99.17
TK003180,MAT0008,电气元件,12.4,0.4,156.3
TK003180,MAT0012,工具,19.1,0.0,18.92
TK003180,MAT0005,电气元件,16.5,0.0,183.45
TK003180,MAT0035,机械零件,1.1,0.0,464.54
TK003183,MAT0001,电气元件,1.3,0.0,425.75
TK003183,MAT0033,线缆,5.8,0.0,311.1
TK003183,MAT0043,辅材,3.9,0.0,173.72
TK003184,MAT0021,线缆,5.0,0.0,316.81
TK003184,MAT0009,电气元件,18.0,0.0,269.25
TK003184,MAT0034,绝缘材料,5.7,0.0,397.73
TK003184,MAT0019,辅材,5.8,0.0,109.5
TK003184,MAT0024,电气元件,18.0,0.0,54.53
TK003185,MAT0001,工具,14.2,0.0,236.44
TK003185,MAT0012,电气元件,14.1,0.0,328.45
TK003185,MAT0014,线缆,11.5,0.0,453.52
TK003185,MAT0026,辅材,13.6,0.0,491.06
TK003187,MAT0016,工具,19.5,0.0,164.9
TK003188,MAT0038,线缆,3.5,0.0,484.0
TK003190,MAT0013,机械零件,15.8,0.0,187.64
TK003190,MAT0004,机械零件,6.2,0.0,430.78
TK003190,MAT0026,绝缘材料,7.7,0.0,271.98
TK003190,MAT0044,线缆,0.6,0.0,452.07
TK003190,MAT0019,电气元件,7.6,0.0,164.49
TK003191,MAT0047,机械零件,8.0,0.0,446.3
TK003191,MAT0048,工具,9.8,0.0,470.47
TK003191,MAT0037,工具,8.0,0.0,419.31
TK003192,MAT0049,机械零件,10.9,0.0,135.89
TK003192,MAT0002,辅材,8.6,0.0,401.85
TK003192,MAT0014,辅材,2.1,0.0,345.47
TK003192,MAT0011,机械零件,18.1,0.0,24.92
TK003192,MAT0047,绝缘材料,0.8,0.0,418.42
TK003194,MAT0010,辅材,9.9,0.0,320.1
TK003195,MAT0011,线缆,12.6,0.0,484.59
TK003195,MAT0040,绝缘材料,2.6,0.0,65.89
TK003195,MAT0036,电气元件,4.0,0.0,60.11
TK003195,MAT0041,绝缘材料,7.1,0.8,408.84
TK003196,MAT0044,线缆,2.8,0.0,49.44
TK003198,MAT0013,电气元件,15.0,0.0,395.26
TK003199,MAT0024,绝缘材料,10.5,0.0,33.72
TK003199,MAT0030,辅材,5.5,0.3,85.85
TK003199,MAT0010,机械零件,16.8,0.0,404.23
TK003199,MAT0042,绝缘材料,4.3,0.0,393.15
TK003199,MAT0008,机械零件,18.8,0.0,274.34
TK003200,MAT0011,机械零件,15.3,0.0,229.37
TK003201,MAT0035,机械零件,15.4,0.0,225.23
TK003201,MAT0010,机械零件,16.1,0.0,251.99
TK003201,MAT0010,线缆,17.1,0.0,444.49
TK003202,MAT0018,机械零件,14.0,1.3,145.21
TK003202,MAT0028,工具,14.6,0.0,389.92
TK003202,MAT0004,电气元件,8.6,0.0,420.84
TK003202,MAT0017,线缆,15.8,0.0,297.07
TK003203,MAT0009,辅材,8.5,0.0,463.58
TK003203,MAT0046,辅材,17.0,0.0,272.2
TK003203,MAT0038,辅材,12.1,0.0,478.11
TK003204,MAT0001,线缆,17.1,0.0,349.73
TK003204,MAT0040,电气元件,4.8,0.0,212.08
TK003205,MAT0020,辅材,3.3,1.6,294.39
TK003205,MAT0016,线缆,18.9,0.0,131.71
TK003205,MAT0014,电气元件,14.3,0.0,454.97
TK003205,MAT0011,电气元件,5.0,0.2,193.25
TK003206,MAT0028,工具,8.3,0.0,112.8
TK003207,MAT0026,线缆,12.7,0.0,423.28
TK003207,MAT0004,工具,2.5,0.0,434.65
TK003207,MAT0045,辅材,13.3,0.0,294.1
TK003209,MAT0011,线缆,12.8,0.0,345.74
TK003209,MAT0043,工具,0.9,0.0,287.45
TK003209,MAT0046,机械零件,12.1,0.0,185.19
TK003209,MAT0007,机械零件,6.3,0.0,345.66
TK003209,MAT0008,电气元件,19.1,0.0,205.76
TK003210,MAT0016,电气元件,15.1,1.1,312.86
TK003210,MAT0028,绝缘材料,12.5,2.0,275.59
TK003210,MAT0011,线缆,5.6,0.0,388.64
TK003211,MAT0001,线缆,19.7,0.0,12.4
TK003211,MAT0049,电气元件,11.8,0.0,454.44
TK003211,MAT0036,电气元件,12.0,0.0,153.07
TK003211,MAT0033,工具,7.1,0.0,183.93
TK003211,MAT0033,线缆,19.0,0.0,126.54
TK003212,MAT0029,工具,0.7,0.0,31.86
TK003212,MAT0030,绝缘材料,18.3,0.0,483.64
TK003212,MAT0030,电气元件,16.9,0.0,202.65
TK003212,MAT0028,机械零件,10.5,0.0,239.81
TK003212,MAT0023,绝缘材料,14.6,0.0,71.68
TK003213,MAT0049,机械零件,19.9,0.0,479.16
TK003213,MAT0030,线缆,2.6,0.0,113.31
TK003213,MAT0002,机械零件,2.7,0.0,329.12
TK003213,MAT0038,电气元件,15.7,0.0,374.85
TK003214,MAT0042,电气元件,19.6,0.0,90.81
TK003215,MAT0049,工具,8.2,0.0,317.16
TK003215,MAT0044,工具,7.2,0.0,359.33
TK003215,MAT0018,线缆,0.7,0.0,410.59
TK003215,MAT0023,辅材,19.9,0.0,444.83
TK003217,MAT0047,电气元件,1.8,0.0,320.82
TK003218,MAT0050,辅材,8.0,0.0,11.44
TK003218,MAT0010,电气元件,11.1,0.0,76.33
TK003218,MAT0009,工具,2.5,0.0,102.76
TK003218,MAT0028,辅材,7.7,0.0,125.99
TK003219,MAT0038,机械零件,18.3,0.0,462.15
TK003220,MAT0012,工具,14.4,0.0,129.01
TK003221,MAT0037,线缆,7.6,0.0,212.66
TK003221,MAT0037,辅材,13.7,0.0,211.52
TK003222,MAT0010,机械零件,2.4,0.0,386.81
TK003222,MAT0035,电气元件,0.7,0.0,100.58
TK003222,MAT0050,辅材,19.6,0.0,337.21
TK003222,MAT0023,电气元件,8.7,0.0,102.08
TK003222,MAT0015,线缆,0.8,0.9,261.82
TK003223,MAT0025,辅材,13.2,0.0,82.75
TK003223,MAT0008,线缆,8.3,0.0,197.9
TK003223,MAT0038,电气元件,13.1,0.0,121.75
TK003223,MAT0049,线缆,18.0,0.0,200.47
TK003224,MAT0045,工具,1.6,0.0,498.57
TK003224,MAT0046,工具,12.2,0.0,82.49
TK003225,MAT0041,工具,4.7,1.1,232.0
TK003225,MAT0016,绝缘材料,1.5,0.0,177.86
TK003225,MAT0008,机械零件,17.6,0.9,201.93
TK003225,MAT0050,工具,2.5,0.0,255.59
TK003226,MAT0047,电气元件,3.2,0.5,70.18
TK003227,MAT0009,绝缘材料,9.8,0.0,366.76
TK003227,MAT0004,机械零件,10.3,0.0,379.16
TK003227,MAT0020,电气元件,9.2,0.0,353.18
TK003227,MAT0024,电气元件,6.8,0.0,318.48
TK003228,MAT0025,绝缘材料,6.1,0.0,400.84
TK003228,MAT0009,辅材,18.9,1.2,294.06
TK003228,MAT0036,机械零件,10.8,0.8,334.5
TK003229,MAT0036,辅材,1.8,0.8,65.75
TK003229,MAT0047,线缆,3.7,0.5,102.34
TK003229,MAT0024,辅材,1.3,0.0,349.58
TK003229,MAT0029,辅材,1.0,0.0,89.26
TK003229,MAT0034,线缆,15.4,1.2,103.16
TK003230,MAT0015,线缆,0.8,0.4,314.18
TK003230,MAT0043,机械零件,5.9,0.5,139.44
TK003230,MAT0049,机械零件,8.2,0.0,461.52
TK003231,MAT0043,机械零件,13.9,0.0,465.21
TK003231,MAT0033,电气元件,12.4,0.0,260.59
TK003231,MAT0012,绝缘材料,15.7,0.0,383.14
TK003232,MAT0020,绝缘材料,1.3,0.0,127.38
TK003232,MAT0004,辅材,9.5,0.0,225.83
TK003232,MAT0002,机械零件,18.7,0.0,292.05
TK003233,MAT0038,线缆,9.8,0.0,338.31
TK003235,MAT0003,机械零件,16.7,1.5,21.93
TK003236,MAT0025,绝缘材料,19.3,1.4,43.28
TK003236,MAT0003,机械零件,15.0,0.0,79.45
TK003236,MAT0039,线缆,4.8,0.0,399.64
TK003236,MAT0034,辅材,3.0,0.0,146.61
TK003236,MAT0041,线缆,2.0,0.0,99.83
TK003239,MAT0027,机械零件,7.0,0.6,385.75
TK003239,MAT0008,绝缘材料,3.5,0.0,478.54
TK003239,MAT0039,工具,13.0,0.0,451.19
TK003239,MAT0020,机械零件,11.3,0.0,208.66
TK003239,MAT0016,线缆,11.9,0.0,7.9
TK003240,MAT0032,工具,10.1,0.0,121.64
TK003241,MAT0039,电气元件,10.4,0.0,320.02
TK003241,MAT0045,工具,17.2,0.0,283.58
TK003242,MAT0047,电气元件,1.0,0.0,368.45
TK003242,MAT0006,工具,18.1,2.0,209.04
TK003243,MAT0021,机械零件,11.0,0.1,189.93
TK003243,MAT0041,线缆,4.4,0.0,477.96
TK003243,MAT0009,机械零件,9.9,0.0,6.64
TK003244,MAT0018,线缆,13.1,1.0,319.57
TK003244,MAT0018,线缆,8.1,0.1,104.48
TK003244,MAT0002,机械零件,10.7,1.6,243.09
TK003244,MAT0039,机械零件,15.8,0.0,69.23
TK003245,MAT0006,线缆,7.9,0.0,67.27
TK003245,MAT0027,工具,19.8,0.0,339.46
TK003245,MAT0047,辅材,6.2,0.0,253.08
TK003245,MAT0018,电气元件,5.5,0.0,190.23
TK003246,MAT0017,工具,3.5,0.0,218.11
TK003246,MAT0004,工具,9.0,0.0,469.41
TK003247,MAT0011,工具,0.9,0.0,341.15
TK003247,MAT0033,电气元件,5.3,0.0,255.15
TK003248,MAT0034,辅材,14.1,0.0,303.61
TK003248,MAT0033,工具,9.3,0.0,75.68
TK003248,MAT0042,辅材,6.6,0.0,385.0
TK003248,MAT0040,电气元件,0.5,0.0,364.5
TK003248,MAT0001,绝缘材料,7.5,0.0,230.88
TK003249,MAT0039,电气元件,2.3,0.0,182.69
TK003249,MAT0022,辅材,4.5,0.0,91.92
TK003249,MAT0024,绝缘材料,16.8,0.0,91.83
TK003249,MAT0021,机械零件,19.2,0.0,253.49
TK003249,MAT0047,工具,9.4,0.0,61.78
TK003250,MAT0046,电气元件,10.3,0.0,60.11
TK003250,MAT0011,电气元件,16.6,0.0,113.11
TK003250,MAT0026,线缆,3.0,0.3,197.41
TK003250,MAT0029,绝缘材料,0.7,0.9,473.85
TK003251,MAT0006,工具,7.2,0.0,485.3
TK003251,MAT0012,辅材,15.6,0.2,114.87
TK003251,MAT0044,机械零件,5.5,0.0,414.9
TK003252,MAT0005,线缆,0.9,0.0,148.2
TK003254,MAT0045,辅材,5.1,0.0,197.26
TK003254,MAT0021,线缆,9.1,2.0,380.88
TK003254,MAT0017,辅材,6.3,0.0,196.39
TK003254,MAT0015,绝缘材料,12.2,0.0,51.25
TK003257,MAT0047,工具,3.3,1.2,346.86
TK003257,MAT0042,绝缘材料,2.9,0.0,432.95
TK003257,MAT0049,辅材,8.0,0.0,376.74
TK003257,MAT0009,电气元件,6.1,0.0,134.11
TK003258,MAT0007,工具,15.4,0.0,195.9
TK003258,MAT0042,工具,8.3,0.0,442.83
TK003258,MAT0023,电气元件,10.0,0.0,108.12
TK003258,MAT0049,线缆,14.8,0.0,464.22
TK003259,MAT0016,线缆,6.2,1.2,263.72
TK003259,MAT0018,辅材,0.8,0.0,415.14
TK003259,MAT0014,工具,15.4,0.0,478.36
TK003260,MAT0026,机械零件,9.0,0.0,225.08
TK003260,MAT0001,机械零件,1.4,0.8,89.96
TK003261,MAT0033,辅材,6.1,1.9,214.58
TK003261,MAT0022,线缆,18.2,0.0,373.54
TK003263,MAT0022,绝缘材料,3.0,0.0,250.52
TK003263,MAT0024,工具,17.4,0.0,356.39
TK003263,MAT0015,机械零件,14.0,0.0,421.01
TK003264,MAT0050,机械零件,16.1,0.0,483.21
TK003265,MAT0029,机械零件,3.1,0.0,147.89
TK003265,MAT0013,绝缘材料,0.6,0.0,263.28
TK003266,MAT0034,绝缘材料,15.0,1.8,365.16
TK003266,MAT0027,辅材,6.6,0.0,64.47
TK003266,MAT0019,工具,6.0,0.0,159.84
TK003267,MAT0047,辅材,11.7,0.0,192.17
TK003267,MAT0044,线缆,18.9,0.0,416.6
TK003267,MAT0023,机械零件,10.4,0.0,84.38
TK003267,MAT0028,线缆,15.1,0.1,450.56
TK003267,MAT0001,辅材,3.9,0.0,408.35
TK003268,MAT0040,绝缘材料,2.3,0.0,126.08
TK003268,MAT0012,绝缘材料,15.7,0.0,283.08
TK003269,MAT0004,线缆,19.0,0.0,106.01
TK003269,MAT0045,工具,5.3,0.0,487.0
TK003269,MAT0043,绝缘材料,7.0,0.0,96.39
TK003270,MAT0043,机械零件,6.6,0.5,392.63
TK003270,MAT0042,电气元件,17.3,0.0,306.83
TK003271,MAT0002,电气元件,7.2,0.0,167.47
TK003272,MAT0010,电气元件,11.6,0.0,365.82
TK003272,MAT0004,电气元件,16.2,0.0,476.56
TK003272,MAT0037,辅材,19.5,0.2,498.22
TK003272,MAT0006,工具,17.3,0.0,260.74
TK003273,MAT0045,电气元件,1.4,0.0,374.76
TK003273,MAT0044,电气元件,15.0,0.0,31.39
TK003274,MAT0035,电气元件,18.8,0.0,214.86
TK003274,MAT0045,辅材,18.2,0.0,427.4
TK003274,MAT0044,电气元件,11.9,0.0,466.48
TK003274,MAT0002,工具,4.5,0.0,396.19
TK003274,MAT0037,线缆,14.3,0.0,26.08
TK003276,MAT0049,机械零件,1.7,0.0,91.51
TK003276,MAT0015,绝缘材料,13.2,1.5,426.56
TK003276,MAT0002,辅材,15.8,0.0,47.4
TK003280,MAT0008,工具,4.9,0.0,443.17
TK003280,MAT0017,电气元件,9.3,0.0,392.69
TK003280,MAT0036,绝缘材料,13.1,0.0,85.17
TK003280,MAT0002,辅材,3.4,0.0,321.77
TK003281,MAT0011,线缆,14.3,0.0,334.45
TK003282,MAT0039,辅材,5.1,0.0,422.08
TK003282,MAT0041,辅材,2.5,0.0,320.83
TK003282,MAT0014,线缆,17.3,1.6,34.23
TK003282,MAT0018,绝缘材料,7.3,0.0,335.35
TK003283,MAT0030,线缆,19.7,0.0,484.1
TK003283,MAT0005,机械零件,14.4,0.0,151.78
TK003284,MAT0032,线缆,18.1,1.3,155.19
TK003284,MAT0008,线缆,2.6,0.0,354.66
TK003284,MAT0021,线缆,17.8,0.0,65.97
TK003284,MAT0047,电气元件,16.6,0.0,194.64
TK003284,MAT0019,机械零件,19.3,0.0,228.01
TK003285,MAT0001,绝缘材料,6.3,0.0,479.97
TK003286,MAT0037,工具,7.2,1.5,60.72
TK003286,MAT0015,电气元件,16.6,0.0,460.43
TK003286,MAT0026,辅材,12.0,0.0,290.42
TK003287,MAT0020,机械零件,9.6,1.4,294.52
TK003287,MAT0006,机械零件,9.6,0.0,396.88
TK003289,MAT0043,线缆,1.1,0.0,53.74
TK003289,MAT0005,绝缘材料,19.2,1.2,347.83
TK003289,MAT0001,线缆,20.0,0.0,64.92
TK003290,MAT0022,辅材,8.6,0.0,137.74
TK003291,MAT0018,工具,8.3,0.0,78.42
TK003291,MAT0009,绝缘材料,14.9,0.0,129.77
TK003291,MAT0049,机械零件,10.4,0.0,25.28
TK003291,MAT0022,绝缘材料,13.8,1.9,166.1
TK003292,MAT0004,线缆,9.4,0.0,290.82
TK003292,MAT0048,绝缘材料,11.3,0.0,420.1
TK003292,MAT0029,辅材,16.0,0.0,56.67
TK003292,MAT0003,线缆,4.1,0.0,253.25
TK003292,MAT0039,辅材,6.6,0.0,413.45
TK003293,MAT0028,绝缘材料,9.5,1.8,326.57
TK003293,MAT0048,电气元件,17.1,0.0,103.23
TK003293,MAT0037,机械零件,13.3,1.2,273.74
TK003294,MAT0010,电气元件,16.5,0.6,55.53
TK003296,MAT0020,机械零件,12.5,0.0,401.36
TK003296,MAT0029,线缆,8.0,0.0,251.97
TK003296,MAT0005,线缆,10.0,0.0,461.01
TK003296,MAT0041,绝缘材料,1.8,0.4,429.44
TK003296,MAT0008,电气元件,3.5,0.6,164.51
TK003297,MAT0042,辅材,7.5,0.0,223.24
TK003297,MAT0014,绝缘材料,0.5,1.5,314.9
TK003297,MAT0026,机械零件,4.5,0.0,253.13
TK003297,MAT0023,绝缘材料,18.6,0.0,396.36
TK003298,MAT0045,工具,12.8,0.0,372.1
TK003298,MAT0032,绝缘材料,10.5,0.0,34.36
TK003298,MAT0048,辅材,3.2,0.0,248.43
TK003298,MAT0028,线缆,17.7,0.0,36.54
TK003299,MAT0039,线缆,9.3,0.0,53.7
TK003299,MAT0037,辅材,11.6,0.0,126.99
TK003299,MAT0032,机械零件,18.0,0.0,162.0
TK003299,MAT0016,辅材,13.1,0.0,188.08
TK003300,MAT0038,线缆,3.9,0.0,260.56
TK003300,MAT0044,绝缘材料,14.6,0.0,12.02
TK003301,MAT0001,机械零件,14.8,0.0,25.54
TK003301,MAT0008,辅材,14.7,0.0,216.04
TK003301,MAT0003,线缆,9.0,0.0,482.89
TK003301,MAT0002,机械零件,12.6,0.0,157.45
TK003302,MAT0028,绝缘材料,7.4,0.0,61.22
TK003302,MAT0020,辅材,6.8,0.0,136.67
TK003302,MAT0034,绝缘材料,8.5,0.0,260.47
TK003302,MAT0006,机械零件,14.4,0.0,95.09
TK003302,MAT0017,辅材,16.1,1.7,81.66
TK003303,MAT0048,机械零件,3.1,0.0,263.48
TK003303,MAT0005,线缆,1.6,1.9,124.05
TK003303,MAT0006,绝缘材料,18.9,0.0,390.82
TK003303,MAT0011,机械零件,11.9,0.0,274.49
TK003303,MAT0050,绝缘材料,6.6,0.0,303.23
TK003304,MAT0032,电气元件,18.0,0.0,22.29
TK003304,MAT0033,绝缘材料,17.5,0.0,163.07
TK003304,MAT0016,工具,11.4,0.0,65.64
TK003304,MAT0022,工具,6.3,1.3,64.9
TK003305,MAT0026,线缆,2.7,0.0,243.66
TK003305,MAT0007,工具,12.2,0.0,113.79
TK003305,MAT0041,电气元件,18.9,0.0,83.9
TK003306,MAT0024,机械零件,16.7,0.1,284.86
TK003306,MAT0026,绝缘材料,10.8,0.0,486.05
TK003306,MAT0001,电气元件,5.9,0.0,475.91
TK003306,MAT0001,机械零件,5.2,0.0,354.9
TK003306,MAT0023,电气元件,6.0,0.0,51.17
TK003307,MAT0038,辅材,18.1,0.1,251.91
TK003307,MAT0045,辅材,7.7,0.0,219.85
TK003308,MAT0013,电气元件,10.7,0.0,465.08
TK003308,MAT0016,工具,8.9,0.0,81.87
TK003309,MAT0017,电气元件,10.5,0.0,273.77
TK003309,MAT0037,机械零件,7.9,0.0,351.96
TK003309,MAT0005,电气元件,10.3,0.0,62.64
TK003309,MAT0012,辅材,14.7,0.0,363.75
TK003310,MAT0045,机械零件,14.7,0.0,152.82
TK003310,MAT0011,工具,1.2,0.0,451.02
TK003310,MAT0014,线缆,2.4,1.1,41.16
TK003310,MAT0020,辅材,9.2,1.4,432.92
TK003311,MAT0023,辅材,7.9,0.0,34.5
TK003311,MAT0009,绝缘材料,10.2,0.0,34.84
TK003311,MAT0003,工具,7.4,1.8,336.69
TK003312,MAT0009,绝缘材料,7.5,0.0,358.84
TK003312,MAT0049,绝缘材料,10.6,0.0,434.97
TK003313,MAT0023,机械零件,5.9,0.0,72.29
TK003315,MAT0015,机械零件,12.1,1.1,477.67
TK003315,MAT0046,辅材,2.6,0.0,367.43
TK003315,MAT0044,辅材,14.9,0.6,342.42
TK003315,MAT0010,线缆,15.3,0.0,264.19
TK003315,MAT0036,机械零件,17.2,0.0,19.53
TK003316,MAT0030,机械零件,2.5,0.0,140.95
TK003316,MAT0033,电气元件,17.7,1.4,462.17
TK003316,MAT0024,辅材,3.9,0.0,472.4
TK003317,MAT0025,线缆,3.0,0.0,65.66
TK003319,MAT0050,辅材,14.5,0.0,463.85
TK003320,MAT0043,线缆,9.5,0.0,177.06
TK003321,MAT0005,机械零件,1.2,0.0,139.31
TK003321,MAT0012,绝缘材料,16.8,0.0,11.03
TK003326,MAT0027,机械零件,0.9,0.0,421.74
TK003326,MAT0011,机械零件,8.8,1.5,130.06
TK003326,MAT0050,绝缘材料,9.2,0.0,405.99
TK003326,MAT0018,绝缘材料,17.7,0.0,388.68
TK003327,MAT0028,线缆,5.6,0.0,421.84
TK003328,MAT0022,辅材,16.6,0.0,391.73
TK003329,MAT0033,电气元件,19.4,0.3,431.22
TK003329,MAT0020,工具,19.0,0.0,375.75
TK003329,MAT0045,工具,11.1,0.0,218.97
TK003329,MAT0010,辅材,8.9,0.0,474.1
TK003329,MAT0028,绝缘材料,4.8,0.0,439.94
TK003330,MAT0050,机械零件,12.8,1.2,293.03
TK003330,MAT0008,辅材,2.6,0.0,191.82
TK003330,MAT0027,工具,10.8,0.0,181.1
TK003331,MAT0001,辅材,17.3,0.0,98.81
TK003331,MAT0016,线缆,16.6,0.0,309.07
TK003331,MAT0047,线缆,10.5,0.0,463.43
TK003331,MAT0047,线缆,5.2,0.0,399.78
TK003332,MAT0024,线缆,10.6,0.0,378.72
TK003333,MAT0030,线缆,8.0,0.0,86.66
TK003333,MAT0036,机械零件,0.6,0.0,18.06
TK003333,MAT0030,辅材,17.6,0.0,243.15
TK003334,MAT0010,机械零件,9.1,0.0,492.19
TK003335,MAT0010,线缆,2.3,0.0,70.33
TK003335,MAT0036,电气元件,1.6,0.0,339.44
TK003335,MAT0044,线缆,15.7,0.5,232.1
TK003335,MAT0017,辅材,9.1,0.0,219.48
TK003336,MAT0046,绝缘材料,14.2,0.0,249.9
TK003337,MAT0030,绝缘材料,11.5,0.0,487.35
TK003338,MAT0019,辅材,7.0,0.0,402.33
TK003340,MAT0042,辅材,5.5,0.0,126.32
TK003340,MAT0025,线缆,11.1,0.0,350.96
TK003341,MAT0005,辅材,3.0,0.0,348.64
TK003341,MAT0027,线缆,17.3,1.6,393.99
TK003341,MAT0045,机械零件,8.3,0.0,157.95
TK003344,MAT0040,绝缘材料,7.2,0.7,92.05
TK003345,MAT0006,电气元件,3.5,0.0,273.73
TK003345,MAT0007,线缆,16.0,0.0,184.62
TK003345,MAT0041,工具,12.3,0.0,63.8
TK003345,MAT0030,电气元件,14.4,0.0,380.18
TK003345,MAT0047,绝缘材料,16.5,0.0,320.0
TK003346,MAT0029,工具,6.0,0.0,39.86
TK003346,MAT0045,线缆,6.9,1.3,53.65
TK003346,MAT0021,辅材,13.4,0.0,479.15
TK003347,MAT0039,工具,5.6,0.0,168.82
TK003347,MAT0003,绝缘材料,14.7,0.0,185.72
TK003347,MAT0016,工具,14.1,0.0,90.77
TK003347,MAT0025,辅材,12.7,0.2,276.05
TK003347,MAT0037,辅材,7.3,1.7,281.41
TK003348,MAT0047,绝缘材料,8.3,0.0,334.72
TK003348,MAT0033,工具,14.1,0.0,396.05
TK003348,MAT0024,辅材,2.9,0.0,375.97
TK003349,MAT0036,辅材,16.3,1.1,200.48
TK003349,MAT0022,工具,3.5,1.6,462.76
TK003349,MAT0002,线缆,11.9,0.0,379.72
TK003349,MAT0004,绝缘材料,14.7,0.0,369.29
TK003350,MAT0010,电气元件,17.0,0.0,332.64
TK003350,MAT0003,线缆,5.7,0.0,405.74
TK003350,MAT0027,机械零件,7.3,0.0,464.38
TK003350,MAT0043,电气元件,11.4,0.0,73.77
TK003351,MAT0001,线缆,14.1,0.0,453.6
TK003351,MAT0027,工具,8.1,1.5,487.28
TK003351,MAT0017,绝缘材料,15.1,1.7,249.26
TK003351,MAT0028,辅材,4.6,0.0,227.75
TK003352,MAT0050,辅材,8.5,0.0,234.82
TK003353,MAT0039,电气元件,7.1,0.0,146.63
TK003353,MAT0042,线缆,8.9,0.0,232.76
TK003353,MAT0042,绝缘材料,5.2,0.0,494.5
TK003353,MAT0016,绝缘材料,1.2,0.0,145.7
TK003354,MAT0015,工具,3.4,0.0,223.18
TK003354,MAT0037,绝缘材料,6.2,0.0,409.3
TK003355,MAT0050,机械零件,10.8,0.0,71.07
TK003355,MAT0028,绝缘材料,17.5,0.0,105.86
TK003355,MAT0042,线缆,15.8,0.0,96.48
TK003357,MAT0030,机械零件,0.9,0.0,87.07
TK003357,MAT0026,绝缘材料,19.9,0.0,97.52
TK003357,MAT0005,工具,9.5,0.0,134.26
TK003357,MAT0021,电气元件,3.7,0.0,74.77
TK003359,MAT0017,机械零件,19.4,0.0,235.84
TK003359,MAT0044,线缆,12.1,0.0,210.7
TK003359,MAT0033,工具,14.7,0.0,48.2
TK003359,MAT0045,辅材,5.2,0.6,67.15
TK003359,MAT0031,机械零件,12.7,1.7,373.03
TK003360,MAT0040,机械零件,10.4,0.5,310.8
TK003360,MAT0014,机械零件,16.8,0.0,485.14
TK003361,MAT0044,机械零件,3.5,0.0,103.83
TK003361,MAT0003,辅材,14.2,0.6,147.44
TK003361,MAT0001,工具,13.2,1.1,280.41
TK003362,MAT0006,机械零件,12.6,0.0,211.16
TK003362,MAT0002,辅材,6.7,0.0,90.95
TK003362,MAT0001,绝缘材料,3.5,0.0,136.44
TK003362,MAT0011,电气元件,8.4,0.8,362.76
TK003362,MAT0040,机械零件,10.3,0.0,43.38
TK003363,MAT0019,电气元件,9.7,0.0,451.73
TK003364,MAT0004,机械零件,9.6,0.0,70.15
TK003364,MAT0020,工具,12.7,0.0,449.72
TK003364,MAT0034,电气元件,12.4,0.0,148.45
TK003364,MAT0022,辅材,6.9,0.0,259.84
TK003364,MAT0037,工具,19.1,0.0,98.75
TK003365,MAT0003,工具,8.1,0.0,451.6
TK003366,MAT0048,绝缘材料,14.4,0.0,448.06
TK003367,MAT0024,辅材,17.2,0.0,124.07
TK003367,MAT0003,电气元件,2.3,0.0,386.27
TK003367,MAT0018,电气元件,10.8,0.0,332.12
TK003367,MAT0008,机械零件,14.4,1.2,9.69
TK003368,MAT0005,工具,4.2,0.0,381.18
TK003368,MAT0024,机械零件,10.4,0.0,37.59
TK003368,MAT0019,机械零件,7.2,0.0,401.91
TK003368,MAT0044,绝缘材料,2.6,1.1,414.57
TK003369,MAT0045,电气元件,5.2,0.0,169.11
TK003370,MAT0004,工具,18.7,0.0,6.52
TK003370,MAT0029,机械零件,6.2,0.0,111.5
TK003371,MAT0049,机械零件,7.3,0.0,340.29
TK003371,MAT0005,绝缘材料,19.6,0.0,459.62
TK003374,MAT0039,绝缘材料,18.1,0.0,196.61
TK003374,MAT0042,机械零件,15.9,0.0,49.07
TK003374,MAT0037,机械零件,15.1,2.0,472.2
TK003375,MAT0038,绝缘材料,16.6,0.0,230.74
TK003376,MAT0013,电气元件,4.9,0.0,441.73
TK003377,MAT0014,机械零件,7.9,0.0,219.56
TK003377,MAT0024,绝缘材料,12.6,0.0,374.74
TK003378,MAT0016,绝缘材料,3.2,0.0,320.53
TK003378,MAT0022,辅材,7.0,0.0,60.29
TK003380,MAT0009,工具,1.6,0.0,454.83
TK003380,MAT0010,线缆,5.6,1.2,89.56
TK003380,MAT0043,线缆,4.7,0.0,258.47
TK003380,MAT0031,绝缘材料,4.4,0.0,470.06
TK003381,MAT0018,机械零件,17.5,0.9,192.75
TK003381,MAT0004,电气元件,19.6,0.7,149.89
TK003381,MAT0047,绝缘材料,1.2,0.0,14.43
TK003381,MAT0019,线缆,12.0,0.4,378.95
TK003381,MAT0030,绝缘材料,10.5,0.0,224.3
TK003382,MAT0048,辅材,14.0,0.0,482.27
TK003383,MAT0038,辅材,16.3,0.0,167.17
TK003383,MAT0039,辅材,5.0,0.0,343.45
TK003383,MAT0023,机械零件,14.2,0.0,119.12
TK003384,MAT0027,电气元件,19.5,0.0,375.52
TK003384,MAT0004,绝缘材料,3.7,0.0,110.32
TK003384,MAT0019,电气元件,19.4,0.6,236.73
TK003385,MAT0031,电气元件,9.0,1.5,64.57
TK003385,MAT0008,辅材,5.0,0.0,477.09
TK003386,MAT0026,机械零件,9.1,0.0,21.31
TK003386,MAT0028,线缆,8.5,0.0,255.95
TK003387,MAT0021,线缆,1.0,0.0,104.48
TK003388,MAT0008,绝缘材料,9.8,0.0,405.14
TK003390,MAT0036,辅材,12.6,1.0,256.53
TK003390,MAT0015,线缆,12.4,0.0,284.31
TK003390,MAT0012,绝缘材料,8.2,0.0,393.09
TK003390,MAT0010,工具,0.7,1.7,454.77
TK003390,MAT0011,线缆,16.6,0.0,392.99
TK003392,MAT0028,线缆,10.3,0.0,57.74
TK003392,MAT0011,绝缘材料,19.1,0.0,17.17
TK003393,MAT0011,工具,6.7,0.0,105.08
TK003393,MAT0009,机械零件,5.2,0.0,213.09
TK003394,MAT0014,电气元件,16.9,0.0,202.48
TK003394,MAT0019,线缆,7.8,0.0,125.0
TK003394,MAT0007,绝缘材料,2.4,0.0,104.75
TK003395,MAT0003,绝缘材料,7.9,0.0,344.66
TK003395,MAT0050,工具,13.7,0.0,352.79
TK003395,MAT0025,工具,4.5,0.0,491.56
TK003395,MAT0031,辅材,15.5,0.0,163.64
TK003396,MAT0048,辅材,15.8,0.0,358.36
TK003397,MAT0027,工具,6.4,1.4,278.64
TK003397,MAT0005,绝缘材料,3.0,1.7,157.47
TK003397,MAT0026,工具,7.1,0.0,352.04
TK003397,MAT0031,辅材,2.6,0.0,78.33
TK003398,MAT0025,电气元件,12.0,0.1,490.11
TK003398,MAT0011,机械零件,4.8,0.0,186.29
TK003398,MAT0001,机械零件,18.7,0.0,278.59
TK003399,MAT0020,工具,14.8,0.0,67.02
TK003399,MAT0031,绝缘材料,12.9,0.0,137.31
TK003399,MAT0011,机械零件,1.2,0.0,63.01
TK003400,MAT0016,绝缘材料,14.9,0.0,8.94
TK003400,MAT0018,机械零件,7.7,0.0,436.34
TK003400,MAT0002,工具,0.9,0.0,33.33
TK003401,MAT0032,绝缘材料,4.4,0.0,96.81
TK003401,MAT0015,工具,3.0,0.0,309.53
TK003402,MAT0047,电气元件,14.2,0.0,142.39
TK003402,MAT0019,绝缘材料,17.6,1.3,217.91
TK003402,MAT0017,机械零件,12.1,0.0,176.15
TK003402,MAT0013,工具,14.5,0.3,443.19
TK003403,MAT0019,线缆,15.8,0.0,141.92
TK003403,MAT0039,电气元件,19.3,1.2,5.5
TK003403,MAT0046,线缆,15.0,0.0,337.14
TK003403,MAT0010,工具,19.3,0.0,384.02
TK003403,MAT0029,线缆,0.8,0.0,205.63
TK003404,MAT0012,绝缘材料,12.0,1.7,477.59
TK003404,MAT0045,工具,19.3,0.0,171.37
TK003404,MAT0016,电气元件,1.7,1.5,68.42
TK003404,MAT0030,工具,9.2,0.0,315.47
TK003404,MAT0006,辅材,19.4,0.0,357.87
TK003405,MAT0012,绝缘材料,20.0,0.0,485.41
TK003405,MAT0030,工具,18.1,0.0,294.8
TK003405,MAT0018,机械零件,0.6,0.0,133.23
TK003405,MAT0022,机械零件,1.4,0.0,229.95
TK003405,MAT0026,机械零件,18.2,0.0,354.3
TK003406,MAT0038,工具,16.7,1.0,386.3
TK003406,MAT0004,辅材,9.4,0.0,181.49
TK003406,MAT0029,工具,5.6,1.0,481.89
TK003407,MAT0049,工具,3.6,0.0,162.93
TK003407,MAT0036,辅材,5.5,0.0,323.06
TK003407,MAT0013,机械零件,8.3,0.1,197.94
TK003407,MAT0010,电气元件,15.3,0.0,462.49
TK003407,MAT0027,绝缘材料,8.4,0.0,295.1
TK003408,MAT0050,线缆,8.0,0.0,394.02
TK003408,MAT0034,电气元件,4.1,0.0,425.2
TK003408,MAT0010,机械零件,2.7,0.0,264.07
TK003409,MAT0017,绝缘材料,17.2,0.0,61.58
TK003410,MAT0025,线缆,7.5,0.0,389.21
TK003410,MAT0044,绝缘材料,7.2,0.0,388.22
TK003410,MAT0041,工具,2.9,0.0,246.13
TK003414,MAT0029,辅材,8.6,1.2,429.74
TK003414,MAT0021,电气元件,4.2,0.0,271.29
TK003414,MAT0046,线缆,14.0,0.0,94.1
TK003414,MAT0024,电气元件,3.3,0.0,10.69
TK003414,MAT0003,线缆,12.7,0.0,115.14
TK003416,MAT0049,辅材,5.8,0.0,161.98
TK003416,MAT0034,电气元件,5.9,0.0,103.54
TK003417,MAT0009,线缆,13.5,0.0,463.52
TK003417,MAT0022,辅材,6.0,1.2,97.73
TK003418,MAT0002,辅材,7.6,0.0,376.58
TK003418,MAT0031,电气元件,10.1,0.0,13.96
TK003418,MAT0031,电气元件,2.8,0.0,461.55
TK003419,MAT0032,绝缘材料,10.2,0.0,207.65
TK003419,MAT0049,辅材,15.8,0.0,249.22
TK003419,MAT0022,辅材,19.8,0.0,494.95
TK003419,MAT0046,电气元件,11.3,0.0,108.58
TK003419,MAT0035,线缆,16.4,0.0,287.09
TK003420,MAT0030,绝缘材料,15.2,0.0,449.97
TK003420,MAT0014,辅材,17.7,0.3,374.37
TK003420,MAT0015,机械零件,13.1,0.1,121.77
TK003421,MAT0025,辅材,12.8,0.0,403.26
TK003421,MAT0012,线缆,18.7,0.0,118.29
TK003421,MAT0028,绝缘材料,6.3,0.0,321.82
TK003422,MAT0024,线缆,18.6,0.0,127.33
TK003422,MAT0010,工具,18.6,0.0,209.03
TK003422,MAT0008,工具,0.9,0.0,358.23
TK003422,MAT0040,工具,19.8,0.0,403.97
TK003422,MAT0041,机械零件,0.9,0.0,171.26
TK003423,MAT0005,机械零件,6.3,0.0,398.67
TK003424,MAT0017,电气元件,19.6,0.0,29.66
TK003424,MAT0021,线缆,8.7,0.5,243.15
TK003424,MAT0017,电气元件,2.9,0.0,356.67
TK003424,MAT0040,电气元件,15.1,0.0,51.65
TK003424,MAT0034,绝缘材料,15.5,0.0,112.83
TK003425,MAT0028,电气元件,13.4,0.0,250.61
TK003427,MAT0018,工具,14.3,0.0,296.89
TK003427,MAT0002,线缆,19.8,0.2,367.01
TK003427,MAT0046,工具,2.2,0.0,52.52
TK003427,MAT0011,电气元件,19.9,0.1,429.22
TK003427,MAT0020,机械零件,0.8,0.0,397.37
TK003428,MAT0009,机械零件,15.6,0.0,113.68
TK003428,MAT0044,线缆,9.1,0.0,476.96
TK003428,MAT0022,电气元件,7.5,1.0,487.96
TK003428,MAT0009,辅材,15.5,0.0,198.0
TK003428,MAT0026,绝缘材料,17.9,0.0,113.98
TK003429,MAT0004,绝缘材料,7.7,0.0,186.19
TK003429,MAT0042,辅材,17.1,0.0,473.8
TK003429,MAT0040,机械零件,14.0,1.6,106.37
TK003429,MAT0042,绝缘材料,17.4,0.0,414.21
TK003430,MAT0038,工具,16.3,0.0,212.14
TK003430,MAT0042,工具,16.3,0.4,43.28
TK003430,MAT0043,电气元件,4.0,0.0,115.0
TK003430,MAT0043,工具,11.4,0.0,337.14
TK003430,MAT0007,电气元件,15.5,0.0,93.69
TK003431,MAT0035,辅材,12.2,0.0,317.74
TK003432,MAT0043,绝缘材料,10.6,0.0,459.78
TK003432,MAT0023,机械零件,15.0,0.0,329.94
TK003432,MAT0033,绝缘材料,0.9,0.0,200.27
TK003433,MAT0044,电气元件,5.6,0.0,70.95
TK003433,MAT0003,线缆,17.6,0.0,428.32
TK003434,MAT0009,机械零件,6.4,0.0,477.19
TK003434,MAT0025,工具,8.6,0.0,266.76
TK003435,MAT0003,工具,17.8,0.0,234.15
TK003435,MAT0033,绝缘材料,8.3,0.0,210.69
TK003435,MAT0002,绝缘材料,1.9,0.0,449.83
TK003435,MAT0039,电气元件,2.9,0.0,447.78
TK003436,MAT0028,辅材,9.5,0.0,41.67
TK003436,MAT0026,机械零件,14.7,0.0,360.53
TK003437,MAT0026,电气元件,2.4,0.0,313.21
TK003438,MAT0040,线缆,8.1,0.0,295.24
TK003438,MAT0041,电气元件,13.2,0.0,15.4
TK003438,MAT0039,辅材,16.7,0.0,348.79
TK003438,MAT0007,工具,10.5,1.0,252.78
TK003438,MAT0018,绝缘材料,0.7,0.0,131.02
TK003439,MAT0046,电气元件,1.5,0.0,79.32
TK003439,MAT0030,电气元件,3.3,0.0,205.73
TK003439,MAT0019,电气元件,13.4,0.0,80.65
TK003439,MAT0021,线缆,5.3,0.0,10.58
TK003440,MAT0046,机械零件,18.7,0.0,88.7
TK003440,MAT0049,绝缘材料,12.7,0.0,166.84
TK003441,MAT0031,线缆,18.7,0.0,278.63
TK003441,MAT0016,工具,6.0,0.0,290.51
TK003441,MAT0031,电气元件,17.0,0.0,126.4
TK003442,MAT0045,辅材,3.6,0.0,151.32
TK003442,MAT0027,线缆,8.3,0.0,129.46
TK003442,MAT0038,工具,18.0,0.2,307.24
TK003442,MAT0003,辅材,14.1,0.0,458.08
TK003442,MAT0024,机械零件,13.4,0.0,458.2
TK003443,MAT0019,工具,16.7,0.1,331.98
TK003443,MAT0002,辅材,4.4,0.0,238.22
TK003443,MAT0012,工具,10.0,1.9,246.68
TK003443,MAT0028,辅材,3.2,0.0,482.1
TK003443,MAT0011,辅材,10.7,0.1,45.24
TK003446,MAT0025,电气元件,0.6,0.0,496.59
TK003446,MAT0049,线缆,14.8,2.0,89.47
TK003446,MAT0028,机械零件,2.3,0.0,335.02
TK003447,MAT0023,机械零件,6.8,0.0,332.02
TK003447,MAT0043,绝缘材料,1.0,0.0,176.77
TK003447,MAT0045,绝缘材料,8.9,0.0,484.57
TK003447,MAT0038,线缆,10.9,0.0,461.94
TK003448,MAT0047,机械零件,6.0,0.1,225.72
TK003448,MAT0043,电气元件,19.5,0.0,108.32
TK003449,MAT0018,线缆,19.6,1.4,232.29
TK003449,MAT0005,机械零件,0.9,0.0,441.56
TK003449,MAT0004,电气元件,4.7,0.0,298.5
TK003449,MAT0012,电气元件,1.4,0.0,133.37
TK003450,MAT0045,辅材,12.8,0.0,11.51
TK003450,MAT0045,机械零件,11.0,0.0,333.08
TK003452,MAT0009,电气元件,11.5,0.0,374.78
TK003452,MAT0020,辅材,9.2,0.0,108.96
TK003452,MAT0035,辅材,2.3,2.0,352.67
TK003452,MAT0015,电气元件,17.5,0.0,258.05
TK003453,MAT0041,电气元件,7.5,0.0,414.36
TK003453,MAT0013,辅材,16.3,0.0,414.14
TK003454,MAT0012,工具,10.7,0.0,410.85
TK003454,MAT0018,机械零件,10.8,0.0,405.46
TK003454,MAT0028,绝缘材料,10.5,0.0,259.35
TK003455,MAT0028,辅材,2.7,0.0,307.61
TK003458,MAT0003,工具,18.7,0.0,458.97
TK003458,MAT0031,机械零件,7.3,0.0,482.91
TK003459,MAT0031,绝缘材料,4.6,0.0,244.25
TK003459,MAT0013,机械零件,18.3,0.0,482.52
TK003460,MAT0005,机械零件,19.5,0.0,168.6
TK003461,MAT0021,线缆,8.0,0.0,463.97
TK003461,MAT0008,机械零件,12.0,0.0,76.64
TK003461,MAT0001,电气元件,13.6,0.6,13.28
TK003461,MAT0012,绝缘材料,12.5,0.0,277.7
TK003461,MAT0019,绝缘材料,4.9,0.1,361.27
TK003463,MAT0002,绝缘材料,12.6,0.0,361.67
TK003463,MAT0034,绝缘材料,11.6,0.0,321.6
TK003464,MAT0006,电气元件,12.4,1.5,203.37
TK003464,MAT0033,电气元件,7.1,0.0,363.34
TK003464,MAT0020,电气元件,5.7,0.0,30.78
TK003465,MAT0026,绝缘材料,2.8,0.0,207.43
TK003466,MAT0003,电气元件,15.3,0.0,459.74
TK003467,MAT0024,电气元件,8.0,0.0,432.65
TK003467,MAT0030,机械零件,15.7,0.0,85.17
TK003467,MAT0005,线缆,16.1,1.2,149.39
TK003467,MAT0037,辅材,2.0,1.0,198.16
TK003467,MAT0001,工具,10.5,0.0,386.27
TK003469,MAT0047,工具,7.3,0.0,361.99
TK003470,MAT0034,绝缘材料,16.2,0.0,99.87
TK003471,MAT0030,机械零件,17.0,0.0,97.36
TK003471,MAT0022,线缆,1.5,1.3,495.04
TK003471,MAT0032,辅材,12.1,0.0,235.62
TK003472,MAT0013,电气元件,14.9,1.7,272.41
TK003472,MAT0012,辅材,10.2,0.0,104.54
TK003472,MAT0004,线缆,18.9,0.0,108.76
TK003472,MAT0015,辅材,17.5,0.0,478.17
TK003473,MAT0038,线缆,15.0,0.0,394.23
TK003473,MAT0005,机械零件,15.9,0.0,124.42
TK003474,MAT0023,电气元件,9.9,0.0,295.99
TK003474,MAT0016,机械零件,20.0,1.3,212.49
TK003474,MAT0033,工具,14.4,0.0,483.71
TK003474,MAT0021,辅材,9.5,0.0,113.56
TK003475,MAT0047,绝缘材料,1.6,0.0,84.3
TK003476,MAT0006,机械零件,2.2,0.0,269.51
TK003476,MAT0031,电气元件,14.8,0.0,224.49
TK003476,MAT0023,辅材,16.3,0.0,417.39
TK003476,MAT0018,工具,14.9,0.0,352.76
TK003477,MAT0016,辅材,3.5,0.2,406.13
TK003477,MAT0031,线缆,5.5,0.0,268.48
TK003477,MAT0027,机械零件,18.7,0.0,483.55
TK003477,MAT0045,工具,2.5,0.0,75.35
TK003480,MAT0034,线缆,4.5,0.0,266.63
TK003480,MAT0050,电气元件,9.6,1.3,197.6
TK003480,MAT0003,工具,8.3,0.0,144.53
TK003481,MAT0010,辅材,5.7,0.0,208.09
TK003481,MAT0003,电气元件,2.1,0.0,384.44
TK003481,MAT0047,电气元件,2.2,0.6,26.52
TK003481,MAT0045,线缆,4.3,0.0,51.44
TK003481,MAT0026,辅材,7.0,0.0,333.11
TK003482,MAT0013,工具,15.7,0.0,99.22
TK003482,MAT0015,工具,19.2,0.0,328.38
TK003482,MAT0035,绝缘材料,18.3,0.0,209.41
TK003483,MAT0050,工具,18.4,0.0,133.35
TK003483,MAT0046,辅材,5.2,0.0,277.85
TK003484,MAT0012,工具,17.3,0.0,434.67
TK003484,MAT0028,机械零件,4.9,0.0,426.15
TK003485,MAT0045,线缆,12.5,0.0,79.16
TK003485,MAT0031,工具,1.9,0.0,246.94
TK003485,MAT0039,工具,8.6,0.0,489.11
TK003485,MAT0009,线缆,14.0,0.3,91.6
TK003485,MAT0042,辅材,6.6,0.0,410.15
TK003486,MAT0014,机械零件,12.5,0.0,432.42
TK003486,MAT0013,线缆,11.5,1.3,91.46
TK003488,MAT0032,绝缘材料,10.9,0.6,133.85
TK003489,MAT0029,电气元件,6.8,1.8,254.47
TK003489,MAT0038,机械零件,13.4,0.0,412.43
TK003489,MAT0023,绝缘材料,2.7,1.9,485.96
TK003489,MAT0003,电气元件,13.4,0.0,479.63
TK003489,MAT0028,电气元件,3.6,0.0,391.54
TK003490,MAT0015,机械零件,8.7,0.7,144.42
TK003490,MAT0012,工具,1.4,0.0,135.01
TK003490,MAT0021,电气元件,18.9,0.0,475.43
TK003490,MAT0008,线缆,15.4,1.1,485.17
TK003490,MAT0024,工具,8.0,0.0,118.57
TK003491,MAT0007,线缆,18.7,0.0,287.88
TK003491,MAT0031,绝缘材料,13.1,0.9,493.58
TK003491,MAT0016,辅材,14.3,0.0,363.01
TK003491,MAT0011,辅材,0.7,1.7,160.19
TK003492,MAT0022,绝缘材料,1.8,1.3,374.08
TK003492,MAT0026,绝缘材料,6.0,0.0,47.78
TK003492,MAT0044,绝缘材料,12.3,0.1,221.03
TK003492,MAT0038,绝缘材料,1.9,0.0,453.98
TK003492,MAT0015,机械零件,16.5,0.0,430.74
TK003493,MAT0049,工具,16.8,1.1,69.82
TK003493,MAT0043,工具,8.2,0.0,329.28
TK003493,MAT0018,辅材,16.8,0.0,204.48
TK003493,MAT0013,电气元件,16.1,1.1,326.56
TK003493,MAT0045,辅材,4.0,0.9,332.26
TK003494,MAT0041,工具,13.4,0.6,213.54
TK003494,MAT0047,工具,10.9,0.0,109.27
TK003494,MAT0043,绝缘材料,16.1,0.0,120.77
TK003494,MAT0023,绝缘材料,19.7,0.2,480.91
TK003495,MAT0034,绝缘材料,3.2,0.1,8.46
TK003495,MAT0015,机械零件,13.3,0.0,423.89
TK003495,MAT0017,辅材,6.7,0.0,410.29
TK003495,MAT0024,电气元件,3.1,0.7,96.98
TK003496,MAT0015,绝缘材料,4.1,0.7,276.62
TK003496,MAT0050,电气元件,5.9,0.0,95.81
TK003496,MAT0023,电气元件,2.8,0.0,260.4
TK003496,MAT0025,电气元件,4.5,0.0,356.02
TK003497,MAT0026,辅材,8.4,0.8,158.55
TK003497,MAT0035,工具,3.7,1.8,291.88
TK003497,MAT0022,电气元件,7.6,1.2,325.14
TK003497,MAT0008,辅材,17.6,0.0,195.34
TK003498,MAT0026,绝缘材料,13.0,0.0,330.98
TK003498,MAT0023,绝缘材料,20.0,0.0,235.31
TK003499,MAT0027,工具,0.9,1.2,435.96
TK003499,MAT0041,绝缘材料,13.2,0.0,411.56
TK003499,MAT0050,线缆,11.3,0.0,407.14
TK003499,MAT0041,辅材,3.8,0.0,339.67
TK003499,MAT0029,线缆,2.4,0.0,345.55
TK003500,MAT0009,工具,15.9,0.0,208.6
TK003500,MAT0029,电气元件,5.2,0.0,75.54
TK003500,MAT0012,线缆,8.5,0.9,130.24
TK003500,MAT0032,机械零件,6.0,0.0,70.43
TK003500,MAT0043,线缆,16.0,0.2,65.82
TK003501,MAT0021,工具,14.7,0.0,131.36
TK003501,MAT0032,工具,7.9,0.0,185.15
TK003504,MAT0030,辅材,11.7,0.0,207.74
TK003504,MAT0024,工具,13.4,0.0,173.0
TK003504,MAT0015,工具,3.7,0.0,281.32
TK003504,MAT0034,工具,14.4,2.0,194.96
TK003505,MAT0004,线缆,14.4,0.0,296.05
TK003506,MAT0043,绝缘材料,15.8,1.8,322.03
TK003506,MAT0036,辅材,10.0,0.0,472.83
TK003506,MAT0020,机械零件,2.1,0.0,40.0
TK003507,MAT0049,机械零件,18.3,0.0,87.84
TK003507,MAT0017,工具,12.4,0.0,332.29
TK003507,MAT0009,绝缘材料,9.8,0.0,144.99
TK003507,MAT0021,电气元件,17.8,0.0,229.97
TK003508,MAT0048,机械零件,2.0,0.0,65.98
TK003508,MAT0024,机械零件,10.9,0.0,172.88
TK003508,MAT0011,机械零件,3.0,0.0,132.34
TK003508,MAT0011,辅材,10.8,0.0,400.79
TK003508,MAT0013,电气元件,16.9,0.0,424.49
TK003509,MAT0024,工具,19.6,0.1,77.54
TK003509,MAT0009,工具,14.8,0.0,279.34
TK003509,MAT0041,工具,10.2,0.0,278.35
TK003509,MAT0019,线缆,2.9,0.0,358.64
TK003509,MAT0027,绝缘材料,6.4,0.0,338.94
TK003510,MAT0037,电气元件,20.0,0.0,239.82
TK003511,MAT0011,机械零件,13.6,1.8,383.09
TK003511,MAT0033,绝缘材料,0.8,0.0,452.19
TK003511,MAT0012,线缆,1.9,0.2,91.19
TK003511,MAT0025,机械零件,5.3,0.3,285.74
TK003511,MAT0043,线缆,5.0,0.2,144.09
TK003513,MAT0024,绝缘材料,20.0,0.0,315.81
TK003513,MAT0035,机械零件,15.3,0.0,488.66
TK003513,MAT0026,线缆,13.9,0.0,292.36
TK003513,MAT0030,机械零件,17.8,0.0,273.96
TK003513,MAT0029,电气元件,12.5,0.0,424.15
TK003514,MAT0037,工具,3.0,0.0,176.7
TK003514,MAT0014,机械零件,11.1,0.0,26.7
TK003514,MAT0028,绝缘材料,6.5,0.0,395.69
TK003514,MAT0048,电气元件,4.8,0.0,89.95
TK003515,MAT0037,工具,15.7,0.0,217.4
TK003516,MAT0049,绝缘材料,13.0,1.8,299.85
TK003516,MAT0010,线缆,5.3,0.0,416.92
TK003516,MAT0050,工具,18.5,0.0,446.16
TK003516,MAT0039,电气元件,13.4,0.0,363.84
TK003517,MAT0045,工具,15.7,0.0,242.37
TK003518,MAT0015,工具,8.7,0.0,89.5
TK003518,MAT0042,电气元件,8.4,0.0,73.7
TK003518,MAT0024,辅材,9.4,0.0,122.81
TK003518,MAT0021,辅材,8.7,0.0,109.28
TK003518,MAT0016,辅材,15.0,0.0,9.26
TK003520,MAT0040,机械零件,14.8,0.0,15.79
TK003521,MAT0045,电气元件,17.2,0.0,12.23
TK003521,MAT0036,机械零件,2.2,0.0,363.44
TK003521,MAT0022,绝缘材料,8.8,0.0,117.63
TK003522,MAT0004,绝缘材料,11.8,0.6,112.97
TK003522,MAT0002,工具,12.3,0.0,218.43
TK003522,MAT0035,线缆,17.1,1.2,375.04
TK003522,MAT0031,辅材,13.7,0.0,274.29
TK003522,MAT0048,电气元件,6.5,0.0,389.86
TK003525,MAT0032,辅材,17.7,0.0,240.37
TK003526,MAT0021,辅材,2.9,0.0,375.8
TK003526,MAT0003,辅材,2.1,0.0,409.36
TK003527,MAT0048,线缆,17.1,0.0,45.77
TK003527,MAT0038,绝缘材料,1.3,0.0,119.11
TK003528,MAT0048,工具,17.6,0.0,48.29
TK003528,MAT0041,线缆,12.4,0.7,170.61
TK003528,MAT0017,线缆,6.3,0.0,24.96
TK003529,MAT0046,机械零件,9.6,0.0,455.8
TK003529,MAT0030,电气元件,18.9,0.0,386.96
TK003530,MAT0022,机械零件,2.7,0.6,173.16
TK003531,MAT0043,辅材,5.4,0.0,279.96
TK003531,MAT0043,工具,5.0,1.3,267.28
TK003533,MAT0020,机械零件,1.2,0.0,85.62
TK003533,MAT0006,辅材,3.5,0.0,154.76
TK003535,MAT0019,工具,19.5,0.0,297.13
TK003535,MAT0036,工具,4.7,0.0,186.29
TK003536,MAT0033,辅材,4.2,0.0,107.65
TK003536,MAT0048,电气元件,6.5,0.0,230.83
TK003536,MAT0046,机械零件,1.2,0.0,101.2
TK003537,MAT0038,工具,6.9,0.0,39.87
TK003537,MAT0024,辅材,13.7,0.0,131.66
TK003537,MAT0031,绝缘材料,5.9,1.5,378.95
TK003537,MAT0012,机械零件,5.9,1.2,341.87
TK003537,MAT0026,辅材,4.5,0.0,453.67
TK003538,MAT0014,工具,18.0,0.6,303.87
TK003539,MAT0015,辅材,8.0,0.5,126.83
TK003539,MAT0031,工具,4.0,0.0,92.66
TK003540,MAT0007,绝缘材料,14.4,0.0,197.32
TK003541,MAT0041,机械零件,2.0,0.0,126.8
TK003541,MAT0018,辅材,11.1,0.0,25.2
TK003541,MAT0014,绝缘材料,2.1,0.0,94.44
TK003541,MAT0020,辅材,5.3,0.1,27.47
TK003543,MAT0003,辅材,4.1,0.1,287.44
TK003543,MAT0033,线缆,7.8,0.0,341.47
TK003544,MAT0023,辅材,7.5,0.0,476.41
TK003544,MAT0046,电气元件,4.0,0.7,160.36
TK003545,MAT0002,机械零件,9.4,0.0,77.05
TK003546,MAT0006,机械零件,2.1,0.0,307.26
TK003546,MAT0048,工具,17.3,1.6,420.95
TK003546,MAT0040,绝缘材料,5.3,1.4,98.8
TK003547,MAT0014,绝缘材料,10.6,0.0,17.6
TK003547,MAT0047,绝缘材料,19.6,0.0,427.13
TK003547,MAT0015,绝缘材料,11.3,0.0,213.0
TK003547,MAT0012,绝缘材料,17.7,0.0,79.81
TK003548,MAT0022,工具,6.4,0.0,393.71
TK003548,MAT0042,机械零件,13.6,0.1,67.34
TK003548,MAT0036,绝缘材料,9.3,0.0,415.84
TK003549,MAT0022,电气元件,2.9,0.0,279.17
TK003549,MAT0024,工具,2.7,0.0,419.9
TK003549,MAT0019,机械零件,8.7,0.0,149.36
TK003549,MAT0016,机械零件,8.8,0.0,102.1
TK003549,MAT0013,线缆,19.5,0.0,416.1
TK003550,MAT0003,电气元件,18.6,0.0,350.6
TK003550,MAT0015,机械零件,3.1,0.0,405.46
TK003551,MAT0005,电气元件,12.7,0.7,337.36
TK003551,MAT0030,工具,14.6,0.0,246.22
TK003551,MAT0028,工具,5.8,0.0,124.34
TK003552,MAT0033,线缆,20.0,0.0,25.36
TK003552,MAT0037,辅材,2.5,0.0,349.03
TK003552,MAT0050,机械零件,12.7,0.9,332.71
TK003553,MAT0031,辅材,13.0,0.0,139.75
TK003553,MAT0032,电气元件,8.7,0.0,246.96
TK003554,MAT0037,辅材,14.9,1.1,255.29
TK003554,MAT0005,辅材,12.2,0.0,290.0
TK003554,MAT0025,电气元件,1.6,0.0,299.49
TK003554,MAT0006,辅材,18.7,0.0,472.4
TK003558,MAT0033,辅材,13.8,0.0,420.06
TK003558,MAT0007,辅材,18.1,0.0,431.48
TK003559,MAT0027,机械零件,7.3,0.0,476.78
TK003559,MAT0044,机械零件,10.4,0.0,441.61
TK003559,MAT0016,辅材,18.8,0.0,253.45
TK003559,MAT0044,工具,5.8,0.0,31.05
TK003560,MAT0017,机械零件,15.5,0.2,221.99
TK003560,MAT0001,线缆,10.3,0.0,103.21
TK003560,MAT0024,工具,15.1,0.0,210.47
TK003562,MAT0045,电气元件,17.5,0.0,26.09
TK003563,MAT0010,辅材,10.3,0.0,405.98
TK003563,MAT0007,辅材,14.7,0.0,116.41
TK003563,MAT0032,绝缘材料,13.3,0.0,247.95
TK003564,MAT0033,辅材,8.6,0.0,318.02
TK003565,MAT0033,工具,6.6,0.0,334.75
TK003565,MAT0033,绝缘材料,8.0,0.8,410.01
TK003565,MAT0007,线缆,2.3,0.0,72.65
TK003566,MAT0020,绝缘材料,16.6,0.0,134.27
TK003566,MAT0014,工具,2.9,1.5,478.27
TK003566,MAT0037,辅材,7.5,0.7,206.34
TK003567,MAT0047,绝缘材料,17.3,0.5,408.7
TK003567,MAT0013,电气元件,10.2,0.0,306.52
TK003568,MAT0036,工具,10.8,0.0,24.61
TK003568,MAT0027,线缆,15.3,0.0,188.95
TK003569,MAT0013,绝缘材料,9.5,0.0,278.54
TK003570,MAT0018,绝缘材料,16.7,1.6,23.6
TK003570,MAT0007,电气元件,18.8,0.0,174.82
TK003570,MAT0035,辅材,2.0,0.0,256.7
TK003572,MAT0023,电气元件,11.1,0.0,494.41
TK003572,MAT0034,绝缘材料,11.3,0.0,496.24
TK003572,MAT0035,机械零件,13.5,0.0,36.58
TK003573,MAT0034,绝缘材料,19.4,0.0,235.6
TK003573,MAT0012,工具,0.5,1.0,229.83
TK003574,MAT0043,电气元件,6.2,0.0,167.83
TK003574,MAT0015,电气元件,19.0,0.2,95.59
TK003574,MAT0041,工具,19.0,0.0,61.7
TK003574,MAT0050,电气元件,2.0,0.0,252.39
TK003575,MAT0041,辅材,10.4,0.6,181.56
TK003575,MAT0030,工具,17.3,0.5,259.12
TK003575,MAT0003,工具,16.9,0.0,488.8
TK003576,MAT0025,绝缘材料,12.8,0.0,153.4
TK003576,MAT0013,线缆,13.9,0.0,390.98
TK003576,MAT0011,电气元件,8.8,1.7,172.14
TK003576,MAT0018,电气元件,15.0,0.0,214.63
TK003576,MAT0046,工具,9.3,0.0,473.26
TK003577,MAT0048,绝缘材料,10.9,0.0,36.27
TK003577,MAT0043,电气元件,14.0,0.0,270.21
TK003577,MAT0002,工具,19.4,0.0,9.55
TK003577,MAT0005,工具,16.7,0.1,355.71
TK003581,MAT0048,线缆,13.2,0.0,286.5
TK003581,MAT0043,工具,17.1,0.0,279.52
TK003582,MAT0010,绝缘材料,1.3,0.0,197.61
TK003582,MAT0034,绝缘材料,18.3,2.0,294.99
TK003582,MAT0002,电气元件,14.8,1.5,244.01
TK003584,MAT0030,机械零件,14.9,0.0,367.5
TK003584,MAT0040,辅材,6.2,0.0,7.63
TK003584,MAT0012,工具,8.3,0.0,20.21
TK003584,MAT0045,线缆,2.8,0.3,213.91
TK003587,MAT0005,线缆,12.3,0.0,462.8
TK003587,MAT0017,线缆,18.9,1.9,231.05
TK003588,MAT0017,电气元件,3.3,0.0,155.95
TK003588,MAT0026,线缆,0.6,0.0,317.6
TK003589,MAT0006,绝缘材料,1.4,0.0,173.57
TK003590,MAT0016,线缆,4.9,0.0,294.6
TK003590,MAT0038,工具,16.0,0.0,243.91
TK003590,MAT0008,机械零件,16.7,0.0,205.24
TK003590,MAT0049,工具,3.7,0.0,323.94
TK003590,MAT0030,辅材,17.2,0.0,436.46
TK003591,MAT0005,线缆,6.5,0.0,311.14
TK003591,MAT0027,绝缘材料,0.6,0.0,443.86
TK003591,MAT0005,线缆,4.7,0.2,185.34
TK003591,MAT0031,电气元件,14.3,0.0,45.17
TK003592,MAT0007,机械零件,11.6,0.0,40.79
TK003592,MAT0032,线缆,17.7,0.0,228.82
TK003592,MAT0033,机械零件,15.0,0.4,74.58
TK003592,MAT0022,辅材,19.3,0.0,151.03
TK003592,MAT0042,电气元件,1.0,0.0,497.83
TK003593,MAT0004,机械零件,2.1,0.0,455.38
TK003593,MAT0047,线缆,19.9,0.0,374.23
TK003593,MAT0028,机械零件,1.7,0.0,347.57
TK003594,MAT0001,线缆,12.8,0.9,477.8
TK003594,MAT0026,电气元件,3.8,0.0,459.92
TK003594,MAT0029,电气元件,18.3,1.5,295.27
TK003594,MAT0022,辅材,4.6,1.3,473.8
TK003595,MAT0035,机械零件,13.7,0.0,350.13
TK003595,MAT0008,线缆,5.7,0.0,30.4
TK003595,MAT0007,工具,5.3,0.0,455.73
TK003596,MAT0005,辅材,7.3,0.6,393.95
TK003596,MAT0022,机械零件,7.0,0.0,56.1
TK003596,MAT0007,辅材,7.6,0.0,369.52
TK003596,MAT0037,绝缘材料,3.1,0.1,57.65
TK003596,MAT0034,机械零件,10.6,1.0,453.18
TK003597,MAT0048,辅材,9.3,1.1,438.95
TK003597,MAT0040,线缆,14.0,0.0,371.97
TK003597,MAT0037,工具,14.6,0.0,449.15
TK003597,MAT0046,辅材,2.0,0.0,17.2
TK003597,MAT0046,绝缘材料,3.1,0.5,396.52
TK003599,MAT0036,线缆,13.0,0.0,56.85
TK003599,MAT0012,机械零件,12.1,0.0,200.86
TK003599,MAT0043,工具,9.8,0.0,457.33
TK003599,MAT0001,线缆,9.0,0.0,474.98
TK003600,MAT0042,工具,16.7,0.0,33.43
TK003600,MAT0040,电气元件,14.6,0.0,89.73
TK003600,MAT0008,线缆,15.4,0.0,267.42
TK003600,MAT0027,辅材,17.2,0.0,424.24
TK003600,MAT0033,线缆,12.4,0.0,118.41
TK003601,MAT0022,机械零件,17.1,0.0,214.06
TK003601,MAT0050,线缆,4.6,0.0,92.7
TK003601,MAT0016,绝缘材料,18.9,0.0,283.84
TK003602,MAT0036,电气元件,15.2,0.0,472.84
TK003602,MAT0032,机械零件,3.3,0.0,140.65
TK003602,MAT0004,机械零件,8.8,0.0,332.0
TK003603,MAT0043,线缆,8.4,0.0,468.86
TK003604,MAT0034,工具,2.9,0.0,144.8
TK003604,MAT0035,绝缘材料,3.8,0.0,340.51
TK003605,MAT0014,机械零件,5.9,0.0,397.03
TK003606,MAT0004,工具,18.6,0.0,189.21
TK003606,MAT0034,机械零件,18.1,0.0,208.92
TK003606,MAT0036,电气元件,7.6,0.0,40.55
TK003607,MAT0015,工具,3.4,0.0,237.76
TK003607,MAT0047,绝缘材料,1.6,0.0,125.71
TK003607,MAT0013,线缆,4.0,0.0,220.55
TK003607,MAT0010,绝缘材料,10.3,1.9,359.18
TK003607,MAT0022,绝缘材料,11.7,0.0,329.26
TK003608,MAT0049,机械零件,17.7,0.0,16.31
TK003608,MAT0016,绝缘材料,2.0,0.0,413.62
TK003608,MAT0023,工具,12.3,0.0,412.72
TK003611,MAT0020,电气元件,0.6,1.0,116.42
TK003612,MAT0004,工具,2.7,1.2,28.37
TK003612,MAT0017,电气元件,1.5,0.0,219.59
TK003612,MAT0030,绝缘材料,14.8,0.0,437.14
TK003612,MAT0002,工具,15.8,0.0,368.14
TK003614,MAT0030,线缆,3.5,0.0,24.41
TK003614,MAT0016,线缆,13.2,0.0,262.52
TK003615,MAT0018,工具,6.1,0.0,218.33
TK003615,MAT0048,绝缘材料,18.3,0.0,241.85
TK003617,MAT0001,辅材,17.0,1.8,418.73
TK003617,MAT0018,线缆,17.8,0.0,491.25
TK003617,MAT0039,线缆,15.1,0.0,294.69
TK003617,MAT0044,电气元件,12.9,0.0,273.89
TK003622,MAT0009,绝缘材料,2.1,0.0,431.43
TK003623,MAT0019,工具,8.4,1.9,241.68
TK003623,MAT0038,工具,16.3,0.0,492.54
TK003623,MAT0022,电气元件,7.0,0.0,224.98
TK003623,MAT0030,辅材,12.4,0.0,90.37
TK003623,MAT0025,绝缘材料,11.7,0.0,461.05
TK003625,MAT0011,绝缘材料,2.6,0.7,252.92
TK003625,MAT0007,电气元件,3.5,0.1,445.48
TK003626,MAT0037,工具,9.4,0.0,201.89
TK003626,MAT0027,绝缘材料,10.1,0.0,418.64
TK003626,MAT0045,电气元件,7.3,0.9,21.21
TK003626,MAT0050,绝缘材料,8.8,0.0,438.34
TK003627,MAT0009,工具,14.6,0.0,10.06
TK003627,MAT0004,绝缘材料,17.4,0.0,333.21
TK003627,MAT0027,电气元件,11.4,0.0,46.24
TK003627,MAT0024,辅材,15.3,0.0,88.09
TK003628,MAT0015,辅材,17.8,0.0,435.82
TK003629,MAT0019,电气元件,14.4,0.0,474.41
TK003629,MAT0033,辅材,2.0,0.0,461.85
TK003629,MAT0031,辅材,1.7,0.0,355.52
TK003629,MAT0003,线缆,13.7,0.0,476.23
TK003629,MAT0030,工具,11.1,0.0,246.25
TK003630,MAT0015,绝缘材料,11.4,1.8,304.12
TK003630,MAT0020,电气元件,19.5,0.0,458.16
TK003631,MAT0008,线缆,4.1,0.0,410.38
TK003631,MAT0041,机械零件,2.6,0.8,480.26
TK003631,MAT0036,工具,12.6,0.0,137.51
TK003631,MAT0009,电气元件,12.2,0.0,314.9
TK003631,MAT0040,电气元件,10.4,0.0,262.11
TK003632,MAT0036,辅材,2.5,0.0,341.41
TK003632,MAT0023,工具,1.5,0.0,291.28
TK003632,MAT0015,线缆,4.4,0.0,191.15
TK003632,MAT0029,线缆,4.4,0.0,87.62
TK003634,MAT0011,绝缘材料,6.9,0.0,498.89
TK003634,MAT0047,辅材,13.5,0.0,328.03
TK003634,MAT0041,机械零件,2.6,0.0,11.88
TK003635,MAT0038,电气元件,19.7,0.0,103.72
TK003635,MAT0032,电气元件,6.3,0.0,263.15
TK003635,MAT0045,绝缘材料,5.3,0.0,80.18
TK003635,MAT0013,线缆,6.1,0.0,131.74
TK003635,MAT0018,线缆,12.8,0.6,298.39
TK003637,MAT0013,工具,7.9,0.0,339.55
TK003637,MAT0010,电气元件,17.4,0.0,97.89
TK003637,MAT0037,辅材,9.4,0.0,241.56
TK003638,MAT0036,线缆,3.4,0.4,395.17
TK003638,MAT0022,机械零件,6.3,0.0,244.46
TK003638,MAT0048,线缆,12.6,0.0,326.89
TK003640,MAT0008,辅材,15.3,1.0,75.76
TK003640,MAT0009,绝缘材料,7.5,0.0,197.95
TK003641,MAT0004,辅材,13.4,0.0,179.4
TK003641,MAT0021,机械零件,10.3,0.0,323.62
TK003642,MAT0007,线缆,17.0,0.0,475.39
TK003643,MAT0022,工具,3.7,0.0,53.46
TK003643,MAT0033,线缆,14.1,0.0,457.24
TK003643,MAT0004,辅材,3.2,0.0,320.68
TK003643,MAT0014,线缆,6.9,0.0,327.38
TK003645,MAT0032,工具,19.3,0.0,310.97
TK003645,MAT0020,辅材,5.0,0.0,34.05
TK003645,MAT0025,辅材,3.6,1.1,441.93
TK003645,MAT0032,绝缘材料,3.4,0.0,312.71
TK003646,MAT0028,工具,13.1,0.0,121.08
TK003646,MAT0048,电气元件,8.1,0.0,413.11
TK003646,MAT0034,线缆,10.5,0.0,167.29
TK003646,MAT0017,线缆,17.6,0.0,303.07
TK003647,MAT0041,辅材,11.3,0.0,476.96
TK003647,MAT0005,辅材,19.3,0.0,364.67
TK003648,MAT0037,线缆,16.0,1.5,344.61
TK003649,MAT0025,绝缘材料,5.0,0.0,136.48
TK003649,MAT0010,线缆,6.6,0.0,13.89
TK003649,MAT0036,辅材,14.0,0.0,357.05
TK003649,MAT0047,电气元件,15.1,0.0,369.59
TK003650,MAT0009,线缆,12.9,0.0,132.9
TK003650,MAT0003,绝缘材料,11.0,0.0,106.74
TK003650,MAT0045,机械零件,2.4,0.2,257.28
TK003650,MAT0015,辅材,2.4,0.0,46.73
TK003651,MAT0049,电气元件,4.6,0.0,460.09
TK003651,MAT0006,绝缘材料,6.0,0.0,312.13
TK003651,MAT0014,电气元件,9.9,0.0,359.6
TK003651,MAT0028,机械零件,0.5,0.0,431.56
TK003651,MAT0010,辅材,13.0,0.0,350.58
TK003652,MAT0049,辅材,14.3,0.0,27.19
TK003652,MAT0009,工具,1.3,0.0,171.64
TK003652,MAT0026,线缆,19.2,0.0,22.08
TK003652,MAT0036,工具,3.8,0.0,328.24
TK003652,MAT0033,绝缘材料,5.7,0.0,342.18
TK003655,MAT0021,工具,4.3,0.0,129.28
TK003655,MAT0035,机械零件,14.1,0.3,200.29
TK003655,MAT0004,工具,7.8,0.0,293.76
TK003655,MAT0043,机械零件,0.7,0.0,426.93
TK003655,MAT0003,工具,13.1,0.0,73.16
TK003656,MAT0003,机械零件,3.1,0.0,57.58
TK003656,MAT0014,绝缘材料,1.1,0.0,372.98
TK003657,MAT0036,机械零件,18.0,0.3,250.92
TK003657,MAT0026,线缆,18.6,0.0,404.96
TK003657,MAT0042,工具,14.3,0.0,267.05
TK003657,MAT0044,工具,15.7,0.0,369.72
TK003659,MAT0045,电气元件,8.8,0.6,128.95
TK003659,MAT0010,工具,17.0,0.0,453.8
TK003659,MAT0040,绝缘材料,6.1,0.0,111.31
TK003659,MAT0027,辅材,14.0,0.0,160.09
TK003660,MAT0044,绝缘材料,8.6,0.0,176.13
TK003660,MAT0012,绝缘材料,7.8,0.0,493.87
TK003660,MAT0023,工具,6.1,0.0,333.5
TK003660,MAT0040,工具,17.8,0.5,223.27
TK003661,MAT0036,辅材,15.1,0.0,68.42
TK003661,MAT0012,工具,11.2,0.0,357.15
TK003662,MAT0045,电气元件,18.7,0.0,465.11
TK003663,MAT0035,线缆,9.7,0.0,428.23
TK003663,MAT0050,绝缘材料,12.5,0.0,452.88
TK003664,MAT0033,线缆,7.5,0.0,139.17
TK003664,MAT0029,机械零件,5.5,1.7,222.01
TK003665,MAT0040,工具,3.1,1.2,477.59
TK003665,MAT0039,辅材,9.5,0.0,490.98
TK003665,MAT0040,辅材,13.9,0.0,216.15
TK003666,MAT0026,电气元件,6.7,0.0,337.78
TK003667,MAT0047,线缆,17.1,0.0,39.91
TK003668,MAT0015,电气元件,8.9,0.0,358.14
TK003668,MAT0021,电气元件,1.7,0.0,70.48
TK003668,MAT0022,线缆,13.4,1.3,167.41
TK003668,MAT0012,绝缘材料,12.5,0.0,185.4
TK003669,MAT0045,线缆,8.0,0.0,51.73
TK003670,MAT0030,绝缘材料,13.0,0.3,402.29
TK003670,MAT0046,辅材,7.7,0.0,244.4
TK003670,MAT0036,机械零件,6.0,0.0,172.99
TK003671,MAT0047,机械零件,4.8,0.0,342.57
TK003671,MAT0031,辅材,6.9,0.0,175.91
TK003671,MAT0029,工具,8.0,1.4,301.93
TK003672,MAT0040,工具,17.1,0.0,169.62
TK003674,MAT0025,工具,15.2,0.0,71.39
TK003675,MAT0035,线缆,15.7,0.0,69.33
TK003675,MAT0034,线缆,13.4,0.0,248.08
TK003675,MAT0041,辅材,6.9,0.0,378.75
TK003676,MAT0015,工具,17.2,0.8,135.38
TK003676,MAT0043,电气元件,16.0,1.6,414.84
TK003676,MAT0015,电气元件,5.0,0.0,170.99
TK003679,MAT0011,电气元件,11.8,0.0,307.47
TK003679,MAT0031,工具,10.8,0.0,332.36
TK003679,MAT0037,机械零件,16.3,0.4,398.65
TK003681,MAT0046,电气元件,14.9,0.0,245.67
TK003681,MAT0039,机械零件,11.9,0.0,364.07
TK003682,MAT0046,线缆,14.7,0.2,424.84
TK003682,MAT0005,绝缘材料,19.4,0.0,165.03
TK003684,MAT0032,辅材,4.1,0.0,232.82
TK003684,MAT0034,线缆,3.1,0.0,499.03
TK003684,MAT0026,辅材,9.9,0.0,106.06
TK003684,MAT0032,线缆,1.4,0.0,230.77
TK003684,MAT0020,工具,14.7,0.0,31.22
TK003685,MAT0031,电气元件,2.6,0.0,428.06
TK003685,MAT0006,辅材,4.7,0.0,345.2
TK003686,MAT0029,绝缘材料,16.3,0.0,465.82
TK003686,MAT0013,机械零件,12.9,0.0,356.51
TK003686,MAT0036,机械零件,8.9,0.0,56.36
TK003686,MAT0016,机械零件,12.4,0.0,472.14
TK003687,MAT0036,机械零件,12.0,1.9,319.53
TK003687,MAT0031,机械零件,12.2,0.0,35.38
TK003687,MAT0011,工具,8.9,0.0,101.96
TK003687,MAT0008,辅材,18.4,0.9,77.53
TK003687,MAT0049,电气元件,17.8,0.0,7.38
TK003688,MAT0026,机械零件,0.8,0.0,463.95
TK003688,MAT0015,辅材,9.7,0.0,383.03
TK003688,MAT0008,工具,10.1,0.0,438.55
TK003688,MAT0026,工具,2.9,0.0,168.21
TK003688,MAT0022,辅材,16.5,0.0,122.08
TK003689,MAT0001,电气元件,12.4,0.0,464.97
TK003689,MAT0049,电气元件,2.0,0.8,53.15
TK003689,MAT0034,电气元件,19.5,0.1,110.15
TK003689,MAT0026,线缆,17.4,0.0,82.25
TK003689,MAT0018,辅材,11.9,0.0,72.7
TK003690,MAT0024,绝缘材料,2.5,1.3,75.44
TK003690,MAT0034,工具,18.3,0.0,193.64
TK003690,MAT0021,电气元件,11.8,0.0,304.86
TK003690,MAT0030,工具,13.8,0.8,339.58
TK003691,MAT0031,机械零件,2.5,0.0,241.76
TK003691,MAT0019,电气元件,10.9,1.2,484.06
TK003693,MAT0003,工具,2.0,0.0,370.77
TK003693,MAT0024,工具,18.3,0.0,114.3
TK003693,MAT0047,线缆,4.6,0.0,330.86
TK003694,MAT0032,辅材,9.4,0.0,166.7
TK003694,MAT0026,电气元件,15.3,1.7,317.02
TK003694,MAT0022,机械零件,2.2,0.0,87.03
TK003694,MAT0011,线缆,15.7,0.0,240.31
TK003695,MAT0019,线缆,8.5,0.0,89.88
TK003695,MAT0049,绝缘材料,9.9,0.8,73.61
TK003695,MAT0013,工具,2.9,0.0,312.24
TK003696,MAT0031,线缆,1.5,0.0,302.69
TK003696,MAT0042,辅材,10.8,0.0,151.37
TK003696,MAT0040,绝缘材料,11.7,0.0,41.04
TK003696,MAT0039,线缆,19.2,0.0,475.44
TK003697,MAT0037,线缆,16.9,0.5,322.19
TK003697,MAT0027,线缆,15.0,0.4,305.64
TK003697,MAT0034,电气元件,4.9,0.0,185.23
TK003697,MAT0036,工具,2.1,0.0,387.45
TK003697,MAT0047,线缆,12.8,0.7,275.3
TK003698,MAT0046,工具,4.4,0.0,273.68
TK003698,MAT0042,工具,7.1,0.0,141.42
TK003698,MAT0003,绝缘材料,11.5,1.3,359.47
TK003698,MAT0017,工具,13.1,0.3,128.13
TK003700,MAT0032,绝缘材料,8.3,0.0,78.54
TK003700,MAT0023,辅材,8.0,0.0,482.88
TK003700,MAT0050,绝缘材料,18.0,0.0,143.66
TK003700,MAT0010,电气元件,7.5,0.0,482.47
TK003701,MAT0007,电气元件,6.7,0.0,426.85
TK003701,MAT0049,电气元件,6.5,0.0,480.7
TK003702,MAT0023,线缆,15.3,0.0,76.79
TK003702,MAT0024,辅材,7.9,0.0,207.26
TK003702,MAT0045,绝缘材料,10.6,0.0,289.58
TK003705,MAT0007,绝缘材料,0.8,0.0,375.6
TK003705,MAT0033,辅材,11.9,0.0,449.65
TK003705,MAT0037,线缆,17.1,0.5,88.88
TK003706,MAT0047,电气元件,17.7,0.0,231.94
TK003706,MAT0002,工具,16.1,0.0,468.71
TK003706,MAT0014,工具,11.7,0.0,60.52
TK003707,MAT0035,机械零件,5.2,0.0,156.32
TK003707,MAT0017,线缆,18.5,0.0,120.23
TK003708,MAT0049,电气元件,10.4,1.2,170.85
TK003709,MAT0049,工具,17.2,1.4,208.77
TK003710,MAT0001,绝缘材料,11.4,0.0,438.77
TK003710,MAT0007,机械零件,6.2,0.1,272.51
TK003710,MAT0043,电气元件,17.9,0.0,27.82
TK003710,MAT0049,辅材,2.5,0.0,76.61
TK003711,MAT0036,辅材,4.7,0.0,101.54
TK003711,MAT0027,机械零件,3.5,0.0,220.61
TK003711,MAT0029,电气元件,19.2,0.0,443.52
TK003711,MAT0027,辅材,19.8,0.0,424.26
TK003711,MAT0044,绝缘材料,17.7,0.0,259.66
TK003713,MAT0032,线缆,14.1,0.0,170.1
TK003713,MAT0028,绝缘材料,2.4,0.0,363.65
TK003713,MAT0025,工具,4.9,0.0,301.65
TK003713,MAT0009,工具,16.7,0.0,284.05
TK003713,MAT0045,工具,6.2,0.0,447.17
TK003714,MAT0019,机械零件,1.3,0.0,171.52
TK003714,MAT0003,线缆,17.0,1.4,343.97
TK003714,MAT0015,绝缘材料,19.2,0.0,141.85
TK003715,MAT0022,工具,17.5,0.0,222.51
TK003715,MAT0050,机械零件,10.8,0.0,54.31
TK003715,MAT0045,工具,15.8,0.0,394.15
TK003715,MAT0007,辅材,6.8,0.0,164.15
TK003715,MAT0017,电气元件,2.2,0.0,145.52
TK003716,MAT0028,电气元件,7.6,0.1,292.59
TK003716,MAT0026,工具,2.5,0.0,308.31
TK003716,MAT0035,辅材,8.6,0.0,381.54
TK003716,MAT0010,辅材,12.1,1.0,239.04
TK003716,MAT0028,绝缘材料,3.7,0.0,462.16
TK003717,MAT0021,工具,20.0,0.0,37.23
TK003717,MAT0019,电气元件,0.9,1.4,5.01
TK003717,MAT0018,绝缘材料,4.7,0.0,318.1
TK003717,MAT0008,机械零件,14.6,1.1,349.37
TK003717,MAT0028,电气元件,1.3,0.0,156.26
TK003719,MAT0047,电气元件,16.9,1.6,6.27
TK003719,MAT0033,工具,6.5,0.0,410.06
TK003719,MAT0026,机械零件,13.4,0.0,395.81
TK003719,MAT0026,辅材,7.2,0.0,13.59
TK003720,MAT0018,绝缘材料,19.4,0.0,24.84
TK003720,MAT0041,机械零件,4.0,0.0,59.71
TK003720,MAT0022,机械零件,11.2,0.0,358.56
TK003720,MAT0030,工具,10.5,0.0,103.02
TK003721,MAT0044,工具,1.1,0.0,263.74
TK003721,MAT0031,机械零件,5.3,0.3,41.57
TK003721,MAT0004,线缆,5.6,0.0,359.14
TK003721,MAT0024,工具,13.2,0.1,179.66
TK003721,MAT0006,工具,9.5,0.0,301.47
TK003722,MAT0050,电气元件,7.8,0.0,198.37
TK003722,MAT0001,电气元件,6.0,0.0,336.15
TK003722,MAT0035,机械零件,3.1,0.0,301.54
TK003722,MAT0001,电气元件,12.6,0.0,268.84
TK003722,MAT0005,工具,12.3,0.0,323.38
TK003723,MAT0021,绝缘材料,7.6,0.0,499.3
TK003723,MAT0018,电气元件,2.4,0.0,301.01
TK003723,MAT0044,辅材,11.1,0.0,235.25
TK003723,MAT0028,辅材,11.7,0.0,451.26
TK003723,MAT0006,辅材,16.5,0.0,392.41
TK003725,MAT0047,工具,17.7,0.0,263.71
TK003726,MAT0005,绝缘材料,2.3,0.0,109.23
TK003727,MAT0024,辅材,0.7,0.0,64.53
TK003727,MAT0017,绝缘材料,14.4,0.0,72.03
TK003727,MAT0044,线缆,10.8,0.9,460.71
TK003727,MAT0005,绝缘材料,18.9,0.0,139.77
TK003727,MAT0044,机械零件,18.2,0.0,450.46
TK003728,MAT0017,线缆,15.2,0.0,266.49
TK003728,MAT0046,机械零件,2.7,1.6,165.6
TK003728,MAT0019,辅材,13.2,0.5,62.71
TK003730,MAT0015,电气元件,3.1,0.0,234.42
TK003730,MAT0013,辅材,15.5,0.0,219.08
TK003730,MAT0016,辅材,6.2,0.0,300.08
TK003731,MAT0043,绝缘材料,14.4,0.0,235.73
TK003731,MAT0033,辅材,12.0,0.0,117.78
TK003732,MAT0029,线缆,15.2,0.0,333.21
TK003732,MAT0023,电气元件,4.7,0.0,163.89
TK003732,MAT0039,线缆,6.1,0.0,491.19
TK003732,MAT0004,机械零件,10.0,0.0,242.79
TK003733,MAT0043,电气元件,9.8,0.0,433.62
TK003733,MAT0013,辅材,3.7,0.0,243.48
TK003733,MAT0024,电气元件,11.3,0.0,268.51
TK003734,MAT0031,绝缘材料,14.1,0.0,142.51
TK003734,MAT0033,绝缘材料,16.4,0.0,56.79
TK003734,MAT0033,工具,15.1,0.0,413.11
TK003734,MAT0019,线缆,12.8,0.0,104.12
TK003735,MAT0001,电气元件,15.7,0.0,18.96
TK003737,MAT0023,辅材,18.5,0.0,488.19
TK003737,MAT0011,机械零件,8.1,0.0,164.21
TK003738,MAT0030,机械零件,19.6,0.0,142.78
TK003739,MAT0022,辅材,18.5,1.6,265.27
TK003739,MAT0031,线缆,3.5,0.0,479.54
TK003739,MAT0035,工具,16.9,1.9,333.87
TK003739,MAT0015,辅材,5.9,0.0,389.46
TK003739,MAT0019,辅材,17.3,0.0,186.42
TK003740,MAT0048,机械零件,13.0,0.0,129.84
TK003740,MAT0006,线缆,15.4,0.0,248.57
TK003740,MAT0038,工具,17.6,0.0,454.5
TK003740,MAT0001,机械零件,6.2,0.0,12.28
TK003740,MAT0003,工具,18.7,1.3,309.87
TK003741,MAT0024,辅材,1.9,0.0,275.68
TK003741,MAT0044,辅材,9.1,0.0,383.4
TK003742,MAT0046,辅材,10.7,0.0,233.05
TK003742,MAT0039,线缆,2.8,0.0,203.35
TK003742,MAT0032,电气元件,18.5,0.0,9.7
TK003743,MAT0009,辅材,14.9,0.0,8.05
TK003743,MAT0049,工具,5.6,0.0,294.23
TK003743,MAT0048,电气元件,13.7,0.0,284.54
TK003744,MAT0001,机械零件,6.8,0.0,165.43
TK003745,MAT0011,线缆,19.3,1.5,61.06
TK003745,MAT0007,绝缘材料,5.6,0.0,135.25
TK003745,MAT0020,机械零件,19.8,0.1,73.29
TK003745,MAT0034,线缆,11.3,0.8,463.41
TK003746,MAT0003,绝缘材料,1.3,1.3,257.46
TK003748,MAT0043,工具,19.1,0.0,319.44
TK003748,MAT0010,工具,2.9,1.4,336.82
TK003748,MAT0009,工具,9.4,0.0,339.88
TK003748,MAT0015,电气元件,7.6,0.0,108.6
TK003750,MAT0047,电气元件,14.0,0.0,293.95
TK003751,MAT0050,线缆,2.9,0.0,220.73
TK003751,MAT0042,线缆,10.5,0.0,239.09
TK003751,MAT0042,线缆,14.3,0.0,229.16
TK003752,MAT0009,机械零件,9.1,0.0,69.31
TK003752,MAT0020,绝缘材料,6.3,0.0,99.59
TK003753,MAT0001,线缆,7.5,0.0,336.79
TK003753,MAT0039,绝缘材料,10.3,0.0,178.58
TK003753,MAT0006,辅材,16.0,0.8,282.87
TK003753,MAT0015,绝缘材料,19.1,0.0,99.48
TK003753,MAT0033,线缆,12.8,0.0,16.9
TK003754,MAT0010,辅材,14.8,0.0,254.53
TK003756,MAT0001,线缆,12.9,0.0,285.78
TK003756,MAT0039,绝缘材料,17.8,0.0,465.79
TK003756,MAT0025,电气元件,5.9,0.0,35.48
TK003757,MAT0027,工具,1.9,0.0,247.71
TK003758,MAT0021,辅材,11.8,0.0,479.99
TK003758,MAT0024,机械零件,14.0,1.3,247.8
TK003758,MAT0016,辅材,2.2,0.0,461.22
TK003759,MAT0045,线缆,4.4,0.0,137.13
TK003759,MAT0023,电气元件,4.8,0.0,407.05
TK003759,MAT0027,辅材,6.0,0.0,299.79
TK003759,MAT0002,电气元件,7.0,1.1,225.52
TK003760,MAT0008,机械零件,12.7,0.7,150.43
TK003760,MAT0044,工具,5.6,0.0,219.53
TK003760,MAT0005,线缆,19.3,0.0,378.14
TK003760,MAT0019,绝缘材料,8.1,0.0,265.25
TK003761,MAT0028,电气元件,11.4,0.0,194.98
TK003764,MAT0047,辅材,7.5,0.0,351.33
TK003764,MAT0041,线缆,1.2,0.0,191.06
TK003764,MAT0035,机械零件,19.3,0.0,209.17
TK003765,MAT0016,机械零件,18.9,1.6,262.56
TK003765,MAT0006,绝缘材料,8.3,0.0,432.28
TK003765,MAT0025,辅材,15.6,0.0,14.28
TK003765,MAT0027,工具,19.3,1.7,166.19
TK003765,MAT0007,机械零件,11.1,1.0,85.72
TK003766,MAT0039,电气元件,8.9,0.0,52.31
TK003766,MAT0033,辅材,3.4,0.5,32.82
TK003766,MAT0034,线缆,6.5,0.0,94.69
TK003766,MAT0032,工具,3.1,0.0,148.58
TK003766,MAT0041,辅材,13.4,0.0,137.79
TK003768,MAT0018,工具,13.0,1.2,383.7
TK003768,MAT0042,工具,19.9,0.0,66.65
TK003768,MAT0038,辅材,5.9,0.0,288.01
TK003768,MAT0030,线缆,5.0,0.0,387.2
TK003769,MAT0032,工具,2.4,0.0,149.68
TK003770,MAT0009,工具,3.3,0.0,403.45
TK003770,MAT0012,电气元件,14.2,0.0,37.45
TK003771,MAT0012,辅材,10.0,0.0,416.49
TK003771,MAT0009,线缆,16.8,0.0,461.41
TK003771,MAT0036,机械零件,8.8,0.0,364.8
TK003772,MAT0013,工具,18.8,1.9,398.88
TK003772,MAT0009,辅材,10.6,0.0,323.19
TK003772,MAT0044,工具,6.0,0.0,398.07
TK003772,MAT0025,辅材,18.3,0.6,242.07
TK003773,MAT0008,辅材,15.9,0.0,455.56
TK003773,MAT0017,工具,12.0,0.0,456.52
TK003774,MAT0033,机械零件,17.8,2.0,354.07
TK003774,MAT0035,机械零件,7.7,0.0,38.27
TK003774,MAT0005,电气元件,6.3,0.0,392.04
TK003775,MAT0030,机械零件,6.7,0.8,440.42
TK003775,MAT0016,线缆,10.6,0.0,384.45
TK003775,MAT0020,电气元件,12.9,0.0,394.16
TK003775,MAT0030,工具,12.0,0.3,218.53
TK003775,MAT0030,线缆,13.3,0.0,107.09
TK003776,MAT0002,电气元件,4.9,0.0,479.86
TK003777,MAT0038,工具,2.8,0.0,70.54
TK003777,MAT0023,机械零件,0.6,0.0,209.82
TK003778,MAT0031,绝缘材料,1.3,0.0,265.16
TK003779,MAT0040,电气元件,13.4,0.0,380.62
TK003779,MAT0044,线缆,13.5,0.0,53.3
TK003779,MAT0030,工具,14.9,0.0,223.78
TK003779,MAT0001,绝缘材料,5.6,1.6,109.5
TK003779,MAT0031,电气元件,5.6,0.0,271.9
TK003780,MAT0023,机械零件,5.9,2.0,137.36
TK003780,MAT0026,绝缘材料,18.7,1.4,70.13
TK003780,MAT0045,绝缘材料,3.2,0.0,418.39
TK003780,MAT0046,绝缘材料,1.8,0.0,394.04
TK003780,MAT0004,辅材,5.8,0.0,40.49
TK003781,MAT0006,电气元件,1.5,0.8,385.98
TK003781,MAT0020,绝缘材料,1.8,0.0,310.91
TK003781,MAT0003,线缆,12.3,0.0,354.78
TK003782,MAT0050,工具,4.5,0.0,398.34
TK003782,MAT0029,绝缘材料,19.9,0.0,135.01
TK003782,MAT0025,电气元件,2.4,0.0,426.86
TK003784,MAT0044,工具,4.0,0.0,115.32
TK003785,MAT0022,辅材,1.0,0.0,460.91
TK003785,MAT0038,绝缘材料,12.8,0.0,10.82
TK003786,MAT0005,绝缘材料,11.8,0.0,184.09
TK003786,MAT0015,电气元件,1.2,0.0,69.9
TK003786,MAT0005,工具,15.2,0.0,241.53
TK003786,MAT0001,电气元件,17.4,0.0,318.45
TK003787,MAT0033,线缆,14.7,0.0,167.68
TK003787,MAT0027,辅材,7.2,0.0,159.71
TK003787,MAT0033,绝缘材料,11.9,0.0,124.03
TK003787,MAT0030,辅材,12.6,0.0,345.42
TK003787,MAT0041,线缆,1.5,1.7,59.34
TK003788,MAT0006,机械零件,14.4,0.0,404.34
TK003788,MAT0031,辅材,10.0,0.0,360.7
TK003788,MAT0043,机械零件,12.5,0.0,60.42
TK003788,MAT0002,工具,5.1,0.0,147.48
TK003788,MAT0040,机械零件,6.8,0.0,101.54
TK003789,MAT0007,辅材,15.3,0.0,143.53
TK003789,MAT0031,辅材,8.6,0.0,91.29
TK003789,MAT0035,电气元件,7.6,0.0,160.99
TK003789,MAT0044,机械零件,13.8,1.0,150.19
TK003789,MAT0038,线缆,3.9,0.0,79.47
TK003790,MAT0022,电气元件,14.6,0.0,288.82
TK003790,MAT0032,工具,1.1,1.5,48.49
TK003790,MAT0043,绝缘材料,9.5,1.5,369.5
TK003791,MAT0049,电气元件,2.4,0.0,252.7
TK003791,MAT0034,绝缘材料,5.9,0.0,76.41
TK003792,MAT0043,线缆,15.5,1.0,399.48
TK003792,MAT0019,电气元件,3.5,0.0,70.72
TK003793,MAT0001,工具,11.7,0.0,437.93
TK003793,MAT0015,工具,3.5,0.0,260.48
TK003793,MAT0047,电气元件,6.4,0.0,474.15
TK003793,MAT0009,线缆,16.6,0.8,219.08
TK003794,MAT0001,辅材,17.4,0.0,88.06
TK003794,MAT0013,电气元件,7.9,0.0,135.23
TK003795,MAT0005,机械零件,16.1,0.0,231.55
TK003797,MAT0038,绝缘材料,19.0,0.0,72.78
TK003797,MAT0025,工具,16.9,0.0,451.29
TK003797,MAT0037,绝缘材料,10.4,0.0,212.09
TK003798,MAT0015,辅材,4.1,0.0,309.66
TK003798,MAT0012,绝缘材料,7.6,1.0,424.58
TK003800,MAT0021,工具,19.6,0.0,490.08
TK003800,MAT0007,辅材,13.4,0.0,28.71
TK003800,MAT0036,机械零件,10.6,0.0,50.33
TK003801,MAT0005,电气元件,17.9,0.0,256.78
TK003801,MAT0015,绝缘材料,7.6,0.0,10.83
TK003801,MAT0010,电气元件,3.0,1.2,79.05
TK003802,MAT0006,工具,9.8,0.0,398.44
TK003802,MAT0042,线缆,2.4,0.0,413.34
TK003802,MAT0042,机械零件,10.8,0.0,82.98
TK003803,MAT0027,辅材,17.0,0.0,394.57
TK003803,MAT0036,辅材,12.5,0.0,311.11
TK003804,MAT0019,辅材,5.7,1.8,310.62
TK003804,MAT0004,机械零件,14.3,0.0,206.71
TK003805,MAT0004,辅材,7.0,0.0,450.32
TK003805,MAT0011,绝缘材料,6.1,0.8,151.69
TK003805,MAT0030,线缆,19.6,1.7,149.14
TK003805,MAT0038,辅材,11.0,0.0,448.65
TK003806,MAT0024,绝缘材料,1.3,0.4,378.62
TK003806,MAT0019,工具,5.8,0.0,150.19
TK003806,MAT0004,辅材,7.6,0.0,242.82
TK003806,MAT0025,绝缘材料,7.0,0.0,439.31
TK003808,MAT0001,辅材,10.2,0.0,38.92
TK003809,MAT0049,线缆,10.1,0.0,61.86
TK003809,MAT0036,绝缘材料,12.2,0.0,104.11
TK003810,MAT0039,电气元件,19.1,1.6,263.14
TK003810,MAT0046,辅材,6.2,0.0,115.79
TK003810,MAT0032,辅材,18.3,0.0,234.18
TK003810,MAT0043,机械零件,12.0,0.0,206.33
TK003810,MAT0032,辅材,12.1,0.9,301.13
TK003811,MAT0025,线缆,14.9,0.0,152.74
TK003813,MAT0020,电气元件,10.5,0.0,101.17
TK003813,MAT0021,绝缘材料,2.4,0.0,396.3
TK003813,MAT0023,电气元件,16.9,0.0,274.0
TK003813,MAT0010,电气元件,2.0,0.0,199.77
TK003813,MAT0038,机械零件,15.0,2.0,211.23
TK003814,MAT0015,辅材,16.8,0.0,285.0
TK003814,MAT0041,线缆,10.9,0.2,461.93
TK003814,MAT0037,线缆,14.8,1.7,360.58
TK003814,MAT0008,工具,6.5,0.0,367.45
TK003814,MAT0007,绝缘材料,16.1,0.0,186.32
TK003816,MAT0022,线缆,16.1,0.0,121.86
TK003817,MAT0018,绝缘材料,9.3,0.0,81.27
TK003819,MAT0016,机械零件,17.5,1.8,480.84
TK003819,MAT0005,辅材,1.5,0.0,328.29
TK003819,MAT0007,工具,0.9,0.0,21.17
TK003819,MAT0050,机械零件,3.0,1.5,234.8
TK003819,MAT0017,线缆,3.7,2.0,319.18
TK003820,MAT0020,机械零件,5.8,0.4,461.08
TK003820,MAT0025,辅材,19.0,0.0,130.61
TK003820,MAT0004,电气元件,8.8,0.0,25.07
TK003821,MAT0027,辅材,10.1,0.0,292.2
TK003821,MAT0048,线缆,15.5,0.0,382.89
TK003821,MAT0012,线缆,3.3,0.0,142.85
TK003822,MAT0007,绝缘材料,1.9,1.4,387.33
TK003822,MAT0029,辅材,3.5,0.0,188.7
TK003822,MAT0036,机械零件,10.3,1.6,227.67
TK003822,MAT0038,线缆,12.6,0.0,393.49
TK003823,MAT0018,辅材,7.6,0.0,252.27
TK003824,MAT0024,工具,1.6,0.0,364.93
TK003824,MAT0036,绝缘材料,10.0,0.0,50.96
TK003824,MAT0041,绝缘材料,1.2,0.0,223.4
TK003824,MAT0025,电气元件,10.2,0.0,220.42
TK003824,MAT0033,电气元件,7.4,0.0,388.19
TK003826,MAT0027,工具,4.7,0.2,213.54
TK003826,MAT0045,工具,18.9,0.0,497.69
TK003826,MAT0028,绝缘材料,17.2,0.0,445.86
TK003828,MAT0041,辅材,19.6,0.0,29.18
TK003829,MAT0027,线缆,6.8,1.4,458.88
TK003829,MAT0027,电气元件,9.5,0.0,70.87
TK003829,MAT0043,辅材,17.0,0.0,493.83
TK003831,MAT0013,电气元件,1.9,0.0,488.91
TK003832,MAT0028,辅材,18.8,0.0,7.54
TK003833,MAT0050,工具,15.0,0.0,429.49
TK003833,MAT0047,线缆,11.1,0.0,343.02
TK003834,MAT0028,绝缘材料,7.6,0.0,321.28
TK003835,MAT0030,绝缘材料,10.4,0.5,248.67
TK003836,MAT0007,辅材,1.8,0.0,33.44
TK003836,MAT0016,机械零件,2.0,0.0,474.68
TK003836,MAT0041,辅材,1.6,1.7,132.47
TK003836,MAT0025,机械零件,19.8,0.0,237.93
TK003836,MAT0022,电气元件,19.9,0.0,137.7
TK003837,MAT0015,线缆,6.1,0.0,468.87
TK003837,MAT0029,绝缘材料,2.3,0.0,345.26
TK003837,MAT0005,电气元件,10.0,0.0,95.51
TK003837,MAT0017,线缆,14.2,0.0,494.55
TK003837,MAT0037,工具,0.6,0.0,249.93
TK003839,MAT0025,线缆,2.3,0.0,202.96
TK003839,MAT0007,辅材,1.7,1.4,70.75
TK003839,MAT0012,辅材,1.2,0.0,391.9
TK003839,MAT0043,辅材,19.0,0.6,373.98
TK003839,MAT0013,机械零件,4.7,1.2,45.59
TK003840,MAT0039,线缆,0.6,0.0,170.03
TK003840,MAT0010,绝缘材料,13.0,1.8,430.27
TK003840,MAT0023,线缆,8.2,0.0,174.27
TK003842,MAT0009,机械零件,8.5,0.0,285.2
TK003842,MAT0010,电气元件,12.2,0.0,389.59
TK003842,MAT0020,线缆,19.9,0.0,80.73
TK003842,MAT0021,工具,15.5,0.0,403.44
TK003842,MAT0009,电气元件,13.7,0.5,163.26
TK003843,MAT0026,辅材,5.2,0.0,186.67
TK003843,MAT0036,工具,4.4,0.0,489.59
TK003845,MAT0003,电气元件,0.6,1.5,393.47
TK003845,MAT0037,机械零件,1.6,0.0,352.3
TK003845,MAT0003,辅材,19.5,0.0,484.57
TK003845,MAT0001,机械零件,12.7,1.4,94.32
TK003846,MAT0044,绝缘材料,13.3,0.0,198.48
TK003847,MAT0030,电气元件,4.5,0.0,312.3
TK003849,MAT0008,电气元件,18.6,0.0,56.77
TK003849,MAT0042,机械零件,6.3,0.0,249.63
TK003849,MAT0031,机械零件,11.5,0.0,329.69
TK003850,MAT0026,工具,4.5,0.0,185.52
TK003850,MAT0024,机械零件,3.4,0.0,97.22
TK003851,MAT0035,线缆,8.4,0.0,458.0
TK003851,MAT0047,绝缘材料,4.6,0.2,482.2
TK003851,MAT0018,工具,12.3,0.0,466.92
TK003851,MAT0040,电气元件,6.4,0.3,82.03
TK003852,MAT0031,电气元件,12.4,0.0,328.58
TK003852,MAT0026,机械零件,14.4,0.0,259.59
TK003853,MAT0019,绝缘材料,8.8,0.0,108.93
TK003853,MAT0023,工具,18.2,0.3,157.19
TK003853,MAT0037,机械零件,6.9,0.0,67.53
TK003854,MAT0016,机械零件,10.6,0.0,310.56
TK003854,MAT0007,绝缘材料,16.7,1.6,341.26
TK003854,MAT0009,工具,5.8,0.0,242.53
TK003854,MAT0024,线缆,11.8,0.0,82.22
TK003855,MAT0021,线缆,5.1,0.0,22.3
TK003856,MAT0014,线缆,11.7,0.0,67.44
TK003857,MAT0011,绝缘材料,13.1,1.1,401.33
TK003857,MAT0028,工具,12.8,0.0,395.03
TK003857,MAT0046,工具,3.5,0.8,337.96
TK003858,MAT0037,电气元件,19.4,0.0,241.41
TK003859,MAT0034,电气元件,16.9,1.4,145.08
TK003859,MAT0007,工具,14.1,1.1,368.39
TK003859,MAT0028,辅材,2.8,0.0,69.0
TK003859,MAT0012,绝缘材料,17.8,0.6,284.99
TK003859,MAT0002,线缆,3.6,0.0,128.3
TK003860,MAT0040,工具,15.5,1.3,493.53
TK003860,MAT0017,机械零件,0.6,0.0,480.79
TK003860,MAT0003,线缆,18.0,0.0,121.17
TK003860,MAT0018,工具,15.6,0.0,103.62
TK003860,MAT0034,绝缘材料,8.2,0.0,490.36
TK003861,MAT0007,线缆,11.2,0.0,13.87
TK003861,MAT0031,线缆,13.6,0.0,332.64
TK003862,MAT0024,工具,10.3,0.0,171.4
TK003862,MAT0021,电气元件,19.9,0.1,84.55
TK003863,MAT0050,机械零件,17.9,0.6,292.41
TK003863,MAT0010,机械零件,16.0,0.0,63.22
TK003863,MAT0035,线缆,4.3,0.0,248.32
TK003863,MAT0046,线缆,7.8,0.0,19.11
TK003863,MAT0014,辅材,13.9,0.0,320.94
TK003864,MAT0018,绝缘材料,14.9,0.0,289.29
TK003864,MAT0022,工具,9.7,0.0,43.99
TK003865,MAT0046,电气元件,3.2,0.0,474.98
TK003868,MAT0044,电气元件,11.9,0.0,65.22
TK003869,MAT0037,机械零件,3.6,0.0,99.17
TK003869,MAT0035,电气元件,17.8,0.0,53.15
TK003869,MAT0027,工具,3.8,0.0,194.4
TK003869,MAT0005,绝缘材料,1.7,0.0,488.56
TK003870,MAT0033,绝缘材料,2.8,0.0,246.98
TK003870,MAT0024,电气元件,19.3,0.0,334.39
TK003870,MAT0005,绝缘材料,3.9,0.0,400.01
TK003870,MAT0020,工具,15.7,0.0,71.31
TK003870,MAT0026,线缆,4.7,0.0,433.55
TK003871,MAT0036,机械零件,17.1,0.0,153.9
TK003871,MAT0041,工具,9.8,0.0,343.88
TK003871,MAT0031,绝缘材料,3.2,0.0,17.01
TK003871,MAT0003,绝缘材料,8.7,0.0,80.67
TK003872,MAT0021,线缆,10.5,0.0,189.67
TK003873,MAT0008,电气元件,7.3,0.0,83.38
TK003873,MAT0018,绝缘材料,9.6,0.0,295.98
TK003873,MAT0029,绝缘材料,1.7,0.0,77.41
TK003873,MAT0018,辅材,6.2,0.0,69.9
TK003873,MAT0012,工具,15.4,1.8,439.79
TK003874,MAT0019,绝缘材料,6.7,0.0,430.9
TK003874,MAT0050,电气元件,1.0,0.0,180.69
TK003874,MAT0005,线缆,4.6,0.0,294.82
TK003874,MAT0033,机械零件,15.0,0.0,227.68
TK003874,MAT0044,工具,0.8,0.0,31.38
TK003875,MAT0050,机械零件,2.1,0.0,350.11
TK003875,MAT0035,绝缘材料,11.6,0.0,96.77
TK003875,MAT0015,辅材,15.4,0.6,215.17
TK003875,MAT0006,线缆,8.2,0.0,411.95
TK003876,MAT0028,线缆,12.0,0.0,363.04
TK003876,MAT0042,工具,17.2,0.0,404.03
TK003877,MAT0037,电气元件,5.6,0.0,209.74
TK003877,MAT0041,绝缘材料,13.2,0.0,27.32
TK003878,MAT0036,辅材,19.1,1.6,57.75
TK003878,MAT0003,绝缘材料,17.5,0.0,399.76
TK003878,MAT0009,工具,5.5,0.3,266.03
TK003879,MAT0002,绝缘材料,13.3,0.0,190.36
TK003879,MAT0010,机械零件,8.9,0.0,316.99
TK003879,MAT0039,绝缘材料,7.4,0.0,46.76
TK003879,MAT0049,线缆,10.5,0.0,166.27
TK003879,MAT0019,工具,1.8,0.0,213.19
TK003880,MAT0031,线缆,2.8,0.0,396.44
TK003880,MAT0001,线缆,14.4,0.0,62.15
TK003880,MAT0003,工具,20.0,0.0,268.05
TK003882,MAT0009,电气元件,17.5,0.0,92.88
TK003882,MAT0025,线缆,13.5,0.0,127.86
TK003882,MAT0046,绝缘材料,10.2,0.0,497.84
TK003882,MAT0004,绝缘材料,8.0,0.0,175.29
TK003882,MAT0009,辅材,14.3,0.8,9.6
TK003883,MAT0044,机械零件,3.6,0.0,363.41
TK003883,MAT0022,线缆,19.9,1.4,42.51
TK003883,MAT0047,辅材,7.3,0.0,19.47
TK003883,MAT0044,电气元件,19.7,0.4,257.78
TK003883,MAT0042,机械零件,3.2,0.0,364.7
TK003884,MAT0018,工具,2.7,0.0,11.91
TK003884,MAT0042,电气元件,13.4,0.0,429.85
TK003884,MAT0040,电气元件,6.5,0.0,350.9
TK003884,MAT0027,工具,1.8,1.4,57.14
TK003885,MAT0024,绝缘材料,13.5,0.0,78.94
TK003885,MAT0001,辅材,10.3,0.0,319.84
TK003886,MAT0001,辅材,13.0,0.0,158.71
TK003890,MAT0024,机械零件,14.5,0.0,395.36
TK003890,MAT0021,绝缘材料,2.0,0.0,55.77
TK003890,MAT0038,线缆,19.2,0.0,383.29
TK003891,MAT0035,线缆,12.6,1.7,477.54
TK003891,MAT0021,辅材,8.0,0.0,177.27
TK003891,MAT0047,电气元件,4.3,0.0,7.01
TK003891,MAT0022,电气元件,9.6,0.0,275.94
TK003892,MAT0020,机械零件,18.4,0.0,56.12
TK003892,MAT0048,辅材,15.6,0.9,310.89
TK003893,MAT0010,工具,18.7,0.0,438.04
TK003893,MAT0027,绝缘材料,1.7,0.0,313.41
TK003893,MAT0027,绝缘材料,14.8,0.0,411.75
TK003894,MAT0023,绝缘材料,1.8,1.8,111.55
TK003894,MAT0044,电气元件,12.4,0.0,191.11
TK003895,MAT0028,绝缘材料,19.1,1.0,199.97
TK003895,MAT0003,工具,8.7,0.0,467.39
TK003895,MAT0017,机械零件,8.7,0.0,187.45
TK003895,MAT0001,辅材,11.2,0.0,86.11
TK003895,MAT0006,机械零件,13.5,0.0,239.86
TK003896,MAT0042,线缆,17.4,0.0,231.75
TK003896,MAT0007,工具,18.7,0.0,478.74
TK003896,MAT0026,工具,9.0,1.7,316.25
TK003897,MAT0022,工具,4.0,0.0,362.39
TK003897,MAT0036,电气元件,14.6,0.0,319.96
TK003897,MAT0027,绝缘材料,16.7,0.0,481.33
TK003897,MAT0039,辅材,10.0,0.2,452.37
TK003898,MAT0004,线缆,12.0,0.0,487.3
TK003898,MAT0028,电气元件,15.8,1.4,376.04
TK003898,MAT0040,线缆,11.2,0.0,489.59
TK003898,MAT0043,辅材,11.9,1.9,410.51
TK003899,MAT0012,辅材,18.2,0.0,60.14
TK003899,MAT0036,电气元件,0.9,1.4,437.63
TK003899,MAT0011,电气元件,18.5,1.8,59.25
TK003899,MAT0046,辅材,4.1,0.0,230.86
TK003899,MAT0027,绝缘材料,16.5,0.0,112.58
TK003900,MAT0029,工具,4.0,0.0,13.71
TK003900,MAT0043,机械零件,13.3,0.0,101.95
TK003901,MAT0020,机械零件,16.9,0.0,243.57
TK003901,MAT0005,工具,9.9,0.0,117.68
TK003902,MAT0011,线缆,2.0,0.0,37.64
TK003903,MAT0006,绝缘材料,16.4,0.0,114.81
TK003905,MAT0001,辅材,15.4,0.0,335.84
TK003905,MAT0037,机械零件,12.6,0.0,168.69
TK003905,MAT0037,辅材,8.7,0.0,425.88
TK003906,MAT0013,工具,8.2,0.0,156.21
TK003906,MAT0036,辅材,2.9,0.0,298.61
TK003906,MAT0013,电气元件,10.3,0.0,67.03
TK003907,MAT0028,工具,7.5,0.0,303.41
TK003907,MAT0001,线缆,0.8,1.3,76.6
TK003907,MAT0023,电气元件,7.1,0.0,276.14
TK003908,MAT0028,绝缘材料,2.1,0.0,152.77
TK003909,MAT0026,电气元件,19.9,0.0,477.44
TK003909,MAT0027,辅材,19.6,0.0,266.68
TK003909,MAT0040,线缆,16.8,1.7,242.83
TK003910,MAT0032,绝缘材料,6.7,1.9,395.56
TK003911,MAT0023,线缆,5.8,0.0,387.75
TK003916,MAT0006,辅材,13.5,0.0,35.3
TK003917,MAT0038,绝缘材料,10.4,0.0,199.44
TK003917,MAT0031,绝缘材料,19.6,0.0,217.38
TK003917,MAT0024,线缆,11.7,0.5,221.5
TK003917,MAT0024,绝缘材料,1.3,0.0,226.0
TK003917,MAT0024,电气元件,13.0,0.0,167.24
TK003919,MAT0009,线缆,2.8,0.0,293.68
TK003919,MAT0044,绝缘材料,19.4,0.0,26.8
TK003920,MAT0050,工具,15.7,0.0,113.81
TK003920,MAT0017,工具,13.0,0.0,126.32
TK003920,MAT0044,绝缘材料,4.6,1.2,416.76
TK003920,MAT0041,绝缘材料,7.6,0.0,37.87
TK003920,MAT0024,绝缘材料,15.5,0.0,294.72
TK003921,MAT0009,绝缘材料,12.5,0.4,424.73
TK003923,MAT0015,线缆,19.1,0.0,164.32
TK003924,MAT0022,辅材,16.3,0.0,82.31
TK003924,MAT0033,线缆,12.4,0.0,423.04
TK003925,MAT0018,机械零件,11.1,0.0,193.81
TK003926,MAT0041,工具,14.1,0.0,17.89
TK003927,MAT0013,辅材,17.4,0.0,60.05
TK003928,MAT0028,机械零件,12.2,0.0,135.8
TK003928,MAT0045,工具,11.7,1.9,402.48
TK003928,MAT0024,工具,1.3,1.4,30.58
TK003928,MAT0018,电气元件,4.1,0.0,251.9
TK003930,MAT0050,辅材,1.3,0.0,382.81
TK003933,MAT0037,辅材,16.1,0.0,462.16
TK003933,MAT0050,机械零件,3.2,0.0,269.54
TK003934,MAT0048,机械零件,2.3,0.0,114.06
TK003934,MAT0035,电气元件,17.9,0.0,115.0
TK003935,MAT0045,电气元件,8.1,0.0,17.52
TK003937,MAT0026,线缆,4.7,0.0,248.14
TK003938,MAT0006,电气元件,13.4,0.0,240.44
TK003938,MAT0016,绝缘材料,17.2,0.0,404.66
TK003938,MAT0002,绝缘材料,3.7,0.0,414.52
TK003939,MAT0003,工具,19.7,0.0,72.53
TK003939,MAT0032,线缆,13.4,0.0,214.92
TK003939,MAT0009,机械零件,4.5,0.0,192.22
TK003939,MAT0031,机械零件,15.8,0.5,372.88
TK003939,MAT0010,电气元件,12.7,1.6,175.35
TK003941,MAT0038,机械零件,7.7,0.0,204.36
TK003941,MAT0035,工具,13.9,0.0,7.35
TK003941,MAT0007,线缆,19.8,0.0,224.28
TK003941,MAT0022,机械零件,11.4,0.0,227.61
TK003941,MAT0049,辅材,3.8,0.0,182.24
TK003942,MAT0045,辅材,4.5,0.0,88.53
TK003942,MAT0011,电气元件,1.2,0.0,294.57
TK003943,MAT0037,工具,15.7,0.0,67.72
TK003944,MAT0002,电气元件,8.4,0.0,132.27
TK003946,MAT0006,工具,6.7,0.0,191.06
TK003947,MAT0029,绝缘材料,4.3,1.4,305.82
TK003947,MAT0029,机械零件,2.3,0.0,26.89
TK003947,MAT0021,工具,8.0,0.0,495.01
TK003948,MAT0037,工具,5.6,1.2,214.84
TK003948,MAT0016,电气元件,11.3,0.0,346.22
TK003948,MAT0015,机械零件,10.6,0.0,347.59
TK003948,MAT0033,绝缘材料,14.1,0.0,139.71
TK003948,MAT0037,绝缘材料,19.2,0.0,471.33
TK003949,MAT0019,绝缘材料,1.8,1.4,174.19
TK003949,MAT0025,绝缘材料,2.9,0.0,139.1
TK003949,MAT0037,机械零件,16.7,1.7,215.44
TK003950,MAT0028,工具,19.8,0.0,24.52
TK003950,MAT0008,机械零件,8.1,0.0,31.6
TK003950,MAT0037,电气元件,6.4,0.0,121.43
TK003951,MAT0038,机械零件,1.7,0.0,272.91
TK003952,MAT0039,线缆,17.4,0.0,487.76
TK003953,MAT0050,绝缘材料,10.2,0.2,16.19
TK003953,MAT0001,电气元件,2.1,0.0,438.99
TK003953,MAT0005,工具,16.2,0.0,463.39
TK003954,MAT0009,辅材,3.9,0.0,299.53
TK003954,MAT0024,绝缘材料,11.7,0.0,267.12
TK003954,MAT0004,工具,16.8,0.0,284.18
TK003954,MAT0016,绝缘材料,18.3,1.9,224.19
TK003954,MAT0019,电气元件,13.4,0.0,147.04
TK003955,MAT0033,线缆,14.9,0.0,217.71
TK003957,MAT0045,线缆,17.9,1.0,307.22
TK003957,MAT0001,电气元件,10.6,0.0,238.8
TK003958,MAT0013,绝缘材料,10.4,0.8,87.33
TK003958,MAT0050,电气元件,8.8,0.0,341.66
TK003958,MAT0025,工具,14.9,0.2,428.62
TK003959,MAT0038,电气元件,17.7,0.0,359.05
TK003959,MAT0024,电气元件,9.4,0.0,479.92
TK003959,MAT0024,线缆,18.8,0.0,345.26
TK003960,MAT0025,电气元件,4.7,0.0,373.88
TK003960,MAT0003,工具,19.0,0.0,400.81
TK003960,MAT0015,绝缘材料,5.1,0.0,239.9
TK003960,MAT0002,辅材,15.9,0.6,438.49
TK003960,MAT0005,绝缘材料,6.1,0.0,230.8
TK003962,MAT0030,绝缘材料,17.1,0.0,257.36
TK003963,MAT0043,辅材,10.0,0.0,110.77
TK003963,MAT0047,辅材,19.8,0.0,122.02
TK003963,MAT0042,辅材,16.7,0.0,250.9
TK003963,MAT0018,线缆,9.5,0.0,36.38
TK003964,MAT0026,机械零件,8.5,0.0,317.9
TK003965,MAT0028,电气元件,8.7,1.2,229.22
TK003965,MAT0015,绝缘材料,9.4,0.0,93.83
TK003965,MAT0017,辅材,9.8,0.0,183.98
TK003965,MAT0029,电气元件,8.7,0.0,64.57
TK003965,MAT0036,工具,6.0,2.0,163.61
TK003966,MAT0017,线缆,2.9,0.0,291.36
TK003966,MAT0005,绝缘材料,6.7,0.0,351.44
TK003966,MAT0031,绝缘材料,1.5,0.0,389.28
TK003966,MAT0034,电气元件,16.0,0.0,277.21
TK003967,MAT0021,机械零件,13.2,1.2,185.15
TK003967,MAT0015,工具,3.2,0.0,176.1
TK003967,MAT0031,机械零件,5.8,0.0,205.74
TK003967,MAT0005,电气元件,6.9,0.0,320.52
TK003967,MAT0031,机械零件,3.6,1.3,453.4
TK003968,MAT0035,绝缘材料,14.5,0.0,250.85
TK003971,MAT0006,绝缘材料,7.9,0.0,98.44
TK003972,MAT0029,工具,4.1,0.0,84.29
TK003972,MAT0012,绝缘材料,15.9,0.0,303.87
TK003972,MAT0024,线缆,16.4,0.0,31.74
TK003973,MAT0023,工具,6.5,0.0,111.35
TK003973,MAT0026,绝缘材料,10.1,0.0,177.41
TK003973,MAT0018,绝缘材料,3.4,0.0,62.78
TK003973,MAT0034,辅材,18.2,0.0,453.9
TK003973,MAT0036,辅材,11.1,0.0,69.88
TK003975,MAT0037,工具,10.0,0.0,9.87
TK003975,MAT0028,辅材,9.1,0.0,56.65
TK003975,MAT0032,工具,12.5,0.0,232.68
TK003976,MAT0050,绝缘材料,2.1,0.0,395.26
TK003976,MAT0022,机械零件,2.3,0.0,253.94
TK003976,MAT0004,机械零件,11.6,0.0,311.25
TK003976,MAT0041,辅材,1.1,0.0,284.31
TK003978,MAT0027,机械零件,3.1,0.0,457.2
TK003978,MAT0002,线缆,17.5,0.0,208.13
TK003978,MAT0006,电气元件,17.1,1.7,105.84
TK003980,MAT0014,工具,10.9,0.0,320.36
TK003980,MAT0012,机械零件,16.1,0.0,462.88
TK003980,MAT0032,辅材,13.5,0.0,485.37
TK003980,MAT0043,机械零件,15.4,0.0,370.09
TK003981,MAT0015,工具,17.4,0.0,418.71
TK003981,MAT0027,机械零件,4.7,0.0,483.62
TK003981,MAT0023,机械零件,16.1,0.0,203.58
TK003981,MAT0049,机械零件,16.8,0.9,484.75
TK003981,MAT0028,绝缘材料,19.1,1.4,222.22
TK003982,MAT0009,机械零件,1.3,1.5,16.2
TK003983,MAT0017,电气元件,0.6,0.0,487.4
TK003983,MAT0050,辅材,18.7,2.0,434.39
TK003983,MAT0037,机械零件,0.6,0.0,418.15
TK003983,MAT0004,绝缘材料,12.9,0.0,455.81
TK003984,MAT0014,电气元件,14.6,0.0,181.76
TK003984,MAT0008,线缆,2.4,0.0,393.87
TK003984,MAT0039,线缆,11.2,0.1,12.23
TK003984,MAT0001,机械零件,3.0,0.0,14.11
TK003985,MAT0030,工具,7.5,0.0,69.85
TK003985,MAT0047,电气元件,3.5,0.0,445.11
TK003985,MAT0036,工具,4.4,0.0,416.12
TK003986,MAT0018,线缆,14.0,0.0,234.37
TK003987,MAT0049,机械零件,13.8,0.0,449.06
TK003987,MAT0004,辅材,6.9,0.5,15.03
TK003987,MAT0020,电气元件,0.5,0.0,460.69
TK003987,MAT0028,线缆,1.9,0.0,289.11
TK003987,MAT0033,机械零件,1.6,0.0,137.97
TK003988,MAT0045,绝缘材料,6.7,0.0,369.0
TK003988,MAT0040,辅材,16.2,0.0,376.75
TK003988,MAT0018,机械零件,14.1,0.0,216.72
TK003988,MAT0015,电气元件,10.1,0.0,51.05
TK003989,MAT0029,机械零件,5.8,0.0,272.36
TK003989,MAT0047,机械零件,10.0,0.0,348.89
TK003989,MAT0007,线缆,10.3,0.0,136.59
TK003991,MAT0046,辅材,11.7,1.5,253.71
TK003991,MAT0019,线缆,19.9,0.0,400.38
TK003991,MAT0017,线缆,3.9,0.0,206.11
TK003991,MAT0047,工具,12.4,0.0,290.34
TK003991,MAT0015,机械零件,2.8,0.0,203.41
TK003992,MAT0029,机械零件,13.1,0.0,306.08
TK003993,MAT0050,电气元件,13.5,0.0,80.52
TK003993,MAT0045,线缆,15.3,0.0,338.86
TK003993,MAT0046,绝缘材料,16.1,1.8,74.37
TK003993,MAT0043,线缆,1.9,0.8,491.8
TK003994,MAT0023,辅材,12.2,0.0,8.03
TK003994,MAT0038,电气元件,18.2,0.0,455.97
TK003994,MAT0043,机械零件,8.5,0.0,75.16
TK003994,MAT0047,辅材,18.9,0.0,119.7
TK003994,MAT0043,机械零件,19.9,0.0,196.42
TK003995,MAT0033,机械零件,14.1,0.0,50.26
TK003995,MAT0017,辅材,14.2,0.0,171.04
TK003996,MAT0007,线缆,2.3,0.0,306.68
TK003997,MAT0015,机械零件,8.8,0.0,147.72
TK003997,MAT0025,绝缘材料,10.7,0.0,131.01
TK003997,MAT0019,线缆,15.1,0.0,295.23
TK003998,MAT0008,绝缘材料,4.2,0.1,200.45
TK003998,MAT0021,机械零件,9.9,0.0,472.1
TK003998,MAT0040,工具,9.9,0.0,145.97
TK003998,MAT0024,辅材,19.0,1.3,147.05
TK003999,MAT0001,工具,5.7,0.0,454.42
TK003999,MAT0014,辅材,2.6,0.1,430.63
TK003999,MAT0006,辅材,11.0,0.0,112.01
TK004002,MAT0044,工具,3.2,0.0,419.16
TK004002,MAT0009,工具,6.6,1.9,105.07
TK004002,MAT0009,辅材,6.7,0.0,437.03
TK004003,MAT0012,绝缘材料,3.0,1.3,499.66
TK004004,MAT0011,线缆,12.7,0.0,280.86
TK004005,MAT0039,绝缘材料,10.8,0.0,94.94
TK004005,MAT0014,机械零件,2.7,0.0,322.29
TK004005,MAT0009,绝缘材料,15.9,0.0,92.05
TK004005,MAT0017,机械零件,2.5,0.0,453.28
TK004005,MAT0037,辅材,12.1,0.0,164.09
TK004007,MAT0008,绝缘材料,11.4,0.0,412.61
TK004009,MAT0018,绝缘材料,1.6,0.0,339.65
TK004009,MAT0011,绝缘材料,7.6,0.0,188.86
TK004009,MAT0016,绝缘材料,4.9,0.0,362.45
TK004009,MAT0009,机械零件,17.2,0.0,408.8
TK004009,MAT0041,电气元件,14.1,0.0,91.38
TK004010,MAT0013,绝缘材料,0.7,0.0,415.37
TK004010,MAT0016,机械零件,11.0,0.0,342.82
TK004011,MAT0049,机械零件,10.1,0.0,472.47
TK004011,MAT0024,电气元件,2.6,0.0,129.46
TK004012,MAT0050,工具,6.0,1.8,44.36
TK004012,MAT0013,辅材,6.0,0.0,458.83
TK004012,MAT0006,工具,14.7,0.1,465.04
TK004012,MAT0028,辅材,7.3,0.0,95.5
TK004013,MAT0016,机械零件,16.1,0.0,203.89
TK004013,MAT0045,机械零件,1.3,1.7,152.14
TK004014,MAT0024,绝缘材料,7.5,0.0,183.48
TK004014,MAT0023,辅材,6.7,0.0,233.9
TK004014,MAT0022,工具,8.3,0.0,489.95
TK004014,MAT0014,机械零件,16.4,0.0,330.77
TK004015,MAT0022,辅材,16.8,0.0,279.11
TK004016,MAT0006,辅材,1.9,0.0,221.43
TK004016,MAT0002,电气元件,15.3,1.9,67.7
TK004016,MAT0048,绝缘材料,1.4,0.0,470.71
TK004016,MAT0009,绝缘材料,12.1,0.0,177.82
TK004016,MAT0006,辅材,14.6,0.7,331.06
TK004017,MAT0041,电气元件,13.0,0.3,90.07
TK004017,MAT0027,辅材,5.6,0.0,110.24
TK004018,MAT0033,机械零件,2.7,0.0,460.72
TK004018,MAT0010,电气元件,3.7,0.0,240.82
TK004018,MAT0003,辅材,9.9,0.0,255.37
TK004018,MAT0033,绝缘材料,13.5,0.0,494.22
TK004019,MAT0037,机械零件,18.4,0.0,40.99
TK004019,MAT0008,机械零件,14.4,0.4,147.57
TK004020,MAT0048,机械零件,0.5,0.0,360.64
TK004021,MAT0046,机械零件,12.0,1.5,460.54
TK004022,MAT0003,工具,13.4,0.0,18.64
TK004022,MAT0041,电气元件,9.5,0.0,198.84
TK004022,MAT0008,辅材,20.0,1.3,39.55
TK004022,MAT0015,绝缘材料,17.8,0.0,182.08
TK004022,MAT0044,电气元件,7.1,0.0,254.14
TK004024,MAT0032,电气元件,3.1,0.0,25.98
TK004024,MAT0048,机械零件,2.5,0.0,249.6
TK004024,MAT0044,辅材,14.1,0.0,103.66
TK004024,MAT0035,电气元件,4.8,0.0,184.27
TK004025,MAT0019,机械零件,14.2,0.2,5.84
TK004025,MAT0001,电气元件,12.4,0.0,293.16
TK004025,MAT0026,机械零件,13.9,0.0,146.21
TK004025,MAT0003,绝缘材料,16.2,1.1,37.5
TK004027,MAT0017,绝缘材料,17.5,0.0,201.45
TK004028,MAT0045,辅材,17.2,0.0,447.95
TK004030,MAT0039,机械零件,8.0,0.0,401.49
TK004030,MAT0034,工具,18.4,0.0,180.85
TK004030,MAT0046,绝缘材料,4.9,0.4,370.7
TK004030,MAT0033,辅材,13.9,0.0,56.69
TK004031,MAT0040,工具,13.1,0.0,379.31
TK004031,MAT0046,工具,9.6,0.0,290.37
TK004031,MAT0005,绝缘材料,18.1,0.0,99.7
TK004031,MAT0016,机械零件,9.2,0.0,259.01
TK004032,MAT0010,辅材,13.1,0.0,173.52
TK004034,MAT0008,线缆,1.6,1.4,425.3
TK004034,MAT0034,线缆,13.0,0.0,400.17
TK004035,MAT0018,机械零件,4.4,0.3,244.82
TK004035,MAT0034,线缆,6.7,0.0,61.35
TK004035,MAT0037,机械零件,12.3,0.0,367.15
TK004036,MAT0048,电气元件,16.1,0.0,216.73
TK004036,MAT0015,机械零件,15.1,0.0,463.17
TK004039,MAT0029,绝缘材料,0.7,0.0,47.22
TK004039,MAT0013,机械零件,10.7,0.0,204.7
TK004039,MAT0042,线缆,12.8,0.0,94.78
TK004039,MAT0033,辅材,15.0,0.8,228.13
TK004040,MAT0013,电气元件,3.6,0.0,323.24
TK004040,MAT0012,机械零件,13.8,0.0,286.41
TK004040,MAT0001,工具,13.9,0.0,157.82
TK004041,MAT0014,辅材,9.7,0.0,260.74
TK004041,MAT0009,机械零件,10.8,0.0,180.67
TK004042,MAT0009,线缆,7.1,0.0,328.05
TK004042,MAT0047,线缆,17.8,1.0,290.88
TK004042,MAT0026,辅材,12.3,1.8,456.88
TK004043,MAT0013,机械零件,19.6,0.0,71.65
TK004043,MAT0010,电气元件,19.3,0.7,222.6
TK004043,MAT0010,绝缘材料,4.5,0.0,372.06
TK004044,MAT0008,线缆,9.1,0.0,45.27
TK004044,MAT0011,线缆,15.7,0.0,345.68
TK004044,MAT0018,线缆,1.8,0.0,428.46
TK004044,MAT0039,辅材,7.6,0.0,364.24
TK004045,MAT0028,线缆,1.4,0.0,113.77
TK004045,MAT0049,电气元件,9.9,0.0,240.16
TK004045,MAT0033,机械零件,5.6,1.4,138.39
TK004045,MAT0043,辅材,8.0,0.0,277.68
TK004045,MAT0033,电气元件,16.7,0.0,216.49
TK004046,MAT0025,绝缘材料,7.8,0.0,325.55
TK004047,MAT0032,电气元件,2.4,0.0,335.84
TK004047,MAT0036,机械零件,15.5,0.0,109.86
TK004048,MAT0017,绝缘材料,19.6,0.0,392.6
TK004048,MAT0026,机械零件,19.2,0.0,142.2
TK004048,MAT0035,绝缘材料,13.0,0.0,57.04
TK004051,MAT0049,线缆,4.8,0.0,77.62
TK004051,MAT0019,机械零件,19.3,0.0,427.32
TK004051,MAT0048,线缆,4.1,0.0,158.69
TK004052,MAT0016,电气元件,10.1,0.0,93.81
TK004052,MAT0001,线缆,1.4,0.0,450.87
TK004052,MAT0040,机械零件,8.8,0.0,68.65
TK004052,MAT0013,工具,12.9,1.3,150.89
TK004053,MAT0039,线缆,8.1,0.0,290.21
TK004053,MAT0028,线缆,5.7,1.8,223.09
TK004053,MAT0010,辅材,7.2,0.0,283.17
TK004053,MAT0047,绝缘材料,18.8,0.0,101.86
TK004053,MAT0040,电气元件,4.4,0.0,305.16
TK004054,MAT0004,线缆,19.2,0.0,163.76
TK004054,MAT0025,绝缘材料,0.9,0.0,329.0
TK004054,MAT0016,工具,19.7,0.0,457.89
TK004054,MAT0020,机械零件,19.7,0.0,255.53
TK004054,MAT0023,线缆,1.0,0.0,465.89
TK004056,MAT0048,机械零件,16.1,0.3,281.23
TK004056,MAT0006,电气元件,3.5,0.0,72.53
TK004056,MAT0013,电气元件,13.4,0.0,143.93
TK004057,MAT0049,电气元件,16.6,0.0,216.83
TK004057,MAT0033,电气元件,12.5,0.0,144.71
TK004057,MAT0007,线缆,3.0,0.0,390.26
TK004057,MAT0011,机械零件,17.1,1.0,79.64
TK004057,MAT0033,电气元件,17.5,0.0,191.23
TK004058,MAT0016,绝缘材料,4.8,1.1,174.68
TK004058,MAT0036,辅材,8.5,0.0,470.51
TK004058,MAT0013,机械零件,6.0,1.7,226.4
TK004059,MAT0027,机械零件,7.3,0.0,167.21
TK004061,MAT0014,线缆,15.3,0.0,475.57
TK004061,MAT0047,辅材,5.0,0.3,247.77
TK004062,MAT0024,工具,5.5,0.0,220.98
TK004063,MAT0008,绝缘材料,9.9,0.0,70.04
TK004063,MAT0020,电气元件,3.9,0.0,87.36
TK004063,MAT0029,绝缘材料,9.8,0.0,98.69
TK004065,MAT0028,机械零件,14.9,0.0,358.28
TK004065,MAT0014,机械零件,5.0,0.0,193.8
TK004065,MAT0020,电气元件,1.7,0.0,360.08
TK004066,MAT0002,工具,12.7,0.0,464.47
TK004066,MAT0043,线缆,4.1,0.0,125.38
TK004067,MAT0004,电气元件,17.0,1.5,162.45
TK004067,MAT0047,工具,12.2,0.0,399.13
TK004068,MAT0017,绝缘材料,11.3,0.0,118.71
TK004068,MAT0023,线缆,4.0,0.0,294.3
TK004069,MAT0019,辅材,1.8,0.0,91.85
TK004069,MAT0011,电气元件,10.1,0.0,179.46
TK004069,MAT0025,电气元件,11.8,0.0,443.48
TK004070,MAT0045,机械零件,14.0,0.0,236.61
TK004070,MAT0029,绝缘材料,12.0,0.0,76.47
TK004070,MAT0025,工具,1.3,0.1,18.38
TK004070,MAT0040,线缆,1.4,0.0,471.22
TK004071,MAT0008,辅材,4.9,0.0,244.38
TK004071,MAT0005,绝缘材料,11.4,0.0,393.14
TK004071,MAT0005,辅材,12.0,0.0,194.09
TK004071,MAT0028,辅材,15.7,0.0,163.84
TK004071,MAT0027,工具,2.1,0.0,376.56
TK004072,MAT0007,电气元件,8.6,0.0,217.3
TK004072,MAT0032,工具,7.0,0.0,357.01
TK004073,MAT0022,电气元件,10.5,0.0,11.19
TK004073,MAT0010,工具,13.5,0.0,34.67
TK004073,MAT0008,线缆,13.3,0.0,211.45
TK004073,MAT0038,辅材,20.0,0.0,404.28
TK004073,MAT0023,绝缘材料,6.9,0.0,354.32
TK004074,MAT0010,工具,17.2,0.0,219.45
TK004074,MAT0043,线缆,11.0,0.0,73.15
TK004074,MAT0039,线缆,17.8,0.0,368.7
TK004075,MAT0028,线缆,8.6,0.0,475.88
TK004076,MAT0004,线缆,9.6,0.0,404.0
TK004077,MAT0047,电气元件,16.5,0.3,280.76
TK004077,MAT0036,辅材,15.5,0.0,165.23
TK004077,MAT0041,机械零件,4.7,0.0,397.68
TK004078,MAT0006,工具,15.4,0.0,362.01
TK004078,MAT0030,机械零件,3.9,0.0,36.09
TK004078,MAT0021,机械零件,2.8,0.0,173.54
TK004078,MAT0008,线缆,1.3,0.0,464.64
TK004079,MAT0027,辅材,13.2,0.0,273.51
TK004079,MAT0023,线缆,8.4,0.0,290.21
TK004079,MAT0012,线缆,17.6,0.0,310.56
TK004079,MAT0049,线缆,4.2,0.0,285.05
TK004080,MAT0048,电气元件,15.1,0.0,347.14
TK004081,MAT0029,辅材,17.3,0.0,242.47
TK004081,MAT0050,线缆,8.3,0.0,68.42
TK004081,MAT0005,线缆,13.2,0.0,9.12
TK004081,MAT0042,电气元件,3.1,0.0,25.02
TK004083,MAT0023,工具,17.7,0.0,20.1
TK004084,MAT0002,工具,16.5,0.0,8.3
TK004085,MAT0027,绝缘材料,17.5,0.0,427.24
TK004085,MAT0005,电气元件,10.1,0.0,181.7
TK004086,MAT0017,绝缘材料,8.0,1.2,169.41
TK004087,MAT0048,线缆,4.0,0.0,268.92
TK004087,MAT0043,工具,17.9,0.0,448.17
TK004087,MAT0012,机械零件,1.9,0.0,138.35
TK004089,MAT0021,电气元件,1.1,0.0,138.12
TK004090,MAT0016,辅材,13.6,0.0,73.7
TK004090,MAT0001,辅材,14.7,0.0,409.96
TK004090,MAT0013,绝缘材料,2.3,1.4,24.34
TK004090,MAT0019,机械零件,7.7,0.0,148.99
TK004090,MAT0046,线缆,3.9,0.0,466.07
TK004091,MAT0023,线缆,15.5,1.7,168.26
TK004091,MAT0007,电气元件,8.1,0.0,29.43
TK004091,MAT0019,工具,5.3,0.0,144.05
TK004091,MAT0008,辅材,0.6,0.0,110.31
TK004092,MAT0035,辅材,14.0,0.0,42.64
TK004093,MAT0029,辅材,15.1,0.0,181.7
TK004093,MAT0024,绝缘材料,7.2,0.0,105.25
TK004093,MAT0048,线缆,13.2,0.0,12.1
TK004094,MAT0044,辅材,16.4,0.0,434.01
TK004094,MAT0013,工具,10.9,0.0,460.05
TK004094,MAT0026,绝缘材料,5.5,0.0,180.81
TK004095,MAT0041,线缆,16.2,0.0,465.24
TK004095,MAT0005,电气元件,14.6,0.0,364.48
TK004095,MAT0050,辅材,11.2,0.2,319.61
TK004095,MAT0050,电气元件,6.0,0.0,50.21
TK004095,MAT0024,工具,10.8,0.0,44.98
TK004096,MAT0007,工具,16.4,0.0,467.69
TK004096,MAT0011,绝缘材料,5.3,0.0,203.14
TK004096,MAT0016,工具,7.3,0.0,151.98
TK004097,MAT0016,绝缘材料,18.5,0.0,265.1
TK004097,MAT0001,线缆,19.3,1.4,431.17
TK004097,MAT0012,电气元件,0.7,1.9,131.32
TK004097,MAT0005,线缆,19.5,0.0,156.22
TK004098,MAT0047,电气元件,6.6,0.0,62.86
TK004099,MAT0001,线缆,7.3,0.0,479.7
TK004099,MAT0002,绝缘材料,7.4,0.0,199.82
TK004099,MAT0048,电气元件,2.5,0.0,316.07
TK004099,MAT0027,机械零件,7.0,0.0,339.97
TK004100,MAT0011,绝缘材料,0.9,0.0,121.75
TK004100,MAT0002,辅材,11.9,0.0,273.67
TK004100,MAT0006,电气元件,10.9,0.0,53.17
TK004100,MAT0025,辅材,7.1,1.9,304.3
TK004101,MAT0038,线缆,19.6,0.0,323.02
TK004101,MAT0014,绝缘材料,6.4,0.3,343.3
TK004101,MAT0047,机械零件,16.3,0.0,91.2
TK004101,MAT0031,线缆,8.6,0.0,399.71
TK004102,MAT0015,工具,13.7,0.9,282.45
TK004102,MAT0032,工具,13.1,0.0,379.49
TK004102,MAT0048,工具,1.7,0.0,215.69
TK004102,MAT0024,辅材,15.0,0.0,73.96
TK004103,MAT0046,线缆,3.9,0.4,345.34
TK004103,MAT0020,绝缘材料,1.3,0.0,99.32
TK004104,MAT0026,机械零件,15.1,0.0,14.28
TK004104,MAT0015,绝缘材料,4.9,0.0,168.07
TK004105,MAT0005,工具,17.0,0.0,145.74
TK004105,MAT0008,线缆,8.1,0.0,346.65
TK004105,MAT0019,工具,18.7,0.0,77.59
TK004105,MAT0038,绝缘材料,1.3,0.0,468.8
TK004106,MAT0005,线缆,5.0,0.0,22.37
TK004106,MAT0032,线缆,8.7,0.0,366.5
TK004107,MAT0047,绝缘材料,18.1,0.5,495.3
TK004107,MAT0029,工具,10.5,0.0,316.62
TK004108,MAT0037,绝缘材料,14.1,0.0,128.51
TK004108,MAT0017,辅材,19.8,0.0,93.39
TK004108,MAT0030,绝缘材料,8.5,0.0,146.97
TK004108,MAT0038,绝缘材料,16.2,0.0,109.33
TK004108,MAT0046,工具,1.4,0.0,30.85
TK004109,MAT0049,绝缘材料,15.2,0.0,134.4
TK004110,MAT0013,机械零件,19.6,0.0,492.71
TK004110,MAT0025,辅材,2.2,0.0,146.67
TK004113,MAT0036,工具,1.4,0.0,453.02
TK004113,MAT0023,辅材,12.5,0.0,458.87
TK004113,MAT0020,线缆,9.6,0.1,496.12
TK004113,MAT0011,机械零件,11.0,0.0,245.65
TK004114,MAT0044,线缆,6.8,0.0,136.62
TK004114,MAT0001,线缆,3.3,0.0,249.88
TK004115,MAT0013,辅材,19.5,0.0,267.64
TK004115,MAT0037,机械零件,12.4,0.0,189.76
TK004116,MAT0017,线缆,9.6,0.0,105.12
TK004116,MAT0027,线缆,15.0,0.0,398.65
TK004116,MAT0001,工具,5.7,0.0,484.68
TK004116,MAT0012,线缆,3.7,0.0,420.51
TK004117,MAT0028,辅材,9.1,0.0,192.37
TK004117,MAT0010,电气元件,2.4,0.0,179.17
TK004117,MAT0050,机械零件,14.8,0.0,257.68
TK004117,MAT0025,辅材,12.8,0.0,178.61
TK004119,MAT0003,绝缘材料,19.9,0.0,97.38
TK004119,MAT0022,线缆,5.3,0.0,254.17
TK004119,MAT0042,辅材,10.4,0.0,423.15
TK004119,MAT0007,工具,18.2,1.2,129.78
TK004119,MAT0026,工具,17.8,0.0,226.54
TK004120,MAT0016,绝缘材料,10.5,0.0,386.09
TK004120,MAT0018,线缆,10.7,0.0,216.07
TK004120,MAT0041,绝缘材料,6.0,1.8,347.79
TK004121,MAT0048,线缆,18.2,0.1,349.84
TK004121,MAT0036,电气元件,4.9,0.0,449.26
TK004121,MAT0035,机械零件,8.1,0.0,61.11
TK004121,MAT0011,线缆,8.5,0.0,73.0
TK004121,MAT0008,机械零件,12.5,1.1,71.78
TK004122,MAT0044,线缆,7.9,1.2,414.44
TK004122,MAT0020,机械零件,15.1,0.0,386.36
TK004122,MAT0016,辅材,10.0,1.5,130.69
TK004122,MAT0039,辅材,13.6,0.0,99.54
TK004122,MAT0043,辅材,8.1,0.0,248.19
TK004123,MAT0022,辅材,7.7,0.0,36.91
TK004123,MAT0020,工具,9.3,0.0,309.71
TK004123,MAT0018,线缆,0.9,0.0,22.69
TK004123,MAT0034,机械零件,13.3,0.0,38.51
TK004123,MAT0032,线缆,8.9,0.0,207.14
TK004124,MAT0014,机械零件,11.3,0.0,88.08
TK004124,MAT0016,绝缘材料,8.6,0.0,181.81
TK004124,MAT0021,绝缘材料,10.3,1.5,397.97
TK004124,MAT0001,机械零件,12.2,1.4,416.31
TK004125,MAT0038,电气元件,12.5,0.0,354.73
TK004125,MAT0041,机械零件,6.5,0.0,128.88
TK004125,MAT0015,机械零件,12.7,0.0,109.61
TK004125,MAT0017,机械零件,2.1,0.0,350.46
TK004126,MAT0005,工具,11.4,0.0,180.24
TK004126,MAT0016,工具,11.8,0.0,178.49
TK004127,MAT0041,工具,17.5,0.0,268.02
TK004127,MAT0045,绝缘材料,3.7,0.0,219.29
TK004128,MAT0034,机械零件,13.3,0.0,129.41
TK004128,MAT0018,辅材,11.0,0.5,134.82
TK004128,MAT0020,工具,18.8,0.0,77.1
TK004128,MAT0041,工具,19.2,0.0,117.77
TK004128,MAT0019,线缆,7.4,2.0,34.47
TK004129,MAT0001,机械零件,8.3,0.0,177.31
TK004129,MAT0025,线缆,11.2,0.0,151.26
TK004130,MAT0043,辅材,5.4,0.4,325.41
TK004130,MAT0035,工具,17.8,0.0,361.62
TK004130,MAT0009,机械零件,6.5,0.0,203.66
TK004130,MAT0005,辅材,7.5,0.0,93.29
TK004130,MAT0040,线缆,7.5,0.0,483.1
TK004134,MAT0037,绝缘材料,11.2,0.0,60.9
TK004134,MAT0004,辅材,2.0,0.0,126.33
TK004134,MAT0039,电气元件,5.6,0.0,140.35
TK004134,MAT0046,线缆,6.5,0.0,157.7
TK004135,MAT0043,工具,14.6,0.0,21.46
TK004136,MAT0024,辅材,4.1,0.0,392.77
TK004136,MAT0017,工具,12.2,0.0,176.45
TK004136,MAT0027,工具,7.4,0.0,354.05
TK004136,MAT0017,机械零件,2.4,0.0,36.38
TK004138,MAT0020,工具,10.0,0.0,356.5
TK004138,MAT0044,电气元件,3.6,0.0,10.03
TK004139,MAT0009,线缆,16.8,0.4,487.8
TK004139,MAT0011,机械零件,5.3,0.8,421.02
TK004139,MAT0012,电气元件,18.7,1.0,262.02
TK004140,MAT0032,电气元件,19.5,0.0,241.19
TK004140,MAT0044,线缆,16.1,0.0,83.54
TK004140,MAT0026,辅材,6.9,0.0,93.26
TK004140,MAT0046,电气元件,20.0,0.0,264.88
TK004143,MAT0048,机械零件,4.5,0.0,240.43
TK004143,MAT0045,工具,17.2,0.0,262.76
TK004143,MAT0005,绝缘材料,1.2,1.8,219.35
TK004143,MAT0038,绝缘材料,7.9,0.0,215.46
TK004143,MAT0020,电气元件,2.6,0.0,15.97
TK004145,MAT0048,辅材,8.1,0.0,52.97
TK004145,MAT0014,绝缘材料,18.3,0.0,278.16
TK004146,MAT0020,电气元件,14.2,0.0,331.87
TK004147,MAT0048,线缆,17.3,0.0,459.98
TK004149,MAT0042,工具,10.9,0.0,159.7
TK004149,MAT0015,辅材,15.8,0.0,137.18
TK004149,MAT0017,机械零件,10.3,0.0,216.72
TK004149,MAT0033,机械零件,17.2,1.8,164.09
TK004150,MAT0014,辅材,5.3,0.0,75.8
TK004150,MAT0021,辅材,2.4,0.0,130.95
TK004151,MAT0020,机械零件,18.7,0.0,69.37
TK004151,MAT0044,电气元件,10.0,0.0,309.26
TK004151,MAT0031,工具,4.9,0.0,424.3
TK004151,MAT0012,工具,3.8,0.0,184.36
TK004152,MAT0012,线缆,7.1,0.0,483.05
TK004152,MAT0007,工具,12.9,2.0,489.74
TK004152,MAT0034,工具,13.8,0.0,276.87
TK004152,MAT0030,电气元件,18.3,1.0,457.74
TK004154,MAT0035,工具,8.4,0.0,188.74
TK004154,MAT0018,绝缘材料,12.2,0.0,396.43
TK004155,MAT0048,辅材,13.1,0.0,144.59
TK004157,MAT0050,线缆,13.3,0.0,36.63
TK004157,MAT0034,辅材,9.4,1.1,362.18
TK004158,MAT0037,机械零件,3.9,0.0,344.04
TK004158,MAT0026,绝缘材料,16.2,0.0,213.86
TK004158,MAT0030,线缆,15.4,0.0,194.53
TK004159,MAT0007,线缆,8.1,0.0,466.05
TK004159,MAT0023,机械零件,7.6,0.0,391.42
TK004159,MAT0044,电气元件,4.7,0.0,246.43
TK004159,MAT0005,辅材,0.8,0.0,151.26
TK004160,MAT0015,工具,8.9,0.0,21.15
TK004160,MAT0009,工具,11.7,0.0,318.21
TK004160,MAT0030,机械零件,9.0,0.0,77.71
TK004161,MAT0029,工具,18.2,1.8,469.95
TK004161,MAT0050,辅材,9.1,0.0,434.43
TK004162,MAT0028,绝缘材料,19.5,0.0,449.1
TK004162,MAT0023,辅材,14.3,0.0,280.19
TK004162,MAT0023,电气元件,10.2,0.0,181.23
TK004162,MAT0030,电气元件,2.2,0.0,53.1
TK004163,MAT0001,工具,15.1,0.0,452.32
TK004163,MAT0037,线缆,13.6,0.0,195.13
TK004163,MAT0013,机械零件,3.0,0.0,430.36
TK004164,MAT0045,机械零件,9.5,0.0,314.47
TK004164,MAT0039,工具,8.6,0.0,258.71
TK004164,MAT0008,线缆,20.0,0.0,9.66
TK004165,MAT0024,辅材,8.8,0.0,176.78
TK004165,MAT0014,绝缘材料,6.1,0.0,373.93
TK004165,MAT0039,电气元件,6.4,0.0,257.28
TK004165,MAT0030,电气元件,4.1,0.0,149.98
TK004165,MAT0026,线缆,8.8,1.0,379.76
TK004166,MAT0034,工具,17.6,0.0,293.8
TK004166,MAT0046,绝缘材料,11.5,1.5,94.55
TK004166,MAT0039,机械零件,18.1,0.0,499.4
TK004166,MAT0050,绝缘材料,4.7,0.0,307.74
TK004166,MAT0001,线缆,2.7,0.0,174.92
TK004169,MAT0032,绝缘材料,16.9,0.0,180.95
TK004171,MAT0025,绝缘材料,9.3,0.0,440.81
TK004171,MAT0045,机械零件,0.6,0.0,252.77
TK004171,MAT0007,绝缘材料,8.2,0.0,200.76
TK004171,MAT0047,绝缘材料,13.5,0.0,428.3
TK004172,MAT0016,辅材,4.8,0.0,50.52
TK004172,MAT0037,工具,18.1,1.7,418.29
TK004172,MAT0047,工具,19.9,0.0,377.79
TK004172,MAT0015,线缆,2.1,0.0,311.3
TK004173,MAT0046,线缆,6.0,0.0,218.34
TK004173,MAT0048,机械零件,8.8,0.0,478.5
TK004173,MAT0018,辅材,1.9,0.0,129.8
TK004173,MAT0012,工具,13.3,0.0,350.16
TK004173,MAT0040,工具,14.3,0.0,394.7
TK004174,MAT0023,绝缘材料,17.2,0.0,84.37
TK004174,MAT0001,绝缘材料,2.1,0.0,286.24
TK004174,MAT0038,电气元件,12.8,0.0,392.04
TK004174,MAT0006,绝缘材料,13.4,0.0,193.48
TK004174,MAT0035,电气元件,5.8,0.0,322.48
TK004175,MAT0014,线缆,13.3,0.0,201.95
TK004175,MAT0016,工具,14.4,0.0,256.61
TK004175,MAT0011,绝缘材料,17.4,0.0,27.99
TK004176,MAT0026,工具,9.4,0.0,249.54
TK004176,MAT0044,机械零件,19.2,0.0,128.31
TK004176,MAT0033,电气元件,4.2,0.0,9.8
TK004178,MAT0023,电气元件,10.6,0.0,444.78
TK004178,MAT0007,绝缘材料,4.0,0.0,439.73
TK004179,MAT0006,工具,3.2,0.0,220.1
TK004180,MAT0011,线缆,11.8,0.0,255.38
TK004180,MAT0020,电气元件,1.6,0.0,324.78
TK004181,MAT0023,工具,9.7,0.0,129.52
TK004182,MAT0014,工具,9.3,1.3,155.59
TK004184,MAT0010,绝缘材料,7.0,0.0,182.67
TK004185,MAT0050,工具,12.6,0.0,213.17
TK004186,MAT0035,工具,14.5,2.0,200.89
TK004186,MAT0014,电气元件,13.6,0.0,45.76
TK004186,MAT0016,线缆,6.0,0.0,427.23
TK004187,MAT0007,机械零件,18.4,1.5,326.13
TK004187,MAT0017,绝缘材料,10.2,0.3,356.01
TK004187,MAT0002,机械零件,7.1,0.0,491.08
TK004187,MAT0023,工具,16.2,0.0,436.32
TK004188,MAT0024,机械零件,8.1,1.8,186.31
TK004189,MAT0014,线缆,5.8,1.1,226.44
TK004189,MAT0019,工具,13.7,0.3,483.11
TK004189,MAT0033,机械零件,15.9,0.0,404.94
TK004189,MAT0014,线缆,11.2,0.0,232.13
TK004189,MAT0036,绝缘材料,7.2,0.0,445.57
TK004190,MAT0050,电气元件,7.1,0.8,39.3
TK004190,MAT0023,工具,5.2,0.0,319.9
TK004190,MAT0014,辅材,9.8,0.4,327.48
TK004190,MAT0001,线缆,6.4,0.7,250.61
TK004191,MAT0018,电气元件,14.8,0.0,139.43
TK004191,MAT0015,绝缘材料,17.2,0.0,147.28
TK004191,MAT0027,绝缘材料,4.2,0.0,354.57
TK004191,MAT0049,辅材,5.6,0.0,296.04
TK004193,MAT0002,电气元件,10.9,0.0,320.63
TK004193,MAT0021,机械零件,5.5,1.6,235.92
TK004193,MAT0016,机械零件,17.5,0.0,114.49
TK004193,MAT0035,线缆,12.7,0.0,302.15
TK004196,MAT0017,线缆,11.7,0.0,187.68
TK004196,MAT0037,电气元件,4.3,0.0,17.35
TK004196,MAT0039,绝缘材料,15.9,0.0,422.23
TK004196,MAT0031,机械零件,13.9,0.0,392.03
TK004196,MAT0030,电气元件,5.0,0.0,142.85
TK004197,MAT0024,辅材,16.5,0.0,494.36
TK004197,MAT0011,电气元件,12.5,0.0,475.4
TK004197,MAT0013,机械零件,6.2,0.0,25.72
TK004199,MAT0012,线缆,15.9,0.0,13.08
TK004200,MAT0024,线缆,18.6,0.0,104.12
TK004200,MAT0015,机械零件,11.3,0.5,208.15
TK004200,MAT0001,电气元件,2.7,0.0,78.33
TK004201,MAT0022,电气元件,1.3,0.0,246.26
TK004201,MAT0023,辅材,12.0,0.7,319.09
TK004202,MAT0028,绝缘材料,11.4,0.0,136.15
TK004202,MAT0007,绝缘材料,13.6,0.0,426.34
TK004202,MAT0013,工具,11.4,0.0,375.82
TK004202,MAT0009,电气元件,11.2,0.0,102.02
TK004203,MAT0004,辅材,11.7,0.0,190.04
TK004203,MAT0050,辅材,1.4,0.0,497.99
TK004203,MAT0014,机械零件,0.6,0.0,355.13
TK004203,MAT0024,线缆,12.4,0.0,445.58
TK004203,MAT0028,机械零件,4.6,0.6,482.23
TK004204,MAT0042,机械零件,2.7,0.0,74.57
TK004204,MAT0001,机械零件,14.1,0.0,105.43
TK004204,MAT0042,绝缘材料,17.8,0.0,407.08
TK004205,MAT0036,电气元件,12.9,0.0,78.25
TK004205,MAT0044,辅材,5.7,0.0,135.17
TK004206,MAT0012,机械零件,17.4,0.0,34.55
TK004206,MAT0033,机械零件,2.2,0.0,351.81
TK004206,MAT0029,工具,0.8,0.0,8.27
TK004207,MAT0050,线缆,17.1,0.0,488.62
TK004207,MAT0032,辅材,11.1,0.0,401.15
TK004208,MAT0024,电气元件,11.4,0.0,188.1
TK004209,MAT0020,机械零件,16.1,0.0,487.23
TK004209,MAT0043,电气元件,12.0,0.0,7.81
TK004211,MAT0046,工具,1.7,1.8,144.99
TK004212,MAT0030,电气元件,13.0,1.7,24.56
TK004212,MAT0023,电气元件,4.5,0.0,346.04
TK004212,MAT0029,工具,6.4,0.0,327.72
TK004212,MAT0013,电气元件,14.1,0.0,435.68
TK004214,MAT0013,机械零件,12.9,0.1,203.62
TK004215,MAT0048,工具,4.9,0.0,81.05
TK004215,MAT0026,绝缘材料,0.5,0.0,153.0
TK004215,MAT0022,工具,1.1,0.0,169.04
TK004215,MAT0050,工具,11.4,0.0,248.35
TK004215,MAT0003,绝缘材料,9.1,0.0,179.03
TK004216,MAT0004,工具,11.2,0.0,424.79
TK004216,MAT0040,工具,2.7,0.0,198.75
TK004216,MAT0022,机械零件,6.2,0.0,192.77
TK004218,MAT0035,辅材,18.0,0.0,115.69
TK004218,MAT0042,线缆,17.2,0.1,244.54
TK004218,MAT0043,线缆,17.4,1.6,104.0
TK004218,MAT0025,工具,2.2,1.0,471.56
TK004219,MAT0048,线缆,3.3,0.0,353.06
TK004221,MAT0025,绝缘材料,17.6,0.0,243.14
TK004221,MAT0031,辅材,17.4,0.8,99.53
TK004223,MAT0007,机械零件,16.8,0.0,319.15
TK004223,MAT0033,绝缘材料,4.2,0.7,225.02
TK004223,MAT0050,机械零件,16.9,0.0,314.47
TK004224,MAT0030,辅材,0.8,0.0,76.83
TK004224,MAT0010,机械零件,10.7,0.0,266.21
TK004225,MAT0044,工具,18.7,0.0,162.62
TK004225,MAT0011,工具,18.6,0.0,253.99
TK004225,MAT0028,工具,7.3,0.0,364.9
TK004227,MAT0045,辅材,14.0,0.4,309.6
TK004227,MAT0017,辅材,13.6,0.0,233.86
TK004229,MAT0032,机械零件,11.5,0.0,193.44
TK004229,MAT0011,电气元件,19.4,0.0,324.2
TK004230,MAT0042,线缆,19.2,0.0,232.94
TK004231,MAT0020,辅材,19.6,0.0,225.63
TK004231,MAT0038,辅材,6.2,0.0,174.06
TK004231,MAT0045,电气元件,17.7,0.0,225.49
TK004231,MAT0024,电气元件,6.2,0.0,429.47
TK004232,MAT0007,辅材,7.9,0.0,327.28
TK004232,MAT0019,工具,3.8,1.8,350.72
TK004232,MAT0035,机械零件,19.7,0.0,158.21
TK004232,MAT0012,绝缘材料,13.0,0.0,467.38
TK004233,MAT0035,绝缘材料,11.5,0.0,65.15
TK004233,MAT0022,电气元件,19.8,0.6,172.05
TK004234,MAT0023,线缆,7.3,0.0,383.8
TK004234,MAT0036,线缆,9.2,0.0,499.63
TK004234,MAT0034,线缆,11.5,0.0,13.57
TK004235,MAT0024,绝缘材料,6.0,0.2,122.52
TK004235,MAT0010,电气元件,1.6,1.5,146.29
TK004235,MAT0048,工具,7.6,0.0,429.31
TK004236,MAT0021,辅材,15.3,0.8,263.73
TK004236,MAT0018,线缆,7.2,0.6,478.65
TK004237,MAT0015,绝缘材料,14.3,1.5,96.86
TK004237,MAT0008,工具,4.6,0.0,357.59
TK004237,MAT0041,绝缘材料,8.1,0.0,234.8
TK004237,MAT0047,工具,17.7,0.0,107.14
TK004237,MAT0039,电气元件,7.5,0.0,300.82
TK004238,MAT0037,机械零件,10.9,0.0,106.46
TK004238,MAT0041,工具,10.9,0.0,71.82
TK004238,MAT0036,电气元件,19.5,0.0,23.41
TK004238,MAT0017,电气元件,17.4,0.0,20.38
TK004238,MAT0007,工具,9.0,0.9,49.74
TK004239,MAT0048,线缆,2.6,0.0,268.5
TK004239,MAT0047,机械零件,11.0,0.0,437.29
TK004240,MAT0043,机械零件,17.5,0.0,387.06
TK004241,MAT0022,工具,2.7,0.0,222.82
TK004241,MAT0049,机械零件,18.7,0.0,487.7
TK004241,MAT0009,绝缘材料,9.3,0.0,437.56
TK004241,MAT0028,辅材,6.0,0.0,387.17
TK004241,MAT0004,线缆,9.7,0.0,305.71
TK004242,MAT0033,电气元件,14.0,0.0,188.72
TK004242,MAT0014,线缆,9.1,0.0,36.45
TK004242,MAT0037,工具,10.7,0.0,302.86
TK004243,MAT0024,线缆,7.4,0.0,176.49
TK004243,MAT0028,绝缘材料,2.1,0.0,492.82
TK004244,MAT0026,线缆,1.6,0.7,405.49
TK004244,MAT0030,电气元件,19.5,0.0,462.21
TK004245,MAT0034,辅材,16.0,0.0,314.52
TK004245,MAT0017,工具,3.4,1.2,406.51
TK004245,MAT0023,线缆,15.8,0.0,63.06
TK004245,MAT0048,线缆,2.0,0.0,104.43
TK004245,MAT0028,绝缘材料,3.2,0.0,358.12
TK004247,MAT0007,辅材,15.4,0.0,414.52
TK004247,MAT0002,线缆,10.6,0.0,495.23
TK004248,MAT0047,电气元件,4.9,0.0,285.39
TK004248,MAT0026,绝缘材料,2.5,0.0,341.06
TK004249,MAT0010,绝缘材料,4.1,0.0,261.62
TK004249,MAT0007,工具,14.6,0.0,474.9
TK004249,MAT0015,电气元件,17.7,0.0,39.92
TK004249,MAT0050,机械零件,19.7,0.0,146.53
TK004250,MAT0035,辅材,14.4,0.9,460.47
TK004250,MAT0047,电气元件,3.6,0.0,112.36
TK004251,MAT0016,机械零件,13.4,0.0,193.63
TK004255,MAT0031,工具,4.6,0.0,211.3
TK004255,MAT0037,线缆,11.8,0.8,358.13
TK004256,MAT0024,辅材,2.2,0.0,15.76
TK004256,MAT0049,工具,16.1,0.0,33.2
TK004256,MAT0005,线缆,12.2,0.0,261.25
TK004257,MAT0008,工具,14.3,0.0,40.82
TK004257,MAT0026,机械零件,6.1,0.0,373.79
TK004257,MAT0048,辅材,1.6,1.7,57.54
TK004257,MAT0014,电气元件,2.2,1.6,169.8
TK004259,MAT0005,工具,15.2,0.0,49.76
TK004259,MAT0033,机械零件,3.6,0.0,251.43
TK004259,MAT0016,线缆,13.3,0.0,355.72
TK004259,MAT0031,辅材,6.1,0.0,404.45
TK004259,MAT0034,工具,13.3,1.1,255.27
TK004260,MAT0022,机械零件,1.8,0.0,276.55
TK004261,MAT0025,线缆,16.9,0.0,383.75
TK004261,MAT0028,线缆,4.0,0.0,425.86
TK004263,MAT0008,辅材,19.1,0.0,403.99
TK004263,MAT0014,绝缘材料,4.7,0.0,71.4
TK004263,MAT0021,电气元件,19.0,0.0,376.68
TK004263,MAT0029,绝缘材料,4.2,0.1,188.11
TK004264,MAT0002,绝缘材料,5.8,0.0,348.42
TK004264,MAT0025,绝缘材料,12.2,0.0,485.29
TK004264,MAT0009,机械零件,1.9,0.0,238.35
TK004264,MAT0016,工具,8.6,0.0,192.33
TK004265,MAT0033,工具,5.9,0.0,98.89
TK004266,MAT0006,机械零件,10.4,0.0,327.36
TK004266,MAT0042,工具,2.1,0.0,323.85
TK004266,MAT0020,电气元件,16.0,0.0,471.64
TK004266,MAT0017,机械零件,19.2,0.0,455.49
TK004267,MAT0033,线缆,6.2,0.0,225.25
TK004269,MAT0016,机械零件,6.4,0.0,151.95
TK004269,MAT0014,辅材,1.0,0.0,12.85
TK004271,MAT0036,辅材,19.1,0.0,121.55
TK004271,MAT0012,机械零件,13.0,0.0,352.85
TK004271,MAT0040,工具,1.1,0.0,91.53
TK004271,MAT0023,电气元件,9.3,0.0,317.2
TK004272,MAT0042,绝缘材料,4.0,0.0,360.09
TK004273,MAT0041,机械零件,10.3,0.0,321.5
TK004273,MAT0027,工具,6.9,0.4,399.43
TK004273,MAT0004,线缆,1.4,0.9,434.55
TK004274,MAT0043,线缆,8.1,0.0,206.59
TK004274,MAT0044,辅材,9.5,0.0,123.59
TK004274,MAT0031,辅材,8.4,0.9,42.51
TK004274,MAT0007,绝缘材料,6.4,0.0,11.38
TK004274,MAT0001,工具,10.5,0.0,125.88
TK004275,MAT0004,工具,8.5,0.0,377.27
TK004275,MAT0042,线缆,0.9,0.0,324.05
TK004275,MAT0009,绝缘材料,17.7,0.0,360.58
TK004276,MAT0027,电气元件,14.9,0.0,97.53
TK004276,MAT0010,辅材,6.5,0.0,146.18
TK004276,MAT0039,线缆,9.9,1.1,101.65
TK004276,MAT0042,机械零件,17.4,0.0,202.78
TK004276,MAT0007,机械零件,11.1,0.0,413.23
TK004277,MAT0017,电气元件,7.7,1.8,61.92
TK004277,MAT0046,机械零件,9.3,0.6,123.65
TK004278,MAT0041,绝缘材料,18.6,1.3,432.24
TK004280,MAT0029,绝缘材料,6.3,0.0,262.95
TK004280,MAT0001,线缆,10.6,0.0,348.76
TK004281,MAT0037,绝缘材料,12.6,0.0,384.89
TK004282,MAT0022,线缆,16.4,0.0,168.14
TK004282,MAT0043,辅材,4.1,1.8,70.6
TK004283,MAT0021,绝缘材料,1.5,0.0,137.37
TK004284,MAT0020,绝缘材料,18.9,0.0,339.33
TK004284,MAT0048,绝缘材料,10.4,1.6,56.88
TK004285,MAT0037,辅材,2.2,0.0,392.23
TK004286,MAT0049,绝缘材料,5.4,0.0,231.35
TK004286,MAT0012,辅材,7.2,0.0,481.63
TK004286,MAT0004,电气元件,14.4,0.0,55.26
TK004286,MAT0003,辅材,4.2,0.0,273.9
TK004286,MAT0033,电气元件,4.9,0.0,498.42
TK004287,MAT0020,电气元件,0.8,0.0,8.17
TK004288,MAT0030,电气元件,9.6,0.0,419.15
TK004288,MAT0024,辅材,10.4,0.0,190.8
TK004288,MAT0023,线缆,7.8,0.0,117.58
TK004288,MAT0013,工具,10.3,0.0,233.1
TK004288,MAT0049,绝缘材料,13.4,0.0,113.96
TK004289,MAT0005,线缆,12.2,0.0,405.74
TK004289,MAT0039,线缆,13.7,0.2,116.41
TK004289,MAT0041,辅材,8.6,0.0,402.84
TK004290,MAT0038,工具,2.1,0.0,68.7
TK004290,MAT0030,工具,2.7,0.0,449.17
TK004290,MAT0023,线缆,10.6,0.0,33.64
TK004293,MAT0034,工具,17.0,0.0,340.65
TK004293,MAT0036,机械零件,18.5,0.0,300.34
TK004293,MAT0032,电气元件,9.1,0.8,174.69
TK004293,MAT0029,绝缘材料,5.8,0.4,24.68
TK004294,MAT0030,辅材,19.3,0.0,44.15
TK004295,MAT0038,机械零件,17.5,0.0,105.46
TK004295,MAT0031,机械零件,5.6,0.0,478.07
TK004296,MAT0026,绝缘材料,1.1,0.0,249.65
TK004297,MAT0012,工具,10.7,0.6,208.79
TK004297,MAT0026,机械零件,6.1,0.0,456.73
TK004298,MAT0016,辅材,1.0,0.0,382.14
TK004298,MAT0013,工具,14.6,0.4,406.61
TK004298,MAT0044,工具,5.4,0.0,36.44
TK004299,MAT0017,辅材,5.9,0.0,172.46
TK004299,MAT0046,辅材,14.7,0.0,399.76
TK004299,MAT0043,工具,4.2,0.0,12.85
TK004299,MAT0037,绝缘材料,12.5,0.0,274.95
TK004299,MAT0009,工具,9.8,0.0,111.68
TK004300,MAT0003,线缆,17.5,0.0,74.12
TK004300,MAT0030,线缆,18.2,0.0,407.71
TK004300,MAT0045,辅材,14.4,0.0,289.64
TK004300,MAT0003,辅材,10.3,0.0,151.89
TK004301,MAT0046,机械零件,1.3,0.0,109.75
TK004301,MAT0038,辅材,14.8,0.0,468.53
TK004301,MAT0010,机械零件,11.6,0.5,141.91
TK004301,MAT0002,辅材,19.3,0.0,487.45
TK004302,MAT0032,机械零件,12.7,0.0,439.41
TK004302,MAT0009,绝缘材料,5.7,0.0,126.64
TK004303,MAT0035,工具,9.8,0.0,250.6
TK004303,MAT0047,机械零件,14.3,0.0,403.71
TK004304,MAT0003,绝缘材料,1.9,0.0,5.89
TK004304,MAT0012,绝缘材料,2.5,0.7,296.01
TK004304,MAT0009,绝缘材料,17.6,0.0,444.4
TK004304,MAT0006,辅材,12.3,0.7,474.81
TK004304,MAT0041,辅材,15.4,1.4,278.84
TK004305,MAT0005,绝缘材料,6.9,0.0,13.62
TK004305,MAT0004,工具,19.4,1.1,19.51
TK004306,MAT0002,机械零件,19.0,0.0,293.82
TK004306,MAT0015,绝缘材料,13.1,0.0,382.24
TK004306,MAT0044,线缆,16.6,0.0,73.08
TK004306,MAT0033,辅材,4.9,0.0,406.68
TK004306,MAT0029,机械零件,12.9,0.0,417.14
TK004307,MAT0046,电气元件,3.7,0.9,317.53
TK004308,MAT0016,绝缘材料,6.0,0.0,121.31
TK004308,MAT0027,工具,3.3,0.0,106.02
TK004308,MAT0036,辅材,4.6,1.4,370.98
TK004308,MAT0030,工具,16.7,0.0,293.89
TK004308,MAT0016,工具,13.2,0.0,214.89
TK004309,MAT0026,线缆,10.4,0.0,309.91
TK004309,MAT0042,线缆,8.3,0.0,443.15
TK004309,MAT0022,电气元件,2.9,0.0,450.35
TK004309,MAT0044,绝缘材料,2.4,0.0,95.85
TK004309,MAT0050,辅材,10.9,0.1,183.3
TK004310,MAT0029,辅材,16.4,0.0,325.75
TK004310,MAT0020,机械零件,6.9,0.0,267.3
TK004311,MAT0042,电气元件,12.4,0.0,110.54
TK004311,MAT0013,绝缘材料,6.0,0.0,134.07
TK004311,MAT0046,电气元件,9.5,0.0,173.31
TK004311,MAT0047,绝缘材料,1.7,0.0,72.28
TK004312,MAT0044,辅材,16.3,0.0,177.36
TK004312,MAT0030,线缆,18.9,0.0,140.98
TK004312,MAT0014,电气元件,2.8,1.4,460.93
TK004313,MAT0026,辅材,9.4,0.0,287.18
TK004313,MAT0015,线缆,17.8,0.0,211.97
TK004313,MAT0044,机械零件,10.8,0.0,445.0
TK004313,MAT0031,绝缘材料,15.8,0.0,425.68
TK004314,MAT0044,机械零件,6.3,0.0,414.61
TK004314,MAT0012,线缆,13.0,0.0,410.31
TK004314,MAT0031,电气元件,14.4,1.5,460.08
TK004316,MAT0037,线缆,19.8,0.0,277.6
TK004316,MAT0036,线缆,3.5,1.9,220.16
TK004317,MAT0034,辅材,0.7,0.0,432.01
TK004317,MAT0027,电气元件,17.6,0.0,44.12
TK004317,MAT0029,线缆,2.5,0.0,176.42
TK004319,MAT0022,线缆,19.6,0.0,341.58
TK004319,MAT0003,辅材,2.5,0.0,361.69
TK004320,MAT0028,辅材,0.9,0.0,55.08
TK004320,MAT0034,工具,7.3,1.9,210.71
TK004320,MAT0023,辅材,15.9,0.0,39.45
TK004323,MAT0032,电气元件,1.1,0.0,394.97
TK004323,MAT0019,机械零件,15.6,0.0,89.8
TK004323,MAT0039,机械零件,8.4,0.0,253.83
TK004323,MAT0029,工具,18.6,0.0,56.27
TK004323,MAT0032,辅材,4.0,1.7,395.81
TK004324,MAT0006,电气元件,13.0,0.0,111.01
TK004324,MAT0040,机械零件,15.3,0.0,254.12
TK004324,MAT0035,线缆,14.1,0.0,360.15
TK004324,MAT0017,电气元件,7.7,0.0,164.81
TK004324,MAT0010,线缆,16.7,0.6,301.8
TK004325,MAT0033,绝缘材料,20.0,0.0,406.77
TK004325,MAT0012,电气元件,12.9,0.0,429.41
TK004325,MAT0001,电气元件,16.0,0.0,234.42
TK004325,MAT0047,线缆,9.6,0.0,221.82
TK004325,MAT0005,绝缘材料,14.3,0.0,184.95
TK004326,MAT0049,机械零件,12.5,0.0,454.72
TK004326,MAT0005,绝缘材料,3.5,0.0,482.5
TK004328,MAT0004,线缆,6.2,0.0,444.25
TK004328,MAT0030,电气元件,19.5,0.0,154.8
TK004329,MAT0014,工具,19.8,0.0,298.2
TK004329,MAT0033,工具,15.1,0.0,202.7
TK004329,MAT0024,机械零件,9.4,0.0,378.93
TK004330,MAT0004,电气元件,17.8,0.0,240.5
TK004330,MAT0031,线缆,8.0,0.0,236.67
TK004331,MAT0040,辅材,15.2,1.2,136.21
TK004331,MAT0042,线缆,7.6,1.0,185.19
TK004331,MAT0031,辅材,15.4,0.0,315.01
TK004331,MAT0010,线缆,2.7,0.0,43.31
TK004332,MAT0047,辅材,13.8,0.0,42.06
TK004332,MAT0031,机械零件,6.2,0.0,163.63
TK004332,MAT0046,机械零件,12.0,0.0,249.11
TK004333,MAT0023,辅材,7.6,0.0,320.3
TK004333,MAT0048,辅材,9.2,0.0,298.78
TK004333,MAT0016,辅材,2.5,0.0,372.49
TK004334,MAT0023,辅材,12.9,0.0,206.82
TK004336,MAT0038,绝缘材料,4.5,0.0,411.61
TK004337,MAT0012,辅材,2.9,0.0,25.81
TK004338,MAT0040,工具,2.6,0.2,349.31
TK004338,MAT0002,机械零件,14.3,0.0,337.48
TK004338,MAT0014,工具,2.8,0.4,440.2
TK004339,MAT0004,机械零件,3.7,0.0,446.1
TK004339,MAT0040,机械零件,14.4,0.7,122.52
TK004339,MAT0017,线缆,9.3,0.3,462.15
TK004339,MAT0017,绝缘材料,2.1,0.0,94.63
TK004340,MAT0041,机械零件,13.0,0.0,336.02
TK004340,MAT0041,电气元件,3.7,0.0,190.82
TK004340,MAT0047,电气元件,6.3,0.0,143.01
TK004340,MAT0012,线缆,4.1,0.0,450.1
TK004342,MAT0024,工具,11.7,0.0,320.15
TK004342,MAT0014,线缆,10.4,1.3,430.3
TK004342,MAT0012,辅材,4.5,0.9,433.09
TK004342,MAT0024,线缆,3.8,0.0,208.1
TK004343,MAT0042,电气元件,9.5,1.5,492.63
TK004343,MAT0040,电气元件,10.8,1.0,249.82
TK004343,MAT0016,绝缘材料,15.8,0.0,483.47
TK004343,MAT0030,线缆,12.2,0.0,136.65
TK004344,MAT0006,辅材,9.9,0.0,152.69
TK004344,MAT0039,工具,16.6,1.1,410.36
TK004344,MAT0039,辅材,10.1,0.0,394.26
TK004344,MAT0031,绝缘材料,12.6,0.0,454.82
TK004344,MAT0012,工具,18.9,0.0,45.08
TK004345,MAT0035,辅材,5.1,0.0,313.48
TK004345,MAT0012,辅材,11.1,0.0,235.3
TK004345,MAT0020,工具,13.0,0.0,163.74
TK004345,MAT0027,绝缘材料,19.5,0.0,406.44
TK004346,MAT0008,线缆,15.8,0.3,94.32
TK004346,MAT0013,机械零件,17.6,0.0,62.51
TK004346,MAT0038,工具,17.4,0.0,137.47
TK004347,MAT0001,绝缘材料,18.8,0.0,221.94
TK004347,MAT0006,电气元件,18.4,0.0,316.71
TK004348,MAT0009,工具,5.9,0.0,463.57
TK004348,MAT0018,线缆,16.5,0.0,198.13
TK004348,MAT0025,辅材,12.9,0.0,182.17
TK004348,MAT0020,绝缘材料,19.7,0.0,179.73
TK004348,MAT0048,电气元件,6.4,0.0,107.53
TK004349,MAT0023,绝缘材料,15.8,0.0,232.94
TK004349,MAT0044,工具,15.2,2.0,60.5
TK004349,MAT0017,机械零件,9.2,0.0,259.91
TK004349,MAT0006,工具,0.7,0.0,268.23
TK004349,MAT0009,绝缘材料,15.4,0.0,298.1
TK004350,MAT0028,工具,4.7,0.0,447.94
TK004350,MAT0021,绝缘材料,3.9,0.0,270.94
TK004352,MAT0040,工具,3.0,1.0,458.74
TK004352,MAT0019,辅材,17.5,0.0,380.94
TK004352,MAT0023,工具,1.4,0.0,135.62
TK004353,MAT0041,线缆,19.3,0.0,442.28
TK004353,MAT0048,辅材,12.5,0.0,28.44
TK004353,MAT0034,辅材,1.7,0.0,471.57
TK004353,MAT0026,机械零件,19.3,0.0,362.9
TK004355,MAT0009,机械零件,18.3,0.0,140.8
TK004355,MAT0014,机械零件,19.8,0.0,216.84
TK004355,MAT0006,工具,6.0,0.0,369.67
TK004355,MAT0039,线缆,11.8,0.0,468.1
TK004356,MAT0023,电气元件,8.5,0.0,339.01
TK004356,MAT0048,机械零件,15.7,0.0,165.33
TK004357,MAT0013,绝缘材料,3.3,0.0,237.94
TK004357,MAT0043,绝缘材料,6.6,0.0,470.68
TK004357,MAT0038,辅材,0.7,0.0,196.54
TK004357,MAT0021,工具,10.4,0.4,467.35
TK004358,MAT0006,绝缘材料,8.8,0.0,362.81
TK004359,MAT0030,机械零件,16.5,1.2,305.09
TK004360,MAT0028,工具,15.4,0.0,142.11
TK004361,MAT0005,线缆,3.2,0.0,27.81
TK004361,MAT0030,线缆,1.6,0.9,54.03
TK004361,MAT0008,电气元件,17.6,0.0,322.76
TK004362,MAT0040,电气元件,5.8,0.0,421.42
TK004362,MAT0005,绝缘材料,15.9,0.0,473.78
TK004362,MAT0029,绝缘材料,18.1,0.0,101.65
TK004362,MAT0016,绝缘材料,11.7,0.0,483.85
TK004363,MAT0018,线缆,6.0,1.1,438.57
TK004363,MAT0028,机械零件,13.5,0.0,31.69
TK004363,MAT0009,电气元件,10.0,0.0,444.74
TK004364,MAT0030,辅材,10.4,0.0,18.75
TK004364,MAT0033,工具,10.5,1.5,52.24
TK004364,MAT0049,工具,12.8,0.0,367.32
TK004364,MAT0013,工具,6.2,0.0,419.24
TK004366,MAT0037,绝缘材料,2.8,0.0,150.58
TK004366,MAT0032,线缆,18.4,0.0,290.21
TK004366,MAT0045,绝缘材料,7.5,1.1,237.79
TK004366,MAT0026,工具,17.6,0.0,495.63
TK004366,MAT0048,工具,0.7,0.0,469.08
TK004368,MAT0009,辅材,18.4,1.2,319.32
TK004368,MAT0006,辅材,18.4,0.0,363.98
TK004368,MAT0046,绝缘材料,15.4,0.0,378.79
TK004369,MAT0033,工具,2.0,0.0,44.63
TK004369,MAT0011,工具,16.8,0.0,431.3
TK004369,MAT0019,工具,8.3,0.0,322.11
TK004369,MAT0050,机械零件,16.7,0.0,34.66
TK004370,MAT0014,工具,15.9,0.0,348.75
TK004370,MAT0038,绝缘材料,10.9,0.0,487.79
TK004370,MAT0010,机械零件,11.1,0.0,162.93
TK004374,MAT0009,电气元件,11.5,0.0,62.39
TK004374,MAT0047,线缆,8.4,0.5,128.93
TK004375,MAT0011,机械零件,18.5,0.0,367.31
TK004376,MAT0025,机械零件,16.1,0.0,351.61
TK004376,MAT0003,机械零件,14.8,0.0,219.11
TK004376,MAT0010,工具,14.1,0.0,258.28
TK004376,MAT0038,线缆,4.4,0.0,498.21
TK004378,MAT0012,线缆,2.5,0.0,380.0
TK004378,MAT0027,辅材,3.0,0.0,237.95
TK004378,MAT0029,电气元件,8.1,0.0,252.76
TK004378,MAT0046,辅材,19.5,0.0,267.12
TK004379,MAT0017,绝缘材料,18.5,0.0,41.67
TK004379,MAT0043,绝缘材料,6.9,0.0,203.49
TK004379,MAT0031,绝缘材料,17.5,1.1,282.28
TK004380,MAT0022,辅材,2.8,0.0,31.08
TK004380,MAT0036,电气元件,17.0,0.0,436.0
TK004380,MAT0008,线缆,18.1,0.0,148.18
TK004380,MAT0027,电气元件,19.6,0.0,281.85
TK004380,MAT0023,电气元件,14.5,0.0,225.19
TK004382,MAT0040,工具,16.1,0.0,416.05
TK004382,MAT0016,线缆,10.0,0.0,388.43
TK004382,MAT0002,机械零件,7.7,0.0,325.2
TK004382,MAT0019,线缆,9.8,0.0,14.97
TK004382,MAT0011,线缆,14.2,0.0,358.8
TK004383,MAT0032,线缆,7.6,0.0,448.03
TK004383,MAT0004,工具,2.9,0.0,293.37
TK004383,MAT0002,绝缘材料,12.4,1.7,448.76
TK004383,MAT0018,线缆,1.8,1.2,73.93
TK004384,MAT0006,工具,1.1,0.0,318.8
TK004384,MAT0050,工具,9.4,0.0,369.81
TK004384,MAT0042,绝缘材料,2.6,0.0,475.49
TK004384,MAT0011,辅材,2.1,1.7,121.01
TK004384,MAT0021,线缆,17.1,0.0,284.03
TK004385,MAT0017,绝缘材料,12.0,0.0,444.47
TK004385,MAT0005,电气元件,20.0,0.0,91.56
TK004385,MAT0040,绝缘材料,0.9,0.0,77.17
TK004385,MAT0001,工具,17.0,0.0,334.29
TK004386,MAT0049,辅材,17.8,0.0,241.28
TK004386,MAT0045,电气元件,19.1,0.0,9.59
TK004386,MAT0045,绝缘材料,18.7,0.0,280.17
TK004386,MAT0020,电气元件,3.1,0.0,397.92
TK004388,MAT0031,工具,13.1,0.3,286.06
TK004388,MAT0003,线缆,12.0,0.0,102.13
TK004388,MAT0007,线缆,11.8,0.0,53.15
TK004388,MAT0004,工具,17.5,1.3,82.67
TK004388,MAT0034,绝缘材料,19.9,0.0,271.12
TK004389,MAT0039,线缆,13.3,0.0,347.33
TK004389,MAT0014,线缆,6.3,0.0,414.23
TK004389,MAT0008,线缆,19.8,0.0,345.72
TK004390,MAT0023,工具,16.7,0.0,478.28
TK004390,MAT0024,辅材,7.8,0.0,461.25
TK004390,MAT0012,机械零件,11.4,0.0,354.03
TK004390,MAT0029,绝缘材料,12.0,0.0,483.25
TK004390,MAT0041,绝缘材料,16.8,0.0,138.06
TK004391,MAT0041,机械零件,13.0,0.0,482.35
TK004391,MAT0040,线缆,3.7,0.0,171.83
TK004391,MAT0001,工具,8.5,0.0,342.91
TK004391,MAT0027,电气元件,10.9,0.0,257.08
TK004392,MAT0044,辅材,15.9,0.0,461.28
TK004392,MAT0047,工具,5.8,0.0,31.83
TK004392,MAT0014,机械零件,12.7,0.0,47.92
TK004392,MAT0008,绝缘材料,13.7,0.0,278.25
TK004392,MAT0029,绝缘材料,0.8,0.0,42.35
TK004393,MAT0002,绝缘材料,3.9,0.0,215.23
TK004393,MAT0048,工具,8.1,0.0,137.9
TK004393,MAT0003,机械零件,9.4,1.0,361.59
TK004393,MAT0024,电气元件,14.8,0.0,401.81
TK004396,MAT0027,绝缘材料,8.5,0.0,184.3
TK004396,MAT0002,线缆,19.9,0.0,69.23
TK004396,MAT0035,工具,2.1,0.0,319.13
TK004396,MAT0023,工具,14.7,0.0,410.39
TK004396,MAT0049,线缆,12.7,0.0,6.76
TK004397,MAT0002,工具,6.4,0.0,302.7
TK004397,MAT0017,绝缘材料,15.5,0.0,440.43
TK004397,MAT0003,电气元件,15.9,0.0,63.29
TK004398,MAT0017,线缆,13.8,0.0,372.85
TK004398,MAT0043,机械零件,4.1,1.4,40.53
TK004399,MAT0032,电气元件,7.5,0.0,85.29
TK004399,MAT0033,线缆,13.0,0.0,40.1
TK004399,MAT0048,机械零件,10.7,0.0,235.07
TK004402,MAT0048,工具,17.8,0.0,209.12
TK004402,MAT0037,电气元件,12.9,0.0,265.72
TK004402,MAT0012,机械零件,6.7,0.0,9.84
TK004403,MAT0035,机械零件,10.8,0.0,257.01
TK004403,MAT0031,绝缘材料,11.7,0.0,490.23
TK004404,MAT0001,电气元件,18.5,1.9,363.87
TK004405,MAT0037,机械零件,13.4,0.0,113.73
TK004405,MAT0032,线缆,8.9,0.0,261.23
TK004405,MAT0002,机械零件,5.3,0.0,455.64
TK004405,MAT0044,线缆,3.6,0.6,325.02
TK004406,MAT0011,电气元件,10.1,0.0,9.97
TK004406,MAT0035,电气元件,6.2,0.0,214.42
TK004406,MAT0032,辅材,7.6,1.3,125.73
TK004407,MAT0003,绝缘材料,9.3,0.0,55.14
TK004407,MAT0016,辅材,2.8,0.0,234.89
TK004407,MAT0039,电气元件,4.6,0.0,235.72
TK004407,MAT0046,辅材,9.5,1.8,320.37
TK004408,MAT0012,辅材,17.9,1.7,155.53
TK004408,MAT0015,电气元件,13.0,0.0,238.16
TK004408,MAT0031,机械零件,2.8,0.9,309.88
TK004408,MAT0050,辅材,14.3,1.4,278.32
TK004409,MAT0003,电气元件,9.3,0.0,370.85
TK004410,MAT0022,辅材,11.9,0.0,410.06
TK004410,MAT0023,绝缘材料,7.3,0.4,297.15
TK004411,MAT0026,机械零件,11.4,0.0,192.01
TK004412,MAT0017,电气元件,19.9,0.0,348.16
TK004412,MAT0027,工具,9.4,0.0,38.59
TK004413,MAT0031,辅材,19.5,0.2,347.78
TK004413,MAT0014,绝缘材料,5.9,0.0,201.87
TK004414,MAT0043,辅材,8.3,0.4,90.76
TK004414,MAT0048,机械零件,6.6,0.0,345.85
TK004414,MAT0046,工具,6.0,0.0,103.09
TK004414,MAT0025,线缆,1.1,0.0,462.13
TK004414,MAT0004,绝缘材料,11.3,0.0,309.77
TK004415,MAT0021,绝缘材料,18.5,1.4,150.71
TK004415,MAT0037,电气元件,15.1,0.0,57.72
TK004415,MAT0044,线缆,15.4,0.0,86.73
TK004415,MAT0050,绝缘材料,19.3,0.0,201.76
TK004416,MAT0031,线缆,0.5,0.0,243.62
TK004416,MAT0019,绝缘材料,8.8,0.0,480.56
TK004416,MAT0038,线缆,19.5,0.0,287.48
TK004416,MAT0027,辅材,18.0,0.0,326.69
TK004417,MAT0037,线缆,7.7,0.0,67.4
TK004417,MAT0050,工具,19.6,0.0,17.76
TK004418,MAT0003,机械零件,16.1,0.0,274.9
TK004418,MAT0015,电气元件,3.9,0.0,290.11
TK004418,MAT0025,机械零件,18.7,0.0,425.81
TK004418,MAT0037,绝缘材料,16.1,0.0,498.71
TK004419,MAT0039,机械零件,8.2,0.0,442.13
TK004419,MAT0008,线缆,12.1,0.0,392.84
TK004419,MAT0013,电气元件,0.7,0.0,333.48
TK004421,MAT0017,绝缘材料,6.0,0.0,408.04
TK004421,MAT0042,电气元件,3.9,0.0,28.45
TK004421,MAT0048,机械零件,2.3,0.0,37.0
TK004421,MAT0009,机械零件,13.8,0.0,401.25
TK004421,MAT0041,机械零件,3.0,0.0,165.71
TK004422,MAT0049,线缆,7.2,0.0,271.33
TK004422,MAT0007,电气元件,5.7,0.0,15.58
TK004422,MAT0032,电气元件,10.3,0.0,493.44
TK004423,MAT0024,机械零件,6.2,0.0,260.26
TK004424,MAT0011,工具,16.4,0.1,498.99
TK004425,MAT0043,工具,10.9,0.4,188.46
TK004425,MAT0006,绝缘材料,19.1,0.0,291.45
TK004425,MAT0028,线缆,17.1,0.0,51.22
TK004425,MAT0026,线缆,11.2,1.3,323.26
TK004426,MAT0018,电气元件,2.4,0.0,74.92
TK004426,MAT0029,工具,6.0,0.0,247.3
TK004426,MAT0037,线缆,19.2,0.0,94.14
TK004427,MAT0038,机械零件,19.5,0.0,256.3
TK004429,MAT0048,工具,3.4,1.1,321.54
TK004429,MAT0012,电气元件,1.1,0.0,170.67
TK004429,MAT0001,机械零件,12.2,1.6,201.61
TK004429,MAT0027,线缆,19.4,0.0,14.51
TK004430,MAT0027,线缆,6.3,2.0,484.91
TK004430,MAT0006,机械零件,9.3,0.0,335.68
TK004430,MAT0040,绝缘材料,2.4,0.0,48.03
TK004430,MAT0048,辅材,7.3,0.0,305.96
TK004430,MAT0007,绝缘材料,5.9,0.0,158.05
TK004431,MAT0038,线缆,7.9,0.0,234.69
TK004431,MAT0009,辅材,12.5,0.0,328.08
TK004431,MAT0025,机械零件,13.3,0.0,21.29
TK004431,MAT0025,辅材,15.9,0.8,423.24
TK004432,MAT0015,机械零件,15.5,0.0,156.29
TK004432,MAT0019,机械零件,7.8,0.0,59.1
TK004432,MAT0032,工具,19.3,0.0,157.09
TK004432,MAT0005,辅材,9.6,0.0,243.61
TK004433,MAT0001,电气元件,3.6,0.0,165.8
TK004433,MAT0045,工具,17.2,0.0,53.52
TK004433,MAT0010,绝缘材料,10.1,0.0,236.3
TK004434,MAT0042,绝缘材料,13.9,0.0,390.69
TK004434,MAT0037,电气元件,5.9,0.0,13.37
TK004435,MAT0036,线缆,15.1,0.0,419.43
TK004436,MAT0005,机械零件,10.0,1.1,158.9
TK004436,MAT0029,辅材,3.8,0.0,361.56
TK004436,MAT0026,工具,9.1,0.0,88.43
TK004436,MAT0034,机械零件,6.3,0.0,234.97
TK004437,MAT0048,绝缘材料,5.8,0.0,254.97
TK004437,MAT0035,机械零件,1.6,0.0,307.29
TK004437,MAT0034,线缆,3.1,0.0,339.88
TK004437,MAT0036,工具,18.5,0.0,454.69
TK004437,MAT0015,绝缘材料,4.7,0.1,251.58
TK004438,MAT0040,工具,7.8,0.0,418.67
TK004438,MAT0012,辅材,15.5,0.0,426.35
TK004438,MAT0042,线缆,19.4,0.0,140.38
TK004438,MAT0026,机械零件,8.3,0.0,304.71
TK004439,MAT0050,线缆,19.4,0.0,341.25
TK004439,MAT0016,绝缘材料,20.0,0.0,79.74
TK004441,MAT0045,工具,5.3,0.0,104.21
TK004443,MAT0007,绝缘材料,18.0,0.0,17.45
TK004443,MAT0002,线缆,5.5,0.0,407.81
TK004443,MAT0014,线缆,16.3,1.9,11.84
TK004443,MAT0038,工具,16.5,0.0,12.39
TK004443,MAT0047,辅材,11.7,0.8,179.67
TK004444,MAT0036,绝缘材料,18.6,2.0,30.11
TK004444,MAT0037,绝缘材料,10.8,0.0,470.09
TK004444,MAT0015,工具,18.5,1.1,283.75
TK004444,MAT0011,辅材,11.7,0.0,19.68
TK004445,MAT0038,辅材,3.6,0.0,283.45
TK004445,MAT0042,机械零件,4.5,0.8,344.99
TK004445,MAT0044,电气元件,18.4,0.0,420.16
TK004445,MAT0035,机械零件,18.1,0.0,373.57
TK004446,MAT0005,工具,10.5,0.0,117.83
TK004446,MAT0028,机械零件,2.5,0.0,339.11
TK004448,MAT0040,机械零件,13.1,0.0,323.44
TK004449,MAT0050,工具,2.8,1.7,353.61
TK004449,MAT0028,线缆,15.1,0.0,269.94
TK004450,MAT0003,绝缘材料,17.3,0.0,188.75
TK004450,MAT0020,电气元件,4.0,0.0,450.49
TK004450,MAT0024,机械零件,2.8,0.0,405.13
TK004451,MAT0001,电气元件,13.3,0.0,498.14
TK004451,MAT0010,电气元件,6.2,0.0,397.42
TK004451,MAT0029,电气元件,3.1,0.0,461.28
TK004451,MAT0014,绝缘材料,15.8,0.0,434.36
TK004452,MAT0050,辅材,12.7,0.0,190.27
TK004452,MAT0009,工具,4.6,0.0,5.48
TK004452,MAT0020,工具,14.9,0.6,161.72
TK004452,MAT0010,机械零件,14.3,0.0,139.82
TK004454,MAT0024,工具,7.4,0.0,166.59
TK004454,MAT0013,电气元件,11.9,0.0,481.11
TK004454,MAT0044,电气元件,0.5,0.0,314.0
TK004454,MAT0006,工具,15.1,0.0,106.06
TK004456,MAT0002,线缆,2.2,1.3,425.84
TK004456,MAT0014,辅材,2.7,0.0,319.1
TK004456,MAT0019,电气元件,19.8,0.0,108.48
TK004456,MAT0029,机械零件,7.9,0.0,228.24
TK004456,MAT0007,电气元件,16.4,0.0,311.9
TK004457,MAT0045,线缆,6.4,0.0,449.36
TK004457,MAT0041,机械零件,11.9,0.0,397.48
TK004458,MAT0004,绝缘材料,9.5,0.0,341.84
TK004458,MAT0016,工具,19.4,0.0,88.76
TK004458,MAT0041,辅材,10.4,0.0,128.29
TK004458,MAT0030,辅材,14.9,0.0,67.5
TK004458,MAT0020,工具,12.1,0.0,233.45
TK004459,MAT0031,辅材,8.2,0.7,153.73
TK004459,MAT0017,机械零件,17.0,0.7,324.23
TK004459,MAT0022,机械零件,16.3,0.0,140.57
TK004459,MAT0050,线缆,9.4,0.0,480.5
TK004460,MAT0023,机械零件,4.4,0.0,234.37
TK004460,MAT0002,线缆,2.9,0.0,203.04
TK004460,MAT0047,电气元件,7.7,0.0,172.22
TK004460,MAT0018,机械零件,3.5,0.0,158.12
TK004461,MAT0003,机械零件,7.7,0.0,232.75
TK004462,MAT0017,电气元件,8.2,0.9,440.52
TK004462,MAT0017,线缆,6.5,0.1,237.38
TK004464,MAT0037,机械零件,11.6,0.0,291.05
TK004464,MAT0005,辅材,7.0,0.0,405.25
TK004464,MAT0003,工具,17.5,0.0,358.65
TK004464,MAT0043,电气元件,18.1,0.0,38.19
TK004466,MAT0047,绝缘材料,14.7,0.4,443.9
TK004466,MAT0040,电气元件,6.9,0.0,57.72
TK004466,MAT0022,辅材,11.8,0.0,363.84
TK004466,MAT0020,线缆,18.7,1.7,479.52
TK004467,MAT0002,绝缘材料,3.9,0.0,433.67
TK004467,MAT0050,机械零件,0.9,0.0,284.75
TK004467,MAT0027,工具,11.7,0.0,433.02
TK004468,MAT0006,绝缘材料,2.2,1.5,190.59
TK004469,MAT0006,绝缘材料,10.5,1.9,228.13
TK004469,MAT0050,工具,4.1,0.0,364.97
TK004469,MAT0004,辅材,16.4,0.0,33.39
TK004470,MAT0037,机械零件,6.3,0.0,22.41
TK004470,MAT0016,绝缘材料,16.3,0.0,237.22
TK004471,MAT0025,线缆,14.2,0.0,36.07
TK004471,MAT0024,工具,16.2,0.0,39.11
TK004471,MAT0012,线缆,5.2,0.0,86.69
TK004471,MAT0048,绝缘材料,7.5,0.0,256.43
TK004471,MAT0006,辅材,17.1,0.0,226.7
TK004472,MAT0006,线缆,2.3,0.4,277.29
TK004473,MAT0015,线缆,2.0,0.0,364.4
TK004475,MAT0046,工具,14.0,0.0,441.28
TK004476,MAT0007,辅材,11.6,0.5,304.05
TK004476,MAT0011,绝缘材料,9.0,1.3,357.36
TK004477,MAT0042,电气元件,15.4,0.0,481.66
TK004477,MAT0050,电气元件,10.2,1.9,66.25
TK004478,MAT0023,工具,16.5,0.0,333.29
TK004478,MAT0004,线缆,9.7,0.0,281.11
TK004478,MAT0030,辅材,7.0,1.1,46.08
TK004478,MAT0026,线缆,12.9,0.0,206.86
TK004478,MAT0008,线缆,17.7,0.0,300.36
TK004479,MAT0002,工具,7.7,0.0,414.18
TK004479,MAT0037,辅材,2.8,0.0,311.44
TK004479,MAT0021,线缆,5.5,0.0,13.14
TK004479,MAT0007,辅材,8.6,0.0,98.74
TK004480,MAT0003,绝缘材料,2.2,1.1,321.29
TK004480,MAT0002,工具,10.8,0.0,398.01
TK004480,MAT0046,工具,13.5,0.0,156.46
TK004481,MAT0016,机械零件,8.6,0.0,183.51
TK004482,MAT0020,工具,7.0,0.0,101.17
TK004483,MAT0035,辅材,10.4,0.0,206.51
TK004483,MAT0004,工具,13.1,0.0,221.13
TK004484,MAT0036,电气元件,14.5,1.5,386.8
TK004484,MAT0004,绝缘材料,18.7,0.0,322.05
TK004485,MAT0029,辅材,8.4,0.0,110.95
TK004485,MAT0048,电气元件,12.4,0.4,350.63
TK004485,MAT0041,绝缘材料,3.5,0.0,153.95
TK004485,MAT0001,绝缘材料,3.9,1.0,56.26
TK004485,MAT0002,机械零件,11.6,0.0,476.11
TK004486,MAT0006,绝缘材料,17.7,0.0,121.5
TK004487,MAT0007,线缆,15.1,0.0,71.49
TK004487,MAT0046,电气元件,16.6,0.0,449.36
TK004487,MAT0025,工具,13.6,0.0,351.53
TK004488,MAT0030,工具,12.5,0.0,272.57
TK004488,MAT0013,绝缘材料,18.5,0.5,409.29
TK004488,MAT0032,线缆,16.4,0.0,376.57
TK004488,MAT0034,绝缘材料,9.3,0.0,208.05
TK004488,MAT0047,电气元件,17.1,0.0,335.61
TK004489,MAT0049,绝缘材料,7.9,1.5,452.38
TK004489,MAT0035,辅材,12.2,0.0,448.39
TK004490,MAT0046,机械零件,11.8,0.0,214.79
TK004490,MAT0033,工具,14.6,0.0,347.34
TK004491,MAT0013,电气元件,12.1,0.0,404.6
TK004491,MAT0011,绝缘材料,0.6,0.0,335.32
TK004492,MAT0029,线缆,8.3,0.8,128.79
TK004492,MAT0017,工具,18.3,0.0,317.23
TK004493,MAT0016,机械零件,18.3,0.0,477.77
TK004493,MAT0036,绝缘材料,10.6,0.0,379.4
TK004493,MAT0050,线缆,15.5,0.0,343.81
TK004493,MAT0004,辅材,13.3,0.0,114.39
TK004493,MAT0046,机械零件,7.2,1.5,397.28
TK004495,MAT0012,绝缘材料,10.0,0.0,185.39
TK004497,MAT0047,绝缘材料,8.8,0.9,288.77
TK004497,MAT0007,工具,12.1,0.0,179.07
TK004497,MAT0042,绝缘材料,6.0,1.1,433.36
TK004497,MAT0042,电气元件,14.7,0.0,104.27
TK004497,MAT0041,绝缘材料,9.4,0.0,433.73
TK004498,MAT0006,辅材,12.8,1.6,389.17
TK004498,MAT0015,线缆,16.6,1.4,205.89
TK004498,MAT0012,线缆,4.1,0.0,315.87
TK004499,MAT0004,机械零件,12.4,1.8,221.39
TK004500,MAT0044,辅材,6.1,0.0,171.13
TK004500,MAT0019,机械零件,0.8,0.0,432.94
TK004501,MAT0024,辅材,14.4,0.0,83.5
TK004502,MAT0046,辅材,9.4,0.2,443.15
TK004502,MAT0048,辅材,12.9,1.4,286.61
TK004503,MAT0022,工具,7.4,0.0,312.57
TK004503,MAT0031,电气元件,11.0,0.0,54.72
TK004503,MAT0008,工具,17.2,0.0,278.88
TK004504,MAT0027,机械零件,11.6,0.0,269.32
TK004505,MAT0012,机械零件,16.8,1.4,441.03
TK004505,MAT0039,电气元件,2.1,0.0,476.53
TK004505,MAT0042,辅材,8.4,0.0,436.29
TK004506,MAT0050,辅材,1.0,0.0,60.16
TK004507,MAT0033,绝缘材料,7.3,0.0,278.74
TK004507,MAT0031,工具,7.7,0.0,48.46
TK004507,MAT0031,电气元件,2.0,0.0,153.21
TK004507,MAT0010,电气元件,7.8,0.0,151.92
TK004507,MAT0010,绝缘材料,18.9,0.0,245.48
TK004508,MAT0016,机械零件,2.6,0.0,309.73
TK004512,MAT0030,机械零件,10.3,0.0,452.18
TK004512,MAT0039,机械零件,19.8,0.0,133.76
TK004512,MAT0024,电气元件,10.7,0.0,469.65
TK004513,MAT0006,机械零件,1.6,0.0,146.36
TK004513,MAT0019,机械零件,16.7,0.0,64.27
TK004513,MAT0023,电气元件,18.4,0.0,436.56
TK004513,MAT0002,辅材,16.2,0.0,182.96
TK004513,MAT0039,辅材,4.2,1.5,151.39
TK004514,MAT0013,辅材,11.2,0.0,484.7
TK004514,MAT0007,工具,16.8,0.0,413.26
TK004515,MAT0012,辅材,8.2,0.0,325.13
TK004515,MAT0043,辅材,17.4,1.2,175.8
TK004515,MAT0012,线缆,8.4,0.0,391.97
TK004516,MAT0044,线缆,12.1,0.0,47.49
TK004516,MAT0034,工具,19.1,0.0,277.47
TK004516,MAT0012,机械零件,17.5,0.0,228.67
TK004516,MAT0042,机械零件,7.1,0.0,110.87
TK004516,MAT0006,机械零件,17.2,1.7,395.19
TK004517,MAT0040,辅材,11.8,0.0,80.05
TK004517,MAT0040,绝缘材料,11.9,0.0,476.54
TK004517,MAT0004,线缆,3.4,2.0,155.39
TK004517,MAT0036,线缆,19.3,0.9,19.33
TK004518,MAT0039,辅材,14.0,0.0,128.0
TK004518,MAT0047,机械零件,15.1,0.3,284.74
TK004518,MAT0041,电气元件,12.5,0.0,443.46
TK004519,MAT0050,机械零件,18.5,0.0,203.11
TK004519,MAT0016,工具,19.8,2.0,211.68
TK004519,MAT0037,线缆,3.9,0.0,436.02
TK004520,MAT0020,电气元件,9.2,0.0,13.44
TK004520,MAT0009,工具,8.4,0.0,495.37
TK004520,MAT0045,电气元件,13.0,0.0,75.85
TK004521,MAT0017,电气元件,3.2,0.0,26.17
TK004521,MAT0034,辅材,10.8,0.0,238.26
TK004521,MAT0048,电气元件,7.4,0.0,370.83
TK004521,MAT0006,线缆,1.2,0.0,196.03
TK004521,MAT0032,机械零件,16.8,0.0,375.29
TK004522,MAT0015,绝缘材料,1.1,0.0,60.04
TK004522,MAT0021,工具,8.0,0.0,288.1
TK004522,MAT0039,机械零件,2.1,0.0,452.03
TK004522,MAT0036,工具,17.7,0.8,162.28
TK004523,MAT0009,工具,5.6,0.0,308.37
TK004523,MAT0039,工具,3.2,0.0,10.02
TK004523,MAT0008,电气元件,18.6,0.0,84.25
TK004523,MAT0024,工具,5.7,0.0,494.64
TK004523,MAT0047,工具,9.4,2.0,73.2
TK004524,MAT0022,绝缘材料,18.4,0.0,436.76
TK004524,MAT0030,线缆,8.8,0.0,156.11
TK004524,MAT0031,机械零件,11.3,0.0,73.82
TK004525,MAT0045,工具,19.3,0.0,34.24
TK004525,MAT0048,机械零件,6.4,0.7,442.34
TK004525,MAT0012,机械零件,11.0,1.4,166.21
TK004525,MAT0003,辅材,2.4,1.2,301.93
TK004526,MAT0006,机械零件,16.4,0.0,310.67
TK004527,MAT0040,辅材,10.0,0.0,317.16
TK004527,MAT0008,线缆,19.3,0.8,416.14
TK004527,MAT0043,绝缘材料,5.5,0.0,267.98
TK004527,MAT0005,线缆,15.1,0.0,9.21
TK004528,MAT0016,辅材,4.0,0.0,328.74
TK004528,MAT0039,机械零件,1.7,0.5,393.76
TK004529,MAT0026,电气元件,5.8,0.0,315.3
TK004529,MAT0022,电气元件,3.3,0.0,107.22
TK004529,MAT0047,电气元件,4.9,0.0,191.24
TK004529,MAT0019,线缆,9.6,0.0,53.07
TK004531,MAT0026,电气元件,8.0,0.0,90.43
TK004532,MAT0009,电气元件,16.5,0.0,246.56
TK004532,MAT0039,辅材,13.7,0.0,65.49
TK004532,MAT0041,辅材,13.0,0.5,323.56
TK004533,MAT0045,机械零件,19.5,0.0,463.95
TK004533,MAT0040,绝缘材料,12.9,0.0,191.87
TK004534,MAT0006,工具,17.0,0.0,147.68
TK004534,MAT0016,绝缘材料,11.6,0.0,94.21
TK004534,MAT0005,电气元件,6.8,0.0,108.5
TK004535,MAT0023,线缆,9.7,0.0,473.71
TK004536,MAT0017,工具,16.6,0.0,243.8
TK004536,MAT0041,绝缘材料,18.3,0.0,188.87
TK004536,MAT0014,电气元件,18.7,0.0,366.9
TK004536,MAT0030,电气元件,17.7,0.8,470.37
TK004538,MAT0006,电气元件,9.9,0.0,181.74
TK004538,MAT0004,工具,6.1,0.0,443.09
TK004538,MAT0031,辅材,17.3,0.0,260.39
TK004538,MAT0034,电气元件,10.9,0.0,228.67
TK004538,MAT0047,辅材,17.7,0.0,48.03
TK004539,MAT0043,机械零件,13.2,0.0,94.12
TK004539,MAT0027,机械零件,4.0,0.0,492.05
TK004539,MAT0025,电气元件,13.2,0.0,349.75
TK004539,MAT0023,电气元件,5.7,0.0,182.62
TK004539,MAT0030,工具,3.5,0.1,472.39
TK004540,MAT0048,机械零件,2.6,0.0,450.69
TK004541,MAT0043,线缆,3.7,0.0,412.92
TK004541,MAT0034,线缆,12.9,0.8,383.74
TK004541,MAT0003,工具,3.1,0.0,140.98
TK004541,MAT0009,绝缘材料,3.8,0.0,207.59
TK004541,MAT0027,机械零件,10.8,0.0,147.88
TK004543,MAT0032,绝缘材料,5.0,0.0,309.71
TK004544,MAT0027,机械零件,11.4,0.0,134.86
TK004544,MAT0017,辅材,10.2,0.3,426.25
TK004544,MAT0045,线缆,11.4,0.0,357.08
TK004545,MAT0045,辅材,20.0,0.0,342.58
TK004545,MAT0003,线缆,12.8,0.0,144.45
TK004545,MAT0036,辅材,7.3,0.0,174.87
TK004545,MAT0002,工具,17.7,0.0,263.82
TK004546,MAT0007,线缆,5.7,0.0,171.19
TK004547,MAT0041,绝缘材料,15.0,0.0,198.91
TK004547,MAT0029,线缆,6.8,1.5,373.1
TK004547,MAT0045,线缆,6.2,0.0,31.58
TK004547,MAT0015,机械零件,12.2,0.0,84.41
TK004547,MAT0021,辅材,5.4,0.0,384.81
TK004548,MAT0030,辅材,5.0,0.0,264.41
TK004548,MAT0001,辅材,5.5,0.0,211.5
TK004548,MAT0006,机械零件,4.4,0.0,100.87
TK004548,MAT0042,线缆,6.6,0.0,437.69
TK004548,MAT0030,线缆,0.6,0.4,78.76
TK004549,MAT0049,线缆,15.1,0.0,333.72
TK004549,MAT0041,绝缘材料,18.6,0.0,336.07
TK004549,MAT0008,线缆,5.6,0.0,421.41
TK004550,MAT0030,机械零件,18.5,0.0,335.05
TK004550,MAT0034,线缆,3.1,0.0,424.14
TK004550,MAT0029,绝缘材料,8.3,0.0,70.14
TK004550,MAT0042,电气元件,15.8,0.0,81.39
TK004550,MAT0036,工具,13.3,0.0,182.99
TK004551,MAT0007,线缆,7.5,0.0,234.19
TK004551,MAT0046,机械零件,5.5,0.0,13.81
TK004551,MAT0047,电气元件,17.0,0.0,64.61
TK004551,MAT0012,电气元件,9.5,0.0,264.09
TK004551,MAT0031,电气元件,14.2,0.0,475.41
TK004552,MAT0031,辅材,15.2,1.7,319.58
TK004553,MAT0006,工具,9.4,0.0,311.85
TK004553,MAT0029,工具,16.2,0.0,239.04
TK004553,MAT0040,辅材,10.3,0.0,71.8
TK004553,MAT0033,辅材,1.3,0.0,360.38
TK004553,MAT0034,绝缘材料,12.8,0.0,306.33
TK004554,MAT0006,绝缘材料,7.8,1.2,124.19
TK004554,MAT0050,线缆,6.6,1.1,301.98
TK004554,MAT0033,辅材,18.5,0.0,317.81
TK004555,MAT0028,辅材,12.3,0.0,417.47
TK004555,MAT0022,辅材,2.0,0.0,463.23
TK004555,MAT0004,线缆,12.9,0.0,164.48
TK004556,MAT0045,辅材,10.5,0.0,269.3
TK004556,MAT0019,绝缘材料,3.7,1.5,435.33
TK004556,MAT0043,绝缘材料,9.3,0.0,135.69
TK004558,MAT0027,电气元件,18.6,1.2,242.33
TK004559,MAT0048,机械零件,8.9,1.1,248.17
TK004559,MAT0048,绝缘材料,8.5,1.3,222.97
TK004559,MAT0032,工具,13.1,0.0,119.43
TK004559,MAT0019,机械零件,13.0,1.9,144.67
TK004560,MAT0040,线缆,4.4,0.0,151.32
TK004560,MAT0002,绝缘材料,15.6,0.0,195.62
TK004562,MAT0050,辅材,11.8,0.0,373.44
TK004562,MAT0048,绝缘材料,9.1,0.0,32.59
TK004563,MAT0023,工具,4.3,0.0,375.32
TK004563,MAT0046,辅材,14.0,0.0,491.6
TK004563,MAT0025,线缆,11.3,0.0,195.4
TK004563,MAT0046,线缆,3.2,0.0,403.43
TK004567,MAT0048,电气元件,11.5,0.0,496.24
TK004567,MAT0028,绝缘材料,13.7,0.0,97.95
TK004567,MAT0046,辅材,2.8,0.0,19.0
TK004568,MAT0013,电气元件,19.7,1.3,102.97
TK004569,MAT0012,绝缘材料,13.4,0.0,117.48
TK004569,MAT0036,电气元件,13.8,1.3,9.77
TK004569,MAT0003,工具,16.2,0.6,150.94
TK004569,MAT0015,机械零件,0.8,0.0,395.23
TK004569,MAT0044,机械零件,15.7,0.0,289.36
TK004571,MAT0010,绝缘材料,11.1,0.0,276.86
TK004571,MAT0017,辅材,8.1,0.0,137.32
TK004571,MAT0015,机械零件,3.3,0.0,311.83
TK004571,MAT0016,机械零件,11.7,0.0,60.79
TK004572,MAT0032,工具,12.2,0.0,338.54
TK004572,MAT0008,辅材,2.6,0.0,15.46
TK004572,MAT0048,辅材,17.6,0.7,402.5
TK004572,MAT0019,机械零件,11.5,0.0,341.35
TK004572,MAT0005,电气元件,11.0,0.0,176.92
TK004573,MAT0028,线缆,3.5,0.0,337.77
TK004573,MAT0032,电气元件,12.9,1.4,402.65
TK004573,MAT0037,电气元件,7.7,0.6,474.42
TK004573,MAT0020,工具,4.1,0.0,291.5
TK004574,MAT0040,工具,5.9,0.0,472.86
TK004574,MAT0007,辅材,8.7,0.0,120.95
TK004575,MAT0033,工具,14.5,0.0,351.93
TK004575,MAT0002,绝缘材料,4.6,0.7,330.51
TK004575,MAT0023,辅材,6.7,0.0,474.43
TK004576,MAT0011,工具,8.7,0.0,251.8
TK004576,MAT0024,电气元件,8.8,0.0,379.51
TK004577,MAT0011,绝缘材料,13.7,0.0,133.61
TK004577,MAT0007,工具,7.4,0.0,407.44
TK004579,MAT0027,工具,17.8,0.0,445.83
TK004579,MAT0002,绝缘材料,17.0,0.0,264.58
TK004579,MAT0028,绝缘材料,1.8,0.0,478.13
TK004580,MAT0047,辅材,17.6,0.1,483.39
TK004582,MAT0034,线缆,2.2,0.0,354.48
TK004582,MAT0015,线缆,5.9,0.0,468.85
TK004582,MAT0035,辅材,5.6,0.0,337.15
TK004582,MAT0003,电气元件,11.9,0.0,115.09
TK004582,MAT0006,绝缘材料,5.5,0.0,9.75
TK004583,MAT0009,绝缘材料,10.1,0.0,118.8
TK004583,MAT0010,绝缘材料,18.7,0.0,325.18
TK004583,MAT0022,绝缘材料,14.9,0.0,118.6
TK004584,MAT0024,电气元件,3.3,0.0,35.68
TK004586,MAT0004,辅材,2.1,0.0,103.84
TK004587,MAT0006,电气元件,18.2,0.0,380.66
TK004587,MAT0019,绝缘材料,1.0,0.0,270.97
TK004587,MAT0023,绝缘材料,8.4,0.0,203.55
TK004589,MAT0004,辅材,18.1,0.0,111.35
TK004590,MAT0050,绝缘材料,8.3,0.0,35.81
TK004590,MAT0011,电气元件,13.7,1.1,202.29
TK004590,MAT0027,绝缘材料,8.7,0.0,324.01
TK004590,MAT0050,机械零件,3.9,0.3,33.58
TK004591,MAT0040,电气元件,9.2,0.0,407.69
TK004591,MAT0035,机械零件,7.2,0.0,181.34
TK004591,MAT0043,工具,5.3,0.0,171.16
TK004591,MAT0009,辅材,11.9,0.0,316.7
TK004593,MAT0022,电气元件,6.8,0.0,307.57
TK004593,MAT0016,机械零件,14.9,0.0,319.48
TK004593,MAT0006,辅材,16.6,0.0,20.3
TK004593,MAT0047,辅材,16.6,0.0,15.6
TK004593,MAT0046,绝缘材料,19.9,0.0,435.24
TK004594,MAT0023,工具,13.1,1.3,106.74
TK004595,MAT0022,辅材,14.8,0.0,209.57
TK004595,MAT0006,绝缘材料,9.7,0.0,408.03
TK004595,MAT0025,电气元件,13.9,0.0,323.21
TK004595,MAT0003,机械零件,16.0,0.0,457.03
TK004595,MAT0003,工具,3.0,0.0,22.53
TK004598,MAT0006,工具,5.2,0.0,84.21
TK004598,MAT0019,电气元件,15.7,0.0,422.26
TK004598,MAT0016,机械零件,1.6,0.0,117.98
TK004599,MAT0014,线缆,6.2,0.0,260.49
TK004599,MAT0035,线缆,19.8,0.0,20.99
TK004599,MAT0008,绝缘材料,6.9,0.0,16.23
TK004601,MAT0028,绝缘材料,2.9,0.0,272.33
TK004601,MAT0012,线缆,0.6,0.0,496.99
TK004601,MAT0001,辅材,19.4,0.0,117.76
TK004601,MAT0030,辅材,7.7,0.0,40.64
TK004601,MAT0031,电气元件,14.4,0.0,22.37
TK004602,MAT0010,辅材,19.4,0.0,179.82
TK004602,MAT0046,绝缘材料,1.1,0.5,39.9
TK004602,MAT0048,工具,14.0,1.1,104.02
TK004602,MAT0028,辅材,19.4,0.0,451.56
TK004602,MAT0026,线缆,4.6,0.2,359.56
TK004603,MAT0007,电气元件,16.4,0.0,157.84
TK004603,MAT0018,辅材,19.7,0.0,282.04
TK004603,MAT0026,电气元件,2.6,1.7,163.15
TK004604,MAT0021,线缆,11.2,0.0,315.22
TK004604,MAT0047,绝缘材料,2.4,0.0,325.8
TK004604,MAT0023,绝缘材料,18.5,0.0,358.08
TK004609,MAT0001,电气元件,17.2,0.0,349.83
TK004609,MAT0002,辅材,12.9,1.2,428.72
TK004609,MAT0009,机械零件,8.7,0.0,29.38
TK004610,MAT0028,绝缘材料,13.9,1.3,102.24
TK004610,MAT0020,绝缘材料,16.8,0.7,30.94
TK004610,MAT0021,工具,1.9,0.0,161.35
TK004610,MAT0015,电气元件,9.4,0.0,340.25
TK004611,MAT0023,机械零件,19.6,1.2,323.83
TK004612,MAT0028,电气元件,17.0,0.7,196.81
TK004612,MAT0016,工具,1.2,0.0,338.68
TK004612,MAT0049,机械零件,10.8,0.0,417.33
TK004612,MAT0029,线缆,8.9,0.0,212.66
TK004612,MAT0044,绝缘材料,3.6,0.0,245.92
TK004613,MAT0043,绝缘材料,19.1,0.0,65.21
TK004613,MAT0011,辅材,3.1,0.0,431.74
TK004613,MAT0031,电气元件,0.9,1.2,311.41
TK004613,MAT0027,绝缘材料,5.5,0.0,65.01
TK004613,MAT0030,辅材,12.9,0.0,273.57
TK004614,MAT0004,电气元件,9.2,0.0,233.37
TK004614,MAT0001,辅材,7.8,0.0,165.56
TK004614,MAT0032,电气元件,0.5,0.0,329.18
TK004614,MAT0032,绝缘材料,14.6,0.0,344.18
TK004615,MAT0050,辅材,2.2,0.7,214.18
TK004616,MAT0049,绝缘材料,15.1,0.0,35.36
TK004616,MAT0050,机械零件,11.0,0.0,387.69
TK004616,MAT0015,工具,5.2,1.6,22.24
TK004616,MAT0016,工具,2.7,0.0,482.07
TK004617,MAT0002,辅材,9.0,0.8,27.35
TK004617,MAT0030,辅材,10.3,0.8,71.67
TK004617,MAT0007,机械零件,4.2,0.6,104.74
TK004619,MAT0033,辅材,10.8,1.0,156.84
TK004619,MAT0037,工具,12.3,0.0,335.17
TK004619,MAT0008,工具,17.5,0.0,319.69
TK004619,MAT0043,绝缘材料,19.8,0.0,49.31
TK004619,MAT0039,绝缘材料,19.4,1.8,474.69
TK004621,MAT0021,电气元件,17.1,0.0,25.47
TK004621,MAT0006,机械零件,16.7,0.0,130.53
TK004622,MAT0011,电气元件,15.1,0.0,217.47
TK004622,MAT0008,绝缘材料,14.0,0.0,402.17
TK004623,MAT0039,绝缘材料,12.7,0.0,417.84
TK004623,MAT0035,工具,7.3,0.0,484.63
TK004624,MAT0007,绝缘材料,19.2,0.0,217.07
TK004624,MAT0012,机械零件,4.2,0.0,344.43
TK004624,MAT0020,电气元件,12.5,1.0,258.68
TK004624,MAT0032,机械零件,8.9,0.0,95.42
TK004625,MAT0018,机械零件,16.8,0.0,397.73
TK004625,MAT0031,电气元件,8.2,0.0,336.72
TK004626,MAT0029,绝缘材料,12.0,0.0,499.69
TK004626,MAT0017,辅材,14.4,0.0,362.91
TK004626,MAT0014,机械零件,1.3,1.3,234.59
TK004628,MAT0003,机械零件,9.8,0.0,242.66
TK004628,MAT0005,绝缘材料,4.7,0.0,469.95
TK004628,MAT0028,辅材,7.2,0.0,96.97
TK004628,MAT0046,线缆,13.7,0.0,433.48
TK004629,MAT0022,辅材,9.5,1.8,39.67
TK004629,MAT0008,绝缘材料,13.2,0.0,361.29
TK004629,MAT0038,辅材,11.4,0.0,184.61
TK004629,MAT0033,机械零件,5.0,0.0,21.75
TK004629,MAT0007,电气元件,3.8,0.0,236.26
TK004630,MAT0023,机械零件,11.0,0.0,48.24
TK004630,MAT0044,机械零件,4.2,0.0,385.89
TK004630,MAT0003,工具,8.8,0.0,247.49
TK004631,MAT0016,电气元件,14.3,0.0,10.64
TK004631,MAT0029,电气元件,10.6,0.0,9.78
TK004632,MAT0045,辅材,4.6,0.0,169.27
TK004632,MAT0026,线缆,13.9,0.0,403.41
TK004633,MAT0001,工具,16.1,0.0,16.99
TK004633,MAT0022,机械零件,2.1,0.0,292.86
TK004633,MAT0049,绝缘材料,9.1,0.0,214.31
TK004633,MAT0008,工具,1.2,0.0,409.06
TK004634,MAT0034,电气元件,10.5,0.0,81.49
TK004634,MAT0004,绝缘材料,5.4,0.0,33.2
TK004634,MAT0035,机械零件,4.8,0.0,78.48
TK004634,MAT0002,工具,0.5,0.0,298.73
TK004634,MAT0036,辅材,17.0,0.0,134.25
TK004635,MAT0035,机械零件,9.6,0.0,36.21
TK004635,MAT0031,机械零件,8.5,0.0,356.25
TK004636,MAT0012,机械零件,19.5,0.7,257.5
TK004636,MAT0033,机械零件,11.3,1.2,24.79
TK004636,MAT0016,工具,10.6,0.0,290.64
TK004636,MAT0018,辅材,16.1,0.0,74.44
TK004636,MAT0044,线缆,3.9,0.0,370.68
TK004637,MAT0047,工具,0.6,1.7,314.25
TK004637,MAT0041,机械零件,1.3,0.0,338.71
TK004638,MAT0027,机械零件,12.6,0.0,135.51
TK004638,MAT0012,辅材,10.8,0.0,376.86
TK004639,MAT0046,机械零件,10.4,0.0,21.16
TK004640,MAT0019,绝缘材料,4.4,0.0,259.58
TK004640,MAT0035,工具,19.0,0.0,440.86
TK004641,MAT0037,工具,10.3,0.0,23.96
TK004642,MAT0011,工具,1.5,0.0,117.69
TK004642,MAT0035,电气元件,14.5,0.0,354.65
TK004642,MAT0043,线缆,10.1,0.0,178.8
TK004643,MAT0020,机械零件,16.2,0.0,249.99
TK004643,MAT0003,绝缘材料,17.7,0.0,493.84
TK004643,MAT0045,线缆,10.9,0.0,489.01
TK004643,MAT0034,辅材,12.1,0.9,92.14
TK004644,MAT0037,电气元件,6.2,0.5,43.96
TK004644,MAT0011,绝缘材料,4.2,0.0,107.49
TK004644,MAT0036,机械零件,6.4,0.0,493.37
TK004644,MAT0001,机械零件,8.2,0.0,305.71
TK004645,MAT0027,工具,8.4,0.0,341.44
TK004645,MAT0023,辅材,7.7,0.0,142.56
TK004645,MAT0026,线缆,1.4,0.0,489.44
TK004645,MAT0032,辅材,5.0,0.5,223.81
TK004646,MAT0022,绝缘材料,18.2,0.0,294.92
TK004646,MAT0018,工具,14.8,0.0,153.35
TK004649,MAT0024,线缆,11.8,0.0,393.67
TK004649,MAT0004,机械零件,10.4,0.0,267.45
TK004649,MAT0022,线缆,10.0,0.0,275.07
TK004649,MAT0018,辅材,9.2,0.0,60.88
TK004649,MAT0021,辅材,9.4,0.0,101.14
TK004650,MAT0010,辅材,3.4,0.0,352.08
TK004650,MAT0031,电气元件,16.0,0.0,473.28
TK004650,MAT0045,线缆,18.3,0.0,286.66
TK004650,MAT0023,线缆,3.9,0.0,324.62
TK004651,MAT0046,电气元件,12.8,0.0,410.92
TK004651,MAT0018,工具,14.6,0.0,482.82
TK004651,MAT0030,机械零件,14.8,0.0,270.24
TK004651,MAT0003,辅材,14.5,0.1,205.72
TK004651,MAT0028,线缆,3.4,0.0,287.2
TK004652,MAT0022,工具,6.7,0.0,146.8
TK004652,MAT0006,辅材,10.8,0.0,218.36
TK004652,MAT0039,线缆,1.1,0.0,42.88
TK004652,MAT0022,线缆,19.5,0.0,299.18
TK004653,MAT0016,线缆,3.2,0.0,232.81
TK004653,MAT0022,线缆,10.4,0.0,164.35
TK004653,MAT0028,辅材,14.5,0.8,86.73
TK004653,MAT0030,辅材,4.0,0.0,341.47
TK004653,MAT0017,工具,16.2,0.0,126.71
TK004654,MAT0027,工具,17.7,0.0,207.23
TK004654,MAT0014,工具,3.2,1.3,260.56
TK004656,MAT0034,绝缘材料,6.7,0.0,362.25
TK004656,MAT0042,绝缘材料,3.3,0.0,5.77
TK004657,MAT0049,电气元件,11.5,0.7,209.88
TK004658,MAT0045,辅材,6.7,0.0,246.27
TK004658,MAT0019,绝缘材料,14.4,0.0,308.73
TK004658,MAT0043,机械零件,19.5,0.0,496.54
TK004659,MAT0046,工具,14.5,0.0,60.72
TK004659,MAT0015,机械零件,1.3,0.5,257.63
TK004659,MAT0022,工具,1.6,0.0,103.66
TK004660,MAT0027,工具,18.2,0.0,89.53
TK004660,MAT0036,机械零件,6.1,0.0,393.69
TK004660,MAT0017,辅材,17.7,0.0,201.78
TK004660,MAT0040,辅材,4.5,0.0,459.07
TK004660,MAT0034,电气元件,11.4,0.0,209.23
TK004661,MAT0002,机械零件,1.3,0.0,489.2
TK004661,MAT0031,电气元件,8.3,0.0,485.71
TK004661,MAT0048,线缆,2.7,0.0,78.76
TK004663,MAT0049,辅材,11.0,0.0,58.52
TK004663,MAT0015,电气元件,12.0,0.0,401.89
TK004663,MAT0004,电气元件,5.2,0.4,149.46
TK004665,MAT0005,辅材,8.7,0.3,149.18
TK004665,MAT0040,电气元件,9.5,1.4,188.78
TK004665,MAT0013,工具,17.3,0.0,219.37
TK004665,MAT0033,机械零件,14.4,0.0,402.66
TK004666,MAT0047,机械零件,8.9,0.0,462.53
TK004667,MAT0005,机械零件,8.8,0.0,91.37
TK004667,MAT0042,绝缘材料,7.9,0.7,79.29
TK004667,MAT0012,机械零件,12.7,1.0,231.84
TK004668,MAT0019,电气元件,12.3,0.0,417.72
TK004668,MAT0010,机械零件,15.1,0.0,6.72
TK004668,MAT0019,电气元件,15.0,0.0,95.04
TK004669,MAT0011,电气元件,4.6,1.1,88.69
TK004669,MAT0025,线缆,5.3,0.0,267.06
TK004669,MAT0043,机械零件,12.9,0.0,145.95
TK004669,MAT0026,工具,16.1,0.0,142.68
TK004669,MAT0007,辅材,19.5,0.6,126.37
TK004672,MAT0041,绝缘材料,16.6,0.0,497.61
TK004672,MAT0017,线缆,3.6,0.0,100.27
TK004673,MAT0005,机械零件,15.1,0.0,110.63
TK004673,MAT0046,绝缘材料,8.6,0.0,165.74
TK004673,MAT0045,机械零件,5.9,0.5,199.16
TK004673,MAT0013,工具,18.6,0.0,397.49
TK004674,MAT0010,辅材,12.3,0.0,263.75
TK004674,MAT0041,机械零件,4.7,0.0,359.03
TK004674,MAT0048,线缆,8.6,0.0,189.53
TK004674,MAT0005,机械零件,13.3,0.0,226.9
TK004674,MAT0049,辅材,15.5,0.0,447.59
TK004675,MAT0042,电气元件,11.0,0.0,190.68
TK004675,MAT0034,工具,18.9,0.0,142.74
TK004675,MAT0004,机械零件,19.7,0.0,41.86
TK004675,MAT0012,机械零件,3.3,0.0,267.04
TK004675,MAT0036,线缆,9.4,0.0,223.73
TK004676,MAT0043,工具,15.1,0.0,486.26
TK004676,MAT0010,线缆,13.4,0.0,324.38
TK004676,MAT0006,电气元件,11.1,0.0,459.92
TK004676,MAT0047,工具,19.9,1.9,350.08
TK004677,MAT0045,机械零件,1.2,1.6,253.5
TK004677,MAT0035,绝缘材料,4.9,0.0,279.55
TK004677,MAT0022,辅材,15.3,0.8,137.08
TK004677,MAT0044,机械零件,1.4,0.0,5.13
TK004678,MAT0011,电气元件,19.8,0.0,270.8
TK004678,MAT0035,工具,3.0,0.0,352.77
TK004678,MAT0047,工具,15.3,0.0,352.31
TK004678,MAT0030,线缆,11.5,0.0,208.14
TK004678,MAT0042,电气元件,17.0,0.0,98.48
TK004679,MAT0024,辅材,1.1,1.4,373.95
TK004680,MAT0042,机械零件,5.9,0.0,37.21
TK004680,MAT0001,线缆,11.1,0.0,201.58
TK004680,MAT0027,绝缘材料,17.0,0.0,414.86
TK004680,MAT0005,电气元件,12.6,0.0,27.78
TK004681,MAT0022,辅材,5.8,0.0,91.81
TK004682,MAT0017,电气元件,10.0,0.0,86.63
TK004682,MAT0001,工具,1.7,0.0,44.43
TK004682,MAT0036,辅材,2.9,0.0,225.39
TK004682,MAT0025,线缆,8.3,0.0,263.97
TK004682,MAT0005,机械零件,16.0,0.0,417.73
TK004683,MAT0010,线缆,10.2,1.9,60.18
TK004684,MAT0041,工具,18.9,0.0,226.73
TK004684,MAT0017,机械零件,15.7,0.0,97.38
TK004684,MAT0031,线缆,14.3,0.4,269.84
TK004684,MAT0031,辅材,16.5,0.0,102.52
TK004685,MAT0035,工具,5.5,0.0,354.42
TK004685,MAT0024,电气元件,1.4,0.0,64.8
TK004685,MAT0050,工具,5.3,1.3,373.1
TK004685,MAT0017,线缆,8.4,0.0,310.57
TK004686,MAT0009,电气元件,6.0,0.0,483.87
TK004686,MAT0038,辅材,4.0,0.5,194.55
TK004687,MAT0005,绝缘材料,5.8,0.0,336.3
TK004687,MAT0018,机械零件,5.4,0.0,192.98
TK004687,MAT0024,辅材,2.0,0.0,212.43
TK004687,MAT0041,电气元件,11.8,0.8,185.12
TK004689,MAT0037,工具,11.4,0.0,472.69
TK004689,MAT0039,工具,8.6,0.2,334.24
TK004690,MAT0011,线缆,8.5,0.0,321.14
TK004690,MAT0037,电气元件,16.6,0.0,121.48
TK004690,MAT0003,绝缘材料,13.1,0.0,274.83
TK004690,MAT0044,绝缘材料,19.7,0.0,191.01
TK004691,MAT0029,电气元件,18.4,0.0,278.89
TK004691,MAT0045,辅材,19.5,0.0,332.45
TK004691,MAT0006,机械零件,4.8,0.0,67.73
TK004691,MAT0019,工具,12.2,0.0,400.51
TK004692,MAT0007,电气元件,12.4,0.0,439.5
TK004692,MAT0016,工具,8.1,0.0,195.34
TK004692,MAT0020,辅材,14.0,1.3,120.0
TK004692,MAT0003,辅材,18.0,0.0,72.73
TK004693,MAT0015,机械零件,4.8,1.4,311.25
TK004694,MAT0002,绝缘材料,2.6,0.0,465.84
TK004694,MAT0003,辅材,4.8,0.0,433.27
TK004694,MAT0030,电气元件,4.4,0.3,395.35
TK004694,MAT0033,工具,3.0,0.0,152.77
TK004694,MAT0018,绝缘材料,2.3,0.0,495.9
TK004695,MAT0050,线缆,19.2,0.1,77.88
TK004696,MAT0024,电气元件,15.8,0.0,436.14
TK004696,MAT0019,机械零件,6.6,0.0,204.66
TK004696,MAT0029,电气元件,10.8,0.0,228.74
TK004696,MAT0007,辅材,9.6,0.0,162.9
TK004696,MAT0027,工具,10.2,0.0,407.38
TK004698,MAT0031,辅材,18.5,0.0,400.39
TK004698,MAT0043,绝缘材料,0.6,0.0,19.07
TK004698,MAT0047,电气元件,13.7,0.0,72.55
TK004698,MAT0019,机械零件,3.8,0.0,191.33
TK004698,MAT0014,辅材,18.9,0.0,42.13
TK004699,MAT0013,线缆,17.2,1.2,39.66
TK004699,MAT0041,电气元件,14.3,0.0,362.28
TK004700,MAT0012,辅材,16.3,0.0,492.97
TK004700,MAT0013,工具,19.4,1.7,99.27
TK004700,MAT0017,线缆,5.0,0.0,290.29
TK004702,MAT0030,绝缘材料,18.4,0.0,22.85
TK004703,MAT0022,绝缘材料,12.2,0.0,259.18
TK004703,MAT0050,线缆,10.8,0.0,68.84
TK004703,MAT0029,电气元件,1.7,0.0,115.77
TK004704,MAT0001,辅材,17.4,0.0,410.08
TK004704,MAT0046,线缆,16.0,0.0,167.18
TK004704,MAT0004,机械零件,14.4,1.8,247.9
TK004704,MAT0014,线缆,16.0,0.0,383.09
TK004704,MAT0041,电气元件,9.2,0.0,491.42
TK004705,MAT0043,工具,14.6,0.0,55.45
TK004705,MAT0001,辅材,12.4,0.0,214.32
TK004705,MAT0031,电气元件,15.2,0.0,288.36
TK004706,MAT0044,绝缘材料,10.9,0.1,218.82
TK004706,MAT0024,线缆,15.4,0.0,253.12
TK004706,MAT0002,电气元件,2.9,0.0,253.11
TK004706,MAT0021,线缆,2.6,0.0,34.49
TK004706,MAT0027,电气元件,18.6,0.0,365.44
TK004707,MAT0034,线缆,12.6,0.0,487.46
TK004707,MAT0046,线缆,4.7,0.0,369.16
TK004707,MAT0034,工具,19.4,0.0,108.49
TK004707,MAT0050,工具,11.8,0.8,183.19
TK004708,MAT0005,工具,1.3,0.0,422.05
TK004708,MAT0004,线缆,19.4,0.0,476.71
TK004708,MAT0035,机械零件,15.2,0.4,455.01
TK004709,MAT0046,工具,9.8,0.0,29.52
TK004709,MAT0004,电气元件,1.3,0.0,457.68
TK004709,MAT0020,机械零件,15.8,0.0,346.6
TK004709,MAT0016,机械零件,1.1,0.0,71.4
TK004711,MAT0013,线缆,14.8,0.4,489.7
TK004711,MAT0036,电气元件,7.7,0.4,36.52
TK004711,MAT0019,机械零件,5.9,0.0,8.75
TK004712,MAT0001,电气元件,11.4,0.0,42.62
TK004713,MAT0003,电气元件,6.6,0.0,343.99
TK004713,MAT0030,机械零件,15.2,0.0,354.66
TK004713,MAT0041,工具,11.9,0.0,16.52
TK004714,MAT0037,辅材,18.1,0.0,385.94
TK004714,MAT0048,电气元件,12.9,0.0,304.24
TK004715,MAT0015,工具,1.2,0.0,243.72
TK004716,MAT0041,电气元件,5.3,0.0,207.56
TK004716,MAT0013,电气元件,10.6,0.0,430.9
TK004716,MAT0050,工具,14.9,1.4,436.84
TK004717,MAT0009,工具,8.3,0.0,14.64
TK004717,MAT0029,工具,19.0,0.0,253.69
TK004717,MAT0013,线缆,18.5,0.0,329.1
TK004717,MAT0041,绝缘材料,17.9,0.0,364.5
TK004717,MAT0008,辅材,4.4,0.0,334.16
TK004718,MAT0030,机械零件,14.5,0.0,59.29
TK004718,MAT0049,绝缘材料,3.9,0.7,487.13
TK004718,MAT0033,工具,14.5,0.0,331.94
TK004719,MAT0023,工具,0.9,0.0,226.99
TK004719,MAT0005,线缆,13.9,0.0,145.72
TK004719,MAT0047,工具,2.0,0.0,124.34
TK004719,MAT0012,工具,16.8,0.0,343.08
TK004720,MAT0021,机械零件,15.7,0.0,217.51
TK004720,MAT0029,绝缘材料,13.2,0.3,222.73
TK004720,MAT0026,线缆,5.1,0.0,47.58
TK004721,MAT0020,辅材,14.9,0.0,243.4
TK004721,MAT0041,辅材,18.8,0.0,418.82
TK004721,MAT0009,工具,10.4,0.0,73.36
TK004722,MAT0008,辅材,4.8,0.0,30.28
TK004723,MAT0044,电气元件,6.1,0.0,213.52
TK004723,MAT0044,线缆,17.6,0.0,42.32
TK004723,MAT0024,电气元件,14.0,1.4,457.7
TK004723,MAT0021,工具,17.6,0.0,377.3
TK004723,MAT0014,绝缘材料,10.2,0.0,29.26
TK004724,MAT0019,辅材,12.3,0.0,38.1
TK004724,MAT0030,线缆,10.8,0.0,36.06
TK004724,MAT0032,机械零件,6.0,0.0,364.47
TK004726,MAT0044,线缆,5.8,0.4,40.29
TK004726,MAT0006,辅材,3.6,0.0,395.63
TK004726,MAT0012,线缆,12.3,0.0,420.25
TK004726,MAT0004,绝缘材料,8.0,0.0,213.69
TK004726,MAT0038,线缆,19.7,0.0,455.8
TK004727,MAT0014,电气元件,5.8,0.0,226.24
TK004727,MAT0047,电气元件,6.3,0.0,194.56
TK004727,MAT0048,绝缘材料,3.6,0.0,188.73
TK004727,MAT0037,绝缘材料,7.7,1.9,20.35
TK004728,MAT0041,绝缘材料,19.3,0.0,323.67
TK004728,MAT0021,辅材,7.6,0.0,76.55
TK004728,MAT0014,工具,19.2,0.0,235.8
TK004729,MAT0011,机械零件,13.1,0.0,87.28
TK004730,MAT0026,机械零件,6.3,0.0,414.8
TK004730,MAT0015,绝缘材料,6.3,0.0,489.35
TK004731,MAT0031,电气元件,18.7,0.0,231.68
TK004732,MAT0015,绝缘材料,17.7,0.0,379.06
TK004732,MAT0008,工具,18.0,1.4,491.54
TK004732,MAT0043,绝缘材料,8.9,0.0,490.25
TK004733,MAT0034,绝缘材料,18.2,0.0,71.92
TK004733,MAT0033,工具,16.1,0.0,298.08
TK004733,MAT0008,线缆,14.9,0.0,492.3
TK004733,MAT0042,辅材,2.6,0.0,339.26
TK004733,MAT0040,线缆,15.7,0.7,434.34
TK004734,MAT0013,辅材,19.4,0.0,450.38
TK004735,MAT0020,工具,12.4,0.0,87.87
TK004735,MAT0034,辅材,3.5,0.0,401.32
TK004735,MAT0003,电气元件,3.2,1.5,50.61
TK004735,MAT0049,线缆,15.5,0.0,195.16
TK004735,MAT0036,绝缘材料,11.7,0.0,444.29
TK004736,MAT0027,辅材,3.1,0.0,427.74
TK004736,MAT0003,机械零件,3.9,0.0,398.44
TK004736,MAT0014,辅材,13.4,0.0,202.86
TK004737,MAT0004,辅材,12.0,0.0,313.2
TK004737,MAT0043,绝缘材料,14.6,0.4,127.89
TK004737,MAT0004,机械零件,15.5,0.0,184.1
TK004737,MAT0002,电气元件,18.3,0.0,334.77
TK004737,MAT0043,电气元件,8.5,0.0,324.01
TK004738,MAT0005,线缆,12.9,0.0,222.62
TK004738,MAT0006,辅材,14.8,0.0,105.76
TK004738,MAT0035,线缆,8.0,1.4,485.19
TK004738,MAT0036,机械零件,7.3,0.0,139.88
TK004738,MAT0023,线缆,16.0,0.0,408.61
TK004740,MAT0005,工具,11.1,0.0,315.61
TK004740,MAT0048,绝缘材料,8.7,0.5,93.27
TK004741,MAT0019,线缆,7.2,0.0,172.19
TK004741,MAT0021,绝缘材料,7.9,0.0,267.72
TK004741,MAT0030,线缆,4.0,0.0,14.13
TK004741,MAT0039,机械零件,19.7,1.2,436.2
TK004742,MAT0011,线缆,8.5,0.0,24.8
TK004742,MAT0036,绝缘材料,7.5,0.0,43.45
TK004742,MAT0018,工具,20.0,1.4,443.62
TK004743,MAT0006,电气元件,4.4,0.0,379.03
TK004743,MAT0002,工具,7.2,0.0,357.93
TK004743,MAT0027,绝缘材料,16.4,1.0,302.98
TK004744,MAT0047,工具,1.3,0.1,223.37
TK004744,MAT0024,绝缘材料,16.9,0.0,230.16
TK004744,MAT0015,电气元件,15.3,0.0,394.37
TK004745,MAT0016,机械零件,13.6,1.6,189.75
TK004745,MAT0017,辅材,5.1,0.0,75.26
TK004745,MAT0020,电气元件,8.5,0.0,301.3
TK004748,MAT0021,线缆,9.2,0.0,241.67
TK004748,MAT0010,电气元件,11.4,0.0,324.17
TK004748,MAT0007,辅材,6.0,0.0,400.94
TK004748,MAT0034,机械零件,17.1,0.0,46.06
TK004748,MAT0050,电气元件,11.2,0.0,242.9
TK004749,MAT0044,电气元件,3.1,0.0,46.09
TK004749,MAT0013,绝缘材料,1.6,0.0,375.74
TK004749,MAT0006,工具,7.2,0.1,486.14
TK004749,MAT0017,线缆,18.2,0.0,235.31
TK004749,MAT0043,电气元件,6.9,0.0,225.16
TK004750,MAT0016,机械零件,9.6,0.0,346.29
TK004750,MAT0026,线缆,17.9,0.0,146.01
TK004750,MAT0027,机械零件,16.3,0.0,137.5
TK004751,MAT0026,电气元件,6.1,1.2,249.48
TK004751,MAT0012,辅材,13.5,1.5,174.7
TK004751,MAT0046,工具,3.9,0.0,125.58
TK004751,MAT0033,辅材,18.8,1.1,475.19
TK004751,MAT0048,机械零件,14.4,0.0,244.85
TK004752,MAT0023,电气元件,13.4,0.0,365.8
TK004752,MAT0039,机械零件,19.7,0.0,482.32
TK004753,MAT0013,辅材,11.2,0.0,66.18
TK004753,MAT0021,电气元件,1.2,0.0,178.04
TK004754,MAT0033,绝缘材料,6.2,0.0,151.71
TK004755,MAT0015,绝缘材料,17.6,0.0,299.78
TK004755,MAT0014,辅材,5.7,0.0,497.97
TK004757,MAT0014,电气元件,2.2,0.0,303.14
TK004758,MAT0018,机械零件,17.8,0.0,229.76
TK004758,MAT0012,辅材,7.5,0.0,150.76
TK004758,MAT0006,机械零件,15.1,0.0,139.85
TK004759,MAT0029,机械零件,10.8,1.1,228.87
TK004759,MAT0034,机械零件,19.6,0.6,133.19
TK004759,MAT0001,机械零件,11.4,0.0,241.87
TK004759,MAT0041,电气元件,0.8,0.0,430.74
TK004759,MAT0049,工具,9.7,0.0,85.33
TK004760,MAT0020,机械零件,1.5,0.0,41.91
TK004760,MAT0047,辅材,2.9,0.0,43.89
TK004760,MAT0047,电气元件,8.3,0.0,225.3
TK004760,MAT0009,线缆,3.7,0.0,421.41
TK004760,MAT0018,电气元件,1.3,0.0,239.89
TK004761,MAT0013,机械零件,18.6,0.0,275.7
TK004762,MAT0033,辅材,0.7,0.0,108.68
TK004762,MAT0012,辅材,12.4,1.7,367.01
TK004762,MAT0011,电气元件,18.3,0.0,135.13
TK004763,MAT0035,绝缘材料,19.5,0.0,372.37
TK004763,MAT0034,工具,13.6,0.0,107.13
TK004763,MAT0028,机械零件,2.6,0.0,244.92
TK004764,MAT0041,辅材,12.2,0.0,122.95
TK004764,MAT0037,电气元件,9.8,0.0,20.3
TK004765,MAT0024,电气元件,19.4,1.4,6.9
TK004767,MAT0017,线缆,9.2,0.0,121.41
TK004767,MAT0005,绝缘材料,4.9,0.0,234.3
TK004767,MAT0035,工具,16.9,0.0,487.36
TK004767,MAT0022,工具,8.3,0.4,132.6
TK004767,MAT0042,机械零件,15.2,0.0,103.47
TK004768,MAT0048,电气元件,12.3,1.9,478.92
TK004768,MAT0024,电气元件,19.5,0.0,323.35
TK004768,MAT0007,线缆,3.0,0.0,392.21
TK004768,MAT0019,线缆,4.2,0.0,400.34
TK004768,MAT0037,机械零件,7.4,0.5,225.91
TK004769,MAT0010,电气元件,13.5,0.0,104.86
TK004771,MAT0005,绝缘材料,9.0,0.9,44.23
TK004772,MAT0030,辅材,4.9,0.0,414.28
TK004772,MAT0033,机械零件,11.8,0.0,413.06
TK004772,MAT0018,绝缘材料,4.4,0.0,205.17
TK004772,MAT0016,工具,2.7,0.0,250.57
TK004775,MAT0022,辅材,10.2,0.0,286.51
TK004775,MAT0036,线缆,6.7,0.0,462.98
TK004775,MAT0029,线缆,15.7,0.0,207.57
TK004775,MAT0026,电气元件,8.0,0.0,254.14
TK004776,MAT0016,电气元件,10.4,0.0,41.22
TK004777,MAT0035,工具,6.1,0.0,345.86
TK004777,MAT0048,电气元件,3.6,0.0,327.44
TK004777,MAT0050,机械零件,14.0,0.9,403.35
TK004777,MAT0001,工具,9.3,0.7,252.17
TK004777,MAT0043,线缆,19.4,0.0,405.86
TK004778,MAT0030,电气元件,7.9,0.0,217.34
TK004780,MAT0044,工具,6.0,0.0,440.74
TK004780,MAT0050,工具,4.1,0.0,362.71
TK004780,MAT0022,绝缘材料,13.8,0.0,439.69
TK004780,MAT0042,机械零件,16.6,0.0,88.38
TK004780,MAT0004,辅材,10.6,0.0,180.8
TK004781,MAT0040,辅材,19.1,1.4,36.96
TK004782,MAT0005,线缆,19.3,0.0,300.2
TK004784,MAT0003,电气元件,3.0,0.0,206.93
TK004785,MAT0019,电气元件,17.6,0.0,14.39
TK004786,MAT0047,工具,4.1,0.0,37.32
TK004786,MAT0007,机械零件,14.5,0.0,287.24
TK004786,MAT0035,电气元件,3.8,0.0,266.16
TK004787,MAT0009,电气元件,5.8,1.1,352.42
TK004787,MAT0045,机械零件,17.1,0.0,247.1
TK004787,MAT0006,电气元件,11.4,1.7,167.23
TK004787,MAT0007,工具,12.7,0.0,206.83
TK004787,MAT0027,辅材,1.1,1.4,308.43
TK004788,MAT0015,线缆,13.2,1.6,334.55
TK004788,MAT0018,机械零件,11.5,0.0,44.15
TK004788,MAT0008,机械零件,2.3,0.0,235.65
TK004788,MAT0043,辅材,0.9,0.0,452.26
TK004788,MAT0029,工具,3.9,0.0,403.51
TK004789,MAT0042,辅材,8.9,0.0,33.57
TK004789,MAT0007,线缆,13.0,0.0,347.49
TK004790,MAT0036,电气元件,15.5,0.0,121.02
TK004790,MAT0047,工具,13.0,0.0,178.17
TK004790,MAT0022,辅材,18.6,0.0,439.68
TK004790,MAT0008,线缆,15.0,0.0,427.29
TK004791,MAT0040,机械零件,5.1,0.0,330.73
TK004791,MAT0007,工具,18.8,1.3,311.43
TK004792,MAT0036,辅材,8.3,0.0,125.36
TK004792,MAT0043,工具,18.8,0.0,106.75
TK004792,MAT0038,工具,16.8,0.2,287.69
TK004793,MAT0014,工具,8.7,1.1,352.9
TK004793,MAT0016,绝缘材料,6.7,0.4,466.37
TK004794,MAT0029,绝缘材料,18.9,0.0,435.58
TK004795,MAT0027,绝缘材料,11.3,0.0,455.54
TK004796,MAT0002,绝缘材料,13.7,0.0,21.48
TK004796,MAT0029,辅材,19.9,0.0,325.34
TK004796,MAT0012,机械零件,18.6,0.0,133.97
TK004798,MAT0027,绝缘材料,17.8,0.0,391.55
TK004798,MAT0038,电气元件,15.0,1.3,467.25
TK004798,MAT0019,机械零件,13.0,1.6,129.63
TK004799,MAT0050,机械零件,5.7,0.0,83.81
TK004799,MAT0027,机械零件,10.4,0.0,15.59
TK004799,MAT0025,电气元件,12.3,0.0,486.96
TK004799,MAT0045,绝缘材料,5.8,0.0,49.4
TK004799,MAT0031,线缆,19.6,0.0,290.83
TK004800,MAT0009,电气元件,17.8,0.0,397.26
TK004800,MAT0041,电气元件,14.2,0.0,455.08
TK004800,MAT0038,工具,9.3,0.0,160.82
TK004801,MAT0005,机械零件,2.3,0.0,95.59
TK004801,MAT0044,电气元件,9.7,0.0,111.64
TK004801,MAT0005,电气元件,18.4,0.0,11.21
TK004801,MAT0041,辅材,17.5,0.8,428.58
TK004802,MAT0040,机械零件,1.7,0.9,226.75
TK004802,MAT0001,辅材,4.0,0.0,55.15
TK004802,MAT0045,绝缘材料,19.7,0.0,426.7
TK004802,MAT0007,线缆,13.1,0.0,367.94
TK004802,MAT0047,辅材,13.5,0.0,344.55
TK004803,MAT0004,机械零件,10.7,0.0,347.6
TK004803,MAT0007,绝缘材料,15.9,0.0,151.47
TK004804,MAT0001,工具,6.7,0.0,261.45
TK004804,MAT0034,工具,4.1,0.5,433.48
TK004804,MAT0032,绝缘材料,4.3,0.0,34.31
TK004804,MAT0001,工具,3.9,0.4,176.13
TK004804,MAT0040,绝缘材料,11.8,0.0,472.28
TK004805,MAT0031,工具,14.6,0.0,20.75
TK004805,MAT0025,工具,1.0,0.0,414.98
TK004805,MAT0035,辅材,15.6,0.0,142.68
TK004805,MAT0027,工具,8.2,0.0,398.15
TK004805,MAT0038,工具,13.0,1.2,248.12
TK004806,MAT0002,线缆,11.7,1.8,328.06
TK004807,MAT0014,绝缘材料,6.2,1.3,209.14
TK004807,MAT0011,绝缘材料,18.2,0.0,362.88
TK004807,MAT0048,电气元件,17.0,0.0,261.34
TK004808,MAT0021,机械零件,6.9,0.0,271.71
TK004810,MAT0037,电气元件,19.2,0.0,138.27
TK004810,MAT0001,机械零件,8.4,0.0,462.26
TK004810,MAT0020,电气元件,14.0,1.6,185.65
TK004811,MAT0004,辅材,14.5,0.0,258.16
TK004811,MAT0020,线缆,3.0,1.1,192.34
TK004811,MAT0029,线缆,7.1,0.0,66.89
TK004812,MAT0049,线缆,15.7,0.4,288.36
TK004812,MAT0012,电气元件,14.8,0.0,86.49
TK004813,MAT0006,电气元件,1.3,0.0,6.38
TK004815,MAT0049,电气元件,17.2,0.0,76.9
TK004815,MAT0018,线缆,19.9,0.0,192.18
TK004815,MAT0001,线缆,14.3,0.0,353.75
TK004816,MAT0032,电气元件,13.7,0.0,329.17
TK004816,MAT0017,机械零件,17.2,0.0,295.04
TK004817,MAT0042,电气元件,9.1,0.0,436.24
TK004817,MAT0023,电气元件,14.7,0.0,99.09
TK004817,MAT0036,绝缘材料,2.1,1.3,159.12
TK004818,MAT0026,电气元件,3.3,0.0,115.47
TK004818,MAT0030,机械零件,9.0,0.0,426.02
TK004819,MAT0031,工具,17.0,0.0,144.15
TK004819,MAT0030,线缆,12.1,0.0,7.72
TK004819,MAT0039,机械零件,19.0,1.3,239.32
TK004819,MAT0042,线缆,10.5,0.0,250.64
TK004819,MAT0019,辅材,6.9,0.0,191.75
TK004820,MAT0045,线缆,5.8,0.0,199.81
TK004820,MAT0030,电气元件,2.9,0.0,207.89
TK004820,MAT0043,辅材,1.7,0.0,355.91
TK004821,MAT0038,辅材,3.0,0.0,182.81
TK004823,MAT0016,电气元件,5.9,1.4,471.68
TK004823,MAT0009,电气元件,9.9,1.2,471.71
TK004823,MAT0004,电气元件,14.9,1.3,334.06
TK004823,MAT0022,工具,4.5,0.0,211.18
TK004824,MAT0033,线缆,3.6,0.0,81.82
TK004824,MAT0030,辅材,13.7,0.0,449.31
TK004824,MAT0007,线缆,16.1,1.3,118.57
TK004824,MAT0010,机械零件,12.6,0.0,146.29
TK004824,MAT0020,绝缘材料,13.3,0.0,258.59
TK004825,MAT0008,线缆,9.3,0.0,130.23
TK004826,MAT0030,机械零件,2.4,0.0,140.17
TK004826,MAT0014,电气元件,4.1,0.0,384.12
TK004826,MAT0011,辅材,4.8,0.0,247.84
TK004826,MAT0020,绝缘材料,8.3,0.0,486.73
TK004827,MAT0035,电气元件,7.1,0.0,424.39
TK004827,MAT0024,电气元件,5.4,0.0,375.46
TK004827,MAT0044,机械零件,9.5,0.9,313.39
TK004827,MAT0013,工具,9.5,0.0,42.43
TK004828,MAT0001,辅材,13.8,0.0,460.9
TK004828,MAT0002,电气元件,11.4,0.0,315.86
TK004828,MAT0009,绝缘材料,14.5,0.0,395.68
TK004828,MAT0039,绝缘材料,19.9,0.0,84.78
TK004828,MAT0023,辅材,7.4,1.4,433.59
TK004829,MAT0008,机械零件,13.1,0.0,498.35
TK004831,MAT0024,辅材,6.9,1.4,423.35
TK004833,MAT0019,辅材,16.3,0.0,264.75
TK004833,MAT0018,辅材,9.8,0.0,477.3
TK004834,MAT0017,机械零件,9.9,0.0,169.88
TK004834,MAT0020,线缆,16.3,0.4,117.95
TK004834,MAT0034,电气元件,10.8,0.0,17.26
TK004836,MAT0030,绝缘材料,6.9,0.0,471.93
TK004836,MAT0014,辅材,17.4,0.0,205.09
TK004836,MAT0006,电气元件,19.4,0.0,88.09
TK004836,MAT0040,电气元件,10.5,0.0,458.51
TK004837,MAT0024,辅材,3.0,0.0,231.1
TK004837,MAT0032,工具,5.1,0.0,447.0
TK004837,MAT0023,机械零件,3.9,0.0,404.94
TK004838,MAT0032,线缆,6.0,0.7,489.63
TK004838,MAT0038,机械零件,1.3,0.0,79.29
TK004838,MAT0016,电气元件,12.7,0.1,495.93
TK004838,MAT0011,绝缘材料,15.2,1.4,221.24
TK004838,MAT0032,辅材,11.7,1.0,404.13
TK004839,MAT0034,绝缘材料,6.1,1.0,180.58
TK004839,MAT0004,工具,9.3,0.0,448.19
TK004839,MAT0049,线缆,18.4,0.0,439.76
TK004840,MAT0025,工具,6.3,1.8,490.82
TK004840,MAT0042,辅材,7.7,0.0,435.92
TK004840,MAT0003,绝缘材料,13.3,0.0,296.14
TK004840,MAT0047,绝缘材料,3.9,0.0,339.49
TK004840,MAT0046,辅材,10.1,0.5,284.16
TK004843,MAT0026,绝缘材料,18.9,0.0,60.04
TK004843,MAT0045,机械零件,0.8,0.0,410.34
TK004845,MAT0023,线缆,12.5,0.0,306.51
TK004845,MAT0025,辅材,18.3,0.0,435.58
TK004845,MAT0002,辅材,3.1,0.0,219.3
TK004845,MAT0030,辅材,5.8,1.7,61.86
TK004846,MAT0007,电气元件,18.1,0.8,367.74
TK004849,MAT0006,工具,19.2,0.0,102.65
TK004849,MAT0037,机械零件,1.7,0.7,308.75
TK004851,MAT0037,辅材,13.9,0.0,362.85
TK004851,MAT0016,机械零件,0.7,0.0,344.64
TK004851,MAT0018,线缆,15.7,1.9,127.78
TK004851,MAT0039,线缆,7.6,0.0,270.65
TK004852,MAT0010,辅材,18.9,0.0,497.7
TK004852,MAT0041,机械零件,6.5,0.0,286.41
TK004852,MAT0009,辅材,6.4,0.0,458.76
TK004853,MAT0011,工具,16.3,0.0,461.39
TK004853,MAT0021,工具,11.9,0.0,252.76
TK004853,MAT0020,工具,18.7,0.0,467.26
TK004853,MAT0010,机械零件,19.2,0.0,335.56
TK004853,MAT0008,绝缘材料,19.1,0.0,97.18
TK004854,MAT0048,工具,17.4,1.1,8.19
TK004854,MAT0045,绝缘材料,6.0,0.0,257.79
TK004854,MAT0025,绝缘材料,8.1,0.0,15.3
TK004854,MAT0048,电气元件,9.7,0.5,434.05
TK004854,MAT0035,电气元件,9.3,0.2,54.21
TK004857,MAT0034,线缆,12.0,0.0,372.74
TK004858,MAT0003,辅材,11.2,0.0,275.69
TK004858,MAT0012,电气元件,7.9,0.0,155.72
TK004858,MAT0014,绝缘材料,4.2,0.0,428.91
TK004858,MAT0002,电气元件,5.3,1.1,421.27
TK004859,MAT0038,线缆,2.3,0.0,198.32
TK004859,MAT0037,绝缘材料,16.2,0.0,56.03
TK004859,MAT0001,工具,12.1,0.0,253.38
TK004861,MAT0032,绝缘材料,17.2,0.0,443.63
TK004861,MAT0037,电气元件,14.8,0.0,266.48
TK004861,MAT0026,辅材,0.7,0.0,231.78
TK004862,MAT0030,机械零件,19.0,1.4,103.84
TK004863,MAT0011,工具,10.0,0.0,405.33
TK004866,MAT0024,机械零件,4.8,0.0,84.31
TK004866,MAT0005,线缆,2.2,0.0,293.45
TK004867,MAT0041,线缆,18.5,2.0,253.41
TK004867,MAT0014,电气元件,3.0,0.0,338.46
TK004867,MAT0027,电气元件,14.6,0.0,44.82
TK004868,MAT0006,辅材,1.5,0.0,152.77
TK004868,MAT0022,电气元件,9.5,0.0,419.13
TK004869,MAT0022,电气元件,18.3,1.8,474.27
TK004869,MAT0004,绝缘材料,6.3,0.0,328.28
TK004869,MAT0037,电气元件,19.8,0.0,344.63
TK004869,MAT0011,工具,5.5,0.0,460.64
TK004869,MAT0041,电气元件,6.6,0.0,32.08
TK004870,MAT0005,绝缘材料,7.3,0.0,48.49
TK004871,MAT0033,辅材,18.0,0.0,393.32
TK004871,MAT0002,电气元件,19.4,0.8,445.56
TK004872,MAT0010,辅材,4.4,1.6,361.42
TK004872,MAT0015,绝缘材料,1.1,0.0,359.33
TK004872,MAT0001,工具,3.8,0.0,35.09
TK004872,MAT0040,绝缘材料,12.5,0.0,101.77
TK004872,MAT0034,机械零件,20.0,0.1,169.03
TK004874,MAT0010,辅材,16.3,0.0,410.12
TK004874,MAT0023,辅材,19.5,0.0,282.71
TK004874,MAT0040,电气元件,6.3,0.0,337.9
TK004874,MAT0002,辅材,1.9,0.0,162.18
TK004874,MAT0004,绝缘材料,4.4,0.0,355.28
TK004875,MAT0044,机械零件,12.4,0.0,249.0
TK004875,MAT0035,线缆,5.6,0.0,315.51
TK004878,MAT0003,线缆,1.6,0.0,184.01
TK004879,MAT0007,绝缘材料,10.0,0.0,143.19
TK004879,MAT0042,工具,1.9,0.0,144.8
TK004879,MAT0028,线缆,7.7,0.6,321.41
TK004880,MAT0033,工具,13.7,0.0,43.07
TK004880,MAT0029,工具,5.8,0.0,138.53
TK004880,MAT0006,机械零件,19.1,0.0,486.02
TK004881,MAT0030,绝缘材料,5.5,0.0,336.77
TK004882,MAT0004,绝缘材料,1.6,0.0,210.5
TK004883,MAT0038,绝缘材料,1.7,0.4,156.83
TK004883,MAT0029,线缆,11.2,0.0,84.47
TK004883,MAT0037,线缆,8.3,0.0,357.52
TK004883,MAT0013,机械零件,18.2,0.0,254.73
TK004883,MAT0027,绝缘材料,12.2,0.0,490.19
TK004884,MAT0014,工具,16.2,0.0,264.81
TK004884,MAT0046,线缆,7.6,0.0,247.32
TK004884,MAT0004,工具,9.6,0.0,64.77
TK004884,MAT0045,电气元件,6.5,0.0,279.32
TK004885,MAT0016,线缆,16.7,0.0,29.76
TK004885,MAT0037,电气元件,11.0,0.0,317.34
TK004885,MAT0031,辅材,15.3,0.0,309.65
TK004885,MAT0012,辅材,5.4,0.0,158.86
TK004886,MAT0037,工具,7.4,0.0,6.7
TK004886,MAT0031,绝缘材料,0.7,0.0,313.65
TK004886,MAT0011,工具,3.8,0.3,216.98
TK004886,MAT0037,机械零件,4.5,1.7,433.04
TK004887,MAT0047,线缆,13.4,0.0,420.48
TK004887,MAT0018,辅材,16.6,0.0,438.57
TK004887,MAT0021,机械零件,3.4,0.0,40.47
TK004887,MAT0032,工具,13.5,0.0,20.82
TK004887,MAT0045,绝缘材料,15.5,0.0,271.31
TK004888,MAT0036,机械零件,7.4,0.7,257.03
TK004888,MAT0044,工具,13.6,0.0,378.42
TK004888,MAT0034,线缆,12.2,0.0,236.39
TK004888,MAT0007,工具,19.4,0.2,277.12
TK004888,MAT0003,机械零件,17.4,0.0,242.15
TK004889,MAT0041,绝缘材料,9.6,0.0,395.53
TK004889,MAT0045,电气元件,14.1,0.0,197.78
TK004889,MAT0015,辅材,1.2,0.0,399.13
TK004889,MAT0018,工具,5.6,0.0,186.22
TK004889,MAT0013,工具,12.4,0.0,418.64
TK004890,MAT0001,线缆,13.8,0.7,294.0
TK004890,MAT0007,机械零件,6.7,0.6,434.94
TK004890,MAT0045,电气元件,16.6,0.0,320.62
TK004891,MAT0023,绝缘材料,10.6,0.0,470.35
TK004891,MAT0013,辅材,4.9,1.0,341.43
TK004891,MAT0013,辅材,8.3,0.7,121.39
TK004892,MAT0026,工具,13.7,0.0,487.71
TK004892,MAT0006,线缆,6.8,0.0,443.34
TK004892,MAT0048,工具,8.6,0.0,267.95
TK004892,MAT0009,辅材,10.3,0.0,59.98
TK004892,MAT0013,工具,15.6,0.0,72.2
TK004893,MAT0021,电气元件,13.1,0.0,364.51
TK004893,MAT0031,机械零件,7.7,0.0,158.38
TK004893,MAT0031,绝缘材料,8.7,0.0,102.74
TK004895,MAT0029,机械零件,17.5,0.9,475.74
TK004895,MAT0038,工具,10.0,0.0,350.13
TK004896,MAT0045,工具,14.4,0.0,151.45
TK004896,MAT0040,工具,10.4,0.0,246.43
TK004896,MAT0035,工具,12.3,0.0,63.15
TK004896,MAT0012,辅材,7.1,0.0,317.42
TK004899,MAT0040,机械零件,8.1,0.4,258.72
TK004899,MAT0009,辅材,2.6,0.0,119.39
TK004899,MAT0027,工具,16.3,0.0,95.62
TK004899,MAT0019,机械零件,1.2,0.0,155.5
TK004899,MAT0039,辅材,12.6,0.0,38.91
TK004900,MAT0017,绝缘材料,1.5,0.1,140.92
TK004900,MAT0020,辅材,7.5,0.0,65.17
TK004901,MAT0029,工具,16.0,0.0,187.32
TK004903,MAT0039,电气元件,2.9,0.0,457.86
TK004903,MAT0005,电气元件,14.9,0.0,16.9
TK004903,MAT0030,线缆,5.0,1.1,26.77
TK004903,MAT0040,电气元件,6.0,0.0,458.23
TK004903,MAT0014,绝缘材料,2.7,0.0,379.59
TK004904,MAT0014,绝缘材料,9.3,0.0,219.24
TK004905,MAT0035,线缆,13.8,0.0,471.47
TK004905,MAT0033,线缆,18.3,0.0,221.54
TK004905,MAT0030,绝缘材料,13.0,0.9,364.61
TK004905,MAT0013,绝缘材料,11.4,1.5,347.62
TK004905,MAT0035,线缆,9.8,0.0,42.65
TK004906,MAT0023,机械零件,6.8,1.0,58.1
TK004906,MAT0034,辅材,15.7,0.0,36.2
TK004906,MAT0041,机械零件,5.5,0.0,18.32
TK004906,MAT0021,辅材,0.6,0.0,61.67
TK004907,MAT0028,辅材,13.6,0.0,272.18
TK004907,MAT0044,绝缘材料,18.1,0.0,227.88
TK004907,MAT0026,电气元件,10.5,0.0,490.51
TK004907,MAT0008,工具,4.1,0.0,51.68
TK004907,MAT0016,线缆,10.6,0.0,264.85
TK004908,MAT0013,辅材,4.4,0.9,220.06
TK004908,MAT0009,绝缘材料,17.9,0.0,306.33
TK004908,MAT0001,绝缘材料,12.7,0.0,465.35
TK004909,MAT0013,电气元件,13.0,0.0,346.75
TK004909,MAT0009,线缆,9.7,0.0,226.97
TK004909,MAT0048,电气元件,16.8,0.0,220.66
TK004909,MAT0004,电气元件,4.0,0.0,341.36
TK004910,MAT0024,辅材,5.1,0.7,142.15
TK004910,MAT0015,绝缘材料,13.6,0.0,154.6
TK004910,MAT0023,工具,0.8,1.6,233.77
TK004912,MAT0042,电气元件,6.4,0.9,259.2
TK004912,MAT0048,辅材,4.8,1.1,75.25
TK004912,MAT0013,机械零件,15.4,0.0,385.84
TK004914,MAT0004,工具,8.0,0.0,323.49
TK004914,MAT0005,机械零件,3.5,0.0,360.0
TK004914,MAT0033,工具,19.1,0.0,429.6
TK004916,MAT0020,辅材,10.7,0.0,430.2
TK004916,MAT0015,辅材,13.4,1.6,111.56
TK004917,MAT0030,工具,8.5,0.0,137.67
TK004917,MAT0032,机械零件,3.9,0.0,156.6
TK004917,MAT0048,线缆,2.7,0.0,482.06
TK004917,MAT0029,线缆,13.9,0.9,258.44
TK004917,MAT0042,电气元件,14.2,0.0,355.34
TK004918,MAT0044,机械零件,14.6,0.0,439.55
TK004918,MAT0004,工具,16.4,0.0,191.53
TK004918,MAT0042,电气元件,1.3,0.0,417.0
TK004918,MAT0048,工具,1.5,0.0,474.78
TK004918,MAT0003,电气元件,12.4,0.4,322.85
TK004919,MAT0031,绝缘材料,15.0,0.0,162.23
TK004919,MAT0035,辅材,18.4,0.0,306.74
TK004921,MAT0003,绝缘材料,10.4,0.0,138.82
TK004923,MAT0023,线缆,9.6,0.7,53.15
TK004924,MAT0038,绝缘材料,5.6,0.0,457.43
TK004924,MAT0002,工具,17.8,0.0,15.0
TK004924,MAT0002,绝缘材料,4.7,1.0,234.28
TK004924,MAT0022,绝缘材料,7.2,0.0,193.05
TK004925,MAT0039,绝缘材料,17.5,0.0,125.43
TK004925,MAT0042,工具,7.9,0.0,448.14
TK004925,MAT0049,工具,4.9,1.4,253.48
TK004925,MAT0004,线缆,11.6,0.0,148.53
TK004927,MAT0026,工具,11.2,0.0,151.97
TK004927,MAT0032,线缆,10.7,0.0,190.12
TK004927,MAT0024,电气元件,10.8,0.0,473.5
TK004928,MAT0045,工具,2.1,1.1,360.64
TK004930,MAT0020,线缆,20.0,0.0,403.58
TK004931,MAT0015,机械零件,11.6,0.0,267.9
TK004931,MAT0027,线缆,11.1,1.3,41.94
TK004931,MAT0044,工具,5.4,1.0,461.91
TK004931,MAT0030,绝缘材料,14.7,0.0,354.88
TK004933,MAT0048,电气元件,8.4,0.0,89.15
TK004933,MAT0014,工具,7.2,0.0,339.14
TK004933,MAT0024,辅材,5.0,0.0,318.78
TK004933,MAT0010,工具,6.2,0.0,32.8
TK004934,MAT0036,机械零件,18.7,0.0,368.28
TK004934,MAT0034,辅材,15.8,0.0,411.42
TK004934,MAT0015,机械零件,10.9,0.0,161.81
TK004934,MAT0031,辅材,10.6,0.0,222.89
TK004934,MAT0029,绝缘材料,17.8,1.4,489.12
TK004935,MAT0017,绝缘材料,2.9,0.0,492.58
TK004935,MAT0031,绝缘材料,9.2,0.1,55.23
TK004935,MAT0032,电气元件,6.6,0.0,294.38
TK004935,MAT0001,工具,11.1,0.7,311.52
TK004935,MAT0036,绝缘材料,5.7,0.0,5.83
TK004936,MAT0010,机械零件,15.6,0.0,344.54
TK004936,MAT0024,线缆,7.6,0.0,72.86
TK004936,MAT0045,工具,4.3,0.0,463.52
TK004936,MAT0045,工具,18.7,0.0,176.15
TK004937,MAT0008,机械零件,8.9,0.0,276.04
TK004937,MAT0009,工具,8.7,0.0,361.88
TK004937,MAT0042,电气元件,12.7,0.0,338.6
TK004937,MAT0012,绝缘材料,17.4,0.0,328.56
TK004938,MAT0026,工具,6.9,0.0,188.6
TK004938,MAT0045,机械零件,11.5,0.0,110.85
TK004938,MAT0008,线缆,11.8,0.5,481.67
TK004939,MAT0016,绝缘材料,18.3,0.0,229.67
TK004939,MAT0036,绝缘材料,1.3,0.0,425.99
TK004939,MAT0028,辅材,13.7,0.0,203.29
TK004939,MAT0018,线缆,1.0,0.0,373.94
TK004940,MAT0005,绝缘材料,2.3,0.0,174.15
TK004942,MAT0019,机械零件,7.6,0.0,487.42
TK004942,MAT0046,线缆,9.4,0.1,231.44
TK004942,MAT0030,机械零件,14.4,0.0,31.33
TK004942,MAT0014,机械零件,4.2,0.0,423.27
TK004942,MAT0039,工具,5.4,0.0,222.6
TK004945,MAT0008,机械零件,13.0,0.0,291.89
TK004945,MAT0048,机械零件,9.1,0.0,219.86
TK004946,MAT0012,绝缘材料,3.2,0.0,356.01
TK004946,MAT0008,绝缘材料,19.3,0.0,402.15
TK004947,MAT0047,机械零件,3.9,1.7,80.82
TK004947,MAT0035,工具,3.7,0.0,124.97
TK004947,MAT0041,线缆,18.5,1.1,429.71
TK004947,MAT0025,工具,13.0,0.0,311.18
TK004947,MAT0031,辅材,9.2,0.6,25.62
TK004948,MAT0007,绝缘材料,4.6,0.0,145.32
TK004949,MAT0020,工具,13.3,0.0,187.37
TK004949,MAT0037,辅材,5.4,0.0,134.01
TK004949,MAT0035,电气元件,2.8,0.0,327.29
TK004949,MAT0028,机械零件,7.5,0.0,408.98
TK004952,MAT0013,辅材,0.7,0.0,325.97
TK004956,MAT0012,机械零件,3.8,0.0,296.51
TK004956,MAT0002,绝缘材料,10.4,1.6,353.39
TK004956,MAT0028,绝缘材料,17.7,0.0,217.8
TK004957,MAT0004,绝缘材料,6.5,0.0,185.77
TK004957,MAT0046,辅材,16.6,1.7,247.15
TK004957,MAT0041,工具,9.2,0.0,183.42
TK004957,MAT0042,绝缘材料,11.3,0.0,298.2
TK004958,MAT0048,辅材,8.4,0.0,291.22
TK004958,MAT0033,工具,18.9,0.9,406.86
TK004958,MAT0031,绝缘材料,5.9,0.5,95.09
TK004960,MAT0011,机械零件,19.8,1.6,173.21
TK004960,MAT0041,绝缘材料,2.3,0.0,310.66
TK004961,MAT0018,线缆,1.7,0.0,163.81
TK004961,MAT0014,绝缘材料,5.7,1.1,141.47
TK004961,MAT0008,工具,10.6,1.8,282.92
TK004962,MAT0017,电气元件,0.8,0.0,486.23
TK004962,MAT0042,工具,10.6,0.0,252.96
TK004963,MAT0013,绝缘材料,5.5,0.0,327.56
TK004963,MAT0048,工具,6.9,0.8,161.56
TK004963,MAT0013,工具,17.4,0.0,212.86
TK004963,MAT0044,工具,3.5,0.0,326.87
TK004964,MAT0012,绝缘材料,4.2,0.0,451.02
TK004964,MAT0034,线缆,14.6,0.8,477.09
TK004964,MAT0006,线缆,1.7,0.4,356.91
TK004964,MAT0040,工具,11.7,1.1,498.16
TK004964,MAT0003,机械零件,13.5,0.0,185.77
TK004965,MAT0017,电气元件,13.6,0.0,141.73
TK004966,MAT0027,机械零件,7.7,0.0,282.26
TK004966,MAT0017,绝缘材料,15.7,0.0,447.17
TK004966,MAT0044,绝缘材料,1.0,0.0,189.0
TK004967,MAT0022,工具,2.3,0.0,481.3
TK004967,MAT0037,辅材,4.0,0.0,385.07
TK004970,MAT0006,工具,10.1,0.0,22.27
TK004970,MAT0004,辅材,0.6,0.0,297.91
TK004971,MAT0006,线缆,9.4,0.0,287.78
TK004971,MAT0015,工具,7.2,0.0,48.16
TK004971,MAT0046,电气元件,6.4,0.0,371.64
TK004972,MAT0043,工具,3.2,0.0,309.59
TK004972,MAT0008,辅材,9.0,1.7,73.86
TK004972,MAT0001,电气元件,1.5,0.0,134.08
TK004972,MAT0023,电气元件,17.8,0.0,434.23
TK004972,MAT0011,绝缘材料,1.1,1.0,491.04
TK004974,MAT0004,绝缘材料,6.7,0.1,242.29
TK004974,MAT0030,机械零件,6.0,0.0,329.03
TK004974,MAT0024,辅材,2.1,0.0,87.64
TK004975,MAT0046,工具,6.3,1.5,236.14
TK004975,MAT0030,工具,19.1,0.0,449.05
TK004976,MAT0015,机械零件,15.4,0.0,134.39
TK004976,MAT0028,电气元件,9.1,0.0,421.31
TK004976,MAT0013,辅材,15.1,0.0,60.73
TK004976,MAT0040,绝缘材料,5.9,0.0,303.34
TK004976,MAT0028,辅材,17.3,0.0,76.73
TK004977,MAT0049,辅材,3.1,0.0,108.46
TK004977,MAT0034,电气元件,3.5,0.0,473.24
TK004979,MAT0012,绝缘材料,4.8,0.0,171.46
TK004979,MAT0046,电气元件,1.1,0.0,112.13
TK004979,MAT0007,绝缘材料,5.4,1.3,266.82
TK004979,MAT0001,电气元件,6.0,2.0,145.31
TK004981,MAT0026,电气元件,1.2,0.0,458.05
TK004981,MAT0031,电气元件,10.5,0.0,462.0
TK004981,MAT0015,电气元件,2.8,0.0,250.97
TK004982,MAT0020,线缆,12.7,0.0,426.73
TK004982,MAT0050,绝缘材料,1.1,0.0,347.49
TK004982,MAT0009,绝缘材料,4.6,1.8,409.33
TK004982,MAT0005,绝缘材料,3.5,0.9,310.68
TK004983,MAT0049,绝缘材料,18.5,1.6,100.57
TK004983,MAT0023,电气元件,3.0,0.0,370.02
TK004983,MAT0040,辅材,19.5,0.0,133.55
TK004984,MAT0038,机械零件,15.6,0.0,417.18
TK004984,MAT0036,线缆,18.1,1.7,444.43
TK004984,MAT0028,电气元件,8.3,0.0,369.08
TK004984,MAT0042,辅材,14.1,0.0,41.37
TK004986,MAT0003,辅材,5.6,0.0,251.57
TK004986,MAT0018,绝缘材料,5.7,1.8,55.51
TK004987,MAT0004,辅材,8.5,0.0,294.06
TK004987,MAT0027,电气元件,6.0,0.0,216.29
TK004987,MAT0050,线缆,11.2,0.0,494.62
TK004988,MAT0020,线缆,16.0,0.0,106.59
TK004988,MAT0005,机械零件,8.5,0.0,382.67
TK004988,MAT0014,电气元件,3.7,0.0,389.08
TK004989,MAT0001,线缆,10.2,0.0,60.2
TK004989,MAT0033,工具,16.7,0.0,323.2
TK004989,MAT0031,辅材,2.9,0.0,167.87
TK004990,MAT0048,辅材,11.1,0.0,158.75
TK004990,MAT0018,电气元件,16.2,0.0,95.13
TK004990,MAT0039,辅材,13.1,0.0,318.03
TK004991,MAT0005,机械零件,5.2,2.0,86.23
TK004991,MAT0020,机械零件,5.9,1.9,86.42
TK004991,MAT0020,线缆,9.7,0.4,267.72
TK004991,MAT0045,工具,5.9,0.0,295.09
TK004992,MAT0001,辅材,18.2,0.0,489.63
TK004992,MAT0038,工具,16.8,0.0,397.69
TK004992,MAT0001,工具,7.2,0.0,350.83
TK004993,MAT0016,机械零件,4.5,0.0,400.87
TK004993,MAT0029,电气元件,11.4,0.0,369.65
TK004995,MAT0003,线缆,5.8,0.0,87.95
TK004995,MAT0028,机械零件,17.4,0.2,218.88
TK004995,MAT0039,电气元件,14.5,0.6,141.38
TK004997,MAT0019,工具,18.0,0.0,62.54
TK004997,MAT0038,辅材,18.6,0.0,247.63
TK004998,MAT0019,绝缘材料,11.2,0.0,294.24
TK004998,MAT0015,线缆,3.4,0.0,321.51
TK004998,MAT0003,电气元件,19.8,0.5,481.88
TK004998,MAT0003,辅材,3.8,0.0,365.63
TK004998,MAT0037,线缆,8.9,0.0,134.15
TK004999,MAT0035,机械零件,0.9,0.0,497.51
TK004999,MAT0024,电气元件,18.9,0.0,20.64
TK004999,MAT0009,机械零件,11.0,0.0,291.07
TK004999,MAT0031,工具,7.6,0.0,17.25
TK004999,MAT0032,线缆,16.9,0.0,284.53
TK005000,MAT0005,工具,7.9,0.0,269.17
TK005000,MAT0018,辅材,19.6,1.4,197.4
TK005000,MAT0018,线缆,1.0,0.0,183.32
